2025-12-03 15:17:07,858 [INFO] Activator:176 - 


2025-12-03 15:17:07,863 [INFO] Activator:177 - !SESSION log4j initialized
2025-12-03 15:17:13,497 [INFO] LogOutputStream:77 - [STDOUT_REDIRECT] 
2025-12-03 15:17:19,173 [INFO] ApplicationProperties:184 - Using Application install path: C:\ST\STM32CubeIDE_1.16.1\STM32CubeIDE\plugins\com.st.stm32cube.common.mx_6.12.1.202409122256
2025-12-03 15:17:19,188 [INFO] DbMcusXml:78 - Set database path to: C:\ST\STM32CubeIDE_1.16.1\STM32CubeIDE\plugins\com.st.stm32cube.common.mx_6.12.1.202409122256\\db\/mcu/
2025-12-03 15:17:19,188 [INFO] ApiDb:274 - Set plugin database path to: C:\ST\STM32CubeIDE_1.16.1\STM32CubeIDE\plugins\com.st.stm32cube.common.mx_6.12.1.202409122256\\db\/plugins/boardmanager/
2025-12-03 15:17:19,188 [WARN] ApiDb:259 - Overriding images path with different value:  => C:\ST\STM32CubeIDE_1.16.1\STM32CubeIDE\plugins\com.st.stm32cube.common.mx_6.12.1.202409122256\\db\/plugins/mcufinder/images/
2025-12-03 15:17:19,203 [INFO] ApiDb:250 - Set database path to: C:\Users\RND1\.stmcufinder\plugins\mcufinder//mcu/
2025-12-03 15:17:19,204 [INFO] DbMcusAds:125 - Set database path to: C:\Users\RND1\.stmcufinder\plugins\mcufinder//mcu/
2025-12-03 15:17:19,207 [INFO] CrossReferenceDbSqlite:203 - Set database path to: C:\Users\RND1\.stmcufinder\plugins\mcufinder//mcu/cs/
2025-12-03 15:17:19,303 [INFO] RulesReader:64 - Compatibility file has been processed (297 Rules)
2025-12-03 15:17:19,380 [INFO] DbMcusXml:78 - Set database path to: C:\ST\STM32CubeIDE_1.16.1\STM32CubeIDE\plugins\com.st.stm32cube.common.mx_6.12.1.202409122256\\db\/mcu/
2025-12-03 15:17:19,380 [INFO] ApiDb:274 - Set plugin database path to: C:\ST\STM32CubeIDE_1.16.1\STM32CubeIDE\plugins\com.st.stm32cube.common.mx_6.12.1.202409122256\\db\/plugins/boardmanager/
2025-12-03 15:17:19,380 [INFO] ApiDb:261 - Set plugin images path to: C:\ST\STM32CubeIDE_1.16.1\STM32CubeIDE\plugins\com.st.stm32cube.common.mx_6.12.1.202409122256\\db\/plugins/mcufinder/images/
2025-12-03 15:17:19,380 [WARN] DbFile:41 - Overriding database path with different value: C:\Users\RND1\.stmcufinder\plugins\mcufinder/ => C:\Users\RND1\.stmcufinder\plugins\mcufinder
2025-12-03 15:17:19,380 [INFO] ApiDb:250 - Set database path to: C:\Users\RND1\.stmcufinder\plugins\mcufinder//mcu/
2025-12-03 15:17:19,380 [WARN] DbFile:41 - Overriding database path with different value: C:\Users\RND1\.stmcufinder\plugins\mcufinder/ => C:\Users\RND1\.stmcufinder\plugins\mcufinder
2025-12-03 15:17:19,380 [INFO] DbMcusAds:125 - Set database path to: C:\Users\RND1\.stmcufinder\plugins\mcufinder//mcu/
2025-12-03 15:17:19,380 [WARN] DbFile:41 - Overriding database path with different value: C:\Users\RND1\.stmcufinder\plugins\mcufinder/ => C:\Users\RND1\.stmcufinder\plugins\mcufinder
2025-12-03 15:17:19,380 [WARN] DbFile:41 - Overriding database path with different value: C:\Users\RND1\.stmcufinder\plugins\mcufinder/ => C:\Users\RND1\.stmcufinder\plugins\mcufinder
2025-12-03 15:17:19,380 [INFO] CrossReferenceDbSqlite:203 - Set database path to: C:\Users\RND1\.stmcufinder\plugins\mcufinder//mcu/cs/
2025-12-03 15:17:19,446 [INFO] MainPanel:268 - HeapMemory: 268435456
2025-12-03 15:17:19,522 [INFO] DbMcusXml:78 - Set database path to: C:\ST\STM32CubeIDE_1.16.1\STM32CubeIDE\plugins\com.st.stm32cube.common.mx_6.12.1.202409122256\\db\/mcu/
2025-12-03 15:17:19,522 [INFO] ApiDb:274 - Set plugin database path to: C:\ST\STM32CubeIDE_1.16.1\STM32CubeIDE\plugins\com.st.stm32cube.common.mx_6.12.1.202409122256\\db\/plugins/boardmanager/
2025-12-03 15:17:19,522 [INFO] ApiDb:261 - Set plugin images path to: C:\ST\STM32CubeIDE_1.16.1\STM32CubeIDE\plugins\com.st.stm32cube.common.mx_6.12.1.202409122256\\db\/plugins/mcufinder/images/
2025-12-03 15:17:19,522 [WARN] DbFile:41 - Overriding database path with different value: C:\Users\RND1\.stmcufinder\plugins\mcufinder/ => C:\Users\RND1\.stmcufinder\plugins\mcufinder
2025-12-03 15:17:19,523 [INFO] ApiDb:250 - Set database path to: C:\Users\RND1\.stmcufinder\plugins\mcufinder//mcu/
2025-12-03 15:17:19,523 [WARN] DbFile:41 - Overriding database path with different value: C:\Users\RND1\.stmcufinder\plugins\mcufinder/ => C:\Users\RND1\.stmcufinder\plugins\mcufinder
2025-12-03 15:17:19,523 [INFO] DbMcusAds:125 - Set database path to: C:\Users\RND1\.stmcufinder\plugins\mcufinder//mcu/
2025-12-03 15:17:19,523 [WARN] DbFile:41 - Overriding database path with different value: C:\Users\RND1\.stmcufinder\plugins\mcufinder/ => C:\Users\RND1\.stmcufinder\plugins\mcufinder
2025-12-03 15:17:19,523 [WARN] DbFile:41 - Overriding database path with different value: C:\Users\RND1\.stmcufinder\plugins\mcufinder/ => C:\Users\RND1\.stmcufinder\plugins\mcufinder
2025-12-03 15:17:19,523 [INFO] CrossReferenceDbSqlite:203 - Set database path to: C:\Users\RND1\.stmcufinder\plugins\mcufinder//mcu/cs/
2025-12-03 15:17:19,538 [INFO] ApplicationProperties:184 - Using Application install path: C:\ST\STM32CubeIDE_1.16.1\STM32CubeIDE\plugins\com.st.stm32cube.common.mx_6.12.1.202409122256
2025-12-03 15:17:19,539 [INFO] PluginManage:196 - Search for loadable plugins [exclusion list=, ]
2025-12-03 15:17:19,541 [INFO] PluginManage:310 - Check plugin analytics
2025-12-03 15:17:19,692 [INFO] AnalyticsPlugin:253 - Accepted Software Licenses: STM32CubeMX.6.10.0
2025-12-03 15:17:19,693 [INFO] AnalyticsPlugin:255 - Accepted CMSIS Pack Licenses: 
2025-12-03 15:17:19,693 [INFO] AnalyticsPlugin:257 - Accepted Firmware Licenses: FW.G4.1.5.0,FW.G4.1.6.0,FW.F4.1.28.0,FW.H7.1.11.0
2025-12-03 15:17:19,696 [INFO] PluginManage:359 - Loaded plugin analytics (category:tool,tabindex:-1)
2025-12-03 15:17:19,697 [INFO] PluginManage:310 - Check plugin cadmodel
2025-12-03 15:17:19,714 [INFO] CADModel:105 - Init CAD model plugin
2025-12-03 15:17:19,714 [INFO] PluginManage:359 - Loaded plugin cadmodel (category:power,tabindex:5)
2025-12-03 15:17:19,714 [INFO] PluginManage:310 - Check plugin clock
2025-12-03 15:17:19,735 [INFO] PluginManage:359 - Loaded plugin clock (category:base,tabindex:2)
2025-12-03 15:17:19,735 [INFO] PluginManage:310 - Check plugin ddr
2025-12-03 15:17:19,737 [INFO] PluginManage:359 - Loaded plugin ddr (category:tool,tabindex:6)
2025-12-03 15:17:19,737 [INFO] PluginManage:310 - Check plugin filemanager
2025-12-03 15:17:19,871 [INFO] PluginManage:359 - Loaded plugin filemanager (category:base,tabindex:10)
2025-12-03 15:17:19,871 [INFO] PluginManage:310 - Check plugin ipmanager
2025-12-03 15:17:19,877 [INFO] PluginManage:359 - Loaded plugin ipmanager (category:base,tabindex:5)
2025-12-03 15:17:19,877 [INFO] PluginManage:310 - Check plugin lpbam
2025-12-03 15:17:19,894 [INFO] PluginManage:359 - Loaded plugin lpbam (category:base,tabindex:0)
2025-12-03 15:17:19,895 [INFO] PluginManage:310 - Check plugin memorymap
2025-12-03 15:17:19,918 [INFO] PluginManage:359 - Loaded plugin memorymap (category:base,tabindex:4)
2025-12-03 15:17:19,918 [INFO] PluginManage:310 - Check plugin pinoutandconfiguration
2025-12-03 15:17:19,937 [INFO] PluginManage:359 - Loaded plugin pinoutandconfiguration (category:base,tabindex:1)
2025-12-03 15:17:19,937 [INFO] PluginManage:310 - Check plugin pinoutconfig
2025-12-03 15:17:20,013 [WARN] SupportedApi:132 - Cannot load RTOS API schema: s4s-elt-must-match.1: The content of 'definitions' must match (annotation?, (simpleType | complexType)?, (unique | key | keyref)*)). A problem was found starting at: attribute.
2025-12-03 15:17:20,123 [INFO] PluginManage:359 - Loaded plugin pinoutconfig (category:base,tabindex:0)
2025-12-03 15:17:20,123 [INFO] PluginManage:310 - Check plugin power
2025-12-03 15:17:20,142 [INFO] PluginManage:359 - Loaded plugin power (category:power,tabindex:4)
2025-12-03 15:17:20,143 [INFO] PluginManage:310 - Check plugin projectmanager
2025-12-03 15:17:20,157 [INFO] PluginManage:359 - Loaded plugin projectmanager (category:projectmanager,tabindex:4)
2025-12-03 15:17:20,157 [INFO] PluginManage:310 - Check plugin rif
2025-12-03 15:17:20,171 [INFO] PluginManage:359 - Loaded plugin rif (category:base,tabindex:3)
2025-12-03 15:17:20,172 [INFO] PluginManage:310 - Check plugin thirdparty
2025-12-03 15:17:20,416 [INFO] PluginManage:359 - Loaded plugin thirdparty (category:base,tabindex:-1)
2025-12-03 15:17:20,416 [INFO] PluginManage:310 - Check plugin tools
2025-12-03 15:17:20,416 [WARN] IntegrityCheckThread:84 - waiting for thirdparty lock release [integrity check]
2025-12-03 15:17:20,416 [INFO] IntegrityCheckThread:86 - entering critical section [integrity check]
2025-12-03 15:17:20,416 [INFO] ThirdPartyUpdaterWithRetryManager:70 - Updater plugin not ready yet. [1/15]
2025-12-03 15:17:20,448 [INFO] PluginManage:359 - Loaded plugin tools (category:base,tabindex:7)
2025-12-03 15:17:20,448 [INFO] PluginManage:310 - Check plugin tutovideos
2025-12-03 15:17:20,602 [INFO] PluginManage:359 - Loaded plugin tutovideos (category:base,tabindex:-1)
2025-12-03 15:17:20,603 [INFO] PluginManage:310 - Check plugin updater
2025-12-03 15:17:20,617 [INFO] PluginManage:359 - Loaded plugin updater (category:base,tabindex:12)
2025-12-03 15:17:20,617 [INFO] PluginManage:310 - Check plugin userauth
2025-12-03 15:17:20,623 [INFO] UserAuth:113 - Init User Auth plugin
2025-12-03 15:17:20,623 [INFO] PluginManage:359 - Loaded plugin userauth (category:base,tabindex:14)
2025-12-03 15:17:20,623 [INFO] PluginManage:283 - PluginManage : Loaded plugins [18]
2025-12-03 15:17:20,802 [INFO] PinOutPanel:1561 - setPackage(No Configuration,No Configuration)
2025-12-03 15:17:20,876 [INFO] CADModel:165 - CPN selected for project level
2025-12-03 15:17:20,877 [INFO] CADModel:114 - Register for checkConnection events
2025-12-03 15:17:20,903 [INFO] IPUIPlugin:80 - create IPUIPlugin
2025-12-03 15:17:20,903 [INFO] PluginManager:220 - loadIPPluginJar : add adc
2025-12-03 15:17:20,935 [INFO] IPUIPlugin:80 - create IPUIPlugin
2025-12-03 15:17:20,935 [INFO] PluginManager:220 - loadIPPluginJar : add aes
2025-12-03 15:17:20,972 [INFO] IPUIPlugin:80 - create IPUIPlugin
2025-12-03 15:17:20,972 [INFO] PluginManager:220 - loadIPPluginJar : add can
2025-12-03 15:17:20,995 [INFO] IPUIPlugin:80 - create IPUIPlugin
2025-12-03 15:17:20,996 [INFO] PluginManager:220 - loadIPPluginJar : add comp
2025-12-03 15:17:21,024 [INFO] IPUIPlugin:80 - create IPUIPlugin
2025-12-03 15:17:21,024 [INFO] PluginManager:220 - loadIPPluginJar : add cryp
2025-12-03 15:17:21,036 [INFO] IPUIPlugin:80 - create IPUIPlugin
2025-12-03 15:17:21,036 [INFO] PluginManager:220 - loadIPPluginJar : add ddr_ctrl_phy
2025-12-03 15:17:21,063 [INFO] IPUIPlugin:80 - create IPUIPlugin
2025-12-03 15:17:21,064 [INFO] PluginManager:220 - loadIPPluginJar : add dfsdm
2025-12-03 15:17:21,075 [INFO] IPUIPlugin:80 - create IPUIPlugin
2025-12-03 15:17:21,075 [INFO] PluginManager:220 - loadIPPluginJar : add dma
2025-12-03 15:17:21,112 [INFO] IPUIPlugin:80 - create IPUIPlugin
2025-12-03 15:17:21,112 [INFO] PluginManager:220 - loadIPPluginJar : add dma3
2025-12-03 15:17:21,151 [INFO] IPUIPlugin:80 - create IPUIPlugin
2025-12-03 15:17:21,151 [INFO] PluginManager:220 - loadIPPluginJar : add extmemmanager
2025-12-03 15:17:21,170 [INFO] IPUIPlugin:80 - create IPUIPlugin
2025-12-03 15:17:21,170 [INFO] PluginManager:220 - loadIPPluginJar : add fatfs
2025-12-03 15:17:21,210 [INFO] IPUIPlugin:80 - create IPUIPlugin
2025-12-03 15:17:21,210 [INFO] PluginManager:220 - loadIPPluginJar : add fmc
2025-12-03 15:17:21,224 [INFO] IPUIPlugin:80 - create IPUIPlugin
2025-12-03 15:17:21,224 [INFO] PluginManager:220 - loadIPPluginJar : add freertos
2025-12-03 15:17:21,243 [INFO] IPUIPlugin:80 - create IPUIPlugin
2025-12-03 15:17:21,243 [INFO] PluginManager:220 - loadIPPluginJar : add genericplugin
2025-12-03 15:17:21,318 [INFO] IPUIPlugin:80 - create IPUIPlugin
2025-12-03 15:17:21,318 [INFO] PluginManager:220 - loadIPPluginJar : add gfxmmu
2025-12-03 15:17:21,419 [INFO] IPUIPlugin:80 - create IPUIPlugin
2025-12-03 15:17:21,419 [INFO] PluginManager:220 - loadIPPluginJar : add gic
2025-12-03 15:17:21,430 [INFO] IPUIPlugin:80 - create IPUIPlugin
2025-12-03 15:17:21,431 [INFO] PluginManager:220 - loadIPPluginJar : add gpio
2025-12-03 15:17:21,501 [INFO] IPUIPlugin:80 - create IPUIPlugin
2025-12-03 15:17:21,501 [INFO] PluginManager:220 - loadIPPluginJar : add gtzc
2025-12-03 15:17:21,527 [INFO] IPUIPlugin:80 - create IPUIPlugin
2025-12-03 15:17:21,528 [INFO] PluginManager:220 - loadIPPluginJar : add hash
2025-12-03 15:17:21,570 [INFO] IPUIPlugin:80 - create IPUIPlugin
2025-12-03 15:17:21,570 [INFO] PluginManager:220 - loadIPPluginJar : add i2c
2025-12-03 15:17:21,602 [INFO] IPUIPlugin:80 - create IPUIPlugin
2025-12-03 15:17:21,602 [INFO] PluginManager:220 - loadIPPluginJar : add i2s
2025-12-03 15:17:21,636 [INFO] IPUIPlugin:80 - create IPUIPlugin
2025-12-03 15:17:21,636 [INFO] PluginManager:220 - loadIPPluginJar : add i3c
2025-12-03 15:17:21,713 [INFO] IPUIPlugin:80 - create IPUIPlugin
2025-12-03 15:17:21,713 [INFO] PluginManager:220 - loadIPPluginJar : add ipddr
2025-12-03 15:17:21,786 [INFO] IPUIPlugin:80 - create IPUIPlugin
2025-12-03 15:17:21,786 [INFO] PluginManager:220 - loadIPPluginJar : add linkedlist
2025-12-03 15:17:21,815 [INFO] IPUIPlugin:80 - create IPUIPlugin
2025-12-03 15:17:21,816 [INFO] PluginManager:220 - loadIPPluginJar : add lorawan
2025-12-03 15:17:21,845 [INFO] IPUIPlugin:80 - create IPUIPlugin
2025-12-03 15:17:21,845 [INFO] PluginManager:220 - loadIPPluginJar : add ltdc
2025-12-03 15:17:21,857 [INFO] IPUIPlugin:80 - create IPUIPlugin
2025-12-03 15:17:21,857 [INFO] PluginManager:220 - loadIPPluginJar : add mdma
2025-12-03 15:17:21,868 [INFO] IPUIPlugin:80 - create IPUIPlugin
2025-12-03 15:17:21,868 [INFO] PluginManager:220 - loadIPPluginJar : add nvic
2025-12-03 15:17:21,900 [INFO] IPUIPlugin:80 - create IPUIPlugin
2025-12-03 15:17:21,900 [INFO] PluginManager:220 - loadIPPluginJar : add opamp
2025-12-03 15:17:21,949 [INFO] IPUIPlugin:80 - create IPUIPlugin
2025-12-03 15:17:21,949 [INFO] PluginManager:220 - loadIPPluginJar : add openamp
2025-12-03 15:17:21,984 [INFO] IPUIPlugin:80 - create IPUIPlugin
2025-12-03 15:17:21,984 [INFO] PluginManager:220 - loadIPPluginJar : add pdm2pcm
2025-12-03 15:17:21,996 [INFO] IPUIPlugin:80 - create IPUIPlugin
2025-12-03 15:17:21,997 [INFO] PluginManager:220 - loadIPPluginJar : add plateformsettings
2025-12-03 15:17:22,019 [INFO] IPUIPlugin:80 - create IPUIPlugin
2025-12-03 15:17:22,019 [INFO] PluginManager:220 - loadIPPluginJar : add quadspi
2025-12-03 15:17:22,042 [INFO] IPUIPlugin:80 - create IPUIPlugin
2025-12-03 15:17:22,042 [INFO] PluginManager:220 - loadIPPluginJar : add radio
2025-12-03 15:17:22,054 [INFO] IPUIPlugin:80 - create IPUIPlugin
2025-12-03 15:17:22,054 [INFO] PluginManager:220 - loadIPPluginJar : add resmgrutility
2025-12-03 15:17:22,091 [INFO] IPUIPlugin:80 - create IPUIPlugin
2025-12-03 15:17:22,091 [INFO] PluginManager:220 - loadIPPluginJar : add sai
2025-12-03 15:17:22,121 [INFO] IPUIPlugin:80 - create IPUIPlugin
2025-12-03 15:17:22,122 [INFO] PluginManager:220 - loadIPPluginJar : add spi
2025-12-03 15:17:22,177 [INFO] IPUIPlugin:80 - create IPUIPlugin
2025-12-03 15:17:22,177 [INFO] PluginManager:220 - loadIPPluginJar : add stm32_wpan
2025-12-03 15:17:22,199 [INFO] IPUIPlugin:80 - create IPUIPlugin
2025-12-03 15:17:22,199 [INFO] PluginManager:220 - loadIPPluginJar : add tim
2025-12-03 15:17:22,251 [INFO] IPUIPlugin:80 - create IPUIPlugin
2025-12-03 15:17:22,251 [INFO] PluginManager:220 - loadIPPluginJar : add touchsensing
2025-12-03 15:17:22,271 [INFO] IPUIPlugin:80 - create IPUIPlugin
2025-12-03 15:17:22,271 [INFO] PluginManager:220 - loadIPPluginJar : add tracer_emb
2025-12-03 15:17:22,293 [INFO] IPUIPlugin:80 - create IPUIPlugin
2025-12-03 15:17:22,293 [INFO] PluginManager:220 - loadIPPluginJar : add ts
2025-12-03 15:17:22,312 [INFO] IPUIPlugin:80 - create IPUIPlugin
2025-12-03 15:17:22,312 [INFO] PluginManager:220 - loadIPPluginJar : add tsc
2025-12-03 15:17:22,331 [INFO] IPUIPlugin:80 - create IPUIPlugin
2025-12-03 15:17:22,331 [INFO] PluginManager:220 - loadIPPluginJar : add ucpd
2025-12-03 15:17:22,368 [INFO] IPUIPlugin:80 - create IPUIPlugin
2025-12-03 15:17:22,368 [INFO] PluginManager:220 - loadIPPluginJar : add usart
2025-12-03 15:17:22,403 [INFO] IPUIPlugin:80 - create IPUIPlugin
2025-12-03 15:17:22,403 [INFO] PluginManager:220 - loadIPPluginJar : add usbx
2025-12-03 15:17:22,516 [INFO] CADModel:165 - CPN selected for project level
2025-12-03 15:17:22,516 [INFO] CADModel:114 - Register for checkConnection events
2025-12-03 15:17:22,517 [FATAL] Updater:334 - Updater called before beeing initialized
2025-12-03 15:17:22,517 [ERROR] CADModel:125 - Updater not yet initialized, retry later 
2025-12-03 15:17:22,620 [INFO] CADModel:165 - CPN selected for project level
2025-12-03 15:17:22,620 [INFO] CADModel:114 - Register for checkConnection events
2025-12-03 15:17:22,620 [FATAL] Updater:334 - Updater called before beeing initialized
2025-12-03 15:17:22,620 [ERROR] CADModel:125 - Updater not yet initialized, retry later 
2025-12-03 15:17:22,623 [FATAL] Updater:334 - Updater called before beeing initialized
2025-12-03 15:17:22,702 [FATAL] Updater:334 - Updater called before beeing initialized
2025-12-03 15:17:22,712 [INFO] DbMcusAds:53 - JSON generation date=Tue Jul 08 17:14:27 KST 2025 (1751962467633)
2025-12-03 15:17:22,712 [FATAL] Updater:334 - Updater called before beeing initialized
2025-12-03 15:17:22,745 [WARN] DetailPanel:346 - Failed to get advertising image, set to default
2025-12-03 15:17:22,808 [FATAL] Updater:334 - Updater called before beeing initialized
2025-12-03 15:17:22,809 [FATAL] Updater:334 - Updater called before beeing initialized
2025-12-03 15:17:22,809 [FATAL] Updater:334 - Updater called before beeing initialized
2025-12-03 15:17:22,809 [WARN] DetailPanel:346 - Failed to get advertising image, set to default
2025-12-03 15:17:22,810 [FATAL] Updater:334 - Updater called before beeing initialized
2025-12-03 15:17:22,864 [ERROR] Updater:1164 - MainUpdater not yet initialized. External WinMGr cannot be set.
2025-12-03 15:17:22,873 [INFO] Updater:1100 - Updater Version found : 6.12.1
2025-12-03 15:17:22,889 [INFO] ApplicationProperties:184 - Using Application install path: C:\ST\STM32CubeIDE_1.16.1\STM32CubeIDE\plugins\com.st.stm32cube.common.mx_6.12.1.202409122256
2025-12-03 15:17:23,417 [INFO] ThirdPartyUpdaterWithRetryManager:70 - Updater plugin not ready yet. [2/15]
2025-12-03 15:17:23,672 [INFO] MainUpdater:2873 - connection check result : 10
2025-12-03 15:17:23,672 [INFO] MainUpdater:3567 - Updater definition file requires update
2025-12-03 15:17:23,674 [INFO] MainUpdater:290 - Updater Check For Update Now.
2025-12-03 15:17:23,674 [INFO] MicroXplorer:498 - Change Database Version : DB.6.0.121
2025-12-03 15:17:23,689 [INFO] McuFinderGlobals:63 - Set McuFinder mode to 2 (CubeIDE integrated)
2025-12-03 15:17:23,695 [INFO] UserAuth:417 - Internet connection configuration mode: 1
2025-12-03 15:17:23,719 [INFO] JxBrowserEngine:152 - Initiate JxBrowser Engine with user profile folder
2025-12-03 15:17:23,827 [INFO] ServerAccessManage:473 - Download File updaters.zip
2025-12-03 15:17:24,199 [INFO] FileExtend:240 - Unzip File : updaters.zip
2025-12-03 15:17:24,199 [INFO] FileExtend:255 - Standard Zip Deflate
2025-12-03 15:17:25,250 [INFO] ServerAccessManage:473 - Download File PacksControlFlags.xml
2025-12-03 15:17:25,512 [INFO] ServerAccessManage:473 - Download File cubemx.pidx
2025-12-03 15:17:26,399 [INFO] WebApp:167 - Instantiating new browser for Auth
2025-12-03 15:17:26,420 [WARN] MainUpdater:1194 - Updater busy. Cannot search thirdparties
2025-12-03 15:17:26,420 [INFO] ThirdPartyUpdaterWithRetryManager:96 - Updater plugin is busy. [1/15]
2025-12-03 15:17:26,621 [INFO] ServerAccessManage:473 - Download File STMicroelectronics.X-CUBE-FREERTOS.pdsc
2025-12-03 15:17:27,104 [INFO] WebApp:448 - Apply proxy settings
2025-12-03 15:17:27,110 [INFO] WebApp:493 - Chromium authenticates against Manually configured proxy
2025-12-03 15:17:27,118 [INFO] WebApp:501 - Username used for proxy authentication: 
2025-12-03 15:17:27,155 [INFO] WebApp:869 - Register for checkConnection events
2025-12-03 15:17:27,155 [INFO] WebApp:448 - Apply proxy settings
2025-12-03 15:17:27,159 [INFO] WebApp:493 - Chromium authenticates against Manually configured proxy
2025-12-03 15:17:27,159 [INFO] WebApp:501 - Username used for proxy authentication: 
2025-12-03 15:17:27,324 [INFO] WebApp:220 - Starting web application
2025-12-03 15:17:27,324 [INFO] WebApp:578 - Web application path used C:\ST\STM32CubeIDE_1.16.1\STM32CubeIDE\plugins\com.st.stm32cube.common.mx_6.12.1.202409122256\db\plugins\mcufinder\reactClient1\index.html
2025-12-03 15:17:27,433 [INFO] WebApp:186 - Connection restablished
2025-12-03 15:17:27,472 [INFO] UserAuth:417 - Internet connection configuration mode: 1
2025-12-03 15:17:28,672 [INFO] ServerAccessManage:473 - Download File STMicroelectronics.X-CUBE-MEMS1.pdsc
2025-12-03 15:17:29,421 [WARN] MainUpdater:1194 - Updater busy. Cannot search thirdparties
2025-12-03 15:17:29,421 [INFO] ThirdPartyUpdaterWithRetryManager:96 - Updater plugin is busy. [2/15]
2025-12-03 15:17:32,421 [WARN] MainUpdater:1194 - Updater busy. Cannot search thirdparties
2025-12-03 15:17:32,421 [INFO] ThirdPartyUpdaterWithRetryManager:96 - Updater plugin is busy. [3/15]
2025-12-03 15:17:35,422 [WARN] MainUpdater:1194 - Updater busy. Cannot search thirdparties
2025-12-03 15:17:35,422 [INFO] ThirdPartyUpdaterWithRetryManager:96 - Updater plugin is busy. [4/15]
2025-12-03 15:17:36,265 [INFO] ServerAccessManage:473 - Download File STMicroelectronics.X-CUBE-AZRTOS-H7RS.pdsc
2025-12-03 15:17:37,493 [WARN] PopulateThirdPartyThread:106 - Error when creating pack: C:/Users/RND1/.stm32cubemx/thirdparties/pdsc/STMicroelectronics.X-CUBE-FREERTOS.pdsc
2025-12-03 15:17:37,569 [WARN] PackLoader:240 - Cannot read IP mode file for STMicroelectronics.X-CUBE-MEMS1.12.0.0
2025-12-03 15:17:37,647 [WARN] PackLoader:240 - Cannot read IP mode file for STMicroelectronics.X-CUBE-AZRTOS-H7RS.1.2.0
2025-12-03 15:17:37,649 [INFO] PopulateThirdPartyThread:66 - Ending populate Thread
2025-12-03 15:17:37,651 [INFO] CheckServerUpdateThread:120 - End of CheckServer Thread
2025-12-03 15:17:37,651 [INFO] ThirdParty:1030 - CMSIS Pack Vendor :STMicroelectronics X-CUBE-MEMS1 12.0.0
2025-12-03 15:17:37,651 [INFO] ThirdParty:1030 - CMSIS Pack Vendor :STMicroelectronics X-CUBE-AZRTOS-H7RS 1.2.0
2025-12-03 15:17:37,652 [INFO] LoadServerUpdatesThread:375 - End of LoadServerUpdate Thread
2025-12-03 15:17:38,630 [WARN] PackLoader:240 - Cannot read IP mode file for STMicroelectronics.FP-SNS-MOTENVWB1.1.4.0
2025-12-03 15:17:38,634 [WARN] PackLoader:240 - Cannot read IP mode file for STMicroelectronics.FP-ATR-ASTRA1.2.0.2
2025-12-03 15:17:38,645 [WARN] PackLoader:240 - Cannot read IP mode file for STMicroelectronics.FP-ATR-ASTRA1.2.0.1
2025-12-03 15:17:38,657 [WARN] PackLoader:240 - Cannot read IP mode file for STMicroelectronics.X-CUBE-SMBUS.2.1.0
2025-12-03 15:17:38,669 [WARN] PackLoader:240 - Cannot read IP mode file for STMicroelectronics.X-CUBE-WB05N.1.1.0
2025-12-03 15:17:38,678 [ERROR] Engine:466 - C:\Users\RND1\.stm32cubemx\thirdparties\pdsc\STMicroelectronics.X-CUBE-ST60.1.0.0.pdsc: PDSC version is not supported
2025-12-03 15:17:38,690 [WARN] PackLoader:240 - Cannot read IP mode file for STMicroelectronics.X-CUBE-TOUCHGFX.4.23.0
2025-12-03 15:17:38,701 [WARN] PackLoader:240 - Cannot read IP mode file for STMicroelectronics.X-CUBE-TOUCHGFX.4.23.2
2025-12-03 15:17:38,720 [WARN] PackLoader:240 - Cannot read IP mode file for STMicroelectronics.X-CUBE-AZRTOS-F7.1.1.0
2025-12-03 15:17:38,733 [WARN] PackLoader:240 - Cannot read IP mode file for STMicroelectronics.FP-SNS-MOTENV1.4.3.2
2025-12-03 15:17:38,767 [WARN] PackLoader:240 - Cannot read IP mode file for STMicroelectronics.X-CUBE-MEMS1.11.0.0
2025-12-03 15:17:38,844 [ERROR] Engine:466 - C:\Users\RND1\.stm32cubemx\thirdparties\pdsc\STMicroelectronics.FP-SNS-MOTENV1.5.1.0.pdsc: PDSC version is not supported
2025-12-03 15:17:38,856 [WARN] PackLoader:240 - Cannot read IP mode file for STMicroelectronics.FP-SNS-FLIGHT1.5.0.2
2025-12-03 15:17:38,879 [WARN] PackLoader:240 - Cannot read IP mode file for STMicroelectronics.X-CUBE-AZRTOS-H7.3.4.0
2025-12-03 15:17:38,895 [WARN] PackLoader:240 - Cannot read IP mode file for STMicroelectronics.X-CUBE-DISPLAY.3.0.0
2025-12-03 15:17:38,909 [WARN] PackLoader:240 - Cannot read IP mode file for STMicroelectronics.X-CUBE-BLE1.7.0.0
2025-12-03 15:17:38,922 [WARN] PackLoader:240 - Cannot read IP mode file for STMicroelectronics.X-CUBE-NFC10.1.0.0
2025-12-03 15:17:38,937 [WARN] PackLoader:240 - Cannot read IP mode file for STMicroelectronics.X-CUBE-BLEMGR.4.0.0
2025-12-03 15:17:38,949 [ERROR] Engine:466 - C:\Users\RND1\.stm32cubemx\thirdparties\pdsc\STMicroelectronics.X-CUBE-ST60.1.1.0.pdsc: PDSC version is not supported
2025-12-03 15:17:38,963 [WARN] PackLoader:240 - Cannot read IP mode file for emotas.I-CUBE-CANOPEN.1.3.0
2025-12-03 15:17:38,976 [WARN] PackLoader:240 - Cannot read IP mode file for STMicroelectronics.X-CUBE-GNSS1.7.1.0
2025-12-03 15:17:38,989 [WARN] PackLoader:240 - Cannot read IP mode file for STMicroelectronics.X-CUBE-BLEMGR.3.1.0
2025-12-03 15:17:39,004 [WARN] PackLoader:240 - Cannot read IP mode file for STMicroelectronics.X-CUBE-AI.10.0.0
2025-12-03 15:17:39,016 [ERROR] Engine:466 - C:\Users\RND1\.stm32cubemx\thirdparties\pdsc\STMicroelectronics.FP-SNS-STBOX1.2.1.0.pdsc: PDSC version is not supported
2025-12-03 15:17:39,029 [WARN] PackLoader:240 - Cannot read IP mode file for STMicroelectronics.FP-SNS-SMARTAG2.1.2.0
2025-12-03 15:17:39,031 [ERROR] Engine:466 - C:\Users\RND1\.stm32cubemx\thirdparties\pdsc\STMicroelectronics.FP-SNS-FLIGHT1.5.1.0.pdsc: PDSC version is not supported
2025-12-03 15:17:39,068 [WARN] PackLoader:240 - Cannot read IP mode file for STMicroelectronics.X-CUBE-MEMS1.11.1.0
2025-12-03 15:17:39,125 [INFO] LogOutputStream:77 - [STDOUT_REDIRECT] 1 : Invalid condition id : UX_CORESTACK_Condition cause : null
2025-12-03 15:17:39,125 [INFO] LogOutputStream:77 - [STDOUT_REDIRECT] 1 : Invalid condition id : UX_CORESTACK_Condition cause : null
2025-12-03 15:17:39,126 [INFO] LogOutputStream:77 - [STDOUT_REDIRECT] 1 : Invalid condition id : UX_CORESTACK_Condition cause : null
2025-12-03 15:17:39,127 [INFO] LogOutputStream:77 - [STDOUT_REDIRECT] 1 : Invalid condition id : UX_CORESTACK_Condition cause : null
2025-12-03 15:17:39,127 [INFO] LogOutputStream:77 - [STDOUT_REDIRECT] 1 : Invalid condition id : UX_CORESTACK_Condition cause : null
2025-12-03 15:17:39,128 [WARN] PackLoader:240 - Cannot read IP mode file for STMicroelectronics.X-CUBE-AZRTOS-WL.2.0.0
2025-12-03 15:17:39,141 [WARN] PackLoader:240 - Cannot read IP mode file for STMicroelectronics.FP-SNS-MOTENV1.5.0.0
2025-12-03 15:17:39,149 [WARN] PackLoader:240 - Cannot read IP mode file for STMicroelectronics.X-CUBE-AZRTOS-H7RS.1.2.0
2025-12-03 15:17:39,154 [WARN] PackLoader:240 - Cannot read IP mode file for wolfSSL.I-CUBE-wolfMQTT.1.19.0
2025-12-03 15:17:39,167 [WARN] PackLoader:240 - Cannot read IP mode file for WES.I-CUBE-Cesium.1.3.0
2025-12-03 15:17:39,179 [WARN] PackLoader:240 - Cannot read IP mode file for STMicroelectronics.X-CUBE-BLE2.3.3.0
2025-12-03 15:17:39,182 [ERROR] Engine:466 - C:\Users\RND1\.stm32cubemx\thirdparties\pdsc\Avnet-IOTCONNECT.X-CUBE-iotc-st67-sdk.1.0.0.pdsc: PDSC version is not supported
2025-12-03 15:17:39,194 [WARN] PackLoader:240 - Cannot read IP mode file for STMicroelectronics.X-CUBE-NFC9.1.0.0
2025-12-03 15:17:39,207 [WARN] PackLoader:240 - Cannot read IP mode file for STMicroelectronics.X-CUBE-BLE1.7.1.0
2025-12-03 15:17:39,219 [WARN] PackLoader:240 - Cannot read IP mode file for STMicroelectronics.X-CUBE-TCPP.4.1.0
2025-12-03 15:17:39,221 [ERROR] Engine:466 - C:\Users\RND1\.stm32cubemx\thirdparties\pdsc\STMicroelectronics.X-CUBE-FREERTOS.1.4.0.pdsc: PDSC version is not supported
2025-12-03 15:17:39,234 [WARN] PackLoader:240 - Cannot read IP mode file for STMicroelectronics.X-CUBE-EEPRMA1.5.2.0
2025-12-03 15:17:39,245 [ERROR] Engine:466 - C:\Users\RND1\.stm32cubemx\thirdparties\pdsc\STMicroelectronics.X-CUBE-ST67W61.1.1.0.pdsc: PDSC version is not supported
2025-12-03 15:17:39,256 [WARN] PackLoader:240 - Cannot read IP mode file for STMicroelectronics.X-CUBE-AI.10.1.0
2025-12-03 15:17:39,278 [WARN] PackLoader:240 - Cannot read IP mode file for STMicroelectronics.X-CUBE-MEMS1.12.0.0
2025-12-03 15:17:39,315 [WARN] PackLoader:240 - Cannot read IP mode file for STMicroelectronics.X-CUBE-ALGOBUILD.1.3.0
2025-12-03 15:17:39,350 [WARN] PackLoader:240 - Cannot read IP mode file for STMicroelectronics.X-CUBE-MEMS1.11.2.0
2025-12-03 15:17:39,414 [WARN] PackLoader:240 - Cannot read IP mode file for STMicroelectronics.X-CUBE-AZRTOS-G0.1.1.0
2025-12-03 15:17:39,431 [WARN] PackLoader:240 - Cannot read IP mode file for STMicroelectronics.X-CUBE-SAFEA1.1.2.2
2025-12-03 15:17:39,443 [WARN] PackLoader:240 - Cannot read IP mode file for STMicroelectronics.X-CUBE-NFC4.3.0.0
2025-12-03 15:17:39,453 [WARN] PackLoader:240 - Cannot read IP mode file for wolfSSL.I-CUBE-wolfMQTT.1.18.0
2025-12-03 15:17:39,468 [WARN] PackLoader:240 - Cannot read IP mode file for EmbeddedOffice.I-CUBE-FS-RTOS.1.0.1
2025-12-03 15:17:39,468 [ERROR] ConditionMgr:805 - Attr not supported : Dmpu
2025-12-03 15:17:39,468 [ERROR] ConditionMgr:805 - Attr not supported : Dmpu
2025-12-03 15:17:39,468 [ERROR] ConditionMgr:805 - Attr not supported : Dmpu
2025-12-03 15:17:39,468 [ERROR] ConditionMgr:805 - Attr not supported : Dmpu
2025-12-03 15:17:39,468 [ERROR] ConditionMgr:805 - Attr not supported : Dmpu
2025-12-03 15:17:39,468 [ERROR] ConditionMgr:805 - Attr not supported : Dmpu
2025-12-03 15:17:39,468 [ERROR] ConditionMgr:805 - Attr not supported : Dmpu
2025-12-03 15:17:39,468 [ERROR] ConditionMgr:805 - Attr not supported : Dmpu
2025-12-03 15:17:39,468 [ERROR] ConditionMgr:805 - Attr not supported : Dmpu
2025-12-03 15:17:39,468 [ERROR] ConditionMgr:805 - Attr not supported : Dmpu
2025-12-03 15:17:39,468 [ERROR] ConditionMgr:805 - Attr not supported : Dmpu
2025-12-03 15:17:39,468 [ERROR] ConditionMgr:805 - Attr not supported : Dmpu
2025-12-03 15:17:39,468 [ERROR] ConditionMgr:805 - Attr not supported : Dmpu
2025-12-03 15:17:39,468 [ERROR] ConditionMgr:805 - Attr not supported : Dmpu
2025-12-03 15:17:39,468 [ERROR] ConditionMgr:805 - Attr not supported : Dmpu
2025-12-03 15:17:39,468 [ERROR] ConditionMgr:805 - Attr not supported : Dmpu
2025-12-03 15:17:39,468 [ERROR] ConditionMgr:805 - Attr not supported : Dmpu
2025-12-03 15:17:39,468 [ERROR] ConditionMgr:805 - Attr not supported : Dmpu
2025-12-03 15:17:39,469 [ERROR] ConditionMgr:805 - Attr not supported : Dmpu
2025-12-03 15:17:39,469 [ERROR] ConditionMgr:805 - Attr not supported : Dmpu
2025-12-03 15:17:39,469 [ERROR] ConditionMgr:805 - Attr not supported : Dmpu
2025-12-03 15:17:39,469 [ERROR] ConditionMgr:805 - Attr not supported : Dmpu
2025-12-03 15:17:39,469 [ERROR] ConditionMgr:805 - Attr not supported : Dmpu
2025-12-03 15:17:39,469 [ERROR] ConditionMgr:805 - Attr not supported : Dmpu
2025-12-03 15:17:39,469 [ERROR] ConditionMgr:805 - Attr not supported : Dmpu
2025-12-03 15:17:39,469 [ERROR] ConditionMgr:805 - Attr not supported : Dmpu
2025-12-03 15:17:39,469 [ERROR] ConditionMgr:805 - Attr not supported : Dmpu
2025-12-03 15:17:39,469 [ERROR] ConditionMgr:805 - Attr not supported : Dmpu
2025-12-03 15:17:39,469 [ERROR] ConditionMgr:805 - Attr not supported : Dmpu
2025-12-03 15:17:39,469 [ERROR] ConditionMgr:805 - Attr not supported : Dmpu
2025-12-03 15:17:39,469 [ERROR] ConditionMgr:805 - Attr not supported : Dmpu
2025-12-03 15:17:39,469 [ERROR] ConditionMgr:805 - Attr not supported : Dmpu
2025-12-03 15:17:39,469 [ERROR] ConditionMgr:805 - Attr not supported : Dmpu
2025-12-03 15:17:39,469 [ERROR] ConditionMgr:805 - Attr not supported : Dmpu
2025-12-03 15:17:39,469 [ERROR] ConditionMgr:805 - Attr not supported : Dmpu
2025-12-03 15:17:39,469 [ERROR] ConditionMgr:805 - Attr not supported : Dmpu
2025-12-03 15:17:39,469 [ERROR] ConditionMgr:805 - Attr not supported : Dmpu
2025-12-03 15:17:39,469 [ERROR] ConditionMgr:805 - Attr not supported : Dmpu
2025-12-03 15:17:39,469 [ERROR] ConditionMgr:805 - Attr not supported : Dmpu
2025-12-03 15:17:39,469 [ERROR] ConditionMgr:805 - Attr not supported : Dmpu
2025-12-03 15:17:39,469 [ERROR] ConditionMgr:805 - Attr not supported : Dmpu
2025-12-03 15:17:39,469 [ERROR] ConditionMgr:805 - Attr not supported : Dmpu
2025-12-03 15:17:39,469 [ERROR] ConditionMgr:805 - Attr not supported : Dmpu
2025-12-03 15:17:39,469 [ERROR] ConditionMgr:805 - Attr not supported : Dmpu
2025-12-03 15:17:39,469 [ERROR] ConditionMgr:805 - Attr not supported : Dmpu
2025-12-03 15:17:39,469 [ERROR] ConditionMgr:805 - Attr not supported : Dmpu
2025-12-03 15:17:39,469 [ERROR] ConditionMgr:805 - Attr not supported : Dmpu
2025-12-03 15:17:39,469 [ERROR] ConditionMgr:805 - Attr not supported : Dmpu
2025-12-03 15:17:39,469 [ERROR] ConditionMgr:805 - Attr not supported : Dmpu
2025-12-03 15:17:39,469 [ERROR] ConditionMgr:805 - Attr not supported : Dmpu
2025-12-03 15:17:39,469 [ERROR] ConditionMgr:805 - Attr not supported : Dmpu
2025-12-03 15:17:39,469 [ERROR] ConditionMgr:805 - Attr not supported : Dmpu
2025-12-03 15:17:39,470 [ERROR] ConditionMgr:805 - Attr not supported : Dmpu
2025-12-03 15:17:39,470 [ERROR] ConditionMgr:805 - Attr not supported : Dmpu
2025-12-03 15:17:39,470 [ERROR] ConditionMgr:805 - Attr not supported : Dmpu
2025-12-03 15:17:39,470 [ERROR] ConditionMgr:805 - Attr not supported : Dmpu
2025-12-03 15:17:39,470 [ERROR] ConditionMgr:805 - Attr not supported : Dmpu
2025-12-03 15:17:39,470 [ERROR] ConditionMgr:805 - Attr not supported : Dmpu
2025-12-03 15:17:39,470 [ERROR] ConditionMgr:805 - Attr not supported : Dmpu
2025-12-03 15:17:39,470 [ERROR] ConditionMgr:805 - Attr not supported : Dmpu
2025-12-03 15:17:39,470 [ERROR] ConditionMgr:805 - Attr not supported : Dmpu
2025-12-03 15:17:39,470 [ERROR] ConditionMgr:805 - Attr not supported : Dmpu
2025-12-03 15:17:39,470 [ERROR] ConditionMgr:805 - Attr not supported : Dmpu
2025-12-03 15:17:39,470 [ERROR] ConditionMgr:805 - Attr not supported : Dmpu
2025-12-03 15:17:39,483 [WARN] PackLoader:240 - Cannot read IP mode file for STMicroelectronics.X-CUBE-WB05N.2.0.0
2025-12-03 15:17:39,497 [WARN] PackLoader:240 - Cannot read IP mode file for STMicroelectronics.X-CUBE-BLEMGR.3.0.0
2025-12-03 15:17:39,509 [ERROR] Engine:466 - C:\Users\RND1\.stm32cubemx\thirdparties\pdsc\STMicroelectronics.X-CUBE-TCPP.4.2.0.pdsc: PDSC version is not supported
2025-12-03 15:17:39,523 [WARN] PackLoader:240 - Cannot read IP mode file for RealThread.X-CUBE-RT-Thread_Nano.4.1.1
2025-12-03 15:17:39,527 [WARN] PackLoader:240 - Cannot read IP mode file for STMicroelectronics.FP-ATR-SIGFOX1.3.2.0
2025-12-03 15:17:39,531 [WARN] ConditionMgr:438 - getConditionDescription Invalid condition id : Cortex-A Device cause : null
2025-12-03 15:17:39,546 [WARN] ConditionMgr:1039 - genDependencies : Invalid condition id : Cortex-A Device cause : null
2025-12-03 15:17:39,546 [WARN] ConditionMgr:1039 - genDependencies : Invalid condition id : Cortex-A Device cause : null
2025-12-03 15:17:39,546 [WARN] ConditionMgr:1039 - genDependencies : Invalid condition id : Cortex-A Device cause : null
2025-12-03 15:17:39,557 [WARN] PackLoader:240 - Cannot read IP mode file for STMicroelectronics.X-CUBE-EEPRMA1.5.1.0
2025-12-03 15:17:39,568 [ERROR] Engine:466 - C:\Users\RND1\.stm32cubemx\thirdparties\pdsc\STMicroelectronics.X-CUBE-ST67W61.1.0.0.pdsc: PDSC version is not supported
2025-12-03 15:17:39,578 [WARN] PackLoader:240 - Cannot read IP mode file for STMicroelectronics.X-CUBE-AI.10.2.0
2025-12-03 15:17:39,601 [WARN] PackLoader:240 - Cannot read IP mode file for SEGGER.I-CUBE-embOS.1.3.1
2025-12-03 15:17:39,629 [WARN] PackLoader:240 - Cannot read IP mode file for STMicroelectronics.X-CUBE-ALGOBUILD.1.4.0
2025-12-03 15:17:39,663 [WARN] PackLoader:240 - Cannot read IP mode file for STMicroelectronics.X-CUBE-MEMS1.11.3.0
2025-12-03 15:17:39,736 [WARN] PackLoader:240 - Cannot read IP mode file for STMicroelectronics.X-CUBE-AI.9.1.0
2025-12-03 15:17:39,749 [WARN] PackLoader:240 - Cannot read IP mode file for STMicroelectronics.X-CUBE-PM33A1.1.0.0
2025-12-03 15:17:39,763 [WARN] PackLoader:240 - Cannot read IP mode file for STMicroelectronics.X-CUBE-GNSS1.6.0.0
2025-12-03 15:17:39,784 [WARN] PackLoader:240 - Cannot read IP mode file for STMicroelectronics.X-CUBE-AZRTOS-F4.1.1.0
2025-12-03 15:17:39,798 [WARN] PackLoader:240 - Cannot read IP mode file for wolfSSL.I-CUBE-wolfSSL.5.6.4
2025-12-03 15:17:39,810 [ERROR] Engine:466 - C:\Users\RND1\.stm32cubemx\thirdparties\pdsc\Avnet-IotConnect.X-CUBE-IoTC-DA16k-PMOD.1.0.0.pdsc: PDSC version is not supported
2025-12-03 15:17:39,822 [WARN] PackLoader:240 - Cannot read IP mode file for STMicroelectronics.X-CUBE-ISPU.2.1.0
2025-12-03 15:17:39,835 [ERROR] Engine:466 - C:\Users\RND1\.stm32cubemx\thirdparties\pdsc\STMicroelectronics.X-CUBE-IPS.3.2.0.pdsc: PDSC version is not supported
2025-12-03 15:17:39,847 [WARN] PackLoader:240 - Cannot read IP mode file for STMicroelectronics.X-CUBE-FREERTOS.1.2.0
2025-12-03 15:17:39,861 [WARN] PackLoader:240 - Cannot read IP mode file for STMicroelectronics.X-CUBE-NFC12.1.0.0
2025-12-03 15:17:39,882 [WARN] PackLoader:240 - Cannot read IP mode file for STMicroelectronics.X-CUBE-AZRTOS-L5.2.0.0
2025-12-03 15:17:39,895 [WARN] PackLoader:240 - Cannot read IP mode file for STMicroelectronics.X-CUBE-EEPRMA1.4.2.0
2025-12-03 15:17:39,908 [WARN] PackLoader:240 - Cannot read IP mode file for STMicroelectronics.X-CUBE-NFC6.3.1.0
2025-12-03 15:17:39,921 [WARN] PackLoader:240 - Cannot read IP mode file for ITTIA_DB.I-CUBE-ITTIADB.8.8.0
2025-12-03 15:17:39,933 [WARN] PackLoader:240 - Cannot read IP mode file for STMicroelectronics.X-CUBE-DPower.1.2.0
2025-12-03 15:17:39,946 [WARN] PackLoader:240 - Cannot read IP mode file for STMicroelectronics.X-CUBE-AI.9.0.0
2025-12-03 15:17:39,959 [WARN] PackLoader:240 - Cannot read IP mode file for STMicroelectronics.X-CUBE-FREERTOS.1.3.1
2025-12-03 15:17:39,971 [WARN] PackLoader:240 - Cannot read IP mode file for STMicroelectronics.X-CUBE-FREERTOS.1.3.0
2025-12-03 15:17:39,988 [WARN] PackLoader:240 - Cannot read IP mode file for STMicroelectronics.X-CUBE-NFC7.1.0.1
2025-12-03 15:17:40,001 [WARN] PackLoader:240 - Cannot read IP mode file for STMicroelectronics.X-CUBE-TOUCHGFX.4.26.0
2025-12-03 15:17:40,012 [WARN] PackLoader:240 - Cannot read IP mode file for STMicroelectronics.X-CUBE-NFC6.3.0.0
2025-12-03 15:17:40,022 [ERROR] Engine:466 - C:\Users\RND1\.stm32cubemx\thirdparties\pdsc\STMicroelectronics.FP-SNS-STAIOTCFT.1.0.0.pdsc: PDSC version is not supported
2025-12-03 15:17:40,032 [WARN] PackLoader:240 - Cannot read IP mode file for STMicroelectronics.X-CUBE-DPower.1.3.0
2025-12-03 15:17:40,042 [WARN] PackLoader:240 - Cannot read IP mode file for STMicroelectronics.X-CUBE-AI.8.1.0
2025-12-03 15:17:40,061 [WARN] ConditionMgr:438 - getConditionDescription Invalid condition id : LAN8742 Phy interface Condition cause : null
2025-12-03 15:17:40,061 [WARN] PackLoader:240 - Cannot read IP mode file for STMicroelectronics.X-CUBE-AZRTOS-L4.2.0.0
2025-12-03 15:17:40,062 [WARN] ConditionMgr:1039 - genDependencies : Invalid condition id : LAN8742 Phy interface Condition cause : null
2025-12-03 15:17:40,062 [WARN] ConditionMgr:1039 - genDependencies : Invalid condition id : LAN8742 Phy interface Condition cause : null
2025-12-03 15:17:40,062 [WARN] ConditionMgr:1039 - genDependencies : Invalid condition id : LAN8742 Phy interface Condition cause : null
2025-12-03 15:17:40,074 [WARN] PackLoader:240 - Cannot read IP mode file for STMicroelectronics.X-CUBE-SFXS2LP1.4.0.0
2025-12-03 15:17:40,094 [WARN] PackLoader:240 - Cannot read IP mode file for STMicroelectronics.X-CUBE-AZRTOS-H7.3.3.0
2025-12-03 15:17:40,106 [ERROR] Engine:466 - C:\Users\RND1\.stm32cubemx\thirdparties\pdsc\STMicroelectronics.X-CUBE-BLEMGR.4.1.0.pdsc: PDSC version is not supported
2025-12-03 15:17:40,121 [WARN] PackLoader:240 - Cannot read IP mode file for STMicroelectronics.X-CUBE-IPS.3.0.0
2025-12-03 15:17:40,139 [WARN] ConditionMgr:438 - getConditionDescription Invalid condition id : UX DEVICE CLASS RTOS Condition cause : null
2025-12-03 15:17:40,140 [WARN] ConditionMgr:438 - getConditionDescription Invalid condition id : UX DEVICE CLASS RTOS Condition cause : null
2025-12-03 15:17:40,140 [WARN] PackLoader:240 - Cannot read IP mode file for STMicroelectronics.X-CUBE-AZRTOS-WB.2.0.0
2025-12-03 15:17:40,141 [WARN] ConditionMgr:1039 - genDependencies : Invalid condition id : UX DEVICE CLASS RTOS Condition cause : null
2025-12-03 15:17:40,141 [WARN] ConditionMgr:1039 - genDependencies : Invalid condition id : UX DEVICE CLASS RTOS Condition cause : null
2025-12-03 15:17:40,141 [WARN] ConditionMgr:1039 - genDependencies : Invalid condition id : UX DEVICE CLASS RTOS Condition cause : null
2025-12-03 15:17:40,141 [WARN] ConditionMgr:1039 - genDependencies : Invalid condition id : UX DEVICE CLASS RTOS Condition cause : null
2025-12-03 15:17:40,141 [WARN] ConditionMgr:1039 - genDependencies : Invalid condition id : UX DEVICE CLASS RTOS Condition cause : null
2025-12-03 15:17:40,152 [WARN] PackLoader:240 - Cannot read IP mode file for STMicroelectronics.X-CUBE-GNSS1.7.0.0
2025-12-03 15:17:40,163 [WARN] PackLoader:240 - Cannot read IP mode file for STMicroelectronics.X-CUBE-GNSS1.7.0.1
2025-12-03 15:17:40,175 [WARN] PackLoader:240 - Cannot read IP mode file for STMicroelectronics.X-CUBE-TOUCHGFX.4.25.0
2025-12-03 15:17:40,186 [WARN] PackLoader:240 - Cannot read IP mode file for STMicroelectronics.FP-SNS-STBOX1.2.0.0
2025-12-03 15:17:40,201 [WARN] PackLoader:240 - Cannot read IP mode file for STMicroelectronics.X-CUBE-SUBG2.5.0.0
2025-12-03 15:17:40,221 [WARN] PackLoader:240 - Cannot read IP mode file for STMicroelectronics.X-CUBE-AZRTOS-H7RS.1.1.0
2025-12-03 15:17:40,244 [WARN] PackLoader:240 - Cannot read IP mode file for STMicroelectronics.X-CUBE-AZRTOS-G4.2.0.0
2025-12-03 15:17:40,261 [WARN] PackLoader:240 - Cannot read IP mode file for Infineon.AIROC-Wi-Fi-Bluetooth-STM32.1.5.1
2025-12-03 15:17:40,273 [WARN] PackLoader:240 - Cannot read IP mode file for STMicroelectronics.X-CUBE-NFC7.2.0.0
2025-12-03 15:17:40,284 [WARN] PackLoader:240 - Cannot read IP mode file for STMicroelectronics.FP-SNS-MOTENVWB1.1.3.1
2025-12-03 15:17:40,294 [WARN] PackLoader:240 - Cannot read IP mode file for STMicroelectronics.X-CUBE-ISPU.2.0.0
2025-12-03 15:17:40,308 [ERROR] Engine:466 - C:\Users\RND1\.stm32cubemx\thirdparties\pdsc\STMicroelectronics.X-CUBE-IPS.3.1.0.pdsc: PDSC version is not supported
2025-12-03 15:17:40,320 [WARN] PackLoader:240 - Cannot read IP mode file for STMicroelectronics.X-CUBE-ALS.1.0.2
2025-12-03 15:17:40,345 [WARN] PackLoader:240 - Cannot read IP mode file for STMicroelectronics.X-CUBE-MEMS1.10.0.0
2025-12-03 15:17:40,390 [WARN] PackLoader:240 - Cannot read IP mode file for STMicroelectronics.X-CUBE-FREERTOS.1.1.0
2025-12-03 15:17:40,401 [WARN] PackLoader:240 - Cannot read IP mode file for STMicroelectronics.X-CUBE-TOUCHGFX.4.24.0
2025-12-03 15:17:40,412 [WARN] PackLoader:240 - Cannot read IP mode file for STMicroelectronics.X-CUBE-TOUCHGFX.4.24.2
2025-12-03 15:17:40,423 [WARN] PackLoader:240 - Cannot read IP mode file for STMicroelectronics.X-CUBE-TOUCHGFX.4.24.1
2025-12-03 15:17:40,434 [WARN] PackLoader:240 - Cannot read IP mode file for STMicroelectronics.X-CUBE-STSE01.1.0.0
2025-12-03 15:17:40,438 [WARN] PackLoader:240 - Cannot read IP mode file for wolfSSL.I-CUBE-wolfTPM.3.4.0
2025-12-03 15:17:40,450 [WARN] PackLoader:240 - Cannot read IP mode file for portGmbH.I-Cube-SoM-uGOAL.1.1.0
2025-12-03 15:17:40,460 [WARN] PackLoader:240 - Cannot read IP mode file for STMicroelectronics.X-CUBE-ALS.1.0.1
2025-12-03 15:17:40,481 [WARN] PackLoader:240 - Cannot read IP mode file for STMicroelectronics.X-CUBE-AZRTOS-H7RS.1.0.0
2025-12-03 15:17:40,492 [WARN] PackLoader:240 - Cannot read IP mode file for STMicroelectronics.FP-ATR-ASTRA1.2.0.0
2025-12-03 15:17:40,508 [WARN] PackLoader:240 - Cannot read IP mode file for STMicroelectronics.X-CUBE-TOF1.3.4.2
2025-12-03 15:17:40,540 [ERROR] Engine:466 - C:\Users\RND1\.stm32cubemx\thirdparties\pdsc\STMicroelectronics.X-CUBE-TOF1.3.4.3.pdsc: PDSC version is not supported
2025-12-03 15:17:40,559 [WARN] PackLoader:240 - Cannot read IP mode file for STMicroelectronics.X-CUBE-TOF1.3.4.0
2025-12-03 15:17:40,580 [WARN] PackLoader:240 - Cannot read IP mode file for STMicroelectronics.X-CUBE-TOF1.3.4.1
2025-12-03 15:17:40,602 [WARN] PackLoader:240 - Cannot read IP mode file for STMicroelectronics.X-CUBE-AZRTOS-H7.3.2.0
2025-12-03 15:17:40,606 [WARN] PackLoader:240 - Cannot read IP mode file for wolfSSL.I-CUBE-wolfSSH.1.4.17
2025-12-03 15:17:40,607 [INFO] ThirdParty:978 - Integrity check success = true
2025-12-03 15:17:40,607 [INFO] IntegrityCheckThread:100 - exiting critical section [integrity check]
2025-12-03 15:17:40,607 [INFO] IntegrityCheckThread:103 - End integrity checks thread
2025-12-03 15:17:55,635 [INFO] McuFinderGlobals:63 - Set McuFinder mode to 2 (CubeIDE integrated)
2025-12-03 15:17:55,660 [INFO] MainUpdater:2873 - connection check result : 10
2025-12-03 15:17:55,666 [INFO] MainUpdater:2873 - connection check result : 10
2025-12-03 15:17:55,814 [INFO] RulesReader:64 - Compatibility file has been processed (297 Rules)
2025-12-03 15:17:55,818 [INFO] RulesReader:64 - Compatibility file has been processed (297 Rules)
2025-12-03 15:17:55,823 [INFO] MicroXplorer:468 - Change Database Path : 
2025-12-03 15:17:55,823 [INFO] MicroXplorer:498 - Change Database Version : DB.6.0.121
2025-12-03 15:17:55,842 [WARN] ThirdParty:871 - waiting for thirdparty lock release [close project]
2025-12-03 15:17:55,842 [INFO] ThirdParty:873 - entering critical section [close project]
2025-12-03 15:17:55,843 [INFO] ThirdParty:883 - exiting critical section [close project]
2025-12-03 15:17:55,845 [INFO] PinOutPanel:1561 - setPackage(No Configuration,No Configuration)
2025-12-03 15:17:55,850 [INFO] UtilMem:75 - Begin LoadConfig() Used Memory: 277065808 Bytes (313524224)
2025-12-03 15:17:55,851 [INFO] MicroXplorer:468 - Change Database Path : 
2025-12-03 15:17:55,851 [INFO] MicroXplorer:498 - Change Database Version : DB.6.0.121
2025-12-03 15:17:55,851 [INFO] OpenFileManager:332 - Change cursor
2025-12-03 15:17:55,886 [INFO] Mcu:2032 - Initializing MCU STM32F103C(8-B)Tx STM32F103C8Tx STM32F103C8T6
2025-12-03 15:17:56,634 [INFO] Context:742 - Trying to add GPIOservice into a context  which must be forbidden
2025-12-03 15:17:56,897 [INFO] RtosManager:555 - Registered RTOS mode: class=CMSIS, group=RTOS, mode=CMSIS_V1, owner=FREERTOS
2025-12-03 15:17:56,897 [INFO] RtosManager:555 - Registered RTOS mode: class=CMSIS, group=RTOS2, mode=CMSIS_V2, owner=FREERTOS
2025-12-03 15:17:56,897 [INFO] RtosManager:555 - Registered RTOS mode: class=RTOS, group=Core, mode=CMSIS_V1, owner=FREERTOS
2025-12-03 15:17:56,897 [INFO] RtosManager:555 - Registered RTOS mode: class=RTOS, group=Core, mode=CMSIS_V2, owner=FREERTOS
2025-12-03 15:17:56,898 [WARN] ModelIntegratedComponent:184 - Missing modes for component STMicroelectronics:FreeRTOS:0.0.1:STMicroelectronics:RTOS:FreeRTOS:Core:::10.2.0:
2025-12-03 15:17:56,902 [WARN] ModelIntegratedComponent:63 - No mode defined for component null
2025-12-03 15:17:56,903 [WARN] ModelIntegratedComponent:63 - No mode defined for component null
2025-12-03 15:17:56,903 [WARN] ModelIntegratedComponent:63 - No mode defined for component null
2025-12-03 15:17:56,903 [WARN] ModelIntegratedComponent:63 - No mode defined for component null
2025-12-03 15:17:56,903 [WARN] ModelIntegratedComponent:63 - No mode defined for component null
2025-12-03 15:17:56,903 [WARN] ModelIntegratedComponent:63 - No mode defined for component null
2025-12-03 15:17:56,903 [WARN] ModelIntegratedComponent:63 - No mode defined for component null
2025-12-03 15:17:56,903 [WARN] ModelIntegratedComponent:63 - No mode defined for component null
2025-12-03 15:17:56,903 [WARN] ModelIntegratedComponent:63 - No mode defined for component null
2025-12-03 15:17:56,903 [WARN] ModelIntegratedComponent:63 - No mode defined for component null
2025-12-03 15:17:56,903 [WARN] ModelIntegratedComponent:63 - No mode defined for component null
2025-12-03 15:17:56,903 [WARN] ModelIntegratedComponent:63 - No mode defined for component null
2025-12-03 15:17:56,903 [WARN] ModelIntegratedComponent:63 - No mode defined for component null
2025-12-03 15:17:56,903 [WARN] ModelIntegratedComponent:63 - No mode defined for component null
2025-12-03 15:17:56,903 [WARN] ModelIntegratedComponent:63 - No mode defined for component null
2025-12-03 15:17:56,903 [WARN] ModelIntegratedComponent:63 - No mode defined for component null
2025-12-03 15:17:56,903 [WARN] ModelIntegratedComponent:63 - No mode defined for component null
2025-12-03 15:17:56,903 [WARN] ModelIntegratedComponent:63 - No mode defined for component null
2025-12-03 15:17:56,903 [WARN] ModelIntegratedComponent:63 - No mode defined for component null
2025-12-03 15:17:56,903 [WARN] ModelIntegratedComponent:63 - No mode defined for component null
2025-12-03 15:17:56,903 [WARN] ModelIntegratedComponent:63 - No mode defined for component null
2025-12-03 15:17:56,903 [WARN] ModelIntegratedComponent:63 - No mode defined for component null
2025-12-03 15:17:56,903 [WARN] ModelIntegratedComponent:63 - No mode defined for component null
2025-12-03 15:17:56,903 [WARN] ModelIntegratedComponent:63 - No mode defined for component null
2025-12-03 15:17:56,903 [WARN] ModelIntegratedComponent:63 - No mode defined for component null
2025-12-03 15:17:56,903 [WARN] ModelIntegratedComponent:63 - No mode defined for component null
2025-12-03 15:17:56,903 [WARN] ModelIntegratedComponent:63 - No mode defined for component null
2025-12-03 15:17:56,903 [WARN] ModelIntegratedComponent:63 - No mode defined for component null
2025-12-03 15:17:56,903 [WARN] ModelIntegratedComponent:63 - No mode defined for component null
2025-12-03 15:17:56,903 [WARN] ModelIntegratedComponent:63 - No mode defined for component null
2025-12-03 15:17:56,903 [WARN] ModelIntegratedComponent:63 - No mode defined for component null
2025-12-03 15:17:56,903 [WARN] ModelIntegratedComponent:63 - No mode defined for component null
2025-12-03 15:17:56,903 [WARN] ModelIntegratedComponent:63 - No mode defined for component null
2025-12-03 15:17:56,903 [WARN] ModelIntegratedComponent:63 - No mode defined for component null
2025-12-03 15:17:56,903 [WARN] ModelIntegratedComponent:63 - No mode defined for component null
2025-12-03 15:17:56,903 [WARN] ModelPack:524 - Component already loaded: STMicroelectronics:HAL Drivers:0.0.0:STMicroelectronics:Device:STMicro_Driver:XSPI:HAL::0.0.1:HAL_XSPI
2025-12-03 15:17:57,088 [INFO] ThirdPartyModel:298 - Start build external matchings
2025-12-03 15:17:58,198 [INFO] ThirdPartyModel:316 - End build external matchings
2025-12-03 15:17:58,242 [WARN] IP:2191 - I2C_Coeff_DF not found: check if there is a RefParameter without a condition.
2025-12-03 15:17:58,242 [WARN] IP:2191 - Analog_Filter not found: check if there is a RefParameter without a condition.
2025-12-03 15:17:58,243 [INFO] ImportTextPane:205 - (OptionalMessage_ERROR) IP (RCC) : Invalid parameter (FamilyName)
2025-12-03 15:17:58,243 [INFO] ImportTextPane:205 - (OptionalMessage_ERROR) IP (RCC) : Parameter (USBFreq_Value) has invalid value (16000000)
2025-12-03 15:17:58,495 [INFO] ApiDb:581 - Connected to CubeFinder SQLite database (C:\Users\RND1\.stmcufinder\plugins\mcufinder\mcu\cube-finder-db.db)
2025-12-03 15:17:58,564 [INFO] ApiDb:668 - CubeFinder database Data Model version=2.1
2025-12-03 15:17:58,564 [INFO] ApiDb:669 - CubeFinder database Configuration version=3.0.39
2025-12-03 15:17:58,565 [INFO] ApiDb:670 - CubeFinder database generation date=2025-08-25 (1756130511)
2025-12-03 15:17:58,565 [INFO] ApiDb:671 - CubeFinder database FW Pack versions=[FP-ATR-ASTRA1_V2.0.0, FP-SNS-FLIGHT1_V5.1.0, FP-SNS-MOTENV1_V5.0.0, FP-SNS-MOTENVWB1_V1.4.0, FP-SNS-SMARTAG2_V1.2.0, FP-SNS-STBOX1_V2.1.0, STM32Cube_FW_C0_V1.4.0, STM32Cube_FW_F4_V1.28.3, STM32Cube_FW_F7_V1.17.4, STM32Cube_FW_G0_V1.6.2, STM32Cube_FW_G4_V1.6.1, STM32Cube_FW_H5_V1.5.0, STM32Cube_FW_H7RS_V1.2.0, STM32Cube_FW_H7_V1.12.1, STM32Cube_FW_L0_V1.12.2, STM32Cube_FW_L4_V1.18.1, STM32Cube_FW_L5_V1.5.1, STM32Cube_FW_N6_V1.2.0, STM32Cube_FW_U0_V1.3.0, STM32Cube_FW_U3_V1.2.0, STM32Cube_FW_U5_V1.8.0, STM32Cube_FW_WB0_V1.3.0, STM32Cube_FW_WBA_V1.7.0, STM32Cube_FW_WB_V1.23.0, STM32Cube_FW_WL3_V1.2.0, STM32Cube_FW_WL_V1.3.1, X-CUBE-ALGOBUILD_V1.4.0, X-CUBE-ALS_V1.0.2, X-CUBE-AZRTOS-F4_V1.1.0, X-CUBE-AZRTOS-F7_V1.1.0, X-CUBE-AZRTOS-G0_V1.1.0, X-CUBE-AZRTOS-G4_V2.0.0, X-CUBE-AZRTOS-H7RS_V1.1.0, X-CUBE-AZRTOS-H7_V3.4.0, X-CUBE-AZRTOS-L4_V2.0.0, X-CUBE-AZRTOS-L5_V2.0.0, X-CUBE-AZRTOS-WB_V2.0.0, X-CUBE-AZRTOS-WL_V2.0.0, X-CUBE-BLE1_V7.1.0, X-CUBE-BLE2_V3.3.0, X-CUBE-BLEMGR_V4.1.0, X-CUBE-EEPRMA1_V5.2.0, X-CUBE-FREERTOS_V1.3.1, X-CUBE-GNSS1_V6.0.0, X-CUBE-MEMS1_V11.3.0, X-CUBE-NFC4_V3.0.0, X-CUBE-NFC7_V2.0.0, X-CUBE-SFXS2LP1_V4.0.0, X-CUBE-ST67W61_V1.0.0, X-CUBE-SUBG2_V5.0.0, X-CUBE-TOF1_V3.4.3]
2025-12-03 15:17:58,660 [INFO] DbBoardsSqlite:226 - include board P-NUCLEO-WB55-NUCLEO as a kit item of type 'Nucleo-64'
2025-12-03 15:17:58,660 [INFO] DbBoardsSqlite:226 - include board P-NUCLEO-WB55-USBDONGLE as a kit item of type 'Nucleo USB Dongle'
2025-12-03 15:17:58,661 [INFO] DbBoardsSqlite:226 - include board STEVAL-IDP005V1 as a kit item of type 'Evaluation Board'
2025-12-03 15:17:58,662 [INFO] DbBoardsSqlite:226 - include board STEVAL-IDP005V2 as a kit item of type 'Evaluation Board'
2025-12-03 15:17:58,965 [INFO] ApiDb:240 - Found 646 in-development CPN: [B-G473E-ZEST1S, B-WB1M-WPAN1, B-WL5M-SUBG1, NUCLEO-C031C6, NUCLEO-C071RB, NUCLEO-H503RB, NUCLEO-H533RE, NUCLEO-H563ZI, NUCLEO-H7S3L8, NUCLEO-U031R8, NUCLEO-U083RC, NUCLEO-U545RE-Q, NUCLEO-U5A5ZJ-Q, NUCLEO-WB05KZ, NUCLEO-WB07CC, NUCLEO-WB09KE, NUCLEO-WBA52CG, NUCLEO-WBA55CG, STEVAL-PROTEUS1, STEVAL-SMARTAG2, STEVAL-STWINBX1, STM320518-EVAL, STM32C0116-DK, STM32C011D6Y3TR, STM32C011D6Y6TR, STM32C011F4P3, STM32C011F4P6, STM32C011F4U3, STM32C011F4U6TR, STM32C011F6P3, STM32C011F6P6, STM32C011F6U3, STM32C011F6U6TR, STM32C011J4M3, STM32C011J4M6, STM32C011J6M3, STM32C011J6M6, STM32C0316-DK, STM32C031C4T3, STM32C031C4T6, STM32C031C4U3, STM32C031C4U6, STM32C031C6T3, STM32C031C6T6, STM32C031C6U3, STM32C031C6U6, STM32C031F4P3, STM32C031F4P6, STM32C031F6P3, STM32C031F6P6, STM32C031G4U3, STM32C031G4U6, STM32C031G6U3, STM32C031G6U6, STM32C031K4T3, STM32C031K4T6, STM32C031K4U3, STM32C031K4U6, STM32C031K6T3, STM32C031K6T6, STM32C031K6U3, STM32C031K6U6, STM32C071C8T6, STM32C071C8T6N, STM32C071C8U6, STM32C071C8U6N, STM32C071CBT6, STM32C071CBT6N, STM32C071CBU6, STM32C071CBU6N, STM32C071F8P6, STM32C071F8P6N, STM32C071FBP6, STM32C071FBP6N, STM32C071FBY6TR, STM32C071G8U6, STM32C071G8U6N, STM32C071GBU6, STM32C071GBU6N, STM32C071K8T6, STM32C071K8T6N, STM32C071K8U6, STM32C071K8U6N, STM32C071KBT6, STM32C071KBT6N, STM32C071KBU6, STM32C071KBU6N, STM32C071R8T6, STM32C071R8T6N, STM32C071RBI6N, STM32C071RBT6, STM32C071RBT6N, STM32G071K8TXN, STM32G071K8UXN, STM32G081GBU6N, STM32G081KBT6N, STM32G081KBUXN, STM32G0B1CCT6N, STM32G0B1KCT6, STM32G0B1NEY6TR, STM32G0B1RCT6N, STM32G0C1CCT6, STM32G0C1CCT6N, STM32G0C1CCU6N, STM32G0C1CET6N, STM32G0C1CEU6N, STM32G0C1KCT6, STM32G0C1NEY6TR, STM32G0C1RCI6N, STM32G0C1RCT6N, STM32G0C1REI6N, STM32G0C1RET6N, STM32G0C1VCI6, STM32G0C1VEI6, STM32G411C6T3, STM32G411C6T6, STM32G411C6U3, STM32G411C6U6, STM32G411C8T3, STM32G411C8T6, STM32G411C8U3, STM32G411C8U6, STM32G411CBT3, STM32G411CBT6, STM32G411CBU3, STM32G411CBU6, STM32G411K6T3, STM32G411K6T6, STM32G411K6U3, STM32G411K6U6, STM32G411K8T3, STM32G411K8T6, STM32G411K8U3, STM32G411K8U6, STM32G411KBT3, STM32G411KBT6, STM32G411KBU3, STM32G411KBU6, STM32G411M6T3, STM32G411M6T6, STM32G411M8T3, STM32G411M8T6, STM32G411MBT3, STM32G411MBT6, STM32G411R6T3, STM32G411R6T6, STM32G411R8T3, STM32G411R8T6, STM32G411RBT3, STM32G411RBT6, STM32G414CBT3, STM32G414CBT6, STM32G414CBU3, STM32G414CBU6, STM32G414CCT3, STM32G414CCT6, STM32G414CCU3, STM32G414CCU6, STM32G414MBT3, STM32G414MBT6, STM32G414MCT3, STM32G414MCT6, STM32G414RBT3, STM32G414RBT6, STM32G414RCT3, STM32G414RCT6, STM32G414VBT3, STM32G414VBT6, STM32G414VCT3, STM32G414VCT6, STM32G431CBT3Z, STM32G431RBT3Z, STM32G471CCT6, STM32G471CCU6, STM32G471CET3, STM32G471CET6, STM32G471CEU3, STM32G471CEU6, STM32G471MCT6, STM32G471MET3, STM32G471MET6, STM32G471MEY6TR, STM32G471QCT6, STM32G471QET3, STM32G471RCT6, STM32G471RET3, STM32G471RET6, STM32G471VCH6, STM32G471VCI6, STM32G471VCT6, STM32G471VEH3, STM32G471VEH6, STM32G471VEI3, STM32G471VEI6, STM32G471VET3, STM32G471VET6, STM32G473QET3Z, STM32G473RET3Z, STM32G474CCT6, STM32G491RET3Z, STM32H503CBT6, STM32H503CBU6, STM32H503EBY6TR, STM32H503KBU6, STM32H503RBT6, STM32H523CCT6, STM32H523CCU6, STM32H523CET6, STM32H523CEU6, STM32H523HEY6TR, STM32H523RCT6, STM32H523RET6, STM32H523VCI6, STM32H523VCT6, STM32H523VEI6, STM32H523VET6, STM32H523ZCJ6, STM32H523ZCT6, STM32H523ZEJ6, STM32H523ZET6, STM32H533CET6, STM32H533CEU6, STM32H533HEY6TR, STM32H533RET6, STM32H533VEI6, STM32H533VET6, STM32H533ZEJ6, STM32H533ZET6, STM32H562AGI6, STM32H562AII6, STM32H562IGK6, STM32H562IGT6, STM32H562IIK6, STM32H562IIT6, STM32H562RGT6, STM32H562RGV6, STM32H562RIT6, STM32H562RIV6, STM32H562VGT6, STM32H562VIT6, STM32H562ZGT6, STM32H562ZIT6, STM32H563AGI6, STM32H563AII3Q, STM32H563AII6, STM32H563IGK6, STM32H563IGT6, STM32H563IIK3Q, STM32H563IIK6, STM32H563IIT3Q, STM32H563IIT6, STM32H563MIY3QTR, STM32H563RGT6, STM32H563RGV6, STM32H563RIT6, STM32H563RIV6, STM32H563VGT6, STM32H563VIT3Q, STM32H563VIT6, STM32H563ZGT6, STM32H563ZIT3Q, STM32H563ZIT6, STM32H573AII3Q, STM32H573AII6, STM32H573I-DK, STM32H573IIK3Q, STM32H573IIK6, STM32H573IIT3Q, STM32H573IIT6, STM32H573MIY3QTR, STM32H573RIT6, STM32H573RIV6, STM32H573VIT3Q, STM32H573VIT6, STM32H573ZIT3Q, STM32H573ZIT6, STM32H7R3A8I6, STM32H7R3I8K6, STM32H7R3I8T6, STM32H7R3L8H6, STM32H7R3L8H6H, STM32H7R3R8V6, STM32H7R3V8H6, STM32H7R3V8T6, STM32H7R3V8Y6TR, STM32H7R3Z8J6, STM32H7R3Z8T6, STM32H7R7A8I6, STM32H7R7I8K6, STM32H7R7I8T6, STM32H7R7L8H6, STM32H7R7L8H6H, STM32H7R7Z8J6, STM32H7S3A8I6, STM32H7S3I8K6, STM32H7S3I8T6, STM32H7S3L8H6, STM32H7S3L8H6H, STM32H7S3R8V6, STM32H7S3V8H6, STM32H7S3V8T6, STM32H7S3V8Y6TR, STM32H7S3Z8J6, STM32H7S3Z8T6, STM32H7S78-DK, STM32H7S7A8I6, STM32H7S7I8K6, STM32H7S7I8T6, STM32H7S7L8H6, STM32H7S7L8H6H, STM32H7S7Z8J6, STM32L4R5QGI6STR, STM32MP131AAE3, STM32MP131AAF3, STM32MP131AAG3, STM32MP131CAE3, STM32MP131CAF3, STM32MP131CAG3, STM32MP131DAE7, STM32MP131DAF7, STM32MP131DAG7, STM32MP131FAE7, STM32MP131FAF7, STM32MP131FAG7, STM32MP133AAE3, STM32MP133AAF3, STM32MP133AAG3, STM32MP133CAE3, STM32MP133CAF3, STM32MP133CAG3, STM32MP133DAE7, STM32MP133DAF7, STM32MP133DAG7, STM32MP133FAE7, STM32MP133FAF7, STM32MP133FAG7, STM32MP135AAE3, STM32MP135AAF3, STM32MP135AAG3, STM32MP135CAE3, STM32MP135CAF3, STM32MP135CAG3, STM32MP135DAE7, STM32MP135DAF7, STM32MP135DAG7, STM32MP135F-DK, STM32MP135FAE7, STM32MP135FAF7, STM32MP135FAF7T, STM32MP135FAF7U, STM32MP135FAG7, STM32MP251AAI3, STM32MP251AAK3, STM32MP251AAL3, STM32MP251CAI3, STM32MP251CAK3, STM32MP251CAL3, STM32MP251DAI3, STM32MP251DAK3, STM32MP251DAL3, STM32MP251FAI3, STM32MP251FAK3, STM32MP251FAL3, STM32MP253AAI3, STM32MP253AAK3, STM32MP253AAL3, STM32MP253CAI3, STM32MP253CAK3, STM32MP253CAL3, STM32MP253DAI3, STM32MP253DAK3, STM32MP253DAL3, STM32MP253FAI3, STM32MP253FAK3, STM32MP253FAL3, STM32MP255AAI3, STM32MP255AAK3, STM32MP255AAL3, STM32MP255CAI3, STM32MP255CAK3, STM32MP255CAL3, STM32MP255DAI3, STM32MP255DAK3, STM32MP255DAL3, STM32MP255FAI3, STM32MP255FAK3, STM32MP255FAL3, STM32MP257AAI3, STM32MP257AAK3, STM32MP257AAL3, STM32MP257CAI3, STM32MP257CAK3, STM32MP257CAL3, STM32MP257DAI3, STM32MP257DAK3, STM32MP257DAL3, STM32MP257F-DK, STM32MP257F-EV1, STM32MP257FAI3, STM32MP257FAK3, STM32MP257FAL3, STM32U031C6T6, STM32U031C6U6, STM32U031C8T6, STM32U031C8U6, STM32U031F4P6, STM32U031F6P6, STM32U031F8P6, STM32U031G6Y6TR, STM32U031G8Y6TR, STM32U031K4U6, STM32U031K6U6, STM32U031K8U6, STM32U031R6I6, STM32U031R6T6, STM32U031R8I6, STM32U031R8T6, STM32U073C8T6, STM32U073C8U6, STM32U073CBT6, STM32U073CBU6, STM32U073CCT6, STM32U073CCU6, STM32U073H8Y6TR, STM32U073HBY6TR, STM32U073HCY6TR, STM32U073K8U6, STM32U073KBU6, STM32U073KCU6, STM32U073M8I6, STM32U073M8T6, STM32U073MBI6, STM32U073MBT6, STM32U073MCI6, STM32U073MCT6, STM32U073R8I6, STM32U073R8T6, STM32U073RBI6, STM32U073RBT6, STM32U073RCI6, STM32U073RCT6, STM32U083C-DK, STM32U083CCT6, STM32U083CCU6, STM32U083HCY6TR, STM32U083KCU6, STM32U083MCI6, STM32U083MCT6, STM32U083RCI6, STM32U083RCT6, STM32U535CBT6, STM32U535CBT6Q, STM32U535CBU6, STM32U535CBU6Q, STM32U535CCT6, STM32U535CCT6Q, STM32U535CCU6, STM32U535CCU6Q, STM32U535CET6, STM32U535CET6Q, STM32U535CEU6, STM32U535CEU6Q, STM32U535JEY6QTR, STM32U535NCY6QTR, STM32U535NEY6QTR, STM32U535RBI6, STM32U535RBI6Q, STM32U535RBT6, STM32U535RBT6Q, STM32U535RCI6, STM32U535RCI6Q, STM32U535RCT6, STM32U535RCT6Q, STM32U535REI6, STM32U535REI6Q, STM32U535RET6, STM32U535RET6Q, STM32U535VCI6, STM32U535VCI6Q, STM32U535VCT6, STM32U535VCT6Q, STM32U535VEI6, STM32U535VEI6Q, STM32U535VET6, STM32U535VET6Q, STM32U545CET6, STM32U545CET6Q, STM32U545CEU6, STM32U545CEU6Q, STM32U545JEY6QTR, STM32U545NEY6QTR, STM32U545REI6, STM32U545REI6Q, STM32U545RET6, STM32U545RET6Q, STM32U545VEI6, STM32U545VEI6Q, STM32U545VET6, STM32U545VET6Q, STM32U595AIH6, STM32U595AIH6Q, STM32U595AJH6, STM32U595AJH6Q, STM32U595QII6, STM32U595QII6Q, STM32U595QJI6, STM32U595QJI6Q, STM32U595RIT6, STM32U595RIT6Q, STM32U595RJT6, STM32U595RJT6Q, STM32U595VIT6, STM32U595VIT6Q, STM32U595VJT6, STM32U595VJT6Q, STM32U595ZIT6, STM32U595ZIT6Q, STM32U595ZIY6QTR, STM32U595ZJT6, STM32U595ZJT6Q, STM32U595ZJY6QTR, STM32U599BJY6QTR, STM32U599NIH6Q, STM32U599NJH6Q, STM32U599VIT6Q, STM32U599VJT6, STM32U599VJT6Q, STM32U599ZIT6Q, STM32U599ZIY6QTR, STM32U599ZJT6Q, STM32U599ZJY6QTR, STM32U5A5AJH6, STM32U5A5AJH6Q, STM32U5A5QII3Q , STM32U5A5QJI6, STM32U5A5QJI6Q, STM32U5A5RJT6, STM32U5A5RJT6Q, STM32U5A5VJT6, STM32U5A5VJT6Q, STM32U5A5ZJT6, STM32U5A5ZJT6Q, STM32U5A5ZJY6QTR, STM32U5A9BJY6QTR, STM32U5A9J-DK, STM32U5A9NJH6Q, STM32U5A9VJT6Q, STM32U5A9ZJT6Q, STM32U5A9ZJY6QTR, STM32U5F7VIT6, STM32U5F7VIT6Q, STM32U5F7VJT6, STM32U5F7VJT6Q, STM32U5F9BJY6QTR, STM32U5F9NJH6Q, STM32U5F9VIT6Q, STM32U5F9VJT6Q, STM32U5F9ZIJ6QTR, STM32U5F9ZIT6Q, STM32U5F9ZJJ6QTR, STM32U5F9ZJT6Q, STM32U5G7VJT6, STM32U5G7VJT6Q, STM32U5G9BJY6QTR, STM32U5G9J-DK1, STM32U5G9J-DK2, STM32U5G9NJH6Q, STM32U5G9VJT6Q, STM32U5G9ZJJ6QTR, STM32U5G9ZJT6Q, STM32WB05KZV6TR, STM32WB05KZV7TR, STM32WB05TZF6TR, STM32WB05TZF7TR, STM32WB06CCF6TR, STM32WB06CCF7TR, STM32WB06CCV6TR, STM32WB06CCV7TR, STM32WB06KCV6TR, STM32WB06KCV7TR, STM32WB07CCF6TR, STM32WB07CCF7TR, STM32WB07CCV6TR, STM32WB07CCV7TR, STM32WB07KCV6TR, STM32WB07KCV7TR, STM32WB09KEV6TR, STM32WB09KEV7TR, STM32WB09TEF6TR, STM32WB09TEF7TR, STM32WB1MMCH6, STM32WBA50KGU6, STM32WBA50KGU6TR, STM32WBA52CEU6, STM32WBA52CEU6TR, STM32WBA52CEU7, STM32WBA52CEU7TR, STM32WBA52CGU6, STM32WBA52CGU6TR, STM32WBA52CGU6U, STM32WBA52CGU7, STM32WBA52CGU7TR, STM32WBA52KEU6, STM32WBA52KEU6TR, STM32WBA52KGU6, STM32WBA52KGU6TR, STM32WBA54CEU6, STM32WBA54CEU6TR, STM32WBA54CEU7, STM32WBA54CEU7TR, STM32WBA54CGU6, STM32WBA54CGU6TR, STM32WBA54CGU7, STM32WBA54CGU7TR, STM32WBA54KEU6, STM32WBA54KEU6TR, STM32WBA54KEU7, STM32WBA54KEU7TR, STM32WBA54KGU6, STM32WBA54KGU6TR, STM32WBA54KGU7, STM32WBA54KGU7TR, STM32WBA55CEU6, STM32WBA55CEU6TR, STM32WBA55CEU7, STM32WBA55CEU7TR, STM32WBA55CGU6, STM32WBA55CGU6TR, STM32WBA55CGU6U, STM32WBA55CGU7, STM32WBA55CGU7TR, STM32WBA55G-DK1, STM32WBA55HEF6, STM32WBA55HEF7, STM32WBA55HGF6, STM32WBA55HGF7, STM32WBA55UEI6, STM32WBA55UEI6TR, STM32WBA55UEI7, STM32WBA55UEI7TR, STM32WBA55UGI6, STM32WBA55UGI6TR, STM32WBA55UGI7, STM32WBA55UGI7TR, STM32WL5MOCH6, STM32WL5MOCH6TR]
2025-12-03 15:17:58,968 [INFO] ApiDb:668 - CubeFinder database Data Model version=2.1
2025-12-03 15:17:58,968 [INFO] ApiDb:669 - CubeFinder database Configuration version=3.0.39
2025-12-03 15:17:58,968 [INFO] ApiDb:670 - CubeFinder database generation date=2025-08-25 (1756130511)
2025-12-03 15:17:58,968 [INFO] ApiDb:671 - CubeFinder database FW Pack versions=[FP-ATR-ASTRA1_V2.0.0, FP-SNS-FLIGHT1_V5.1.0, FP-SNS-MOTENV1_V5.0.0, FP-SNS-MOTENVWB1_V1.4.0, FP-SNS-SMARTAG2_V1.2.0, FP-SNS-STBOX1_V2.1.0, STM32Cube_FW_C0_V1.4.0, STM32Cube_FW_F4_V1.28.3, STM32Cube_FW_F7_V1.17.4, STM32Cube_FW_G0_V1.6.2, STM32Cube_FW_G4_V1.6.1, STM32Cube_FW_H5_V1.5.0, STM32Cube_FW_H7RS_V1.2.0, STM32Cube_FW_H7_V1.12.1, STM32Cube_FW_L0_V1.12.2, STM32Cube_FW_L4_V1.18.1, STM32Cube_FW_L5_V1.5.1, STM32Cube_FW_N6_V1.2.0, STM32Cube_FW_U0_V1.3.0, STM32Cube_FW_U3_V1.2.0, STM32Cube_FW_U5_V1.8.0, STM32Cube_FW_WB0_V1.3.0, STM32Cube_FW_WBA_V1.7.0, STM32Cube_FW_WB_V1.23.0, STM32Cube_FW_WL3_V1.2.0, STM32Cube_FW_WL_V1.3.1, X-CUBE-ALGOBUILD_V1.4.0, X-CUBE-ALS_V1.0.2, X-CUBE-AZRTOS-F4_V1.1.0, X-CUBE-AZRTOS-F7_V1.1.0, X-CUBE-AZRTOS-G0_V1.1.0, X-CUBE-AZRTOS-G4_V2.0.0, X-CUBE-AZRTOS-H7RS_V1.1.0, X-CUBE-AZRTOS-H7_V3.4.0, X-CUBE-AZRTOS-L4_V2.0.0, X-CUBE-AZRTOS-L5_V2.0.0, X-CUBE-AZRTOS-WB_V2.0.0, X-CUBE-AZRTOS-WL_V2.0.0, X-CUBE-BLE1_V7.1.0, X-CUBE-BLE2_V3.3.0, X-CUBE-BLEMGR_V4.1.0, X-CUBE-EEPRMA1_V5.2.0, X-CUBE-FREERTOS_V1.3.1, X-CUBE-GNSS1_V6.0.0, X-CUBE-MEMS1_V11.3.0, X-CUBE-NFC4_V3.0.0, X-CUBE-NFC7_V2.0.0, X-CUBE-SFXS2LP1_V4.0.0, X-CUBE-ST67W61_V1.0.0, X-CUBE-SUBG2_V5.0.0, X-CUBE-TOF1_V3.4.3]
2025-12-03 15:18:00,406 [INFO] ApiDb:240 - Found 646 in-development CPN: [B-G473E-ZEST1S, B-WB1M-WPAN1, B-WL5M-SUBG1, NUCLEO-C031C6, NUCLEO-C071RB, NUCLEO-H503RB, NUCLEO-H533RE, NUCLEO-H563ZI, NUCLEO-H7S3L8, NUCLEO-U031R8, NUCLEO-U083RC, NUCLEO-U545RE-Q, NUCLEO-U5A5ZJ-Q, NUCLEO-WB05KZ, NUCLEO-WB07CC, NUCLEO-WB09KE, NUCLEO-WBA52CG, NUCLEO-WBA55CG, STEVAL-PROTEUS1, STEVAL-SMARTAG2, STEVAL-STWINBX1, STM320518-EVAL, STM32C0116-DK, STM32C011D6Y3TR, STM32C011D6Y6TR, STM32C011F4P3, STM32C011F4P6, STM32C011F4U3, STM32C011F4U6TR, STM32C011F6P3, STM32C011F6P6, STM32C011F6U3, STM32C011F6U6TR, STM32C011J4M3, STM32C011J4M6, STM32C011J6M3, STM32C011J6M6, STM32C0316-DK, STM32C031C4T3, STM32C031C4T6, STM32C031C4U3, STM32C031C4U6, STM32C031C6T3, STM32C031C6T6, STM32C031C6U3, STM32C031C6U6, STM32C031F4P3, STM32C031F4P6, STM32C031F6P3, STM32C031F6P6, STM32C031G4U3, STM32C031G4U6, STM32C031G6U3, STM32C031G6U6, STM32C031K4T3, STM32C031K4T6, STM32C031K4U3, STM32C031K4U6, STM32C031K6T3, STM32C031K6T6, STM32C031K6U3, STM32C031K6U6, STM32C071C8T6, STM32C071C8T6N, STM32C071C8U6, STM32C071C8U6N, STM32C071CBT6, STM32C071CBT6N, STM32C071CBU6, STM32C071CBU6N, STM32C071F8P6, STM32C071F8P6N, STM32C071FBP6, STM32C071FBP6N, STM32C071FBY6TR, STM32C071G8U6, STM32C071G8U6N, STM32C071GBU6, STM32C071GBU6N, STM32C071K8T6, STM32C071K8T6N, STM32C071K8U6, STM32C071K8U6N, STM32C071KBT6, STM32C071KBT6N, STM32C071KBU6, STM32C071KBU6N, STM32C071R8T6, STM32C071R8T6N, STM32C071RBI6N, STM32C071RBT6, STM32C071RBT6N, STM32G071K8TXN, STM32G071K8UXN, STM32G081GBU6N, STM32G081KBT6N, STM32G081KBUXN, STM32G0B1CCT6N, STM32G0B1KCT6, STM32G0B1NEY6TR, STM32G0B1RCT6N, STM32G0C1CCT6, STM32G0C1CCT6N, STM32G0C1CCU6N, STM32G0C1CET6N, STM32G0C1CEU6N, STM32G0C1KCT6, STM32G0C1NEY6TR, STM32G0C1RCI6N, STM32G0C1RCT6N, STM32G0C1REI6N, STM32G0C1RET6N, STM32G0C1VCI6, STM32G0C1VEI6, STM32G411C6T3, STM32G411C6T6, STM32G411C6U3, STM32G411C6U6, STM32G411C8T3, STM32G411C8T6, STM32G411C8U3, STM32G411C8U6, STM32G411CBT3, STM32G411CBT6, STM32G411CBU3, STM32G411CBU6, STM32G411K6T3, STM32G411K6T6, STM32G411K6U3, STM32G411K6U6, STM32G411K8T3, STM32G411K8T6, STM32G411K8U3, STM32G411K8U6, STM32G411KBT3, STM32G411KBT6, STM32G411KBU3, STM32G411KBU6, STM32G411M6T3, STM32G411M6T6, STM32G411M8T3, STM32G411M8T6, STM32G411MBT3, STM32G411MBT6, STM32G411R6T3, STM32G411R6T6, STM32G411R8T3, STM32G411R8T6, STM32G411RBT3, STM32G411RBT6, STM32G414CBT3, STM32G414CBT6, STM32G414CBU3, STM32G414CBU6, STM32G414CCT3, STM32G414CCT6, STM32G414CCU3, STM32G414CCU6, STM32G414MBT3, STM32G414MBT6, STM32G414MCT3, STM32G414MCT6, STM32G414RBT3, STM32G414RBT6, STM32G414RCT3, STM32G414RCT6, STM32G414VBT3, STM32G414VBT6, STM32G414VCT3, STM32G414VCT6, STM32G431CBT3Z, STM32G431RBT3Z, STM32G471CCT6, STM32G471CCU6, STM32G471CET3, STM32G471CET6, STM32G471CEU3, STM32G471CEU6, STM32G471MCT6, STM32G471MET3, STM32G471MET6, STM32G471MEY6TR, STM32G471QCT6, STM32G471QET3, STM32G471RCT6, STM32G471RET3, STM32G471RET6, STM32G471VCH6, STM32G471VCI6, STM32G471VCT6, STM32G471VEH3, STM32G471VEH6, STM32G471VEI3, STM32G471VEI6, STM32G471VET3, STM32G471VET6, STM32G473QET3Z, STM32G473RET3Z, STM32G474CCT6, STM32G491RET3Z, STM32H503CBT6, STM32H503CBU6, STM32H503EBY6TR, STM32H503KBU6, STM32H503RBT6, STM32H523CCT6, STM32H523CCU6, STM32H523CET6, STM32H523CEU6, STM32H523HEY6TR, STM32H523RCT6, STM32H523RET6, STM32H523VCI6, STM32H523VCT6, STM32H523VEI6, STM32H523VET6, STM32H523ZCJ6, STM32H523ZCT6, STM32H523ZEJ6, STM32H523ZET6, STM32H533CET6, STM32H533CEU6, STM32H533HEY6TR, STM32H533RET6, STM32H533VEI6, STM32H533VET6, STM32H533ZEJ6, STM32H533ZET6, STM32H562AGI6, STM32H562AII6, STM32H562IGK6, STM32H562IGT6, STM32H562IIK6, STM32H562IIT6, STM32H562RGT6, STM32H562RGV6, STM32H562RIT6, STM32H562RIV6, STM32H562VGT6, STM32H562VIT6, STM32H562ZGT6, STM32H562ZIT6, STM32H563AGI6, STM32H563AII3Q, STM32H563AII6, STM32H563IGK6, STM32H563IGT6, STM32H563IIK3Q, STM32H563IIK6, STM32H563IIT3Q, STM32H563IIT6, STM32H563MIY3QTR, STM32H563RGT6, STM32H563RGV6, STM32H563RIT6, STM32H563RIV6, STM32H563VGT6, STM32H563VIT3Q, STM32H563VIT6, STM32H563ZGT6, STM32H563ZIT3Q, STM32H563ZIT6, STM32H573AII3Q, STM32H573AII6, STM32H573I-DK, STM32H573IIK3Q, STM32H573IIK6, STM32H573IIT3Q, STM32H573IIT6, STM32H573MIY3QTR, STM32H573RIT6, STM32H573RIV6, STM32H573VIT3Q, STM32H573VIT6, STM32H573ZIT3Q, STM32H573ZIT6, STM32H7R3A8I6, STM32H7R3I8K6, STM32H7R3I8T6, STM32H7R3L8H6, STM32H7R3L8H6H, STM32H7R3R8V6, STM32H7R3V8H6, STM32H7R3V8T6, STM32H7R3V8Y6TR, STM32H7R3Z8J6, STM32H7R3Z8T6, STM32H7R7A8I6, STM32H7R7I8K6, STM32H7R7I8T6, STM32H7R7L8H6, STM32H7R7L8H6H, STM32H7R7Z8J6, STM32H7S3A8I6, STM32H7S3I8K6, STM32H7S3I8T6, STM32H7S3L8H6, STM32H7S3L8H6H, STM32H7S3R8V6, STM32H7S3V8H6, STM32H7S3V8T6, STM32H7S3V8Y6TR, STM32H7S3Z8J6, STM32H7S3Z8T6, STM32H7S78-DK, STM32H7S7A8I6, STM32H7S7I8K6, STM32H7S7I8T6, STM32H7S7L8H6, STM32H7S7L8H6H, STM32H7S7Z8J6, STM32L4R5QGI6STR, STM32MP131AAE3, STM32MP131AAF3, STM32MP131AAG3, STM32MP131CAE3, STM32MP131CAF3, STM32MP131CAG3, STM32MP131DAE7, STM32MP131DAF7, STM32MP131DAG7, STM32MP131FAE7, STM32MP131FAF7, STM32MP131FAG7, STM32MP133AAE3, STM32MP133AAF3, STM32MP133AAG3, STM32MP133CAE3, STM32MP133CAF3, STM32MP133CAG3, STM32MP133DAE7, STM32MP133DAF7, STM32MP133DAG7, STM32MP133FAE7, STM32MP133FAF7, STM32MP133FAG7, STM32MP135AAE3, STM32MP135AAF3, STM32MP135AAG3, STM32MP135CAE3, STM32MP135CAF3, STM32MP135CAG3, STM32MP135DAE7, STM32MP135DAF7, STM32MP135DAG7, STM32MP135F-DK, STM32MP135FAE7, STM32MP135FAF7, STM32MP135FAF7T, STM32MP135FAF7U, STM32MP135FAG7, STM32MP251AAI3, STM32MP251AAK3, STM32MP251AAL3, STM32MP251CAI3, STM32MP251CAK3, STM32MP251CAL3, STM32MP251DAI3, STM32MP251DAK3, STM32MP251DAL3, STM32MP251FAI3, STM32MP251FAK3, STM32MP251FAL3, STM32MP253AAI3, STM32MP253AAK3, STM32MP253AAL3, STM32MP253CAI3, STM32MP253CAK3, STM32MP253CAL3, STM32MP253DAI3, STM32MP253DAK3, STM32MP253DAL3, STM32MP253FAI3, STM32MP253FAK3, STM32MP253FAL3, STM32MP255AAI3, STM32MP255AAK3, STM32MP255AAL3, STM32MP255CAI3, STM32MP255CAK3, STM32MP255CAL3, STM32MP255DAI3, STM32MP255DAK3, STM32MP255DAL3, STM32MP255FAI3, STM32MP255FAK3, STM32MP255FAL3, STM32MP257AAI3, STM32MP257AAK3, STM32MP257AAL3, STM32MP257CAI3, STM32MP257CAK3, STM32MP257CAL3, STM32MP257DAI3, STM32MP257DAK3, STM32MP257DAL3, STM32MP257F-DK, STM32MP257F-EV1, STM32MP257FAI3, STM32MP257FAK3, STM32MP257FAL3, STM32U031C6T6, STM32U031C6U6, STM32U031C8T6, STM32U031C8U6, STM32U031F4P6, STM32U031F6P6, STM32U031F8P6, STM32U031G6Y6TR, STM32U031G8Y6TR, STM32U031K4U6, STM32U031K6U6, STM32U031K8U6, STM32U031R6I6, STM32U031R6T6, STM32U031R8I6, STM32U031R8T6, STM32U073C8T6, STM32U073C8U6, STM32U073CBT6, STM32U073CBU6, STM32U073CCT6, STM32U073CCU6, STM32U073H8Y6TR, STM32U073HBY6TR, STM32U073HCY6TR, STM32U073K8U6, STM32U073KBU6, STM32U073KCU6, STM32U073M8I6, STM32U073M8T6, STM32U073MBI6, STM32U073MBT6, STM32U073MCI6, STM32U073MCT6, STM32U073R8I6, STM32U073R8T6, STM32U073RBI6, STM32U073RBT6, STM32U073RCI6, STM32U073RCT6, STM32U083C-DK, STM32U083CCT6, STM32U083CCU6, STM32U083HCY6TR, STM32U083KCU6, STM32U083MCI6, STM32U083MCT6, STM32U083RCI6, STM32U083RCT6, STM32U535CBT6, STM32U535CBT6Q, STM32U535CBU6, STM32U535CBU6Q, STM32U535CCT6, STM32U535CCT6Q, STM32U535CCU6, STM32U535CCU6Q, STM32U535CET6, STM32U535CET6Q, STM32U535CEU6, STM32U535CEU6Q, STM32U535JEY6QTR, STM32U535NCY6QTR, STM32U535NEY6QTR, STM32U535RBI6, STM32U535RBI6Q, STM32U535RBT6, STM32U535RBT6Q, STM32U535RCI6, STM32U535RCI6Q, STM32U535RCT6, STM32U535RCT6Q, STM32U535REI6, STM32U535REI6Q, STM32U535RET6, STM32U535RET6Q, STM32U535VCI6, STM32U535VCI6Q, STM32U535VCT6, STM32U535VCT6Q, STM32U535VEI6, STM32U535VEI6Q, STM32U535VET6, STM32U535VET6Q, STM32U545CET6, STM32U545CET6Q, STM32U545CEU6, STM32U545CEU6Q, STM32U545JEY6QTR, STM32U545NEY6QTR, STM32U545REI6, STM32U545REI6Q, STM32U545RET6, STM32U545RET6Q, STM32U545VEI6, STM32U545VEI6Q, STM32U545VET6, STM32U545VET6Q, STM32U595AIH6, STM32U595AIH6Q, STM32U595AJH6, STM32U595AJH6Q, STM32U595QII6, STM32U595QII6Q, STM32U595QJI6, STM32U595QJI6Q, STM32U595RIT6, STM32U595RIT6Q, STM32U595RJT6, STM32U595RJT6Q, STM32U595VIT6, STM32U595VIT6Q, STM32U595VJT6, STM32U595VJT6Q, STM32U595ZIT6, STM32U595ZIT6Q, STM32U595ZIY6QTR, STM32U595ZJT6, STM32U595ZJT6Q, STM32U595ZJY6QTR, STM32U599BJY6QTR, STM32U599NIH6Q, STM32U599NJH6Q, STM32U599VIT6Q, STM32U599VJT6, STM32U599VJT6Q, STM32U599ZIT6Q, STM32U599ZIY6QTR, STM32U599ZJT6Q, STM32U599ZJY6QTR, STM32U5A5AJH6, STM32U5A5AJH6Q, STM32U5A5QII3Q , STM32U5A5QJI6, STM32U5A5QJI6Q, STM32U5A5RJT6, STM32U5A5RJT6Q, STM32U5A5VJT6, STM32U5A5VJT6Q, STM32U5A5ZJT6, STM32U5A5ZJT6Q, STM32U5A5ZJY6QTR, STM32U5A9BJY6QTR, STM32U5A9J-DK, STM32U5A9NJH6Q, STM32U5A9VJT6Q, STM32U5A9ZJT6Q, STM32U5A9ZJY6QTR, STM32U5F7VIT6, STM32U5F7VIT6Q, STM32U5F7VJT6, STM32U5F7VJT6Q, STM32U5F9BJY6QTR, STM32U5F9NJH6Q, STM32U5F9VIT6Q, STM32U5F9VJT6Q, STM32U5F9ZIJ6QTR, STM32U5F9ZIT6Q, STM32U5F9ZJJ6QTR, STM32U5F9ZJT6Q, STM32U5G7VJT6, STM32U5G7VJT6Q, STM32U5G9BJY6QTR, STM32U5G9J-DK1, STM32U5G9J-DK2, STM32U5G9NJH6Q, STM32U5G9VJT6Q, STM32U5G9ZJJ6QTR, STM32U5G9ZJT6Q, STM32WB05KZV6TR, STM32WB05KZV7TR, STM32WB05TZF6TR, STM32WB05TZF7TR, STM32WB06CCF6TR, STM32WB06CCF7TR, STM32WB06CCV6TR, STM32WB06CCV7TR, STM32WB06KCV6TR, STM32WB06KCV7TR, STM32WB07CCF6TR, STM32WB07CCF7TR, STM32WB07CCV6TR, STM32WB07CCV7TR, STM32WB07KCV6TR, STM32WB07KCV7TR, STM32WB09KEV6TR, STM32WB09KEV7TR, STM32WB09TEF6TR, STM32WB09TEF7TR, STM32WB1MMCH6, STM32WBA50KGU6, STM32WBA50KGU6TR, STM32WBA52CEU6, STM32WBA52CEU6TR, STM32WBA52CEU7, STM32WBA52CEU7TR, STM32WBA52CGU6, STM32WBA52CGU6TR, STM32WBA52CGU6U, STM32WBA52CGU7, STM32WBA52CGU7TR, STM32WBA52KEU6, STM32WBA52KEU6TR, STM32WBA52KGU6, STM32WBA52KGU6TR, STM32WBA54CEU6, STM32WBA54CEU6TR, STM32WBA54CEU7, STM32WBA54CEU7TR, STM32WBA54CGU6, STM32WBA54CGU6TR, STM32WBA54CGU7, STM32WBA54CGU7TR, STM32WBA54KEU6, STM32WBA54KEU6TR, STM32WBA54KEU7, STM32WBA54KEU7TR, STM32WBA54KGU6, STM32WBA54KGU6TR, STM32WBA54KGU7, STM32WBA54KGU7TR, STM32WBA55CEU6, STM32WBA55CEU6TR, STM32WBA55CEU7, STM32WBA55CEU7TR, STM32WBA55CGU6, STM32WBA55CGU6TR, STM32WBA55CGU6U, STM32WBA55CGU7, STM32WBA55CGU7TR, STM32WBA55G-DK1, STM32WBA55HEF6, STM32WBA55HEF7, STM32WBA55HGF6, STM32WBA55HGF7, STM32WBA55UEI6, STM32WBA55UEI6TR, STM32WBA55UEI7, STM32WBA55UEI7TR, STM32WBA55UGI6, STM32WBA55UGI6TR, STM32WBA55UGI7, STM32WBA55UGI7TR, STM32WL5MOCH6, STM32WL5MOCH6TR]
2025-12-03 15:18:00,409 [INFO] DbMcus:218 - Found 4733 MCUs, 4733 are supported
2025-12-03 15:18:00,410 [INFO] ApiDb:423 - Load user favorites file C:\Users\RND1/.stm32cubeide/favorites.mcus.txt: 0 item(s)
2025-12-03 15:18:00,410 [INFO] ApiDb:427 - User favorites MCUs=[]
2025-12-03 15:18:00,410 [INFO] DbMcus:224 - Set 0 / 0 favorites MCUs
2025-12-03 15:18:00,782 [INFO] BoardInfo:889 - No configuration file found for board B-WBA5M-WPAN
2025-12-03 15:18:00,783 [INFO] DbBoards:161 - Board is not supported: B-WBA5M-WPAN
2025-12-03 15:18:00,789 [INFO] BoardInfo:889 - No configuration file found for board NUCLEO-C051C8
2025-12-03 15:18:00,789 [INFO] DbBoards:161 - Board is not supported: NUCLEO-C051C8
2025-12-03 15:18:00,793 [INFO] BoardInfo:889 - No configuration file found for board NUCLEO-C092RC
2025-12-03 15:18:00,793 [INFO] DbBoards:161 - Board is not supported: NUCLEO-C092RC
2025-12-03 15:18:00,881 [INFO] BoardInfo:889 - No configuration file found for board NUCLEO-N657X0-Q
2025-12-03 15:18:00,881 [INFO] DbBoards:161 - Board is not supported: NUCLEO-N657X0-Q
2025-12-03 15:18:00,884 [INFO] BoardInfo:889 - No configuration file found for board NUCLEO-U385RG-Q
2025-12-03 15:18:00,885 [INFO] DbBoards:161 - Board is not supported: NUCLEO-U385RG-Q
2025-12-03 15:18:00,897 [INFO] BoardInfo:889 - No configuration file found for board NUCLEO-WBA65RI
2025-12-03 15:18:00,897 [INFO] DbBoards:161 - Board is not supported: NUCLEO-WBA65RI
2025-12-03 15:18:00,898 [INFO] BoardInfo:889 - No configuration file found for board NUCLEO-WL33CC1
2025-12-03 15:18:00,898 [INFO] DbBoards:161 - Board is not supported: NUCLEO-WL33CC1
2025-12-03 15:18:00,899 [INFO] BoardInfo:889 - No configuration file found for board NUCLEO-WL33CC2
2025-12-03 15:18:00,900 [INFO] DbBoards:161 - Board is not supported: NUCLEO-WL33CC2
2025-12-03 15:18:00,905 [INFO] BoardInfo:889 - No configuration file found for board P-NUCLEO-WB55
2025-12-03 15:18:00,905 [INFO] DbBoards:161 - Kit is not supported: P-NUCLEO-WB55
2025-12-03 15:18:00,910 [INFO] BoardInfo:889 - No configuration file found for board STEVAL-BFA001V1B
2025-12-03 15:18:00,910 [INFO] DbBoards:161 - Kit is not supported: STEVAL-BFA001V1B
2025-12-03 15:18:00,911 [INFO] BoardInfo:889 - No configuration file found for board STEVAL-BFA001V2B
2025-12-03 15:18:00,911 [INFO] DbBoards:161 - Kit is not supported: STEVAL-BFA001V2B
2025-12-03 15:18:01,017 [INFO] BoardInfo:889 - No configuration file found for board STM32N6570-DK
2025-12-03 15:18:01,018 [INFO] DbBoards:161 - Board is not supported: STM32N6570-DK
2025-12-03 15:18:01,034 [INFO] BoardInfo:889 - No configuration file found for board STM32WBA65I-DK1
2025-12-03 15:18:01,035 [INFO] DbBoards:161 - Board is not supported: STM32WBA65I-DK1
2025-12-03 15:18:01,035 [INFO] DbBoards:168 - Found 211 boards, 198 are supported
2025-12-03 15:18:01,035 [INFO] DbBoards:169 - Found 211 boards, 25 of them is supported for  Bsp
2025-12-03 15:18:01,038 [INFO] ApiDb:423 - Load user favorites file C:\Users\RND1/.stm32cubeide/favorites.boards.txt: 0 item(s)
2025-12-03 15:18:01,038 [INFO] ApiDb:427 - User favorites Boards=[]
2025-12-03 15:18:01,038 [INFO] DbBoards:198 - Set 0 / 0 favorites Boards
2025-12-03 15:18:01,108 [INFO] UtilMem:75 - End LoadConfig() Used Memory: 241431240 Bytes (449839104)
2025-12-03 15:18:01,218 [WARN] ThirdParty:833 - waiting for thirdparty lock release [change project]
2025-12-03 15:18:01,218 [INFO] ThirdParty:835 - entering critical section [change project]
2025-12-03 15:18:01,219 [INFO] ThirdParty:1030 - CMSIS Pack Vendor :STMicroelectronics X-CUBE-PM33A1 1.0.0
2025-12-03 15:18:01,219 [INFO] ThirdParty:1030 - CMSIS Pack Vendor :STMicroelectronics USBPD 4.1
2025-12-03 15:18:01,219 [INFO] ThirdParty:1030 - CMSIS Pack Vendor :STMicroelectronics X-CUBE-GNSS1 6.0.0
2025-12-03 15:18:01,219 [INFO] ThirdParty:1030 - CMSIS Pack Vendor :STMicroelectronics USB_HOST 2.0.0
2025-12-03 15:18:01,219 [INFO] ThirdParty:1030 - CMSIS Pack Vendor :STMicroelectronics FP-SNS-MOTENVWB1 1.4.0
2025-12-03 15:18:01,219 [INFO] ThirdParty:1030 - CMSIS Pack Vendor :STMicroelectronics X-CUBE-AZRTOS-F4 1.1.0
2025-12-03 15:18:01,219 [INFO] ThirdParty:1030 - CMSIS Pack Vendor :STMicroelectronics LIBJPEG 8.0.0
2025-12-03 15:18:01,219 [INFO] ThirdParty:1030 - CMSIS Pack Vendor :STMicroelectronics FP-ATR-ASTRA1 2.0.2
2025-12-03 15:18:01,219 [INFO] ThirdParty:1030 - CMSIS Pack Vendor :wolfSSL I-CUBE-wolfSSL 5.6.4
2025-12-03 15:18:01,219 [INFO] ThirdParty:1030 - CMSIS Pack Vendor :STMicroelectronics FP-ATR-ASTRA1 2.0.1
2025-12-03 15:18:01,219 [INFO] ThirdParty:1030 - CMSIS Pack Vendor :STMicroelectronics X-CUBE-SMBUS 2.1.0
2025-12-03 15:18:01,219 [INFO] ThirdParty:1030 - CMSIS Pack Vendor :STMicroelectronics X-CUBE-WB05N 1.1.0
2025-12-03 15:18:01,219 [INFO] ThirdParty:1030 - CMSIS Pack Vendor :STMicroelectronics X-CUBE-ISPU 2.1.0
2025-12-03 15:18:01,219 [INFO] ThirdParty:1030 - CMSIS Pack Vendor :STMicroelectronics X-CUBE-FREERTOS 1.2.0
2025-12-03 15:18:01,219 [INFO] ThirdParty:1030 - CMSIS Pack Vendor :STMicroelectronics X-CUBE-TOUCHGFX 4.23.0
2025-12-03 15:18:01,219 [INFO] ThirdParty:1030 - CMSIS Pack Vendor :STMicroelectronics X-CUBE-NFC12 1.0.0
2025-12-03 15:18:01,219 [INFO] ThirdParty:1030 - CMSIS Pack Vendor :STMicroelectronics X-CUBE-TOUCHGFX 4.23.2
2025-12-03 15:18:01,219 [INFO] ThirdParty:1030 - CMSIS Pack Vendor :STMicroelectronics X-CUBE-AZRTOS-F7 1.1.0
2025-12-03 15:18:01,219 [INFO] ThirdParty:1030 - CMSIS Pack Vendor :STMicroelectronics X-CUBE-AZRTOS-L5 2.0.0
2025-12-03 15:18:01,219 [INFO] ThirdParty:1030 - CMSIS Pack Vendor :STMicroelectronics USB_DEVICE 2.0.0
2025-12-03 15:18:01,219 [INFO] ThirdParty:1030 - CMSIS Pack Vendor :STMicroelectronics X-CUBE-EEPRMA1 4.2.0
2025-12-03 15:18:01,219 [INFO] ThirdParty:1030 - CMSIS Pack Vendor :STMicroelectronics X-CUBE-NFC6 3.1.0
2025-12-03 15:18:01,219 [INFO] ThirdParty:1030 - CMSIS Pack Vendor :ITTIA_DB I-CUBE-ITTIADB 8.8.0
2025-12-03 15:18:01,219 [INFO] ThirdParty:1030 - CMSIS Pack Vendor :STMicroelectronics FP-SNS-MOTENV1 4.3.2
2025-12-03 15:18:01,219 [INFO] ThirdParty:1030 - CMSIS Pack Vendor :STMicroelectronics X-CUBE-MEMS1 11.0.0
2025-12-03 15:18:01,219 [INFO] ThirdParty:1030 - CMSIS Pack Vendor :STMicroelectronics FreeRTOS 0.0.1
2025-12-03 15:18:01,219 [INFO] ThirdParty:1030 - CMSIS Pack Vendor :STMicroelectronics X-CUBE-DPower 1.2.0
2025-12-03 15:18:01,219 [INFO] ThirdParty:1030 - CMSIS Pack Vendor :STMicroelectronics FP-SNS-FLIGHT1 5.0.2
2025-12-03 15:18:01,219 [INFO] ThirdParty:1030 - CMSIS Pack Vendor :STMicroelectronics X-CUBE-AI 9.0.0
2025-12-03 15:18:01,219 [INFO] ThirdParty:1030 - CMSIS Pack Vendor :STMicroelectronics PDM2PCM 3.3.0
2025-12-03 15:18:01,219 [INFO] ThirdParty:1030 - CMSIS Pack Vendor :STMicroelectronics X-CUBE-AZRTOS-H7 3.4.0
2025-12-03 15:18:01,219 [INFO] ThirdParty:1030 - CMSIS Pack Vendor :STMicroelectronics X-CUBE-DISPLAY 3.0.0
2025-12-03 15:18:01,219 [INFO] ThirdParty:1030 - CMSIS Pack Vendor :STMicroelectronics X-CUBE-BLE1 7.0.0
2025-12-03 15:18:01,219 [INFO] ThirdParty:1030 - CMSIS Pack Vendor :STMicroelectronics X-CUBE-NFC10 1.0.0
2025-12-03 15:18:01,219 [INFO] ThirdParty:1030 - CMSIS Pack Vendor :STMicroelectronics X-CUBE-BLEMGR 4.0.0
2025-12-03 15:18:01,219 [INFO] ThirdParty:1030 - CMSIS Pack Vendor :STMicroelectronics X-CUBE-FREERTOS 1.3.1
2025-12-03 15:18:01,219 [INFO] ThirdParty:1030 - CMSIS Pack Vendor :STMicroelectronics HAL Drivers 0.0.0
2025-12-03 15:18:01,219 [INFO] ThirdParty:1030 - CMSIS Pack Vendor :emotas I-CUBE-CANOPEN 1.3.0
2025-12-03 15:18:01,219 [INFO] ThirdParty:1030 - CMSIS Pack Vendor :STMicroelectronics X-CUBE-FREERTOS 1.3.0
2025-12-03 15:18:01,219 [INFO] ThirdParty:1030 - CMSIS Pack Vendor :STMicroelectronics X-CUBE-NFC7 1.0.1
2025-12-03 15:18:01,219 [INFO] ThirdParty:1030 - CMSIS Pack Vendor :STMicroelectronics MBEDTLS 2.14.1
2025-12-03 15:18:01,219 [INFO] ThirdParty:1030 - CMSIS Pack Vendor :STMicroelectronics X-CUBE-GNSS1 7.1.0
2025-12-03 15:18:01,219 [INFO] ThirdParty:1030 - CMSIS Pack Vendor :STMicroelectronics X-CUBE-TOUCHGFX 4.26.0
2025-12-03 15:18:01,219 [INFO] ThirdParty:1030 - CMSIS Pack Vendor :STMicroelectronics X-CUBE-NFC6 3.0.0
2025-12-03 15:18:01,219 [INFO] ThirdParty:1030 - CMSIS Pack Vendor :STMicroelectronics X-CUBE-BLEMGR 3.1.0
2025-12-03 15:18:01,219 [INFO] ThirdParty:1030 - CMSIS Pack Vendor :STMicroelectronics X-CUBE-AI 10.0.0
2025-12-03 15:18:01,219 [INFO] ThirdParty:1030 - CMSIS Pack Vendor :STMicroelectronics FP-SNS-SMARTAG2 1.2.0
2025-12-03 15:18:01,219 [INFO] ThirdParty:1030 - CMSIS Pack Vendor :STMicroelectronics X-CUBE-MEMS1 11.1.0
2025-12-03 15:18:01,219 [INFO] ThirdParty:1030 - CMSIS Pack Vendor :STMicroelectronics X-CUBE-AZRTOS-WL 2.0.0
2025-12-03 15:18:01,219 [INFO] ThirdParty:1030 - CMSIS Pack Vendor :STMicroelectronics X-CUBE-DPower 1.3.0
2025-12-03 15:18:01,219 [INFO] ThirdParty:1030 - CMSIS Pack Vendor :STMicroelectronics FP-SNS-MOTENV1 5.0.0
2025-12-03 15:18:01,219 [INFO] ThirdParty:1030 - CMSIS Pack Vendor :STMicroelectronics USB_DEVICE 1.0.0
2025-12-03 15:18:01,219 [INFO] ThirdParty:1030 - CMSIS Pack Vendor :STMicroelectronics X-CUBE-AZRTOS-H7RS 1.2.0
2025-12-03 15:18:01,219 [INFO] ThirdParty:1030 - CMSIS Pack Vendor :STMicroelectronics X-CUBE-AI 8.1.0
2025-12-03 15:18:01,219 [INFO] ThirdParty:1030 - CMSIS Pack Vendor :wolfSSL I-CUBE-wolfMQTT 1.19.0
2025-12-03 15:18:01,219 [INFO] ThirdParty:1030 - CMSIS Pack Vendor :STMicroelectronics X-CUBE-AZRTOS-L4 2.0.0
2025-12-03 15:18:01,219 [INFO] ThirdParty:1030 - CMSIS Pack Vendor :STMicroelectronics ThreadX 0.0.2
2025-12-03 15:18:01,219 [INFO] ThirdParty:1030 - CMSIS Pack Vendor :WES I-CUBE-Cesium 1.3.0
2025-12-03 15:18:01,219 [INFO] ThirdParty:1030 - CMSIS Pack Vendor :STMicroelectronics lwIP 2.1.2
2025-12-03 15:18:01,219 [INFO] ThirdParty:1030 - CMSIS Pack Vendor :STMicroelectronics X-CUBE-SFXS2LP1 4.0.0
2025-12-03 15:18:01,219 [INFO] ThirdParty:1030 - CMSIS Pack Vendor :STMicroelectronics X-CUBE-BLE2 3.3.0
2025-12-03 15:18:01,219 [INFO] ThirdParty:1030 - CMSIS Pack Vendor :STMicroelectronics PDM2PCM 3.2.0
2025-12-03 15:18:01,219 [INFO] ThirdParty:1030 - CMSIS Pack Vendor :STMicroelectronics X-CUBE-AZRTOS-H7 3.3.0
2025-12-03 15:18:01,219 [INFO] ThirdParty:1030 - CMSIS Pack Vendor :STMicroelectronics X-CUBE-NFC9 1.0.0
2025-12-03 15:18:01,219 [INFO] ThirdParty:1030 - CMSIS Pack Vendor :STMicroelectronics X-CUBE-BLE1 7.1.0
2025-12-03 15:18:01,219 [INFO] ThirdParty:1030 - CMSIS Pack Vendor :STMicroelectronics USB_DEVICE 3.0.0
2025-12-03 15:18:01,219 [INFO] ThirdParty:1030 - CMSIS Pack Vendor :STMicroelectronics X-CUBE-TCPP 4.1.0
2025-12-03 15:18:01,219 [INFO] ThirdParty:1030 - CMSIS Pack Vendor :STMicroelectronics X-CUBE-EEPRMA1 5.2.0
2025-12-03 15:18:01,219 [INFO] ThirdParty:1030 - CMSIS Pack Vendor :STMicroelectronics X-CUBE-IPS 3.0.0
2025-12-03 15:18:01,219 [INFO] ThirdParty:1030 - CMSIS Pack Vendor :STMicroelectronics X-CUBE-AZRTOS-WB 2.0.0
2025-12-03 15:18:01,220 [INFO] ThirdParty:1030 - CMSIS Pack Vendor :STMicroelectronics X-CUBE-GNSS1 7.0.0
2025-12-03 15:18:01,220 [INFO] ThirdParty:1030 - CMSIS Pack Vendor :STMicroelectronics X-CUBE-GNSS1 7.0.1
2025-12-03 15:18:01,220 [INFO] ThirdParty:1030 - CMSIS Pack Vendor :STMicroelectronics X-CUBE-TOUCHGFX 4.25.0
2025-12-03 15:18:01,220 [INFO] ThirdParty:1030 - CMSIS Pack Vendor :STMicroelectronics X-CUBE-AI 10.1.0
2025-12-03 15:18:01,220 [INFO] ThirdParty:1030 - CMSIS Pack Vendor :STMicroelectronics FP-SNS-STBOX1 2.0.0
2025-12-03 15:18:01,220 [INFO] ThirdParty:1030 - CMSIS Pack Vendor :STMicroelectronics X-CUBE-MEMS1 12.0.0
2025-12-03 15:18:01,220 [INFO] ThirdParty:1030 - CMSIS Pack Vendor :STMicroelectronics X-CUBE-ALGOBUILD 1.3.0
2025-12-03 15:18:01,220 [INFO] ThirdParty:1030 - CMSIS Pack Vendor :STMicroelectronics X-CUBE-MEMS1 11.2.0
2025-12-03 15:18:01,220 [INFO] ThirdParty:1030 - CMSIS Pack Vendor :STMicroelectronics X-CUBE-AZRTOS-G0 1.1.0
2025-12-03 15:18:01,220 [INFO] ThirdParty:1030 - CMSIS Pack Vendor :STMicroelectronics X-CUBE-SAFEA1 1.2.2
2025-12-03 15:18:01,220 [INFO] ThirdParty:1030 - CMSIS Pack Vendor :STMicroelectronics X-CUBE-NFC4 3.0.0
2025-12-03 15:18:01,220 [INFO] ThirdParty:1030 - CMSIS Pack Vendor :STMicroelectronics X-CUBE-SUBG2 5.0.0
2025-12-03 15:18:01,220 [INFO] ThirdParty:1030 - CMSIS Pack Vendor :STMicroelectronics X-CUBE-AZRTOS-H7RS 1.1.0
2025-12-03 15:18:01,220 [INFO] ThirdParty:1030 - CMSIS Pack Vendor :STMicroelectronics STM32_WPAN 1.0.0
2025-12-03 15:18:01,220 [INFO] ThirdParty:1030 - CMSIS Pack Vendor :wolfSSL I-CUBE-wolfMQTT 1.18.0
2025-12-03 15:18:01,220 [INFO] ThirdParty:1030 - CMSIS Pack Vendor :EmbeddedOffice I-CUBE-FS-RTOS 1.0.1
2025-12-03 15:18:01,220 [INFO] ThirdParty:1030 - CMSIS Pack Vendor :STMicroelectronics lwIP 2.0.3
2025-12-03 15:18:01,220 [INFO] ThirdParty:1030 - CMSIS Pack Vendor :STMicroelectronics USB_HOST 1.0.0
2025-12-03 15:18:01,220 [INFO] ThirdParty:1030 - CMSIS Pack Vendor :STMicroelectronics X-CUBE-AZRTOS-G4 2.0.0
2025-12-03 15:18:01,220 [INFO] ThirdParty:1030 - CMSIS Pack Vendor :STMicroelectronics X-CUBE-WB05N 2.0.0
2025-12-03 15:18:01,220 [INFO] ThirdParty:1030 - CMSIS Pack Vendor :STMicroelectronics PDM2PCM 3.1.0
2025-12-03 15:18:01,220 [INFO] ThirdParty:1030 - CMSIS Pack Vendor :Infineon AIROC-Wi-Fi-Bluetooth-STM32 1.5.1
2025-12-03 15:18:01,220 [INFO] ThirdParty:1030 - CMSIS Pack Vendor :STMicroelectronics X-CUBE-BLEMGR 3.0.0
2025-12-03 15:18:01,220 [INFO] ThirdParty:1030 - CMSIS Pack Vendor :STMicroelectronics X-CUBE-NFC7 2.0.0
2025-12-03 15:18:01,220 [INFO] ThirdParty:1030 - CMSIS Pack Vendor :RealThread X-CUBE-RT-Thread_Nano 4.1.1
2025-12-03 15:18:01,220 [INFO] ThirdParty:1030 - CMSIS Pack Vendor :STMicroelectronics FP-SNS-MOTENVWB1 1.3.1
2025-12-03 15:18:01,220 [INFO] ThirdParty:1030 - CMSIS Pack Vendor :STMicroelectronics FP-ATR-SIGFOX1 3.2.0
2025-12-03 15:18:01,220 [INFO] ThirdParty:1030 - CMSIS Pack Vendor :quantropi X-CUBE-qispace-sdk-base 1.9.3
2025-12-03 15:18:01,220 [INFO] ThirdParty:1030 - CMSIS Pack Vendor :STMicroelectronics X-CUBE-ISPU 2.0.0
2025-12-03 15:18:01,220 [INFO] ThirdParty:1030 - CMSIS Pack Vendor :STMicroelectronics X-CUBE-EEPRMA1 5.1.0
2025-12-03 15:18:01,220 [INFO] ThirdParty:1030 - CMSIS Pack Vendor :STMicroelectronics MBEDTLS 2.16.2
2025-12-03 15:18:01,220 [INFO] ThirdParty:1030 - CMSIS Pack Vendor :STMicroelectronics X-CUBE-ALS 1.0.2
2025-12-03 15:18:01,220 [INFO] ThirdParty:1030 - CMSIS Pack Vendor :STMicroelectronics X-CUBE-MEMS1 10.0.0
2025-12-03 15:18:01,220 [INFO] ThirdParty:1030 - CMSIS Pack Vendor :STMicroelectronics X-CUBE-FREERTOS 1.1.0
2025-12-03 15:18:01,220 [INFO] ThirdParty:1030 - CMSIS Pack Vendor :STMicroelectronics X-CUBE-TOUCHGFX 4.24.0
2025-12-03 15:18:01,220 [INFO] ThirdParty:1030 - CMSIS Pack Vendor :STMicroelectronics X-CUBE-TOUCHGFX 4.24.2
2025-12-03 15:18:01,220 [INFO] ThirdParty:1030 - CMSIS Pack Vendor :STMicroelectronics X-CUBE-TOUCHGFX 4.24.1
2025-12-03 15:18:01,220 [INFO] ThirdParty:1030 - CMSIS Pack Vendor :STMicroelectronics X-CUBE-STSE01 1.0.0
2025-12-03 15:18:01,220 [INFO] ThirdParty:1030 - CMSIS Pack Vendor :wolfSSL I-CUBE-wolfTPM 3.4.0
2025-12-03 15:18:01,220 [INFO] ThirdParty:1030 - CMSIS Pack Vendor :portGmbH I-Cube-SoM-uGOAL 1.1.0
2025-12-03 15:18:01,220 [INFO] ThirdParty:1030 - CMSIS Pack Vendor :STMicroelectronics X-CUBE-ALS 1.0.1
2025-12-03 15:18:01,220 [INFO] ThirdParty:1030 - CMSIS Pack Vendor :STMicroelectronics X-CUBE-AI 10.2.0
2025-12-03 15:18:01,220 [INFO] ThirdParty:1030 - CMSIS Pack Vendor :STMicroelectronics ThreadX 1.0.0
2025-12-03 15:18:01,220 [INFO] ThirdParty:1030 - CMSIS Pack Vendor :SEGGER I-CUBE-embOS 1.3.1
2025-12-03 15:18:01,220 [INFO] ThirdParty:1030 - CMSIS Pack Vendor :STMicroelectronics X-CUBE-ALGOBUILD 1.4.0
2025-12-03 15:18:01,220 [INFO] ThirdParty:1030 - CMSIS Pack Vendor :STMicroelectronics X-CUBE-MEMS1 11.3.0
2025-12-03 15:18:01,220 [INFO] ThirdParty:1030 - CMSIS Pack Vendor :STMicroelectronics X-CUBE-AZRTOS-H7RS 1.0.0
2025-12-03 15:18:01,220 [INFO] ThirdParty:1030 - CMSIS Pack Vendor :STMicroelectronics FP-ATR-ASTRA1 2.0.0
2025-12-03 15:18:01,220 [INFO] ThirdParty:1030 - CMSIS Pack Vendor :STMicroelectronics X-CUBE-TOF1 3.4.2
2025-12-03 15:18:01,220 [INFO] ThirdParty:1030 - CMSIS Pack Vendor :STMicroelectronics X-CUBE-AI 9.1.0
2025-12-03 15:18:01,221 [INFO] ThirdParty:1030 - CMSIS Pack Vendor :STMicroelectronics X-CUBE-TOF1 3.4.0
2025-12-03 15:18:01,221 [INFO] ThirdParty:1030 - CMSIS Pack Vendor :STMicroelectronics X-CUBE-TOF1 3.4.1
2025-12-03 15:18:01,221 [INFO] ThirdParty:1030 - CMSIS Pack Vendor :STMicroelectronics X-CUBE-AZRTOS-H7 3.2.0
2025-12-03 15:18:01,221 [INFO] ThirdParty:1030 - CMSIS Pack Vendor :wolfSSL I-CUBE-wolfSSH 1.4.17
2025-12-03 15:18:01,221 [INFO] ThirdParty:841 - exiting critical section [change project]
2025-12-03 15:18:01,395 [INFO] PinOutPanel:1561 - setPackage(No Configuration,No Configuration)
2025-12-03 15:18:01,396 [INFO] PinOutPanel:1561 - setPackage(STM32F103C8Tx,LQFP48)
2025-12-03 15:18:01,725 [INFO] UtilMem:75 - Before build in PCC Used Memory: 244319504 Bytes (449839104)
2025-12-03 15:18:02,537 [INFO] UtilMem:75 - After build in PCC Used Memory: 302335416 Bytes (449839104)
2025-12-03 15:18:02,554 [INFO] IPUIPlugin:80 - create IPUIPlugin
2025-12-03 15:18:02,555 [INFO] IPUIPlugin:80 - create IPUIPlugin
2025-12-03 15:18:02,555 [INFO] IPUIPlugin:80 - create IPUIPlugin
2025-12-03 15:18:02,555 [INFO] IPUIPlugin:80 - create IPUIPlugin
2025-12-03 15:18:02,555 [INFO] IPUIPlugin:80 - create IPUIPlugin
2025-12-03 15:18:02,555 [INFO] IPUIPlugin:80 - create IPUIPlugin
2025-12-03 15:18:02,556 [INFO] IPUIPlugin:80 - create IPUIPlugin
2025-12-03 15:18:02,556 [INFO] IPUIPlugin:80 - create IPUIPlugin
2025-12-03 15:18:02,556 [INFO] IPUIPlugin:80 - create IPUIPlugin
2025-12-03 15:18:02,556 [INFO] IPUIPlugin:80 - create IPUIPlugin
2025-12-03 15:18:02,556 [INFO] IPUIPlugin:80 - create IPUIPlugin
2025-12-03 15:18:02,556 [INFO] IPUIPlugin:80 - create IPUIPlugin
2025-12-03 15:18:02,556 [INFO] IPUIPlugin:80 - create IPUIPlugin
2025-12-03 15:18:02,556 [INFO] IPUIPlugin:80 - create IPUIPlugin
2025-12-03 15:18:02,556 [INFO] IPUIPlugin:80 - create IPUIPlugin
2025-12-03 15:18:02,556 [INFO] IPUIPlugin:80 - create IPUIPlugin
2025-12-03 15:18:02,557 [INFO] IPUIPlugin:80 - create IPUIPlugin
2025-12-03 15:18:02,557 [INFO] IPUIPlugin:80 - create IPUIPlugin
2025-12-03 15:18:02,557 [INFO] IPUIPlugin:80 - create IPUIPlugin
2025-12-03 15:18:02,557 [INFO] IPUIPlugin:80 - create IPUIPlugin
2025-12-03 15:18:02,557 [INFO] IPUIPlugin:80 - create IPUIPlugin
2025-12-03 15:18:02,557 [INFO] IPUIPlugin:80 - create IPUIPlugin
2025-12-03 15:18:02,557 [INFO] IPUIPlugin:80 - create IPUIPlugin
2025-12-03 15:18:02,557 [INFO] IPUIPlugin:80 - create IPUIPlugin
2025-12-03 15:18:02,557 [INFO] IPUIPlugin:80 - create IPUIPlugin
2025-12-03 15:18:02,557 [INFO] IPUIPlugin:80 - create IPUIPlugin
2025-12-03 15:18:02,557 [INFO] IPUIPlugin:80 - create IPUIPlugin
2025-12-03 15:18:02,577 [WARN] IP:2191 - I2C_Coeff_DF not found: check if there is a RefParameter without a condition.
2025-12-03 15:18:02,577 [WARN] IP:2191 - Analog_Filter not found: check if there is a RefParameter without a condition.
2025-12-03 15:18:02,825 [INFO] CADModel:165 - CPN selected for project levelSTM32F103C8T6
2025-12-03 15:18:02,825 [INFO] CADModel:114 - Register for checkConnection events
2025-12-03 15:18:02,876 [INFO] OpenFileManager:363 - Restore cursor
2025-12-03 15:18:02,988 [WARN] IP:2191 - I2C_Coeff_DF not found: check if there is a RefParameter without a condition.
2025-12-03 15:18:02,988 [WARN] IP:2191 - Analog_Filter not found: check if there is a RefParameter without a condition.
2025-12-03 15:18:02,988 [WARN] IP:2191 - I2C_Coeff_DF not found: check if there is a RefParameter without a condition.
2025-12-03 15:18:02,988 [WARN] IP:2191 - Analog_Filter not found: check if there is a RefParameter without a condition.
2025-12-03 15:18:55,545 [WARN] IP:2191 - I2C_Coeff_DF not found: check if there is a RefParameter without a condition.
2025-12-03 15:18:55,546 [WARN] IP:2191 - Analog_Filter not found: check if there is a RefParameter without a condition.
2025-12-03 15:18:55,546 [WARN] IP:2191 - I2C_Coeff_DF not found: check if there is a RefParameter without a condition.
2025-12-03 15:18:55,546 [WARN] IP:2191 - Analog_Filter not found: check if there is a RefParameter without a condition.
2025-12-03 15:18:55,558 [WARN] IP:2191 - I2C_Coeff_DF not found: check if there is a RefParameter without a condition.
2025-12-03 15:18:55,558 [WARN] IP:2191 - Analog_Filter not found: check if there is a RefParameter without a condition.
2025-12-03 15:18:55,569 [WARN] IP:2191 - I2C_Coeff_DF not found: check if there is a RefParameter without a condition.
2025-12-03 15:18:55,570 [WARN] IP:2191 - Analog_Filter not found: check if there is a RefParameter without a condition.
2025-12-03 15:19:08,550 [WARN] IP:2191 - I2C_Coeff_DF not found: check if there is a RefParameter without a condition.
2025-12-03 15:19:08,550 [WARN] IP:2191 - Analog_Filter not found: check if there is a RefParameter without a condition.
2025-12-03 15:19:08,550 [WARN] IP:2191 - I2C_Coeff_DF not found: check if there is a RefParameter without a condition.
2025-12-03 15:19:08,550 [WARN] IP:2191 - Analog_Filter not found: check if there is a RefParameter without a condition.
2025-12-03 15:19:08,560 [WARN] IP:2191 - I2C_Coeff_DF not found: check if there is a RefParameter without a condition.
2025-12-03 15:19:08,560 [WARN] IP:2191 - Analog_Filter not found: check if there is a RefParameter without a condition.
2025-12-03 15:19:08,570 [WARN] IP:2191 - I2C_Coeff_DF not found: check if there is a RefParameter without a condition.
2025-12-03 15:19:08,570 [WARN] IP:2191 - Analog_Filter not found: check if there is a RefParameter without a condition.
2025-12-03 15:19:14,086 [INFO] Gpio:277 - dependency for GPIO [ADC1, I2C1, RCC, SYS, USART1]
2025-12-03 15:19:57,446 [INFO] UtilMem:75 - End SaveConfig() Used Memory: 763488048 Bytes (1073741824)
2025-12-03 15:20:09,028 [INFO] UtilMem:75 - End SaveConfig() Used Memory: 799062272 Bytes (1073741824)
2025-12-03 15:20:09,522 [INFO] BlockDiagram:2766 - set Specific Code input for plugin: NVIC
2025-12-03 15:20:09,522 [INFO] BlockDiagram:2766 - set Specific Code input for plugin: USART
2025-12-03 15:20:09,522 [INFO] BlockDiagram:2766 - set Specific Code input for plugin: SYS
2025-12-03 15:20:09,522 [INFO] BlockDiagram:2766 - set Specific Code input for plugin: GPIO
2025-12-03 15:20:09,522 [INFO] BlockDiagram:2766 - set Specific Code input for plugin: ADC
2025-12-03 15:20:09,522 [INFO] BlockDiagram:2766 - set Specific Code input for plugin: RCC
2025-12-03 15:20:09,522 [INFO] BlockDiagram:2766 - set Specific Code input for plugin: I2C
2025-12-03 15:20:09,524 [INFO] CodeGenerator:807 - code generatio: config db path: C:\ST\STM32CubeIDE_1.16.1\STM32CubeIDE\plugins\com.st.stm32cube.common.mx_6.12.1.202409122256\\db\
2025-12-03 15:20:09,537 [WARN] IP:2191 - I2C_Coeff_DF not found: check if there is a RefParameter without a condition.
2025-12-03 15:20:09,538 [WARN] IP:2191 - Analog_Filter not found: check if there is a RefParameter without a condition.
2025-12-03 15:20:09,640 [INFO] CodeEngine:255 - oldGeneratedFile, C:\Users\RND1\STM32CubeIDE\workspace_1.16.1\f103_ssd1603\MXTmpFiles\license.tmp_save
2025-12-03 15:20:09,902 [INFO] CodeEngine:279 - Generated code: C:\Users\RND1\STM32CubeIDE\workspace_1.16.1\f103_ssd1603\MXTmpFiles\license.tmp
2025-12-03 15:20:10,080 [INFO] CodeEngine:255 - oldGeneratedFile, C:\Users\RND1\STM32CubeIDE\workspace_1.16.1\f103_ssd1603\Core\Src\gpio.c_save
2025-12-03 15:20:10,293 [INFO] CodeEngine:279 - Generated code: C:\Users\RND1\STM32CubeIDE\workspace_1.16.1\f103_ssd1603\Core\Src\gpio.c
2025-12-03 15:20:10,332 [INFO] CodeEngine:255 - oldGeneratedFile, C:\Users\RND1\STM32CubeIDE\workspace_1.16.1\f103_ssd1603\Core\Inc\gpio.h_save
2025-12-03 15:20:10,494 [INFO] CodeEngine:279 - Generated code: C:\Users\RND1\STM32CubeIDE\workspace_1.16.1\f103_ssd1603\Core\Inc\gpio.h
2025-12-03 15:20:10,806 [INFO] CodeEngine:255 - oldGeneratedFile, C:\Users\RND1\STM32CubeIDE\workspace_1.16.1\f103_ssd1603\Core\Src\adc.c_save
2025-12-03 15:20:10,996 [INFO] CodeEngine:279 - Generated code: C:\Users\RND1\STM32CubeIDE\workspace_1.16.1\f103_ssd1603\Core\Src\adc.c
2025-12-03 15:20:11,035 [INFO] CodeEngine:255 - oldGeneratedFile, C:\Users\RND1\STM32CubeIDE\workspace_1.16.1\f103_ssd1603\Core\Inc\adc.h_save
2025-12-03 15:20:11,141 [INFO] CodeEngine:279 - Generated code: C:\Users\RND1\STM32CubeIDE\workspace_1.16.1\f103_ssd1603\Core\Inc\adc.h
2025-12-03 15:20:11,175 [INFO] CodeEngine:255 - oldGeneratedFile, C:\Users\RND1\STM32CubeIDE\workspace_1.16.1\f103_ssd1603\Core\Src\i2c.c_save
2025-12-03 15:20:11,302 [INFO] CodeEngine:279 - Generated code: C:\Users\RND1\STM32CubeIDE\workspace_1.16.1\f103_ssd1603\Core\Src\i2c.c
2025-12-03 15:20:11,312 [INFO] CodeEngine:255 - oldGeneratedFile, C:\Users\RND1\STM32CubeIDE\workspace_1.16.1\f103_ssd1603\Core\Inc\i2c.h_save
2025-12-03 15:20:11,402 [INFO] CodeEngine:279 - Generated code: C:\Users\RND1\STM32CubeIDE\workspace_1.16.1\f103_ssd1603\Core\Inc\i2c.h
2025-12-03 15:20:11,426 [INFO] CodeEngine:255 - oldGeneratedFile, C:\Users\RND1\STM32CubeIDE\workspace_1.16.1\f103_ssd1603\Core\Src\usart.c_save
2025-12-03 15:20:11,516 [INFO] CodeEngine:279 - Generated code: C:\Users\RND1\STM32CubeIDE\workspace_1.16.1\f103_ssd1603\Core\Src\usart.c
2025-12-03 15:20:11,522 [INFO] CodeEngine:255 - oldGeneratedFile, C:\Users\RND1\STM32CubeIDE\workspace_1.16.1\f103_ssd1603\Core\Inc\usart.h_save
2025-12-03 15:20:11,590 [INFO] CodeEngine:279 - Generated code: C:\Users\RND1\STM32CubeIDE\workspace_1.16.1\f103_ssd1603\Core\Inc\usart.h
2025-12-03 15:20:11,620 [INFO] CodeEngine:255 - oldGeneratedFile, C:\Users\RND1\STM32CubeIDE\workspace_1.16.1\f103_ssd1603\Core\Src\stm32f1xx_it.c_save
2025-12-03 15:20:11,709 [INFO] CodeEngine:279 - Generated code: C:\Users\RND1\STM32CubeIDE\workspace_1.16.1\f103_ssd1603\Core\Src\stm32f1xx_it.c
2025-12-03 15:20:11,735 [INFO] CodeEngine:255 - oldGeneratedFile, C:\Users\RND1\STM32CubeIDE\workspace_1.16.1\f103_ssd1603\Core\Inc\stm32f1xx_it.h_save
2025-12-03 15:20:11,800 [INFO] CodeEngine:279 - Generated code: C:\Users\RND1\STM32CubeIDE\workspace_1.16.1\f103_ssd1603\Core\Inc\stm32f1xx_it.h
2025-12-03 15:20:11,838 [INFO] CodeEngine:255 - oldGeneratedFile, C:\Users\RND1\STM32CubeIDE\workspace_1.16.1\f103_ssd1603\Core\Src\stm32f1xx_hal_msp.c_save
2025-12-03 15:20:11,931 [INFO] CodeEngine:279 - Generated code: C:\Users\RND1\STM32CubeIDE\workspace_1.16.1\f103_ssd1603\Core\Src\stm32f1xx_hal_msp.c
2025-12-03 15:20:11,946 [INFO] CodeEngine:255 - oldGeneratedFile, C:\Users\RND1\STM32CubeIDE\workspace_1.16.1\f103_ssd1603\MXTmpFiles\system.tmp_save
2025-12-03 15:20:12,020 [INFO] CodeEngine:279 - Generated code: C:\Users\RND1\STM32CubeIDE\workspace_1.16.1\f103_ssd1603\MXTmpFiles\system.tmp
2025-12-03 15:20:12,067 [INFO] CodeEngine:311 - oldGeneratedFile, C:\Users\RND1\STM32CubeIDE\workspace_1.16.1\f103_ssd1603\Core\Inc\stm32f1xx_hal_conf.h_save
2025-12-03 15:20:12,171 [INFO] CodeEngine:335 - Generated code: C:\Users\RND1\STM32CubeIDE\workspace_1.16.1\f103_ssd1603\Core\Inc\stm32f1xx_hal_conf.h
2025-12-03 15:20:12,244 [INFO] CodeEngine:255 - oldGeneratedFile, C:\Users\RND1\STM32CubeIDE\workspace_1.16.1\f103_ssd1603\Core\Inc\main.h_save
2025-12-03 15:20:12,378 [INFO] CodeEngine:279 - Generated code: C:\Users\RND1\STM32CubeIDE\workspace_1.16.1\f103_ssd1603\Core\Inc\main.h
2025-12-03 15:20:12,410 [INFO] CodeEngine:255 - oldGeneratedFile, C:\Users\RND1\STM32CubeIDE\workspace_1.16.1\f103_ssd1603\Core\Src\main.c_save
2025-12-03 15:20:12,573 [INFO] CodeEngine:279 - Generated code: C:\Users\RND1\STM32CubeIDE\workspace_1.16.1\f103_ssd1603\Core\Src\main.c
2025-12-03 15:20:13,146 [INFO] ProjectBuilder:3249 - Time for Copy HAL[1] : 393mS.
2025-12-03 15:20:13,155 [INFO] ProjectBuilder:4828 - Project Generator version: 4.5.0-B34
2025-12-03 15:20:13,240 [INFO] ConfigFileManager:1531 - The Die is : DIE410
2025-12-03 15:20:13,263 [INFO] ApiDbMcu:508 - Load IP Config File for FATFS
2025-12-03 15:20:13,281 [INFO] ApiDbMcu:508 - Load IP Config File for FREERTOS
2025-12-03 15:20:13,299 [INFO] ApiDbMcu:508 - Load IP Config File for USB_DEVICE
2025-12-03 15:20:14,090 [INFO] LogOutputStream:77 - [STDOUT_REDIRECT] 
2025-12-03 15:20:16,673 [INFO] ProjectBuilder:5097 - Time for Generating toolchain IDE Files: 3518mS.
2025-12-03 15:20:16,675 [INFO] ProjectBuilder:3107 - Time for Copy CMSIS : 1mS.
2025-12-03 15:20:16,679 [INFO] ProjectBuilder:3107 - Time for Copy CMSIS : 0mS.
2025-12-03 17:09:36,519 [ERROR] LogOutputStream:75 - [STDERR_REDIRECT] 
2025-12-03 17:09:49,507 [INFO] Activator:176 - 


2025-12-03 17:09:49,508 [INFO] Activator:177 - !SESSION log4j initialized
2025-12-03 17:09:53,995 [INFO] LogOutputStream:77 - [STDOUT_REDIRECT] 
2025-12-03 17:09:55,511 [INFO] ApplicationProperties:184 - Using Application install path: C:\ST\STM32CubeIDE_1.16.1\STM32CubeIDE\plugins\com.st.stm32cube.common.mx_6.12.1.202409122256
2025-12-03 17:09:55,521 [INFO] DbMcusXml:78 - Set database path to: C:\ST\STM32CubeIDE_1.16.1\STM32CubeIDE\plugins\com.st.stm32cube.common.mx_6.12.1.202409122256\\db\/mcu/
2025-12-03 17:09:55,522 [INFO] ApiDb:274 - Set plugin database path to: C:\ST\STM32CubeIDE_1.16.1\STM32CubeIDE\plugins\com.st.stm32cube.common.mx_6.12.1.202409122256\\db\/plugins/boardmanager/
2025-12-03 17:09:55,522 [WARN] ApiDb:259 - Overriding images path with different value:  => C:\ST\STM32CubeIDE_1.16.1\STM32CubeIDE\plugins\com.st.stm32cube.common.mx_6.12.1.202409122256\\db\/plugins/mcufinder/images/
2025-12-03 17:09:55,526 [INFO] ApiDb:250 - Set database path to: C:\Users\RND1\.stmcufinder\plugins\mcufinder//mcu/
2025-12-03 17:09:55,527 [INFO] DbMcusAds:125 - Set database path to: C:\Users\RND1\.stmcufinder\plugins\mcufinder//mcu/
2025-12-03 17:09:55,528 [INFO] CrossReferenceDbSqlite:203 - Set database path to: C:\Users\RND1\.stmcufinder\plugins\mcufinder//mcu/cs/
2025-12-03 17:09:55,593 [INFO] RulesReader:64 - Compatibility file has been processed (297 Rules)
2025-12-03 17:09:55,653 [INFO] DbMcusXml:78 - Set database path to: C:\ST\STM32CubeIDE_1.16.1\STM32CubeIDE\plugins\com.st.stm32cube.common.mx_6.12.1.202409122256\\db\/mcu/
2025-12-03 17:09:55,653 [INFO] ApiDb:274 - Set plugin database path to: C:\ST\STM32CubeIDE_1.16.1\STM32CubeIDE\plugins\com.st.stm32cube.common.mx_6.12.1.202409122256\\db\/plugins/boardmanager/
2025-12-03 17:09:55,653 [INFO] ApiDb:261 - Set plugin images path to: C:\ST\STM32CubeIDE_1.16.1\STM32CubeIDE\plugins\com.st.stm32cube.common.mx_6.12.1.202409122256\\db\/plugins/mcufinder/images/
2025-12-03 17:09:55,653 [WARN] DbFile:41 - Overriding database path with different value: C:\Users\RND1\.stmcufinder\plugins\mcufinder/ => C:\Users\RND1\.stmcufinder\plugins\mcufinder
2025-12-03 17:09:55,653 [INFO] ApiDb:250 - Set database path to: C:\Users\RND1\.stmcufinder\plugins\mcufinder//mcu/
2025-12-03 17:09:55,653 [WARN] DbFile:41 - Overriding database path with different value: C:\Users\RND1\.stmcufinder\plugins\mcufinder/ => C:\Users\RND1\.stmcufinder\plugins\mcufinder
2025-12-03 17:09:55,653 [INFO] DbMcusAds:125 - Set database path to: C:\Users\RND1\.stmcufinder\plugins\mcufinder//mcu/
2025-12-03 17:09:55,653 [WARN] DbFile:41 - Overriding database path with different value: C:\Users\RND1\.stmcufinder\plugins\mcufinder/ => C:\Users\RND1\.stmcufinder\plugins\mcufinder
2025-12-03 17:09:55,653 [WARN] DbFile:41 - Overriding database path with different value: C:\Users\RND1\.stmcufinder\plugins\mcufinder/ => C:\Users\RND1\.stmcufinder\plugins\mcufinder
2025-12-03 17:09:55,654 [INFO] CrossReferenceDbSqlite:203 - Set database path to: C:\Users\RND1\.stmcufinder\plugins\mcufinder//mcu/cs/
2025-12-03 17:09:55,705 [INFO] MainPanel:268 - HeapMemory: 268435456
2025-12-03 17:09:55,755 [INFO] DbMcusXml:78 - Set database path to: C:\ST\STM32CubeIDE_1.16.1\STM32CubeIDE\plugins\com.st.stm32cube.common.mx_6.12.1.202409122256\\db\/mcu/
2025-12-03 17:09:55,755 [INFO] ApiDb:274 - Set plugin database path to: C:\ST\STM32CubeIDE_1.16.1\STM32CubeIDE\plugins\com.st.stm32cube.common.mx_6.12.1.202409122256\\db\/plugins/boardmanager/
2025-12-03 17:09:55,755 [INFO] ApiDb:261 - Set plugin images path to: C:\ST\STM32CubeIDE_1.16.1\STM32CubeIDE\plugins\com.st.stm32cube.common.mx_6.12.1.202409122256\\db\/plugins/mcufinder/images/
2025-12-03 17:09:55,756 [WARN] DbFile:41 - Overriding database path with different value: C:\Users\RND1\.stmcufinder\plugins\mcufinder/ => C:\Users\RND1\.stmcufinder\plugins\mcufinder
2025-12-03 17:09:55,756 [INFO] ApiDb:250 - Set database path to: C:\Users\RND1\.stmcufinder\plugins\mcufinder//mcu/
2025-12-03 17:09:55,756 [WARN] DbFile:41 - Overriding database path with different value: C:\Users\RND1\.stmcufinder\plugins\mcufinder/ => C:\Users\RND1\.stmcufinder\plugins\mcufinder
2025-12-03 17:09:55,756 [INFO] DbMcusAds:125 - Set database path to: C:\Users\RND1\.stmcufinder\plugins\mcufinder//mcu/
2025-12-03 17:09:55,756 [WARN] DbFile:41 - Overriding database path with different value: C:\Users\RND1\.stmcufinder\plugins\mcufinder/ => C:\Users\RND1\.stmcufinder\plugins\mcufinder
2025-12-03 17:09:55,756 [WARN] DbFile:41 - Overriding database path with different value: C:\Users\RND1\.stmcufinder\plugins\mcufinder/ => C:\Users\RND1\.stmcufinder\plugins\mcufinder
2025-12-03 17:09:55,756 [INFO] CrossReferenceDbSqlite:203 - Set database path to: C:\Users\RND1\.stmcufinder\plugins\mcufinder//mcu/cs/
2025-12-03 17:09:55,768 [INFO] ApplicationProperties:184 - Using Application install path: C:\ST\STM32CubeIDE_1.16.1\STM32CubeIDE\plugins\com.st.stm32cube.common.mx_6.12.1.202409122256
2025-12-03 17:09:55,769 [INFO] PluginManage:196 - Search for loadable plugins [exclusion list=, ]
2025-12-03 17:09:55,770 [INFO] PluginManage:310 - Check plugin analytics
2025-12-03 17:09:55,890 [INFO] AnalyticsPlugin:253 - Accepted Software Licenses: STM32CubeMX.6.10.0
2025-12-03 17:09:55,890 [INFO] AnalyticsPlugin:255 - Accepted CMSIS Pack Licenses: 
2025-12-03 17:09:55,890 [INFO] AnalyticsPlugin:257 - Accepted Firmware Licenses: FW.G4.1.5.0,FW.G4.1.6.0,FW.F4.1.28.0,FW.H7.1.11.0
2025-12-03 17:09:55,893 [INFO] PluginManage:359 - Loaded plugin analytics (category:tool,tabindex:-1)
2025-12-03 17:09:55,894 [INFO] PluginManage:310 - Check plugin cadmodel
2025-12-03 17:09:55,898 [INFO] CADModel:105 - Init CAD model plugin
2025-12-03 17:09:55,899 [INFO] PluginManage:359 - Loaded plugin cadmodel (category:power,tabindex:5)
2025-12-03 17:09:55,899 [INFO] PluginManage:310 - Check plugin clock
2025-12-03 17:09:55,905 [INFO] PluginManage:359 - Loaded plugin clock (category:base,tabindex:2)
2025-12-03 17:09:55,905 [INFO] PluginManage:310 - Check plugin ddr
2025-12-03 17:09:55,906 [INFO] PluginManage:359 - Loaded plugin ddr (category:tool,tabindex:6)
2025-12-03 17:09:55,907 [INFO] PluginManage:310 - Check plugin filemanager
2025-12-03 17:09:56,018 [INFO] PluginManage:359 - Loaded plugin filemanager (category:base,tabindex:10)
2025-12-03 17:09:56,018 [INFO] PluginManage:310 - Check plugin ipmanager
2025-12-03 17:09:56,025 [INFO] PluginManage:359 - Loaded plugin ipmanager (category:base,tabindex:5)
2025-12-03 17:09:56,025 [INFO] PluginManage:310 - Check plugin lpbam
2025-12-03 17:09:56,032 [INFO] PluginManage:359 - Loaded plugin lpbam (category:base,tabindex:0)
2025-12-03 17:09:56,032 [INFO] PluginManage:310 - Check plugin memorymap
2025-12-03 17:09:56,042 [INFO] PluginManage:359 - Loaded plugin memorymap (category:base,tabindex:4)
2025-12-03 17:09:56,042 [INFO] PluginManage:310 - Check plugin pinoutandconfiguration
2025-12-03 17:09:56,048 [INFO] PluginManage:359 - Loaded plugin pinoutandconfiguration (category:base,tabindex:1)
2025-12-03 17:09:56,048 [INFO] PluginManage:310 - Check plugin pinoutconfig
2025-12-03 17:09:56,114 [WARN] SupportedApi:132 - Cannot load RTOS API schema: s4s-elt-must-match.1: The content of 'definitions' must match (annotation?, (simpleType | complexType)?, (unique | key | keyref)*)). A problem was found starting at: attribute.
2025-12-03 17:09:56,213 [INFO] PluginManage:359 - Loaded plugin pinoutconfig (category:base,tabindex:0)
2025-12-03 17:09:56,213 [INFO] PluginManage:310 - Check plugin power
2025-12-03 17:09:56,219 [INFO] PluginManage:359 - Loaded plugin power (category:power,tabindex:4)
2025-12-03 17:09:56,219 [INFO] PluginManage:310 - Check plugin projectmanager
2025-12-03 17:09:56,232 [INFO] PluginManage:359 - Loaded plugin projectmanager (category:projectmanager,tabindex:4)
2025-12-03 17:09:56,232 [INFO] PluginManage:310 - Check plugin rif
2025-12-03 17:09:56,235 [INFO] PluginManage:359 - Loaded plugin rif (category:base,tabindex:3)
2025-12-03 17:09:56,236 [INFO] PluginManage:310 - Check plugin thirdparty
2025-12-03 17:09:56,332 [WARN] IntegrityCheckThread:84 - waiting for thirdparty lock release [integrity check]
2025-12-03 17:09:56,332 [INFO] IntegrityCheckThread:86 - entering critical section [integrity check]
2025-12-03 17:09:56,333 [INFO] PluginManage:359 - Loaded plugin thirdparty (category:base,tabindex:-1)
2025-12-03 17:09:56,333 [INFO] PluginManage:310 - Check plugin tools
2025-12-03 17:09:56,333 [INFO] ThirdPartyUpdaterWithRetryManager:70 - Updater plugin not ready yet. [1/15]
2025-12-03 17:09:56,336 [INFO] PluginManage:359 - Loaded plugin tools (category:base,tabindex:7)
2025-12-03 17:09:56,336 [INFO] PluginManage:310 - Check plugin tutovideos
2025-12-03 17:09:56,471 [INFO] PluginManage:359 - Loaded plugin tutovideos (category:base,tabindex:-1)
2025-12-03 17:09:56,472 [INFO] PluginManage:310 - Check plugin updater
2025-12-03 17:09:56,483 [INFO] PluginManage:359 - Loaded plugin updater (category:base,tabindex:12)
2025-12-03 17:09:56,483 [INFO] PluginManage:310 - Check plugin userauth
2025-12-03 17:09:56,487 [INFO] UserAuth:113 - Init User Auth plugin
2025-12-03 17:09:56,488 [INFO] PluginManage:359 - Loaded plugin userauth (category:base,tabindex:14)
2025-12-03 17:09:56,488 [INFO] PluginManage:283 - PluginManage : Loaded plugins [18]
2025-12-03 17:09:56,649 [INFO] PinOutPanel:1561 - setPackage(No Configuration,No Configuration)
2025-12-03 17:09:56,718 [INFO] CADModel:165 - CPN selected for project level
2025-12-03 17:09:56,718 [INFO] CADModel:114 - Register for checkConnection events
2025-12-03 17:09:56,731 [INFO] IPUIPlugin:80 - create IPUIPlugin
2025-12-03 17:09:56,731 [INFO] PluginManager:220 - loadIPPluginJar : add adc
2025-12-03 17:09:56,733 [INFO] IPUIPlugin:80 - create IPUIPlugin
2025-12-03 17:09:56,733 [INFO] PluginManager:220 - loadIPPluginJar : add aes
2025-12-03 17:09:56,735 [INFO] IPUIPlugin:80 - create IPUIPlugin
2025-12-03 17:09:56,736 [INFO] PluginManager:220 - loadIPPluginJar : add can
2025-12-03 17:09:56,737 [INFO] IPUIPlugin:80 - create IPUIPlugin
2025-12-03 17:09:56,737 [INFO] PluginManager:220 - loadIPPluginJar : add comp
2025-12-03 17:09:56,739 [INFO] IPUIPlugin:80 - create IPUIPlugin
2025-12-03 17:09:56,739 [INFO] PluginManager:220 - loadIPPluginJar : add cryp
2025-12-03 17:09:56,740 [INFO] IPUIPlugin:80 - create IPUIPlugin
2025-12-03 17:09:56,740 [INFO] PluginManager:220 - loadIPPluginJar : add ddr_ctrl_phy
2025-12-03 17:09:56,742 [INFO] IPUIPlugin:80 - create IPUIPlugin
2025-12-03 17:09:56,742 [INFO] PluginManager:220 - loadIPPluginJar : add dfsdm
2025-12-03 17:09:56,746 [INFO] IPUIPlugin:80 - create IPUIPlugin
2025-12-03 17:09:56,747 [INFO] PluginManager:220 - loadIPPluginJar : add dma
2025-12-03 17:09:56,748 [INFO] IPUIPlugin:80 - create IPUIPlugin
2025-12-03 17:09:56,748 [INFO] PluginManager:220 - loadIPPluginJar : add dma3
2025-12-03 17:09:56,750 [INFO] IPUIPlugin:80 - create IPUIPlugin
2025-12-03 17:09:56,750 [INFO] PluginManager:220 - loadIPPluginJar : add extmemmanager
2025-12-03 17:09:56,751 [INFO] IPUIPlugin:80 - create IPUIPlugin
2025-12-03 17:09:56,751 [INFO] PluginManager:220 - loadIPPluginJar : add fatfs
2025-12-03 17:09:56,754 [INFO] IPUIPlugin:80 - create IPUIPlugin
2025-12-03 17:09:56,754 [INFO] PluginManager:220 - loadIPPluginJar : add fmc
2025-12-03 17:09:56,758 [INFO] IPUIPlugin:80 - create IPUIPlugin
2025-12-03 17:09:56,758 [INFO] PluginManager:220 - loadIPPluginJar : add freertos
2025-12-03 17:09:56,759 [INFO] IPUIPlugin:80 - create IPUIPlugin
2025-12-03 17:09:56,759 [INFO] PluginManager:220 - loadIPPluginJar : add genericplugin
2025-12-03 17:09:56,761 [INFO] IPUIPlugin:80 - create IPUIPlugin
2025-12-03 17:09:56,761 [INFO] PluginManager:220 - loadIPPluginJar : add gfxmmu
2025-12-03 17:09:56,764 [INFO] IPUIPlugin:80 - create IPUIPlugin
2025-12-03 17:09:56,764 [INFO] PluginManager:220 - loadIPPluginJar : add gic
2025-12-03 17:09:56,767 [INFO] IPUIPlugin:80 - create IPUIPlugin
2025-12-03 17:09:56,767 [INFO] PluginManager:220 - loadIPPluginJar : add gpio
2025-12-03 17:09:56,769 [INFO] IPUIPlugin:80 - create IPUIPlugin
2025-12-03 17:09:56,769 [INFO] PluginManager:220 - loadIPPluginJar : add gtzc
2025-12-03 17:09:56,770 [INFO] IPUIPlugin:80 - create IPUIPlugin
2025-12-03 17:09:56,770 [INFO] PluginManager:220 - loadIPPluginJar : add hash
2025-12-03 17:09:56,772 [INFO] IPUIPlugin:80 - create IPUIPlugin
2025-12-03 17:09:56,772 [INFO] PluginManager:220 - loadIPPluginJar : add i2c
2025-12-03 17:09:56,774 [INFO] IPUIPlugin:80 - create IPUIPlugin
2025-12-03 17:09:56,774 [INFO] PluginManager:220 - loadIPPluginJar : add i2s
2025-12-03 17:09:56,776 [INFO] IPUIPlugin:80 - create IPUIPlugin
2025-12-03 17:09:56,776 [INFO] PluginManager:220 - loadIPPluginJar : add i3c
2025-12-03 17:09:56,779 [INFO] IPUIPlugin:80 - create IPUIPlugin
2025-12-03 17:09:56,779 [INFO] PluginManager:220 - loadIPPluginJar : add ipddr
2025-12-03 17:09:56,784 [INFO] IPUIPlugin:80 - create IPUIPlugin
2025-12-03 17:09:56,784 [INFO] PluginManager:220 - loadIPPluginJar : add linkedlist
2025-12-03 17:09:56,786 [INFO] IPUIPlugin:80 - create IPUIPlugin
2025-12-03 17:09:56,786 [INFO] PluginManager:220 - loadIPPluginJar : add lorawan
2025-12-03 17:09:56,787 [INFO] IPUIPlugin:80 - create IPUIPlugin
2025-12-03 17:09:56,788 [INFO] PluginManager:220 - loadIPPluginJar : add ltdc
2025-12-03 17:09:56,791 [INFO] IPUIPlugin:80 - create IPUIPlugin
2025-12-03 17:09:56,791 [INFO] PluginManager:220 - loadIPPluginJar : add mdma
2025-12-03 17:09:56,794 [INFO] IPUIPlugin:80 - create IPUIPlugin
2025-12-03 17:09:56,794 [INFO] PluginManager:220 - loadIPPluginJar : add nvic
2025-12-03 17:09:56,797 [INFO] IPUIPlugin:80 - create IPUIPlugin
2025-12-03 17:09:56,797 [INFO] PluginManager:220 - loadIPPluginJar : add opamp
2025-12-03 17:09:56,799 [INFO] IPUIPlugin:80 - create IPUIPlugin
2025-12-03 17:09:56,799 [INFO] PluginManager:220 - loadIPPluginJar : add openamp
2025-12-03 17:09:56,801 [INFO] IPUIPlugin:80 - create IPUIPlugin
2025-12-03 17:09:56,801 [INFO] PluginManager:220 - loadIPPluginJar : add pdm2pcm
2025-12-03 17:09:56,805 [INFO] IPUIPlugin:80 - create IPUIPlugin
2025-12-03 17:09:56,807 [INFO] PluginManager:220 - loadIPPluginJar : add plateformsettings
2025-12-03 17:09:56,808 [INFO] IPUIPlugin:80 - create IPUIPlugin
2025-12-03 17:09:56,808 [INFO] PluginManager:220 - loadIPPluginJar : add quadspi
2025-12-03 17:09:56,809 [INFO] IPUIPlugin:80 - create IPUIPlugin
2025-12-03 17:09:56,810 [INFO] PluginManager:220 - loadIPPluginJar : add radio
2025-12-03 17:09:56,812 [INFO] IPUIPlugin:80 - create IPUIPlugin
2025-12-03 17:09:56,812 [INFO] PluginManager:220 - loadIPPluginJar : add resmgrutility
2025-12-03 17:09:56,814 [INFO] IPUIPlugin:80 - create IPUIPlugin
2025-12-03 17:09:56,814 [INFO] PluginManager:220 - loadIPPluginJar : add sai
2025-12-03 17:09:56,816 [INFO] IPUIPlugin:80 - create IPUIPlugin
2025-12-03 17:09:56,816 [INFO] PluginManager:220 - loadIPPluginJar : add spi
2025-12-03 17:09:56,819 [INFO] IPUIPlugin:80 - create IPUIPlugin
2025-12-03 17:09:56,819 [INFO] PluginManager:220 - loadIPPluginJar : add stm32_wpan
2025-12-03 17:09:56,820 [INFO] IPUIPlugin:80 - create IPUIPlugin
2025-12-03 17:09:56,821 [INFO] PluginManager:220 - loadIPPluginJar : add tim
2025-12-03 17:09:56,823 [INFO] IPUIPlugin:80 - create IPUIPlugin
2025-12-03 17:09:56,823 [INFO] PluginManager:220 - loadIPPluginJar : add touchsensing
2025-12-03 17:09:56,824 [INFO] IPUIPlugin:80 - create IPUIPlugin
2025-12-03 17:09:56,824 [INFO] PluginManager:220 - loadIPPluginJar : add tracer_emb
2025-12-03 17:09:56,825 [INFO] IPUIPlugin:80 - create IPUIPlugin
2025-12-03 17:09:56,825 [INFO] PluginManager:220 - loadIPPluginJar : add ts
2025-12-03 17:09:56,826 [INFO] IPUIPlugin:80 - create IPUIPlugin
2025-12-03 17:09:56,826 [INFO] PluginManager:220 - loadIPPluginJar : add tsc
2025-12-03 17:09:56,828 [INFO] IPUIPlugin:80 - create IPUIPlugin
2025-12-03 17:09:56,828 [INFO] PluginManager:220 - loadIPPluginJar : add ucpd
2025-12-03 17:09:56,830 [INFO] IPUIPlugin:80 - create IPUIPlugin
2025-12-03 17:09:56,830 [INFO] PluginManager:220 - loadIPPluginJar : add usart
2025-12-03 17:09:56,832 [INFO] IPUIPlugin:80 - create IPUIPlugin
2025-12-03 17:09:56,832 [INFO] PluginManager:220 - loadIPPluginJar : add usbx
2025-12-03 17:09:56,948 [INFO] CADModel:165 - CPN selected for project level
2025-12-03 17:09:56,948 [INFO] CADModel:114 - Register for checkConnection events
2025-12-03 17:09:56,948 [FATAL] Updater:334 - Updater called before beeing initialized
2025-12-03 17:09:56,948 [ERROR] CADModel:125 - Updater not yet initialized, retry later 
2025-12-03 17:09:57,042 [INFO] CADModel:165 - CPN selected for project level
2025-12-03 17:09:57,042 [INFO] CADModel:114 - Register for checkConnection events
2025-12-03 17:09:57,042 [FATAL] Updater:334 - Updater called before beeing initialized
2025-12-03 17:09:57,042 [ERROR] CADModel:125 - Updater not yet initialized, retry later 
2025-12-03 17:09:57,045 [FATAL] Updater:334 - Updater called before beeing initialized
2025-12-03 17:09:57,134 [FATAL] Updater:334 - Updater called before beeing initialized
2025-12-03 17:09:57,137 [INFO] DbMcusAds:53 - JSON generation date=Tue Jul 08 17:14:27 KST 2025 (1751962467633)
2025-12-03 17:09:57,137 [FATAL] Updater:334 - Updater called before beeing initialized
2025-12-03 17:09:57,159 [WARN] DetailPanel:346 - Failed to get advertising image, set to default
2025-12-03 17:09:57,248 [FATAL] Updater:334 - Updater called before beeing initialized
2025-12-03 17:09:57,249 [FATAL] Updater:334 - Updater called before beeing initialized
2025-12-03 17:09:57,249 [FATAL] Updater:334 - Updater called before beeing initialized
2025-12-03 17:09:57,249 [WARN] DetailPanel:346 - Failed to get advertising image, set to default
2025-12-03 17:09:57,250 [FATAL] Updater:334 - Updater called before beeing initialized
2025-12-03 17:09:57,283 [ERROR] Updater:1164 - MainUpdater not yet initialized. External WinMGr cannot be set.
2025-12-03 17:09:57,284 [INFO] Updater:1100 - Updater Version found : 6.12.1
2025-12-03 17:09:57,296 [INFO] ApplicationProperties:184 - Using Application install path: C:\ST\STM32CubeIDE_1.16.1\STM32CubeIDE\plugins\com.st.stm32cube.common.mx_6.12.1.202409122256
2025-12-03 17:09:57,980 [INFO] MainUpdater:2873 - connection check result : 10
2025-12-03 17:09:57,982 [INFO] MainUpdater:290 - Updater Check For Update Now.
2025-12-03 17:09:57,982 [INFO] MicroXplorer:498 - Change Database Version : DB.6.0.121
2025-12-03 17:09:57,988 [INFO] McuFinderGlobals:63 - Set McuFinder mode to 2 (CubeIDE integrated)
2025-12-03 17:09:57,989 [INFO] UserAuth:417 - Internet connection configuration mode: 1
2025-12-03 17:09:58,027 [INFO] JxBrowserEngine:152 - Initiate JxBrowser Engine with user profile folder
2025-12-03 17:09:58,168 [INFO] CheckServerUpdateThread:120 - End of CheckServer Thread
2025-12-03 17:09:58,525 [INFO] WebApp:167 - Instantiating new browser for Auth
2025-12-03 17:09:59,002 [INFO] WebApp:448 - Apply proxy settings
2025-12-03 17:09:59,006 [INFO] WebApp:493 - Chromium authenticates against Manually configured proxy
2025-12-03 17:09:59,009 [INFO] WebApp:501 - Username used for proxy authentication: 
2025-12-03 17:09:59,025 [INFO] WebApp:869 - Register for checkConnection events
2025-12-03 17:09:59,025 [INFO] WebApp:448 - Apply proxy settings
2025-12-03 17:09:59,028 [INFO] WebApp:493 - Chromium authenticates against Manually configured proxy
2025-12-03 17:09:59,028 [INFO] WebApp:501 - Username used for proxy authentication: 
2025-12-03 17:09:59,116 [INFO] WebApp:220 - Starting web application
2025-12-03 17:09:59,116 [INFO] WebApp:578 - Web application path used C:\ST\STM32CubeIDE_1.16.1\STM32CubeIDE\plugins\com.st.stm32cube.common.mx_6.12.1.202409122256\db\plugins\mcufinder\reactClient1\index.html
2025-12-03 17:09:59,168 [INFO] UserAuth:417 - Internet connection configuration mode: 1
2025-12-03 17:09:59,326 [INFO] WebApp:186 - Connection restablished
2025-12-03 17:09:59,556 [WARN] PackLoader:240 - Cannot read IP mode file for STMicroelectronics.FP-SNS-MOTENVWB1.1.4.0
2025-12-03 17:09:59,564 [WARN] PackLoader:240 - Cannot read IP mode file for STMicroelectronics.FP-ATR-ASTRA1.2.0.2
2025-12-03 17:09:59,567 [WARN] PackLoader:240 - Cannot read IP mode file for STMicroelectronics.FP-ATR-ASTRA1.2.0.1
2025-12-03 17:09:59,573 [WARN] PackLoader:240 - Cannot read IP mode file for STMicroelectronics.X-CUBE-SMBUS.2.1.0
2025-12-03 17:09:59,579 [WARN] PackLoader:240 - Cannot read IP mode file for STMicroelectronics.X-CUBE-WB05N.1.1.0
2025-12-03 17:09:59,581 [ERROR] Engine:466 - C:\Users\RND1\.stm32cubemx\thirdparties\pdsc\STMicroelectronics.X-CUBE-ST60.1.0.0.pdsc: PDSC version is not supported
2025-12-03 17:09:59,586 [WARN] PackLoader:240 - Cannot read IP mode file for STMicroelectronics.X-CUBE-TOUCHGFX.4.23.0
2025-12-03 17:09:59,588 [WARN] PackLoader:240 - Cannot read IP mode file for STMicroelectronics.X-CUBE-TOUCHGFX.4.23.2
2025-12-03 17:09:59,608 [WARN] PackLoader:240 - Cannot read IP mode file for STMicroelectronics.X-CUBE-AZRTOS-F7.1.1.0
2025-12-03 17:09:59,616 [WARN] PackLoader:240 - Cannot read IP mode file for STMicroelectronics.FP-SNS-MOTENV1.4.3.2
2025-12-03 17:09:59,663 [WARN] PackLoader:240 - Cannot read IP mode file for STMicroelectronics.X-CUBE-MEMS1.11.0.0
2025-12-03 17:09:59,792 [ERROR] Engine:466 - C:\Users\RND1\.stm32cubemx\thirdparties\pdsc\STMicroelectronics.FP-SNS-MOTENV1.5.1.0.pdsc: PDSC version is not supported
2025-12-03 17:09:59,797 [WARN] PackLoader:240 - Cannot read IP mode file for STMicroelectronics.FP-SNS-FLIGHT1.5.0.2
2025-12-03 17:09:59,814 [WARN] PackLoader:240 - Cannot read IP mode file for STMicroelectronics.X-CUBE-AZRTOS-H7.3.4.0
2025-12-03 17:09:59,824 [WARN] PackLoader:240 - Cannot read IP mode file for STMicroelectronics.X-CUBE-DISPLAY.3.0.0
2025-12-03 17:09:59,836 [WARN] PackLoader:240 - Cannot read IP mode file for STMicroelectronics.X-CUBE-BLE1.7.0.0
2025-12-03 17:09:59,842 [WARN] PackLoader:240 - Cannot read IP mode file for STMicroelectronics.X-CUBE-NFC10.1.0.0
2025-12-03 17:09:59,855 [WARN] PackLoader:240 - Cannot read IP mode file for STMicroelectronics.X-CUBE-BLEMGR.4.0.0
2025-12-03 17:09:59,859 [ERROR] Engine:466 - C:\Users\RND1\.stm32cubemx\thirdparties\pdsc\STMicroelectronics.X-CUBE-ST60.1.1.0.pdsc: PDSC version is not supported
2025-12-03 17:09:59,867 [WARN] PackLoader:240 - Cannot read IP mode file for emotas.I-CUBE-CANOPEN.1.3.0
2025-12-03 17:09:59,874 [WARN] PackLoader:240 - Cannot read IP mode file for STMicroelectronics.X-CUBE-GNSS1.7.1.0
2025-12-03 17:09:59,883 [WARN] PackLoader:240 - Cannot read IP mode file for STMicroelectronics.X-CUBE-BLEMGR.3.1.0
2025-12-03 17:09:59,890 [WARN] PackLoader:240 - Cannot read IP mode file for STMicroelectronics.X-CUBE-AI.10.0.0
2025-12-03 17:09:59,893 [ERROR] Engine:466 - C:\Users\RND1\.stm32cubemx\thirdparties\pdsc\STMicroelectronics.FP-SNS-STBOX1.2.1.0.pdsc: PDSC version is not supported
2025-12-03 17:09:59,900 [WARN] PackLoader:240 - Cannot read IP mode file for STMicroelectronics.FP-SNS-SMARTAG2.1.2.0
2025-12-03 17:09:59,903 [ERROR] Engine:466 - C:\Users\RND1\.stm32cubemx\thirdparties\pdsc\STMicroelectronics.FP-SNS-FLIGHT1.5.1.0.pdsc: PDSC version is not supported
2025-12-03 17:09:59,945 [WARN] PackLoader:240 - Cannot read IP mode file for STMicroelectronics.X-CUBE-MEMS1.11.1.0
2025-12-03 17:10:00,062 [INFO] LogOutputStream:77 - [STDOUT_REDIRECT] 1 : Invalid condition id : UX_CORESTACK_Condition cause : null
2025-12-03 17:10:00,063 [INFO] LogOutputStream:77 - [STDOUT_REDIRECT] 1 : Invalid condition id : UX_CORESTACK_Condition cause : null
2025-12-03 17:10:00,065 [INFO] LogOutputStream:77 - [STDOUT_REDIRECT] 1 : Invalid condition id : UX_CORESTACK_Condition cause : null
2025-12-03 17:10:00,068 [INFO] LogOutputStream:77 - [STDOUT_REDIRECT] 1 : Invalid condition id : UX_CORESTACK_Condition cause : null
2025-12-03 17:10:00,070 [INFO] LogOutputStream:77 - [STDOUT_REDIRECT] 1 : Invalid condition id : UX_CORESTACK_Condition cause : null
2025-12-03 17:10:00,073 [WARN] PackLoader:240 - Cannot read IP mode file for STMicroelectronics.X-CUBE-AZRTOS-WL.2.0.0
2025-12-03 17:10:00,080 [WARN] PackLoader:240 - Cannot read IP mode file for STMicroelectronics.FP-SNS-MOTENV1.5.0.0
2025-12-03 17:10:00,111 [WARN] PackLoader:240 - Cannot read IP mode file for STMicroelectronics.X-CUBE-AZRTOS-H7RS.1.2.0
2025-12-03 17:10:00,122 [WARN] PackLoader:240 - Cannot read IP mode file for wolfSSL.I-CUBE-wolfMQTT.1.19.0
2025-12-03 17:10:00,136 [WARN] PackLoader:240 - Cannot read IP mode file for WES.I-CUBE-Cesium.1.3.0
2025-12-03 17:10:00,142 [WARN] PackLoader:240 - Cannot read IP mode file for STMicroelectronics.X-CUBE-BLE2.3.3.0
2025-12-03 17:10:00,146 [ERROR] Engine:466 - C:\Users\RND1\.stm32cubemx\thirdparties\pdsc\Avnet-IOTCONNECT.X-CUBE-iotc-st67-sdk.1.0.0.pdsc: PDSC version is not supported
2025-12-03 17:10:00,153 [WARN] PackLoader:240 - Cannot read IP mode file for STMicroelectronics.X-CUBE-NFC9.1.0.0
2025-12-03 17:10:00,158 [WARN] PackLoader:240 - Cannot read IP mode file for STMicroelectronics.X-CUBE-BLE1.7.1.0
2025-12-03 17:10:00,166 [WARN] PackLoader:240 - Cannot read IP mode file for STMicroelectronics.X-CUBE-TCPP.4.1.0
2025-12-03 17:10:00,170 [ERROR] Engine:466 - C:\Users\RND1\.stm32cubemx\thirdparties\pdsc\STMicroelectronics.X-CUBE-FREERTOS.1.4.0.pdsc: PDSC version is not supported
2025-12-03 17:10:00,175 [WARN] PackLoader:240 - Cannot read IP mode file for STMicroelectronics.X-CUBE-EEPRMA1.5.2.0
2025-12-03 17:10:00,180 [ERROR] Engine:466 - C:\Users\RND1\.stm32cubemx\thirdparties\pdsc\STMicroelectronics.X-CUBE-ST67W61.1.1.0.pdsc: PDSC version is not supported
2025-12-03 17:10:00,184 [WARN] PackLoader:240 - Cannot read IP mode file for STMicroelectronics.X-CUBE-AI.10.1.0
2025-12-03 17:10:00,213 [WARN] PackLoader:240 - Cannot read IP mode file for STMicroelectronics.X-CUBE-MEMS1.12.0.0
2025-12-03 17:10:00,280 [WARN] PackLoader:240 - Cannot read IP mode file for STMicroelectronics.X-CUBE-ALGOBUILD.1.3.0
2025-12-03 17:10:00,307 [WARN] PackLoader:240 - Cannot read IP mode file for STMicroelectronics.X-CUBE-MEMS1.11.2.0
2025-12-03 17:10:00,381 [WARN] PackLoader:240 - Cannot read IP mode file for STMicroelectronics.X-CUBE-AZRTOS-G0.1.1.0
2025-12-03 17:10:00,386 [WARN] PackLoader:240 - Cannot read IP mode file for STMicroelectronics.X-CUBE-SAFEA1.1.2.2
2025-12-03 17:10:00,391 [WARN] PackLoader:240 - Cannot read IP mode file for STMicroelectronics.X-CUBE-NFC4.3.0.0
2025-12-03 17:10:00,394 [WARN] PackLoader:240 - Cannot read IP mode file for wolfSSL.I-CUBE-wolfMQTT.1.18.0
2025-12-03 17:10:00,401 [WARN] PackLoader:240 - Cannot read IP mode file for EmbeddedOffice.I-CUBE-FS-RTOS.1.0.1
2025-12-03 17:10:00,401 [ERROR] ConditionMgr:805 - Attr not supported : Dmpu
2025-12-03 17:10:00,402 [ERROR] ConditionMgr:805 - Attr not supported : Dmpu
2025-12-03 17:10:00,402 [ERROR] ConditionMgr:805 - Attr not supported : Dmpu
2025-12-03 17:10:00,402 [ERROR] ConditionMgr:805 - Attr not supported : Dmpu
2025-12-03 17:10:00,402 [ERROR] ConditionMgr:805 - Attr not supported : Dmpu
2025-12-03 17:10:00,402 [ERROR] ConditionMgr:805 - Attr not supported : Dmpu
2025-12-03 17:10:00,402 [ERROR] ConditionMgr:805 - Attr not supported : Dmpu
2025-12-03 17:10:00,402 [ERROR] ConditionMgr:805 - Attr not supported : Dmpu
2025-12-03 17:10:00,402 [ERROR] ConditionMgr:805 - Attr not supported : Dmpu
2025-12-03 17:10:00,402 [ERROR] ConditionMgr:805 - Attr not supported : Dmpu
2025-12-03 17:10:00,402 [ERROR] ConditionMgr:805 - Attr not supported : Dmpu
2025-12-03 17:10:00,402 [ERROR] ConditionMgr:805 - Attr not supported : Dmpu
2025-12-03 17:10:00,402 [ERROR] ConditionMgr:805 - Attr not supported : Dmpu
2025-12-03 17:10:00,402 [ERROR] ConditionMgr:805 - Attr not supported : Dmpu
2025-12-03 17:10:00,402 [ERROR] ConditionMgr:805 - Attr not supported : Dmpu
2025-12-03 17:10:00,402 [ERROR] ConditionMgr:805 - Attr not supported : Dmpu
2025-12-03 17:10:00,402 [ERROR] ConditionMgr:805 - Attr not supported : Dmpu
2025-12-03 17:10:00,402 [ERROR] ConditionMgr:805 - Attr not supported : Dmpu
2025-12-03 17:10:00,402 [ERROR] ConditionMgr:805 - Attr not supported : Dmpu
2025-12-03 17:10:00,402 [ERROR] ConditionMgr:805 - Attr not supported : Dmpu
2025-12-03 17:10:00,402 [ERROR] ConditionMgr:805 - Attr not supported : Dmpu
2025-12-03 17:10:00,402 [ERROR] ConditionMgr:805 - Attr not supported : Dmpu
2025-12-03 17:10:00,402 [ERROR] ConditionMgr:805 - Attr not supported : Dmpu
2025-12-03 17:10:00,402 [ERROR] ConditionMgr:805 - Attr not supported : Dmpu
2025-12-03 17:10:00,402 [ERROR] ConditionMgr:805 - Attr not supported : Dmpu
2025-12-03 17:10:00,402 [ERROR] ConditionMgr:805 - Attr not supported : Dmpu
2025-12-03 17:10:00,402 [ERROR] ConditionMgr:805 - Attr not supported : Dmpu
2025-12-03 17:10:00,402 [ERROR] ConditionMgr:805 - Attr not supported : Dmpu
2025-12-03 17:10:00,402 [ERROR] ConditionMgr:805 - Attr not supported : Dmpu
2025-12-03 17:10:00,402 [ERROR] ConditionMgr:805 - Attr not supported : Dmpu
2025-12-03 17:10:00,402 [ERROR] ConditionMgr:805 - Attr not supported : Dmpu
2025-12-03 17:10:00,402 [ERROR] ConditionMgr:805 - Attr not supported : Dmpu
2025-12-03 17:10:00,402 [ERROR] ConditionMgr:805 - Attr not supported : Dmpu
2025-12-03 17:10:00,402 [ERROR] ConditionMgr:805 - Attr not supported : Dmpu
2025-12-03 17:10:00,402 [ERROR] ConditionMgr:805 - Attr not supported : Dmpu
2025-12-03 17:10:00,402 [ERROR] ConditionMgr:805 - Attr not supported : Dmpu
2025-12-03 17:10:00,402 [ERROR] ConditionMgr:805 - Attr not supported : Dmpu
2025-12-03 17:10:00,402 [ERROR] ConditionMgr:805 - Attr not supported : Dmpu
2025-12-03 17:10:00,402 [ERROR] ConditionMgr:805 - Attr not supported : Dmpu
2025-12-03 17:10:00,402 [ERROR] ConditionMgr:805 - Attr not supported : Dmpu
2025-12-03 17:10:00,402 [ERROR] ConditionMgr:805 - Attr not supported : Dmpu
2025-12-03 17:10:00,402 [ERROR] ConditionMgr:805 - Attr not supported : Dmpu
2025-12-03 17:10:00,402 [ERROR] ConditionMgr:805 - Attr not supported : Dmpu
2025-12-03 17:10:00,403 [ERROR] ConditionMgr:805 - Attr not supported : Dmpu
2025-12-03 17:10:00,403 [ERROR] ConditionMgr:805 - Attr not supported : Dmpu
2025-12-03 17:10:00,403 [ERROR] ConditionMgr:805 - Attr not supported : Dmpu
2025-12-03 17:10:00,403 [ERROR] ConditionMgr:805 - Attr not supported : Dmpu
2025-12-03 17:10:00,403 [ERROR] ConditionMgr:805 - Attr not supported : Dmpu
2025-12-03 17:10:00,403 [ERROR] ConditionMgr:805 - Attr not supported : Dmpu
2025-12-03 17:10:00,403 [ERROR] ConditionMgr:805 - Attr not supported : Dmpu
2025-12-03 17:10:00,403 [ERROR] ConditionMgr:805 - Attr not supported : Dmpu
2025-12-03 17:10:00,403 [ERROR] ConditionMgr:805 - Attr not supported : Dmpu
2025-12-03 17:10:00,403 [ERROR] ConditionMgr:805 - Attr not supported : Dmpu
2025-12-03 17:10:00,403 [ERROR] ConditionMgr:805 - Attr not supported : Dmpu
2025-12-03 17:10:00,403 [ERROR] ConditionMgr:805 - Attr not supported : Dmpu
2025-12-03 17:10:00,403 [ERROR] ConditionMgr:805 - Attr not supported : Dmpu
2025-12-03 17:10:00,403 [ERROR] ConditionMgr:805 - Attr not supported : Dmpu
2025-12-03 17:10:00,403 [ERROR] ConditionMgr:805 - Attr not supported : Dmpu
2025-12-03 17:10:00,403 [ERROR] ConditionMgr:805 - Attr not supported : Dmpu
2025-12-03 17:10:00,403 [ERROR] ConditionMgr:805 - Attr not supported : Dmpu
2025-12-03 17:10:00,403 [ERROR] ConditionMgr:805 - Attr not supported : Dmpu
2025-12-03 17:10:00,403 [ERROR] ConditionMgr:805 - Attr not supported : Dmpu
2025-12-03 17:10:00,403 [ERROR] ConditionMgr:805 - Attr not supported : Dmpu
2025-12-03 17:10:00,403 [ERROR] ConditionMgr:805 - Attr not supported : Dmpu
2025-12-03 17:10:00,406 [WARN] PackLoader:240 - Cannot read IP mode file for STMicroelectronics.X-CUBE-WB05N.2.0.0
2025-12-03 17:10:00,420 [WARN] PackLoader:240 - Cannot read IP mode file for STMicroelectronics.X-CUBE-BLEMGR.3.0.0
2025-12-03 17:10:00,422 [ERROR] Engine:466 - C:\Users\RND1\.stm32cubemx\thirdparties\pdsc\STMicroelectronics.X-CUBE-TCPP.4.2.0.pdsc: PDSC version is not supported
2025-12-03 17:10:00,426 [WARN] PackLoader:240 - Cannot read IP mode file for RealThread.X-CUBE-RT-Thread_Nano.4.1.1
2025-12-03 17:10:00,430 [WARN] PackLoader:240 - Cannot read IP mode file for STMicroelectronics.FP-ATR-SIGFOX1.3.2.0
2025-12-03 17:10:00,434 [WARN] ConditionMgr:438 - getConditionDescription Invalid condition id : Cortex-A Device cause : null
2025-12-03 17:10:00,456 [WARN] ConditionMgr:1039 - genDependencies : Invalid condition id : Cortex-A Device cause : null
2025-12-03 17:10:00,456 [WARN] ConditionMgr:1039 - genDependencies : Invalid condition id : Cortex-A Device cause : null
2025-12-03 17:10:00,456 [WARN] ConditionMgr:1039 - genDependencies : Invalid condition id : Cortex-A Device cause : null
2025-12-03 17:10:00,460 [WARN] PackLoader:240 - Cannot read IP mode file for STMicroelectronics.X-CUBE-EEPRMA1.5.1.0
2025-12-03 17:10:00,462 [ERROR] Engine:466 - C:\Users\RND1\.stm32cubemx\thirdparties\pdsc\STMicroelectronics.X-CUBE-ST67W61.1.0.0.pdsc: PDSC version is not supported
2025-12-03 17:10:00,467 [WARN] PackLoader:240 - Cannot read IP mode file for STMicroelectronics.X-CUBE-AI.10.2.0
2025-12-03 17:10:00,482 [WARN] PackLoader:240 - Cannot read IP mode file for SEGGER.I-CUBE-embOS.1.3.1
2025-12-03 17:10:00,498 [WARN] PackLoader:240 - Cannot read IP mode file for STMicroelectronics.X-CUBE-ALGOBUILD.1.4.0
2025-12-03 17:10:00,518 [WARN] PackLoader:240 - Cannot read IP mode file for STMicroelectronics.X-CUBE-MEMS1.11.3.0
2025-12-03 17:10:00,575 [WARN] PackLoader:240 - Cannot read IP mode file for STMicroelectronics.X-CUBE-AI.9.1.0
2025-12-03 17:10:00,579 [WARN] PackLoader:240 - Cannot read IP mode file for STMicroelectronics.X-CUBE-PM33A1.1.0.0
2025-12-03 17:10:00,582 [WARN] PackLoader:240 - Cannot read IP mode file for STMicroelectronics.X-CUBE-GNSS1.6.0.0
2025-12-03 17:10:00,590 [WARN] PackLoader:240 - Cannot read IP mode file for STMicroelectronics.X-CUBE-AZRTOS-F4.1.1.0
2025-12-03 17:10:00,595 [WARN] PackLoader:240 - Cannot read IP mode file for wolfSSL.I-CUBE-wolfSSL.5.6.4
2025-12-03 17:10:00,597 [ERROR] Engine:466 - C:\Users\RND1\.stm32cubemx\thirdparties\pdsc\Avnet-IotConnect.X-CUBE-IoTC-DA16k-PMOD.1.0.0.pdsc: PDSC version is not supported
2025-12-03 17:10:00,602 [WARN] PackLoader:240 - Cannot read IP mode file for STMicroelectronics.X-CUBE-ISPU.2.1.0
2025-12-03 17:10:00,605 [ERROR] Engine:466 - C:\Users\RND1\.stm32cubemx\thirdparties\pdsc\STMicroelectronics.X-CUBE-IPS.3.2.0.pdsc: PDSC version is not supported
2025-12-03 17:10:00,609 [WARN] PackLoader:240 - Cannot read IP mode file for STMicroelectronics.X-CUBE-FREERTOS.1.2.0
2025-12-03 17:10:00,615 [WARN] PackLoader:240 - Cannot read IP mode file for STMicroelectronics.X-CUBE-NFC12.1.0.0
2025-12-03 17:10:00,626 [WARN] PackLoader:240 - Cannot read IP mode file for STMicroelectronics.X-CUBE-AZRTOS-L5.2.0.0
2025-12-03 17:10:00,634 [WARN] PackLoader:240 - Cannot read IP mode file for STMicroelectronics.X-CUBE-EEPRMA1.4.2.0
2025-12-03 17:10:00,641 [WARN] PackLoader:240 - Cannot read IP mode file for STMicroelectronics.X-CUBE-NFC6.3.1.0
2025-12-03 17:10:00,647 [WARN] PackLoader:240 - Cannot read IP mode file for ITTIA_DB.I-CUBE-ITTIADB.8.8.0
2025-12-03 17:10:00,653 [WARN] PackLoader:240 - Cannot read IP mode file for STMicroelectronics.X-CUBE-DPower.1.2.0
2025-12-03 17:10:00,656 [WARN] PackLoader:240 - Cannot read IP mode file for STMicroelectronics.X-CUBE-AI.9.0.0
2025-12-03 17:10:00,661 [WARN] PackLoader:240 - Cannot read IP mode file for STMicroelectronics.X-CUBE-FREERTOS.1.3.1
2025-12-03 17:10:00,666 [WARN] PackLoader:240 - Cannot read IP mode file for STMicroelectronics.X-CUBE-FREERTOS.1.3.0
2025-12-03 17:10:00,670 [WARN] PackLoader:240 - Cannot read IP mode file for STMicroelectronics.X-CUBE-NFC7.1.0.1
2025-12-03 17:10:00,673 [WARN] PackLoader:240 - Cannot read IP mode file for STMicroelectronics.X-CUBE-TOUCHGFX.4.26.0
2025-12-03 17:10:00,677 [WARN] PackLoader:240 - Cannot read IP mode file for STMicroelectronics.X-CUBE-NFC6.3.0.0
2025-12-03 17:10:00,681 [ERROR] Engine:466 - C:\Users\RND1\.stm32cubemx\thirdparties\pdsc\STMicroelectronics.FP-SNS-STAIOTCFT.1.0.0.pdsc: PDSC version is not supported
2025-12-03 17:10:00,685 [WARN] PackLoader:240 - Cannot read IP mode file for STMicroelectronics.X-CUBE-DPower.1.3.0
2025-12-03 17:10:00,688 [WARN] PackLoader:240 - Cannot read IP mode file for STMicroelectronics.X-CUBE-AI.8.1.0
2025-12-03 17:10:00,699 [WARN] ConditionMgr:438 - getConditionDescription Invalid condition id : LAN8742 Phy interface Condition cause : null
2025-12-03 17:10:00,699 [WARN] PackLoader:240 - Cannot read IP mode file for STMicroelectronics.X-CUBE-AZRTOS-L4.2.0.0
2025-12-03 17:10:00,700 [WARN] ConditionMgr:1039 - genDependencies : Invalid condition id : LAN8742 Phy interface Condition cause : null
2025-12-03 17:10:00,700 [WARN] ConditionMgr:1039 - genDependencies : Invalid condition id : LAN8742 Phy interface Condition cause : null
2025-12-03 17:10:00,700 [WARN] ConditionMgr:1039 - genDependencies : Invalid condition id : LAN8742 Phy interface Condition cause : null
2025-12-03 17:10:00,704 [WARN] PackLoader:240 - Cannot read IP mode file for STMicroelectronics.X-CUBE-SFXS2LP1.4.0.0
2025-12-03 17:10:00,713 [WARN] PackLoader:240 - Cannot read IP mode file for STMicroelectronics.X-CUBE-AZRTOS-H7.3.3.0
2025-12-03 17:10:00,717 [ERROR] Engine:466 - C:\Users\RND1\.stm32cubemx\thirdparties\pdsc\STMicroelectronics.X-CUBE-BLEMGR.4.1.0.pdsc: PDSC version is not supported
2025-12-03 17:10:00,723 [WARN] PackLoader:240 - Cannot read IP mode file for STMicroelectronics.X-CUBE-IPS.3.0.0
2025-12-03 17:10:00,732 [WARN] ConditionMgr:438 - getConditionDescription Invalid condition id : UX DEVICE CLASS RTOS Condition cause : null
2025-12-03 17:10:00,732 [WARN] ConditionMgr:438 - getConditionDescription Invalid condition id : UX DEVICE CLASS RTOS Condition cause : null
2025-12-03 17:10:00,733 [WARN] PackLoader:240 - Cannot read IP mode file for STMicroelectronics.X-CUBE-AZRTOS-WB.2.0.0
2025-12-03 17:10:00,733 [WARN] ConditionMgr:1039 - genDependencies : Invalid condition id : UX DEVICE CLASS RTOS Condition cause : null
2025-12-03 17:10:00,733 [WARN] ConditionMgr:1039 - genDependencies : Invalid condition id : UX DEVICE CLASS RTOS Condition cause : null
2025-12-03 17:10:00,733 [WARN] ConditionMgr:1039 - genDependencies : Invalid condition id : UX DEVICE CLASS RTOS Condition cause : null
2025-12-03 17:10:00,733 [WARN] ConditionMgr:1039 - genDependencies : Invalid condition id : UX DEVICE CLASS RTOS Condition cause : null
2025-12-03 17:10:00,733 [WARN] ConditionMgr:1039 - genDependencies : Invalid condition id : UX DEVICE CLASS RTOS Condition cause : null
2025-12-03 17:10:00,737 [WARN] PackLoader:240 - Cannot read IP mode file for STMicroelectronics.X-CUBE-GNSS1.7.0.0
2025-12-03 17:10:00,740 [WARN] PackLoader:240 - Cannot read IP mode file for STMicroelectronics.X-CUBE-GNSS1.7.0.1
2025-12-03 17:10:00,744 [WARN] PackLoader:240 - Cannot read IP mode file for STMicroelectronics.X-CUBE-TOUCHGFX.4.25.0
2025-12-03 17:10:00,750 [WARN] PackLoader:240 - Cannot read IP mode file for STMicroelectronics.FP-SNS-STBOX1.2.0.0
2025-12-03 17:10:00,758 [WARN] PackLoader:240 - Cannot read IP mode file for STMicroelectronics.X-CUBE-SUBG2.5.0.0
2025-12-03 17:10:00,769 [WARN] PackLoader:240 - Cannot read IP mode file for STMicroelectronics.X-CUBE-AZRTOS-H7RS.1.1.0
2025-12-03 17:10:00,778 [WARN] PackLoader:240 - Cannot read IP mode file for STMicroelectronics.X-CUBE-AZRTOS-G4.2.0.0
2025-12-03 17:10:00,787 [WARN] PackLoader:240 - Cannot read IP mode file for Infineon.AIROC-Wi-Fi-Bluetooth-STM32.1.5.1
2025-12-03 17:10:00,793 [WARN] PackLoader:240 - Cannot read IP mode file for STMicroelectronics.X-CUBE-NFC7.2.0.0
2025-12-03 17:10:00,797 [WARN] PackLoader:240 - Cannot read IP mode file for STMicroelectronics.FP-SNS-MOTENVWB1.1.3.1
2025-12-03 17:10:00,801 [WARN] PackLoader:240 - Cannot read IP mode file for STMicroelectronics.X-CUBE-ISPU.2.0.0
2025-12-03 17:10:00,804 [ERROR] Engine:466 - C:\Users\RND1\.stm32cubemx\thirdparties\pdsc\STMicroelectronics.X-CUBE-IPS.3.1.0.pdsc: PDSC version is not supported
2025-12-03 17:10:00,807 [WARN] PackLoader:240 - Cannot read IP mode file for STMicroelectronics.X-CUBE-ALS.1.0.2
2025-12-03 17:10:00,826 [WARN] PackLoader:240 - Cannot read IP mode file for STMicroelectronics.X-CUBE-MEMS1.10.0.0
2025-12-03 17:10:00,909 [WARN] PackLoader:240 - Cannot read IP mode file for STMicroelectronics.X-CUBE-FREERTOS.1.1.0
2025-12-03 17:10:00,914 [WARN] PackLoader:240 - Cannot read IP mode file for STMicroelectronics.X-CUBE-TOUCHGFX.4.24.0
2025-12-03 17:10:00,917 [WARN] PackLoader:240 - Cannot read IP mode file for STMicroelectronics.X-CUBE-TOUCHGFX.4.24.2
2025-12-03 17:10:00,920 [WARN] PackLoader:240 - Cannot read IP mode file for STMicroelectronics.X-CUBE-TOUCHGFX.4.24.1
2025-12-03 17:10:00,925 [WARN] PackLoader:240 - Cannot read IP mode file for STMicroelectronics.X-CUBE-STSE01.1.0.0
2025-12-03 17:10:00,930 [WARN] PackLoader:240 - Cannot read IP mode file for wolfSSL.I-CUBE-wolfTPM.3.4.0
2025-12-03 17:10:00,937 [WARN] PackLoader:240 - Cannot read IP mode file for portGmbH.I-Cube-SoM-uGOAL.1.1.0
2025-12-03 17:10:00,940 [WARN] PackLoader:240 - Cannot read IP mode file for STMicroelectronics.X-CUBE-ALS.1.0.1
2025-12-03 17:10:00,950 [WARN] PackLoader:240 - Cannot read IP mode file for STMicroelectronics.X-CUBE-AZRTOS-H7RS.1.0.0
2025-12-03 17:10:00,954 [WARN] PackLoader:240 - Cannot read IP mode file for STMicroelectronics.FP-ATR-ASTRA1.2.0.0
2025-12-03 17:10:00,959 [WARN] PackLoader:240 - Cannot read IP mode file for STMicroelectronics.X-CUBE-TOF1.3.4.2
2025-12-03 17:10:00,974 [ERROR] Engine:466 - C:\Users\RND1\.stm32cubemx\thirdparties\pdsc\STMicroelectronics.X-CUBE-TOF1.3.4.3.pdsc: PDSC version is not supported
2025-12-03 17:10:00,983 [WARN] PackLoader:240 - Cannot read IP mode file for STMicroelectronics.X-CUBE-TOF1.3.4.0
2025-12-03 17:10:00,998 [WARN] PackLoader:240 - Cannot read IP mode file for STMicroelectronics.X-CUBE-TOF1.3.4.1
2025-12-03 17:10:01,014 [WARN] PackLoader:240 - Cannot read IP mode file for STMicroelectronics.X-CUBE-AZRTOS-H7.3.2.0
2025-12-03 17:10:01,026 [WARN] PackLoader:240 - Cannot read IP mode file for wolfSSL.I-CUBE-wolfSSH.1.4.17
2025-12-03 17:10:01,028 [INFO] ThirdParty:978 - Integrity check success = true
2025-12-03 17:10:01,028 [INFO] IntegrityCheckThread:100 - exiting critical section [integrity check]
2025-12-03 17:10:01,028 [INFO] IntegrityCheckThread:103 - End integrity checks thread
2025-12-03 17:11:33,422 [INFO] Activator:176 - 


2025-12-03 17:11:33,424 [INFO] Activator:177 - !SESSION log4j initialized
2025-12-03 17:11:38,094 [INFO] LogOutputStream:77 - [STDOUT_REDIRECT] 
2025-12-03 17:11:39,625 [INFO] ApplicationProperties:184 - Using Application install path: C:\ST\STM32CubeIDE_1.16.1\STM32CubeIDE\plugins\com.st.stm32cube.common.mx_6.12.1.202409122256
2025-12-03 17:11:39,638 [INFO] DbMcusXml:78 - Set database path to: C:\ST\STM32CubeIDE_1.16.1\STM32CubeIDE\plugins\com.st.stm32cube.common.mx_6.12.1.202409122256\\db\/mcu/
2025-12-03 17:11:39,638 [INFO] ApiDb:274 - Set plugin database path to: C:\ST\STM32CubeIDE_1.16.1\STM32CubeIDE\plugins\com.st.stm32cube.common.mx_6.12.1.202409122256\\db\/plugins/boardmanager/
2025-12-03 17:11:39,638 [WARN] ApiDb:259 - Overriding images path with different value:  => C:\ST\STM32CubeIDE_1.16.1\STM32CubeIDE\plugins\com.st.stm32cube.common.mx_6.12.1.202409122256\\db\/plugins/mcufinder/images/
2025-12-03 17:11:39,642 [INFO] ApiDb:250 - Set database path to: C:\Users\RND1\.stmcufinder\plugins\mcufinder//mcu/
2025-12-03 17:11:39,643 [INFO] DbMcusAds:125 - Set database path to: C:\Users\RND1\.stmcufinder\plugins\mcufinder//mcu/
2025-12-03 17:11:39,644 [INFO] CrossReferenceDbSqlite:203 - Set database path to: C:\Users\RND1\.stmcufinder\plugins\mcufinder//mcu/cs/
2025-12-03 17:11:39,708 [INFO] RulesReader:64 - Compatibility file has been processed (297 Rules)
2025-12-03 17:11:39,766 [INFO] DbMcusXml:78 - Set database path to: C:\ST\STM32CubeIDE_1.16.1\STM32CubeIDE\plugins\com.st.stm32cube.common.mx_6.12.1.202409122256\\db\/mcu/
2025-12-03 17:11:39,766 [INFO] ApiDb:274 - Set plugin database path to: C:\ST\STM32CubeIDE_1.16.1\STM32CubeIDE\plugins\com.st.stm32cube.common.mx_6.12.1.202409122256\\db\/plugins/boardmanager/
2025-12-03 17:11:39,766 [INFO] ApiDb:261 - Set plugin images path to: C:\ST\STM32CubeIDE_1.16.1\STM32CubeIDE\plugins\com.st.stm32cube.common.mx_6.12.1.202409122256\\db\/plugins/mcufinder/images/
2025-12-03 17:11:39,766 [WARN] DbFile:41 - Overriding database path with different value: C:\Users\RND1\.stmcufinder\plugins\mcufinder/ => C:\Users\RND1\.stmcufinder\plugins\mcufinder
2025-12-03 17:11:39,767 [INFO] ApiDb:250 - Set database path to: C:\Users\RND1\.stmcufinder\plugins\mcufinder//mcu/
2025-12-03 17:11:39,767 [WARN] DbFile:41 - Overriding database path with different value: C:\Users\RND1\.stmcufinder\plugins\mcufinder/ => C:\Users\RND1\.stmcufinder\plugins\mcufinder
2025-12-03 17:11:39,767 [INFO] DbMcusAds:125 - Set database path to: C:\Users\RND1\.stmcufinder\plugins\mcufinder//mcu/
2025-12-03 17:11:39,767 [WARN] DbFile:41 - Overriding database path with different value: C:\Users\RND1\.stmcufinder\plugins\mcufinder/ => C:\Users\RND1\.stmcufinder\plugins\mcufinder
2025-12-03 17:11:39,767 [WARN] DbFile:41 - Overriding database path with different value: C:\Users\RND1\.stmcufinder\plugins\mcufinder/ => C:\Users\RND1\.stmcufinder\plugins\mcufinder
2025-12-03 17:11:39,767 [INFO] CrossReferenceDbSqlite:203 - Set database path to: C:\Users\RND1\.stmcufinder\plugins\mcufinder//mcu/cs/
2025-12-03 17:11:39,818 [INFO] MainPanel:268 - HeapMemory: 268435456
2025-12-03 17:11:39,869 [INFO] DbMcusXml:78 - Set database path to: C:\ST\STM32CubeIDE_1.16.1\STM32CubeIDE\plugins\com.st.stm32cube.common.mx_6.12.1.202409122256\\db\/mcu/
2025-12-03 17:11:39,869 [INFO] ApiDb:274 - Set plugin database path to: C:\ST\STM32CubeIDE_1.16.1\STM32CubeIDE\plugins\com.st.stm32cube.common.mx_6.12.1.202409122256\\db\/plugins/boardmanager/
2025-12-03 17:11:39,869 [INFO] ApiDb:261 - Set plugin images path to: C:\ST\STM32CubeIDE_1.16.1\STM32CubeIDE\plugins\com.st.stm32cube.common.mx_6.12.1.202409122256\\db\/plugins/mcufinder/images/
2025-12-03 17:11:39,870 [WARN] DbFile:41 - Overriding database path with different value: C:\Users\RND1\.stmcufinder\plugins\mcufinder/ => C:\Users\RND1\.stmcufinder\plugins\mcufinder
2025-12-03 17:11:39,870 [INFO] ApiDb:250 - Set database path to: C:\Users\RND1\.stmcufinder\plugins\mcufinder//mcu/
2025-12-03 17:11:39,870 [WARN] DbFile:41 - Overriding database path with different value: C:\Users\RND1\.stmcufinder\plugins\mcufinder/ => C:\Users\RND1\.stmcufinder\plugins\mcufinder
2025-12-03 17:11:39,870 [INFO] DbMcusAds:125 - Set database path to: C:\Users\RND1\.stmcufinder\plugins\mcufinder//mcu/
2025-12-03 17:11:39,870 [WARN] DbFile:41 - Overriding database path with different value: C:\Users\RND1\.stmcufinder\plugins\mcufinder/ => C:\Users\RND1\.stmcufinder\plugins\mcufinder
2025-12-03 17:11:39,870 [WARN] DbFile:41 - Overriding database path with different value: C:\Users\RND1\.stmcufinder\plugins\mcufinder/ => C:\Users\RND1\.stmcufinder\plugins\mcufinder
2025-12-03 17:11:39,870 [INFO] CrossReferenceDbSqlite:203 - Set database path to: C:\Users\RND1\.stmcufinder\plugins\mcufinder//mcu/cs/
2025-12-03 17:11:39,882 [INFO] ApplicationProperties:184 - Using Application install path: C:\ST\STM32CubeIDE_1.16.1\STM32CubeIDE\plugins\com.st.stm32cube.common.mx_6.12.1.202409122256
2025-12-03 17:11:39,883 [INFO] PluginManage:196 - Search for loadable plugins [exclusion list=, ]
2025-12-03 17:11:39,884 [INFO] PluginManage:310 - Check plugin analytics
2025-12-03 17:11:40,010 [INFO] AnalyticsPlugin:253 - Accepted Software Licenses: STM32CubeMX.6.10.0
2025-12-03 17:11:40,010 [INFO] AnalyticsPlugin:255 - Accepted CMSIS Pack Licenses: 
2025-12-03 17:11:40,010 [INFO] AnalyticsPlugin:257 - Accepted Firmware Licenses: FW.G4.1.5.0,FW.G4.1.6.0,FW.F4.1.28.0,FW.H7.1.11.0
2025-12-03 17:11:40,013 [INFO] PluginManage:359 - Loaded plugin analytics (category:tool,tabindex:-1)
2025-12-03 17:11:40,013 [INFO] PluginManage:310 - Check plugin cadmodel
2025-12-03 17:11:40,017 [INFO] CADModel:105 - Init CAD model plugin
2025-12-03 17:11:40,017 [INFO] PluginManage:359 - Loaded plugin cadmodel (category:power,tabindex:5)
2025-12-03 17:11:40,017 [INFO] PluginManage:310 - Check plugin clock
2025-12-03 17:11:40,024 [INFO] PluginManage:359 - Loaded plugin clock (category:base,tabindex:2)
2025-12-03 17:11:40,024 [INFO] PluginManage:310 - Check plugin ddr
2025-12-03 17:11:40,027 [INFO] PluginManage:359 - Loaded plugin ddr (category:tool,tabindex:6)
2025-12-03 17:11:40,027 [INFO] PluginManage:310 - Check plugin filemanager
2025-12-03 17:11:40,134 [INFO] PluginManage:359 - Loaded plugin filemanager (category:base,tabindex:10)
2025-12-03 17:11:40,135 [INFO] PluginManage:310 - Check plugin ipmanager
2025-12-03 17:11:40,142 [INFO] PluginManage:359 - Loaded plugin ipmanager (category:base,tabindex:5)
2025-12-03 17:11:40,142 [INFO] PluginManage:310 - Check plugin lpbam
2025-12-03 17:11:40,149 [INFO] PluginManage:359 - Loaded plugin lpbam (category:base,tabindex:0)
2025-12-03 17:11:40,149 [INFO] PluginManage:310 - Check plugin memorymap
2025-12-03 17:11:40,157 [INFO] PluginManage:359 - Loaded plugin memorymap (category:base,tabindex:4)
2025-12-03 17:11:40,157 [INFO] PluginManage:310 - Check plugin pinoutandconfiguration
2025-12-03 17:11:40,163 [INFO] PluginManage:359 - Loaded plugin pinoutandconfiguration (category:base,tabindex:1)
2025-12-03 17:11:40,163 [INFO] PluginManage:310 - Check plugin pinoutconfig
2025-12-03 17:11:40,227 [WARN] SupportedApi:132 - Cannot load RTOS API schema: s4s-elt-must-match.1: The content of 'definitions' must match (annotation?, (simpleType | complexType)?, (unique | key | keyref)*)). A problem was found starting at: attribute.
2025-12-03 17:11:40,320 [INFO] PluginManage:359 - Loaded plugin pinoutconfig (category:base,tabindex:0)
2025-12-03 17:11:40,321 [INFO] PluginManage:310 - Check plugin power
2025-12-03 17:11:40,327 [INFO] PluginManage:359 - Loaded plugin power (category:power,tabindex:4)
2025-12-03 17:11:40,327 [INFO] PluginManage:310 - Check plugin projectmanager
2025-12-03 17:11:40,349 [INFO] PluginManage:359 - Loaded plugin projectmanager (category:projectmanager,tabindex:4)
2025-12-03 17:11:40,350 [INFO] PluginManage:310 - Check plugin rif
2025-12-03 17:11:40,360 [INFO] PluginManage:359 - Loaded plugin rif (category:base,tabindex:3)
2025-12-03 17:11:40,360 [INFO] PluginManage:310 - Check plugin thirdparty
2025-12-03 17:11:40,444 [WARN] IntegrityCheckThread:84 - waiting for thirdparty lock release [integrity check]
2025-12-03 17:11:40,444 [INFO] IntegrityCheckThread:86 - entering critical section [integrity check]
2025-12-03 17:11:40,444 [INFO] PluginManage:359 - Loaded plugin thirdparty (category:base,tabindex:-1)
2025-12-03 17:11:40,444 [INFO] PluginManage:310 - Check plugin tools
2025-12-03 17:11:40,444 [INFO] ThirdPartyUpdaterWithRetryManager:70 - Updater plugin not ready yet. [1/15]
2025-12-03 17:11:40,447 [INFO] PluginManage:359 - Loaded plugin tools (category:base,tabindex:7)
2025-12-03 17:11:40,456 [INFO] PluginManage:310 - Check plugin tutovideos
2025-12-03 17:11:40,547 [INFO] PluginManage:359 - Loaded plugin tutovideos (category:base,tabindex:-1)
2025-12-03 17:11:40,547 [INFO] PluginManage:310 - Check plugin updater
2025-12-03 17:11:40,558 [INFO] PluginManage:359 - Loaded plugin updater (category:base,tabindex:12)
2025-12-03 17:11:40,558 [INFO] PluginManage:310 - Check plugin userauth
2025-12-03 17:11:40,561 [INFO] UserAuth:113 - Init User Auth plugin
2025-12-03 17:11:40,561 [INFO] PluginManage:359 - Loaded plugin userauth (category:base,tabindex:14)
2025-12-03 17:11:40,562 [INFO] PluginManage:283 - PluginManage : Loaded plugins [18]
2025-12-03 17:11:40,693 [INFO] PinOutPanel:1561 - setPackage(No Configuration,No Configuration)
2025-12-03 17:11:40,758 [INFO] CADModel:165 - CPN selected for project level
2025-12-03 17:11:40,758 [INFO] CADModel:114 - Register for checkConnection events
2025-12-03 17:11:40,767 [INFO] IPUIPlugin:80 - create IPUIPlugin
2025-12-03 17:11:40,768 [INFO] PluginManager:220 - loadIPPluginJar : add adc
2025-12-03 17:11:40,769 [INFO] IPUIPlugin:80 - create IPUIPlugin
2025-12-03 17:11:40,769 [INFO] PluginManager:220 - loadIPPluginJar : add aes
2025-12-03 17:11:40,771 [INFO] IPUIPlugin:80 - create IPUIPlugin
2025-12-03 17:11:40,771 [INFO] PluginManager:220 - loadIPPluginJar : add can
2025-12-03 17:11:40,772 [INFO] IPUIPlugin:80 - create IPUIPlugin
2025-12-03 17:11:40,772 [INFO] PluginManager:220 - loadIPPluginJar : add comp
2025-12-03 17:11:40,774 [INFO] IPUIPlugin:80 - create IPUIPlugin
2025-12-03 17:11:40,774 [INFO] PluginManager:220 - loadIPPluginJar : add cryp
2025-12-03 17:11:40,776 [INFO] IPUIPlugin:80 - create IPUIPlugin
2025-12-03 17:11:40,776 [INFO] PluginManager:220 - loadIPPluginJar : add ddr_ctrl_phy
2025-12-03 17:11:40,777 [INFO] IPUIPlugin:80 - create IPUIPlugin
2025-12-03 17:11:40,777 [INFO] PluginManager:220 - loadIPPluginJar : add dfsdm
2025-12-03 17:11:40,780 [INFO] IPUIPlugin:80 - create IPUIPlugin
2025-12-03 17:11:40,781 [INFO] PluginManager:220 - loadIPPluginJar : add dma
2025-12-03 17:11:40,782 [INFO] IPUIPlugin:80 - create IPUIPlugin
2025-12-03 17:11:40,782 [INFO] PluginManager:220 - loadIPPluginJar : add dma3
2025-12-03 17:11:40,784 [INFO] IPUIPlugin:80 - create IPUIPlugin
2025-12-03 17:11:40,784 [INFO] PluginManager:220 - loadIPPluginJar : add extmemmanager
2025-12-03 17:11:40,785 [INFO] IPUIPlugin:80 - create IPUIPlugin
2025-12-03 17:11:40,785 [INFO] PluginManager:220 - loadIPPluginJar : add fatfs
2025-12-03 17:11:40,787 [INFO] IPUIPlugin:80 - create IPUIPlugin
2025-12-03 17:11:40,787 [INFO] PluginManager:220 - loadIPPluginJar : add fmc
2025-12-03 17:11:40,790 [INFO] IPUIPlugin:80 - create IPUIPlugin
2025-12-03 17:11:40,790 [INFO] PluginManager:220 - loadIPPluginJar : add freertos
2025-12-03 17:11:40,791 [INFO] IPUIPlugin:80 - create IPUIPlugin
2025-12-03 17:11:40,791 [INFO] PluginManager:220 - loadIPPluginJar : add genericplugin
2025-12-03 17:11:40,792 [INFO] IPUIPlugin:80 - create IPUIPlugin
2025-12-03 17:11:40,792 [INFO] PluginManager:220 - loadIPPluginJar : add gfxmmu
2025-12-03 17:11:40,795 [INFO] IPUIPlugin:80 - create IPUIPlugin
2025-12-03 17:11:40,795 [INFO] PluginManager:220 - loadIPPluginJar : add gic
2025-12-03 17:11:40,797 [INFO] IPUIPlugin:80 - create IPUIPlugin
2025-12-03 17:11:40,797 [INFO] PluginManager:220 - loadIPPluginJar : add gpio
2025-12-03 17:11:40,799 [INFO] IPUIPlugin:80 - create IPUIPlugin
2025-12-03 17:11:40,799 [INFO] PluginManager:220 - loadIPPluginJar : add gtzc
2025-12-03 17:11:40,800 [INFO] IPUIPlugin:80 - create IPUIPlugin
2025-12-03 17:11:40,800 [INFO] PluginManager:220 - loadIPPluginJar : add hash
2025-12-03 17:11:40,802 [INFO] IPUIPlugin:80 - create IPUIPlugin
2025-12-03 17:11:40,802 [INFO] PluginManager:220 - loadIPPluginJar : add i2c
2025-12-03 17:11:40,803 [INFO] IPUIPlugin:80 - create IPUIPlugin
2025-12-03 17:11:40,803 [INFO] PluginManager:220 - loadIPPluginJar : add i2s
2025-12-03 17:11:40,805 [INFO] IPUIPlugin:80 - create IPUIPlugin
2025-12-03 17:11:40,805 [INFO] PluginManager:220 - loadIPPluginJar : add i3c
2025-12-03 17:11:40,807 [INFO] IPUIPlugin:80 - create IPUIPlugin
2025-12-03 17:11:40,807 [INFO] PluginManager:220 - loadIPPluginJar : add ipddr
2025-12-03 17:11:40,812 [INFO] IPUIPlugin:80 - create IPUIPlugin
2025-12-03 17:11:40,812 [INFO] PluginManager:220 - loadIPPluginJar : add linkedlist
2025-12-03 17:11:40,814 [INFO] IPUIPlugin:80 - create IPUIPlugin
2025-12-03 17:11:40,814 [INFO] PluginManager:220 - loadIPPluginJar : add lorawan
2025-12-03 17:11:40,815 [INFO] IPUIPlugin:80 - create IPUIPlugin
2025-12-03 17:11:40,815 [INFO] PluginManager:220 - loadIPPluginJar : add ltdc
2025-12-03 17:11:40,818 [INFO] IPUIPlugin:80 - create IPUIPlugin
2025-12-03 17:11:40,819 [INFO] PluginManager:220 - loadIPPluginJar : add mdma
2025-12-03 17:11:40,820 [INFO] IPUIPlugin:80 - create IPUIPlugin
2025-12-03 17:11:40,821 [INFO] PluginManager:220 - loadIPPluginJar : add nvic
2025-12-03 17:11:40,823 [INFO] IPUIPlugin:80 - create IPUIPlugin
2025-12-03 17:11:40,823 [INFO] PluginManager:220 - loadIPPluginJar : add opamp
2025-12-03 17:11:40,825 [INFO] IPUIPlugin:80 - create IPUIPlugin
2025-12-03 17:11:40,825 [INFO] PluginManager:220 - loadIPPluginJar : add openamp
2025-12-03 17:11:40,827 [INFO] IPUIPlugin:80 - create IPUIPlugin
2025-12-03 17:11:40,827 [INFO] PluginManager:220 - loadIPPluginJar : add pdm2pcm
2025-12-03 17:11:40,830 [INFO] IPUIPlugin:80 - create IPUIPlugin
2025-12-03 17:11:40,831 [INFO] PluginManager:220 - loadIPPluginJar : add plateformsettings
2025-12-03 17:11:40,832 [INFO] IPUIPlugin:80 - create IPUIPlugin
2025-12-03 17:11:40,833 [INFO] PluginManager:220 - loadIPPluginJar : add quadspi
2025-12-03 17:11:40,834 [INFO] IPUIPlugin:80 - create IPUIPlugin
2025-12-03 17:11:40,834 [INFO] PluginManager:220 - loadIPPluginJar : add radio
2025-12-03 17:11:40,836 [INFO] IPUIPlugin:80 - create IPUIPlugin
2025-12-03 17:11:40,836 [INFO] PluginManager:220 - loadIPPluginJar : add resmgrutility
2025-12-03 17:11:40,838 [INFO] IPUIPlugin:80 - create IPUIPlugin
2025-12-03 17:11:40,838 [INFO] PluginManager:220 - loadIPPluginJar : add sai
2025-12-03 17:11:40,840 [INFO] IPUIPlugin:80 - create IPUIPlugin
2025-12-03 17:11:40,840 [INFO] PluginManager:220 - loadIPPluginJar : add spi
2025-12-03 17:11:40,843 [INFO] IPUIPlugin:80 - create IPUIPlugin
2025-12-03 17:11:40,843 [INFO] PluginManager:220 - loadIPPluginJar : add stm32_wpan
2025-12-03 17:11:40,844 [INFO] IPUIPlugin:80 - create IPUIPlugin
2025-12-03 17:11:40,844 [INFO] PluginManager:220 - loadIPPluginJar : add tim
2025-12-03 17:11:40,846 [INFO] IPUIPlugin:80 - create IPUIPlugin
2025-12-03 17:11:40,846 [INFO] PluginManager:220 - loadIPPluginJar : add touchsensing
2025-12-03 17:11:40,847 [INFO] IPUIPlugin:80 - create IPUIPlugin
2025-12-03 17:11:40,847 [INFO] PluginManager:220 - loadIPPluginJar : add tracer_emb
2025-12-03 17:11:40,848 [INFO] IPUIPlugin:80 - create IPUIPlugin
2025-12-03 17:11:40,848 [INFO] PluginManager:220 - loadIPPluginJar : add ts
2025-12-03 17:11:40,849 [INFO] IPUIPlugin:80 - create IPUIPlugin
2025-12-03 17:11:40,849 [INFO] PluginManager:220 - loadIPPluginJar : add tsc
2025-12-03 17:11:40,850 [INFO] IPUIPlugin:80 - create IPUIPlugin
2025-12-03 17:11:40,850 [INFO] PluginManager:220 - loadIPPluginJar : add ucpd
2025-12-03 17:11:40,852 [INFO] IPUIPlugin:80 - create IPUIPlugin
2025-12-03 17:11:40,852 [INFO] PluginManager:220 - loadIPPluginJar : add usart
2025-12-03 17:11:40,854 [INFO] IPUIPlugin:80 - create IPUIPlugin
2025-12-03 17:11:40,854 [INFO] PluginManager:220 - loadIPPluginJar : add usbx
2025-12-03 17:11:40,973 [INFO] CADModel:165 - CPN selected for project level
2025-12-03 17:11:40,973 [INFO] CADModel:114 - Register for checkConnection events
2025-12-03 17:11:40,973 [FATAL] Updater:334 - Updater called before beeing initialized
2025-12-03 17:11:40,974 [ERROR] CADModel:125 - Updater not yet initialized, retry later 
2025-12-03 17:11:41,083 [INFO] CADModel:165 - CPN selected for project level
2025-12-03 17:11:41,083 [INFO] CADModel:114 - Register for checkConnection events
2025-12-03 17:11:41,083 [FATAL] Updater:334 - Updater called before beeing initialized
2025-12-03 17:11:41,083 [ERROR] CADModel:125 - Updater not yet initialized, retry later 
2025-12-03 17:11:41,085 [FATAL] Updater:334 - Updater called before beeing initialized
2025-12-03 17:11:41,185 [FATAL] Updater:334 - Updater called before beeing initialized
2025-12-03 17:11:41,188 [INFO] DbMcusAds:53 - JSON generation date=Tue Jul 08 17:14:27 KST 2025 (1751962467633)
2025-12-03 17:11:41,188 [FATAL] Updater:334 - Updater called before beeing initialized
2025-12-03 17:11:41,212 [WARN] DetailPanel:346 - Failed to get advertising image, set to default
2025-12-03 17:11:41,281 [FATAL] Updater:334 - Updater called before beeing initialized
2025-12-03 17:11:41,282 [FATAL] Updater:334 - Updater called before beeing initialized
2025-12-03 17:11:41,282 [FATAL] Updater:334 - Updater called before beeing initialized
2025-12-03 17:11:41,282 [WARN] DetailPanel:346 - Failed to get advertising image, set to default
2025-12-03 17:11:41,283 [FATAL] Updater:334 - Updater called before beeing initialized
2025-12-03 17:11:41,312 [ERROR] Updater:1164 - MainUpdater not yet initialized. External WinMGr cannot be set.
2025-12-03 17:11:41,313 [INFO] Updater:1100 - Updater Version found : 6.12.1
2025-12-03 17:11:41,324 [INFO] ApplicationProperties:184 - Using Application install path: C:\ST\STM32CubeIDE_1.16.1\STM32CubeIDE\plugins\com.st.stm32cube.common.mx_6.12.1.202409122256
2025-12-03 17:11:42,045 [INFO] MainUpdater:2873 - connection check result : 10
2025-12-03 17:11:42,046 [INFO] MainUpdater:290 - Updater Check For Update Now.
2025-12-03 17:11:42,046 [INFO] MicroXplorer:498 - Change Database Version : DB.6.0.121
2025-12-03 17:11:42,051 [INFO] McuFinderGlobals:63 - Set McuFinder mode to 2 (CubeIDE integrated)
2025-12-03 17:11:42,052 [INFO] UserAuth:417 - Internet connection configuration mode: 1
2025-12-03 17:11:42,080 [INFO] JxBrowserEngine:152 - Initiate JxBrowser Engine with user profile folder
2025-12-03 17:11:42,217 [INFO] CheckServerUpdateThread:120 - End of CheckServer Thread
2025-12-03 17:11:42,512 [INFO] WebApp:167 - Instantiating new browser for Auth
2025-12-03 17:11:42,969 [INFO] WebApp:448 - Apply proxy settings
2025-12-03 17:11:42,974 [INFO] WebApp:493 - Chromium authenticates against Manually configured proxy
2025-12-03 17:11:42,978 [INFO] WebApp:501 - Username used for proxy authentication: 
2025-12-03 17:11:42,995 [INFO] WebApp:869 - Register for checkConnection events
2025-12-03 17:11:42,995 [INFO] WebApp:448 - Apply proxy settings
2025-12-03 17:11:42,998 [INFO] WebApp:493 - Chromium authenticates against Manually configured proxy
2025-12-03 17:11:42,999 [INFO] WebApp:501 - Username used for proxy authentication: 
2025-12-03 17:11:43,106 [INFO] WebApp:220 - Starting web application
2025-12-03 17:11:43,106 [INFO] WebApp:578 - Web application path used C:\ST\STM32CubeIDE_1.16.1\STM32CubeIDE\plugins\com.st.stm32cube.common.mx_6.12.1.202409122256\db\plugins\mcufinder\reactClient1\index.html
2025-12-03 17:11:43,162 [INFO] UserAuth:417 - Internet connection configuration mode: 1
2025-12-03 17:11:43,276 [INFO] WebApp:186 - Connection restablished
2025-12-03 17:11:43,691 [WARN] PackLoader:240 - Cannot read IP mode file for STMicroelectronics.FP-SNS-MOTENVWB1.1.4.0
2025-12-03 17:11:43,697 [WARN] PackLoader:240 - Cannot read IP mode file for STMicroelectronics.FP-ATR-ASTRA1.2.0.2
2025-12-03 17:11:43,699 [WARN] PackLoader:240 - Cannot read IP mode file for STMicroelectronics.FP-ATR-ASTRA1.2.0.1
2025-12-03 17:11:43,705 [WARN] PackLoader:240 - Cannot read IP mode file for STMicroelectronics.X-CUBE-SMBUS.2.1.0
2025-12-03 17:11:43,711 [WARN] PackLoader:240 - Cannot read IP mode file for STMicroelectronics.X-CUBE-WB05N.1.1.0
2025-12-03 17:11:43,713 [ERROR] Engine:466 - C:\Users\RND1\.stm32cubemx\thirdparties\pdsc\STMicroelectronics.X-CUBE-ST60.1.0.0.pdsc: PDSC version is not supported
2025-12-03 17:11:43,717 [WARN] PackLoader:240 - Cannot read IP mode file for STMicroelectronics.X-CUBE-TOUCHGFX.4.23.0
2025-12-03 17:11:43,719 [WARN] PackLoader:240 - Cannot read IP mode file for STMicroelectronics.X-CUBE-TOUCHGFX.4.23.2
2025-12-03 17:11:43,735 [WARN] PackLoader:240 - Cannot read IP mode file for STMicroelectronics.X-CUBE-AZRTOS-F7.1.1.0
2025-12-03 17:11:43,742 [WARN] PackLoader:240 - Cannot read IP mode file for STMicroelectronics.FP-SNS-MOTENV1.4.3.2
2025-12-03 17:11:43,777 [WARN] PackLoader:240 - Cannot read IP mode file for STMicroelectronics.X-CUBE-MEMS1.11.0.0
2025-12-03 17:11:43,846 [ERROR] Engine:466 - C:\Users\RND1\.stm32cubemx\thirdparties\pdsc\STMicroelectronics.FP-SNS-MOTENV1.5.1.0.pdsc: PDSC version is not supported
2025-12-03 17:11:43,849 [WARN] PackLoader:240 - Cannot read IP mode file for STMicroelectronics.FP-SNS-FLIGHT1.5.0.2
2025-12-03 17:11:43,862 [WARN] PackLoader:240 - Cannot read IP mode file for STMicroelectronics.X-CUBE-AZRTOS-H7.3.4.0
2025-12-03 17:11:43,873 [WARN] PackLoader:240 - Cannot read IP mode file for STMicroelectronics.X-CUBE-DISPLAY.3.0.0
2025-12-03 17:11:43,879 [WARN] PackLoader:240 - Cannot read IP mode file for STMicroelectronics.X-CUBE-BLE1.7.0.0
2025-12-03 17:11:43,884 [WARN] PackLoader:240 - Cannot read IP mode file for STMicroelectronics.X-CUBE-NFC10.1.0.0
2025-12-03 17:11:43,892 [WARN] PackLoader:240 - Cannot read IP mode file for STMicroelectronics.X-CUBE-BLEMGR.4.0.0
2025-12-03 17:11:43,896 [ERROR] Engine:466 - C:\Users\RND1\.stm32cubemx\thirdparties\pdsc\STMicroelectronics.X-CUBE-ST60.1.1.0.pdsc: PDSC version is not supported
2025-12-03 17:11:43,900 [WARN] PackLoader:240 - Cannot read IP mode file for emotas.I-CUBE-CANOPEN.1.3.0
2025-12-03 17:11:43,904 [WARN] PackLoader:240 - Cannot read IP mode file for STMicroelectronics.X-CUBE-GNSS1.7.1.0
2025-12-03 17:11:43,916 [WARN] PackLoader:240 - Cannot read IP mode file for STMicroelectronics.X-CUBE-BLEMGR.3.1.0
2025-12-03 17:11:43,921 [WARN] PackLoader:240 - Cannot read IP mode file for STMicroelectronics.X-CUBE-AI.10.0.0
2025-12-03 17:11:43,926 [ERROR] Engine:466 - C:\Users\RND1\.stm32cubemx\thirdparties\pdsc\STMicroelectronics.FP-SNS-STBOX1.2.1.0.pdsc: PDSC version is not supported
2025-12-03 17:11:43,929 [WARN] PackLoader:240 - Cannot read IP mode file for STMicroelectronics.FP-SNS-SMARTAG2.1.2.0
2025-12-03 17:11:43,931 [ERROR] Engine:466 - C:\Users\RND1\.stm32cubemx\thirdparties\pdsc\STMicroelectronics.FP-SNS-FLIGHT1.5.1.0.pdsc: PDSC version is not supported
2025-12-03 17:11:43,961 [WARN] PackLoader:240 - Cannot read IP mode file for STMicroelectronics.X-CUBE-MEMS1.11.1.0
2025-12-03 17:11:44,045 [INFO] LogOutputStream:77 - [STDOUT_REDIRECT] 1 : Invalid condition id : UX_CORESTACK_Condition cause : null
2025-12-03 17:11:44,046 [INFO] LogOutputStream:77 - [STDOUT_REDIRECT] 1 : Invalid condition id : UX_CORESTACK_Condition cause : null
2025-12-03 17:11:44,047 [INFO] LogOutputStream:77 - [STDOUT_REDIRECT] 1 : Invalid condition id : UX_CORESTACK_Condition cause : null
2025-12-03 17:11:44,048 [INFO] LogOutputStream:77 - [STDOUT_REDIRECT] 1 : Invalid condition id : UX_CORESTACK_Condition cause : null
2025-12-03 17:11:44,050 [INFO] LogOutputStream:77 - [STDOUT_REDIRECT] 1 : Invalid condition id : UX_CORESTACK_Condition cause : null
2025-12-03 17:11:44,052 [WARN] PackLoader:240 - Cannot read IP mode file for STMicroelectronics.X-CUBE-AZRTOS-WL.2.0.0
2025-12-03 17:11:44,058 [WARN] PackLoader:240 - Cannot read IP mode file for STMicroelectronics.FP-SNS-MOTENV1.5.0.0
2025-12-03 17:11:44,075 [WARN] PackLoader:240 - Cannot read IP mode file for STMicroelectronics.X-CUBE-AZRTOS-H7RS.1.2.0
2025-12-03 17:11:44,081 [WARN] PackLoader:240 - Cannot read IP mode file for wolfSSL.I-CUBE-wolfMQTT.1.19.0
2025-12-03 17:11:44,088 [WARN] PackLoader:240 - Cannot read IP mode file for WES.I-CUBE-Cesium.1.3.0
2025-12-03 17:11:44,093 [WARN] PackLoader:240 - Cannot read IP mode file for STMicroelectronics.X-CUBE-BLE2.3.3.0
2025-12-03 17:11:44,094 [ERROR] Engine:466 - C:\Users\RND1\.stm32cubemx\thirdparties\pdsc\Avnet-IOTCONNECT.X-CUBE-iotc-st67-sdk.1.0.0.pdsc: PDSC version is not supported
2025-12-03 17:11:44,098 [WARN] PackLoader:240 - Cannot read IP mode file for STMicroelectronics.X-CUBE-NFC9.1.0.0
2025-12-03 17:11:44,102 [WARN] PackLoader:240 - Cannot read IP mode file for STMicroelectronics.X-CUBE-BLE1.7.1.0
2025-12-03 17:11:44,108 [WARN] PackLoader:240 - Cannot read IP mode file for STMicroelectronics.X-CUBE-TCPP.4.1.0
2025-12-03 17:11:44,111 [ERROR] Engine:466 - C:\Users\RND1\.stm32cubemx\thirdparties\pdsc\STMicroelectronics.X-CUBE-FREERTOS.1.4.0.pdsc: PDSC version is not supported
2025-12-03 17:11:44,115 [WARN] PackLoader:240 - Cannot read IP mode file for STMicroelectronics.X-CUBE-EEPRMA1.5.2.0
2025-12-03 17:11:44,118 [ERROR] Engine:466 - C:\Users\RND1\.stm32cubemx\thirdparties\pdsc\STMicroelectronics.X-CUBE-ST67W61.1.1.0.pdsc: PDSC version is not supported
2025-12-03 17:11:44,120 [WARN] PackLoader:240 - Cannot read IP mode file for STMicroelectronics.X-CUBE-AI.10.1.0
2025-12-03 17:11:44,150 [WARN] PackLoader:240 - Cannot read IP mode file for STMicroelectronics.X-CUBE-MEMS1.12.0.0
2025-12-03 17:11:44,208 [WARN] PackLoader:240 - Cannot read IP mode file for STMicroelectronics.X-CUBE-ALGOBUILD.1.3.0
2025-12-03 17:11:44,246 [WARN] PackLoader:240 - Cannot read IP mode file for STMicroelectronics.X-CUBE-MEMS1.11.2.0
2025-12-03 17:11:44,307 [WARN] PackLoader:240 - Cannot read IP mode file for STMicroelectronics.X-CUBE-AZRTOS-G0.1.1.0
2025-12-03 17:11:44,312 [WARN] PackLoader:240 - Cannot read IP mode file for STMicroelectronics.X-CUBE-SAFEA1.1.2.2
2025-12-03 17:11:44,316 [WARN] PackLoader:240 - Cannot read IP mode file for STMicroelectronics.X-CUBE-NFC4.3.0.0
2025-12-03 17:11:44,319 [WARN] PackLoader:240 - Cannot read IP mode file for wolfSSL.I-CUBE-wolfMQTT.1.18.0
2025-12-03 17:11:44,328 [WARN] PackLoader:240 - Cannot read IP mode file for EmbeddedOffice.I-CUBE-FS-RTOS.1.0.1
2025-12-03 17:11:44,329 [ERROR] ConditionMgr:805 - Attr not supported : Dmpu
2025-12-03 17:11:44,329 [ERROR] ConditionMgr:805 - Attr not supported : Dmpu
2025-12-03 17:11:44,329 [ERROR] ConditionMgr:805 - Attr not supported : Dmpu
2025-12-03 17:11:44,329 [ERROR] ConditionMgr:805 - Attr not supported : Dmpu
2025-12-03 17:11:44,329 [ERROR] ConditionMgr:805 - Attr not supported : Dmpu
2025-12-03 17:11:44,329 [ERROR] ConditionMgr:805 - Attr not supported : Dmpu
2025-12-03 17:11:44,329 [ERROR] ConditionMgr:805 - Attr not supported : Dmpu
2025-12-03 17:11:44,329 [ERROR] ConditionMgr:805 - Attr not supported : Dmpu
2025-12-03 17:11:44,329 [ERROR] ConditionMgr:805 - Attr not supported : Dmpu
2025-12-03 17:11:44,329 [ERROR] ConditionMgr:805 - Attr not supported : Dmpu
2025-12-03 17:11:44,329 [ERROR] ConditionMgr:805 - Attr not supported : Dmpu
2025-12-03 17:11:44,329 [ERROR] ConditionMgr:805 - Attr not supported : Dmpu
2025-12-03 17:11:44,329 [ERROR] ConditionMgr:805 - Attr not supported : Dmpu
2025-12-03 17:11:44,329 [ERROR] ConditionMgr:805 - Attr not supported : Dmpu
2025-12-03 17:11:44,330 [ERROR] ConditionMgr:805 - Attr not supported : Dmpu
2025-12-03 17:11:44,330 [ERROR] ConditionMgr:805 - Attr not supported : Dmpu
2025-12-03 17:11:44,330 [ERROR] ConditionMgr:805 - Attr not supported : Dmpu
2025-12-03 17:11:44,330 [ERROR] ConditionMgr:805 - Attr not supported : Dmpu
2025-12-03 17:11:44,330 [ERROR] ConditionMgr:805 - Attr not supported : Dmpu
2025-12-03 17:11:44,330 [ERROR] ConditionMgr:805 - Attr not supported : Dmpu
2025-12-03 17:11:44,330 [ERROR] ConditionMgr:805 - Attr not supported : Dmpu
2025-12-03 17:11:44,330 [ERROR] ConditionMgr:805 - Attr not supported : Dmpu
2025-12-03 17:11:44,330 [ERROR] ConditionMgr:805 - Attr not supported : Dmpu
2025-12-03 17:11:44,330 [ERROR] ConditionMgr:805 - Attr not supported : Dmpu
2025-12-03 17:11:44,330 [ERROR] ConditionMgr:805 - Attr not supported : Dmpu
2025-12-03 17:11:44,331 [ERROR] ConditionMgr:805 - Attr not supported : Dmpu
2025-12-03 17:11:44,331 [ERROR] ConditionMgr:805 - Attr not supported : Dmpu
2025-12-03 17:11:44,331 [ERROR] ConditionMgr:805 - Attr not supported : Dmpu
2025-12-03 17:11:44,331 [ERROR] ConditionMgr:805 - Attr not supported : Dmpu
2025-12-03 17:11:44,331 [ERROR] ConditionMgr:805 - Attr not supported : Dmpu
2025-12-03 17:11:44,331 [ERROR] ConditionMgr:805 - Attr not supported : Dmpu
2025-12-03 17:11:44,331 [ERROR] ConditionMgr:805 - Attr not supported : Dmpu
2025-12-03 17:11:44,331 [ERROR] ConditionMgr:805 - Attr not supported : Dmpu
2025-12-03 17:11:44,331 [ERROR] ConditionMgr:805 - Attr not supported : Dmpu
2025-12-03 17:11:44,331 [ERROR] ConditionMgr:805 - Attr not supported : Dmpu
2025-12-03 17:11:44,331 [ERROR] ConditionMgr:805 - Attr not supported : Dmpu
2025-12-03 17:11:44,331 [ERROR] ConditionMgr:805 - Attr not supported : Dmpu
2025-12-03 17:11:44,331 [ERROR] ConditionMgr:805 - Attr not supported : Dmpu
2025-12-03 17:11:44,331 [ERROR] ConditionMgr:805 - Attr not supported : Dmpu
2025-12-03 17:11:44,331 [ERROR] ConditionMgr:805 - Attr not supported : Dmpu
2025-12-03 17:11:44,331 [ERROR] ConditionMgr:805 - Attr not supported : Dmpu
2025-12-03 17:11:44,331 [ERROR] ConditionMgr:805 - Attr not supported : Dmpu
2025-12-03 17:11:44,331 [ERROR] ConditionMgr:805 - Attr not supported : Dmpu
2025-12-03 17:11:44,331 [ERROR] ConditionMgr:805 - Attr not supported : Dmpu
2025-12-03 17:11:44,331 [ERROR] ConditionMgr:805 - Attr not supported : Dmpu
2025-12-03 17:11:44,331 [ERROR] ConditionMgr:805 - Attr not supported : Dmpu
2025-12-03 17:11:44,331 [ERROR] ConditionMgr:805 - Attr not supported : Dmpu
2025-12-03 17:11:44,331 [ERROR] ConditionMgr:805 - Attr not supported : Dmpu
2025-12-03 17:11:44,331 [ERROR] ConditionMgr:805 - Attr not supported : Dmpu
2025-12-03 17:11:44,331 [ERROR] ConditionMgr:805 - Attr not supported : Dmpu
2025-12-03 17:11:44,331 [ERROR] ConditionMgr:805 - Attr not supported : Dmpu
2025-12-03 17:11:44,331 [ERROR] ConditionMgr:805 - Attr not supported : Dmpu
2025-12-03 17:11:44,331 [ERROR] ConditionMgr:805 - Attr not supported : Dmpu
2025-12-03 17:11:44,331 [ERROR] ConditionMgr:805 - Attr not supported : Dmpu
2025-12-03 17:11:44,331 [ERROR] ConditionMgr:805 - Attr not supported : Dmpu
2025-12-03 17:11:44,331 [ERROR] ConditionMgr:805 - Attr not supported : Dmpu
2025-12-03 17:11:44,331 [ERROR] ConditionMgr:805 - Attr not supported : Dmpu
2025-12-03 17:11:44,331 [ERROR] ConditionMgr:805 - Attr not supported : Dmpu
2025-12-03 17:11:44,331 [ERROR] ConditionMgr:805 - Attr not supported : Dmpu
2025-12-03 17:11:44,332 [ERROR] ConditionMgr:805 - Attr not supported : Dmpu
2025-12-03 17:11:44,332 [ERROR] ConditionMgr:805 - Attr not supported : Dmpu
2025-12-03 17:11:44,332 [ERROR] ConditionMgr:805 - Attr not supported : Dmpu
2025-12-03 17:11:44,332 [ERROR] ConditionMgr:805 - Attr not supported : Dmpu
2025-12-03 17:11:44,332 [ERROR] ConditionMgr:805 - Attr not supported : Dmpu
2025-12-03 17:11:44,335 [WARN] PackLoader:240 - Cannot read IP mode file for STMicroelectronics.X-CUBE-WB05N.2.0.0
2025-12-03 17:11:44,346 [WARN] PackLoader:240 - Cannot read IP mode file for STMicroelectronics.X-CUBE-BLEMGR.3.0.0
2025-12-03 17:11:44,350 [ERROR] Engine:466 - C:\Users\RND1\.stm32cubemx\thirdparties\pdsc\STMicroelectronics.X-CUBE-TCPP.4.2.0.pdsc: PDSC version is not supported
2025-12-03 17:11:44,355 [WARN] PackLoader:240 - Cannot read IP mode file for RealThread.X-CUBE-RT-Thread_Nano.4.1.1
2025-12-03 17:11:44,360 [WARN] PackLoader:240 - Cannot read IP mode file for STMicroelectronics.FP-ATR-SIGFOX1.3.2.0
2025-12-03 17:11:44,364 [WARN] ConditionMgr:438 - getConditionDescription Invalid condition id : Cortex-A Device cause : null
2025-12-03 17:11:44,377 [WARN] ConditionMgr:1039 - genDependencies : Invalid condition id : Cortex-A Device cause : null
2025-12-03 17:11:44,378 [WARN] ConditionMgr:1039 - genDependencies : Invalid condition id : Cortex-A Device cause : null
2025-12-03 17:11:44,378 [WARN] ConditionMgr:1039 - genDependencies : Invalid condition id : Cortex-A Device cause : null
2025-12-03 17:11:44,381 [WARN] PackLoader:240 - Cannot read IP mode file for STMicroelectronics.X-CUBE-EEPRMA1.5.1.0
2025-12-03 17:11:44,383 [ERROR] Engine:466 - C:\Users\RND1\.stm32cubemx\thirdparties\pdsc\STMicroelectronics.X-CUBE-ST67W61.1.0.0.pdsc: PDSC version is not supported
2025-12-03 17:11:44,385 [WARN] PackLoader:240 - Cannot read IP mode file for STMicroelectronics.X-CUBE-AI.10.2.0
2025-12-03 17:11:44,403 [WARN] PackLoader:240 - Cannot read IP mode file for SEGGER.I-CUBE-embOS.1.3.1
2025-12-03 17:11:44,427 [WARN] PackLoader:240 - Cannot read IP mode file for STMicroelectronics.X-CUBE-ALGOBUILD.1.4.0
2025-12-03 17:11:44,452 [WARN] PackLoader:240 - Cannot read IP mode file for STMicroelectronics.X-CUBE-MEMS1.11.3.0
2025-12-03 17:11:44,518 [WARN] PackLoader:240 - Cannot read IP mode file for STMicroelectronics.X-CUBE-AI.9.1.0
2025-12-03 17:11:44,521 [WARN] PackLoader:240 - Cannot read IP mode file for STMicroelectronics.X-CUBE-PM33A1.1.0.0
2025-12-03 17:11:44,525 [WARN] PackLoader:240 - Cannot read IP mode file for STMicroelectronics.X-CUBE-GNSS1.6.0.0
2025-12-03 17:11:44,533 [WARN] PackLoader:240 - Cannot read IP mode file for STMicroelectronics.X-CUBE-AZRTOS-F4.1.1.0
2025-12-03 17:11:44,537 [WARN] PackLoader:240 - Cannot read IP mode file for wolfSSL.I-CUBE-wolfSSL.5.6.4
2025-12-03 17:11:44,539 [ERROR] Engine:466 - C:\Users\RND1\.stm32cubemx\thirdparties\pdsc\Avnet-IotConnect.X-CUBE-IoTC-DA16k-PMOD.1.0.0.pdsc: PDSC version is not supported
2025-12-03 17:11:44,542 [WARN] PackLoader:240 - Cannot read IP mode file for STMicroelectronics.X-CUBE-ISPU.2.1.0
2025-12-03 17:11:44,544 [ERROR] Engine:466 - C:\Users\RND1\.stm32cubemx\thirdparties\pdsc\STMicroelectronics.X-CUBE-IPS.3.2.0.pdsc: PDSC version is not supported
2025-12-03 17:11:44,547 [WARN] PackLoader:240 - Cannot read IP mode file for STMicroelectronics.X-CUBE-FREERTOS.1.2.0
2025-12-03 17:11:44,551 [WARN] PackLoader:240 - Cannot read IP mode file for STMicroelectronics.X-CUBE-NFC12.1.0.0
2025-12-03 17:11:44,560 [WARN] PackLoader:240 - Cannot read IP mode file for STMicroelectronics.X-CUBE-AZRTOS-L5.2.0.0
2025-12-03 17:11:44,564 [WARN] PackLoader:240 - Cannot read IP mode file for STMicroelectronics.X-CUBE-EEPRMA1.4.2.0
2025-12-03 17:11:44,568 [WARN] PackLoader:240 - Cannot read IP mode file for STMicroelectronics.X-CUBE-NFC6.3.1.0
2025-12-03 17:11:44,573 [WARN] PackLoader:240 - Cannot read IP mode file for ITTIA_DB.I-CUBE-ITTIADB.8.8.0
2025-12-03 17:11:44,577 [WARN] PackLoader:240 - Cannot read IP mode file for STMicroelectronics.X-CUBE-DPower.1.2.0
2025-12-03 17:11:44,580 [WARN] PackLoader:240 - Cannot read IP mode file for STMicroelectronics.X-CUBE-AI.9.0.0
2025-12-03 17:11:44,583 [WARN] PackLoader:240 - Cannot read IP mode file for STMicroelectronics.X-CUBE-FREERTOS.1.3.1
2025-12-03 17:11:44,586 [WARN] PackLoader:240 - Cannot read IP mode file for STMicroelectronics.X-CUBE-FREERTOS.1.3.0
2025-12-03 17:11:44,591 [WARN] PackLoader:240 - Cannot read IP mode file for STMicroelectronics.X-CUBE-NFC7.1.0.1
2025-12-03 17:11:44,593 [WARN] PackLoader:240 - Cannot read IP mode file for STMicroelectronics.X-CUBE-TOUCHGFX.4.26.0
2025-12-03 17:11:44,597 [WARN] PackLoader:240 - Cannot read IP mode file for STMicroelectronics.X-CUBE-NFC6.3.0.0
2025-12-03 17:11:44,600 [ERROR] Engine:466 - C:\Users\RND1\.stm32cubemx\thirdparties\pdsc\STMicroelectronics.FP-SNS-STAIOTCFT.1.0.0.pdsc: PDSC version is not supported
2025-12-03 17:11:44,602 [WARN] PackLoader:240 - Cannot read IP mode file for STMicroelectronics.X-CUBE-DPower.1.3.0
2025-12-03 17:11:44,606 [WARN] PackLoader:240 - Cannot read IP mode file for STMicroelectronics.X-CUBE-AI.8.1.0
2025-12-03 17:11:44,615 [WARN] ConditionMgr:438 - getConditionDescription Invalid condition id : LAN8742 Phy interface Condition cause : null
2025-12-03 17:11:44,616 [WARN] PackLoader:240 - Cannot read IP mode file for STMicroelectronics.X-CUBE-AZRTOS-L4.2.0.0
2025-12-03 17:11:44,616 [WARN] ConditionMgr:1039 - genDependencies : Invalid condition id : LAN8742 Phy interface Condition cause : null
2025-12-03 17:11:44,616 [WARN] ConditionMgr:1039 - genDependencies : Invalid condition id : LAN8742 Phy interface Condition cause : null
2025-12-03 17:11:44,617 [WARN] ConditionMgr:1039 - genDependencies : Invalid condition id : LAN8742 Phy interface Condition cause : null
2025-12-03 17:11:44,621 [WARN] PackLoader:240 - Cannot read IP mode file for STMicroelectronics.X-CUBE-SFXS2LP1.4.0.0
2025-12-03 17:11:44,633 [WARN] PackLoader:240 - Cannot read IP mode file for STMicroelectronics.X-CUBE-AZRTOS-H7.3.3.0
2025-12-03 17:11:44,637 [ERROR] Engine:466 - C:\Users\RND1\.stm32cubemx\thirdparties\pdsc\STMicroelectronics.X-CUBE-BLEMGR.4.1.0.pdsc: PDSC version is not supported
2025-12-03 17:11:44,643 [WARN] PackLoader:240 - Cannot read IP mode file for STMicroelectronics.X-CUBE-IPS.3.0.0
2025-12-03 17:11:44,651 [WARN] ConditionMgr:438 - getConditionDescription Invalid condition id : UX DEVICE CLASS RTOS Condition cause : null
2025-12-03 17:11:44,651 [WARN] ConditionMgr:438 - getConditionDescription Invalid condition id : UX DEVICE CLASS RTOS Condition cause : null
2025-12-03 17:11:44,652 [WARN] PackLoader:240 - Cannot read IP mode file for STMicroelectronics.X-CUBE-AZRTOS-WB.2.0.0
2025-12-03 17:11:44,652 [WARN] ConditionMgr:1039 - genDependencies : Invalid condition id : UX DEVICE CLASS RTOS Condition cause : null
2025-12-03 17:11:44,652 [WARN] ConditionMgr:1039 - genDependencies : Invalid condition id : UX DEVICE CLASS RTOS Condition cause : null
2025-12-03 17:11:44,652 [WARN] ConditionMgr:1039 - genDependencies : Invalid condition id : UX DEVICE CLASS RTOS Condition cause : null
2025-12-03 17:11:44,653 [WARN] ConditionMgr:1039 - genDependencies : Invalid condition id : UX DEVICE CLASS RTOS Condition cause : null
2025-12-03 17:11:44,653 [WARN] ConditionMgr:1039 - genDependencies : Invalid condition id : UX DEVICE CLASS RTOS Condition cause : null
2025-12-03 17:11:44,657 [WARN] PackLoader:240 - Cannot read IP mode file for STMicroelectronics.X-CUBE-GNSS1.7.0.0
2025-12-03 17:11:44,661 [WARN] PackLoader:240 - Cannot read IP mode file for STMicroelectronics.X-CUBE-GNSS1.7.0.1
2025-12-03 17:11:44,663 [WARN] PackLoader:240 - Cannot read IP mode file for STMicroelectronics.X-CUBE-TOUCHGFX.4.25.0
2025-12-03 17:11:44,667 [WARN] PackLoader:240 - Cannot read IP mode file for STMicroelectronics.FP-SNS-STBOX1.2.0.0
2025-12-03 17:11:44,674 [WARN] PackLoader:240 - Cannot read IP mode file for STMicroelectronics.X-CUBE-SUBG2.5.0.0
2025-12-03 17:11:44,687 [WARN] PackLoader:240 - Cannot read IP mode file for STMicroelectronics.X-CUBE-AZRTOS-H7RS.1.1.0
2025-12-03 17:11:44,696 [WARN] PackLoader:240 - Cannot read IP mode file for STMicroelectronics.X-CUBE-AZRTOS-G4.2.0.0
2025-12-03 17:11:44,703 [WARN] PackLoader:240 - Cannot read IP mode file for Infineon.AIROC-Wi-Fi-Bluetooth-STM32.1.5.1
2025-12-03 17:11:44,707 [WARN] PackLoader:240 - Cannot read IP mode file for STMicroelectronics.X-CUBE-NFC7.2.0.0
2025-12-03 17:11:44,710 [WARN] PackLoader:240 - Cannot read IP mode file for STMicroelectronics.FP-SNS-MOTENVWB1.1.3.1
2025-12-03 17:11:44,713 [WARN] PackLoader:240 - Cannot read IP mode file for STMicroelectronics.X-CUBE-ISPU.2.0.0
2025-12-03 17:11:44,715 [ERROR] Engine:466 - C:\Users\RND1\.stm32cubemx\thirdparties\pdsc\STMicroelectronics.X-CUBE-IPS.3.1.0.pdsc: PDSC version is not supported
2025-12-03 17:11:44,718 [WARN] PackLoader:240 - Cannot read IP mode file for STMicroelectronics.X-CUBE-ALS.1.0.2
2025-12-03 17:11:44,735 [WARN] PackLoader:240 - Cannot read IP mode file for STMicroelectronics.X-CUBE-MEMS1.10.0.0
2025-12-03 17:11:44,795 [WARN] PackLoader:240 - Cannot read IP mode file for STMicroelectronics.X-CUBE-FREERTOS.1.1.0
2025-12-03 17:11:44,800 [WARN] PackLoader:240 - Cannot read IP mode file for STMicroelectronics.X-CUBE-TOUCHGFX.4.24.0
2025-12-03 17:11:44,802 [WARN] PackLoader:240 - Cannot read IP mode file for STMicroelectronics.X-CUBE-TOUCHGFX.4.24.2
2025-12-03 17:11:44,805 [WARN] PackLoader:240 - Cannot read IP mode file for STMicroelectronics.X-CUBE-TOUCHGFX.4.24.1
2025-12-03 17:11:44,812 [WARN] PackLoader:240 - Cannot read IP mode file for STMicroelectronics.X-CUBE-STSE01.1.0.0
2025-12-03 17:11:44,818 [WARN] PackLoader:240 - Cannot read IP mode file for wolfSSL.I-CUBE-wolfTPM.3.4.0
2025-12-03 17:11:44,826 [WARN] PackLoader:240 - Cannot read IP mode file for portGmbH.I-Cube-SoM-uGOAL.1.1.0
2025-12-03 17:11:44,830 [WARN] PackLoader:240 - Cannot read IP mode file for STMicroelectronics.X-CUBE-ALS.1.0.1
2025-12-03 17:11:44,840 [WARN] PackLoader:240 - Cannot read IP mode file for STMicroelectronics.X-CUBE-AZRTOS-H7RS.1.0.0
2025-12-03 17:11:44,845 [WARN] PackLoader:240 - Cannot read IP mode file for STMicroelectronics.FP-ATR-ASTRA1.2.0.0
2025-12-03 17:11:44,851 [WARN] PackLoader:240 - Cannot read IP mode file for STMicroelectronics.X-CUBE-TOF1.3.4.2
2025-12-03 17:11:44,857 [ERROR] Engine:466 - C:\Users\RND1\.stm32cubemx\thirdparties\pdsc\STMicroelectronics.X-CUBE-TOF1.3.4.3.pdsc: PDSC version is not supported
2025-12-03 17:11:44,862 [WARN] PackLoader:240 - Cannot read IP mode file for STMicroelectronics.X-CUBE-TOF1.3.4.0
2025-12-03 17:11:44,871 [WARN] PackLoader:240 - Cannot read IP mode file for STMicroelectronics.X-CUBE-TOF1.3.4.1
2025-12-03 17:11:44,885 [WARN] PackLoader:240 - Cannot read IP mode file for STMicroelectronics.X-CUBE-AZRTOS-H7.3.2.0
2025-12-03 17:11:44,892 [WARN] PackLoader:240 - Cannot read IP mode file for wolfSSL.I-CUBE-wolfSSH.1.4.17
2025-12-03 17:11:44,894 [INFO] ThirdParty:978 - Integrity check success = true
2025-12-03 17:11:44,894 [INFO] IntegrityCheckThread:100 - exiting critical section [integrity check]
2025-12-03 17:11:44,894 [INFO] IntegrityCheckThread:103 - End integrity checks thread
2025-12-03 17:17:33,757 [ERROR] LogOutputStream:75 - [STDERR_REDIRECT] 
