2026-01-16 13:55:44,900 [INFO] Activator:176 - 


2026-01-16 13:55:44,905 [INFO] Activator:177 - !SESSION log4j initialized
2026-01-16 13:55:50,782 [INFO] LogOutputStream:77 - [STDOUT_REDIRECT] 
2026-01-16 13:55:57,262 [INFO] ApplicationProperties:184 - Using Application install path: C:\ST\STM32CubeIDE_1.16.1\STM32CubeIDE\plugins\com.st.stm32cube.common.mx_6.12.1.202409122256
2026-01-16 13:55:57,274 [INFO] DbMcusXml:78 - Set database path to: C:\ST\STM32CubeIDE_1.16.1\STM32CubeIDE\plugins\com.st.stm32cube.common.mx_6.12.1.202409122256\\db\/mcu/
2026-01-16 13:55:57,274 [INFO] ApiDb:274 - Set plugin database path to: C:\ST\STM32CubeIDE_1.16.1\STM32CubeIDE\plugins\com.st.stm32cube.common.mx_6.12.1.202409122256\\db\/plugins/boardmanager/
2026-01-16 13:55:57,274 [WARN] ApiDb:259 - Overriding images path with different value:  => C:\ST\STM32CubeIDE_1.16.1\STM32CubeIDE\plugins\com.st.stm32cube.common.mx_6.12.1.202409122256\\db\/plugins/mcufinder/images/
2026-01-16 13:55:57,287 [INFO] ApiDb:250 - Set database path to: C:\Users\RND1\.stmcufinder\plugins\mcufinder//mcu/
2026-01-16 13:55:57,288 [INFO] DbMcusAds:125 - Set database path to: C:\Users\RND1\.stmcufinder\plugins\mcufinder//mcu/
2026-01-16 13:55:57,290 [INFO] CrossReferenceDbSqlite:203 - Set database path to: C:\Users\RND1\.stmcufinder\plugins\mcufinder//mcu/cs/
2026-01-16 13:55:57,379 [INFO] RulesReader:64 - Compatibility file has been processed (297 Rules)
2026-01-16 13:55:57,465 [INFO] DbMcusXml:78 - Set database path to: C:\ST\STM32CubeIDE_1.16.1\STM32CubeIDE\plugins\com.st.stm32cube.common.mx_6.12.1.202409122256\\db\/mcu/
2026-01-16 13:55:57,466 [INFO] ApiDb:274 - Set plugin database path to: C:\ST\STM32CubeIDE_1.16.1\STM32CubeIDE\plugins\com.st.stm32cube.common.mx_6.12.1.202409122256\\db\/plugins/boardmanager/
2026-01-16 13:55:57,466 [INFO] ApiDb:261 - Set plugin images path to: C:\ST\STM32CubeIDE_1.16.1\STM32CubeIDE\plugins\com.st.stm32cube.common.mx_6.12.1.202409122256\\db\/plugins/mcufinder/images/
2026-01-16 13:55:57,466 [WARN] DbFile:41 - Overriding database path with different value: C:\Users\RND1\.stmcufinder\plugins\mcufinder/ => C:\Users\RND1\.stmcufinder\plugins\mcufinder
2026-01-16 13:55:57,466 [INFO] ApiDb:250 - Set database path to: C:\Users\RND1\.stmcufinder\plugins\mcufinder//mcu/
2026-01-16 13:55:57,466 [WARN] DbFile:41 - Overriding database path with different value: C:\Users\RND1\.stmcufinder\plugins\mcufinder/ => C:\Users\RND1\.stmcufinder\plugins\mcufinder
2026-01-16 13:55:57,466 [INFO] DbMcusAds:125 - Set database path to: C:\Users\RND1\.stmcufinder\plugins\mcufinder//mcu/
2026-01-16 13:55:57,466 [WARN] DbFile:41 - Overriding database path with different value: C:\Users\RND1\.stmcufinder\plugins\mcufinder/ => C:\Users\RND1\.stmcufinder\plugins\mcufinder
2026-01-16 13:55:57,466 [WARN] DbFile:41 - Overriding database path with different value: C:\Users\RND1\.stmcufinder\plugins\mcufinder/ => C:\Users\RND1\.stmcufinder\plugins\mcufinder
2026-01-16 13:55:57,466 [INFO] CrossReferenceDbSqlite:203 - Set database path to: C:\Users\RND1\.stmcufinder\plugins\mcufinder//mcu/cs/
2026-01-16 13:55:57,535 [INFO] MainPanel:268 - HeapMemory: 268435456
2026-01-16 13:55:57,610 [INFO] DbMcusXml:78 - Set database path to: C:\ST\STM32CubeIDE_1.16.1\STM32CubeIDE\plugins\com.st.stm32cube.common.mx_6.12.1.202409122256\\db\/mcu/
2026-01-16 13:55:57,610 [INFO] ApiDb:274 - Set plugin database path to: C:\ST\STM32CubeIDE_1.16.1\STM32CubeIDE\plugins\com.st.stm32cube.common.mx_6.12.1.202409122256\\db\/plugins/boardmanager/
2026-01-16 13:55:57,611 [INFO] ApiDb:261 - Set plugin images path to: C:\ST\STM32CubeIDE_1.16.1\STM32CubeIDE\plugins\com.st.stm32cube.common.mx_6.12.1.202409122256\\db\/plugins/mcufinder/images/
2026-01-16 13:55:57,611 [WARN] DbFile:41 - Overriding database path with different value: C:\Users\RND1\.stmcufinder\plugins\mcufinder/ => C:\Users\RND1\.stmcufinder\plugins\mcufinder
2026-01-16 13:55:57,611 [INFO] ApiDb:250 - Set database path to: C:\Users\RND1\.stmcufinder\plugins\mcufinder//mcu/
2026-01-16 13:55:57,611 [WARN] DbFile:41 - Overriding database path with different value: C:\Users\RND1\.stmcufinder\plugins\mcufinder/ => C:\Users\RND1\.stmcufinder\plugins\mcufinder
2026-01-16 13:55:57,611 [INFO] DbMcusAds:125 - Set database path to: C:\Users\RND1\.stmcufinder\plugins\mcufinder//mcu/
2026-01-16 13:55:57,611 [WARN] DbFile:41 - Overriding database path with different value: C:\Users\RND1\.stmcufinder\plugins\mcufinder/ => C:\Users\RND1\.stmcufinder\plugins\mcufinder
2026-01-16 13:55:57,611 [WARN] DbFile:41 - Overriding database path with different value: C:\Users\RND1\.stmcufinder\plugins\mcufinder/ => C:\Users\RND1\.stmcufinder\plugins\mcufinder
2026-01-16 13:55:57,611 [INFO] CrossReferenceDbSqlite:203 - Set database path to: C:\Users\RND1\.stmcufinder\plugins\mcufinder//mcu/cs/
2026-01-16 13:55:57,626 [INFO] ApplicationProperties:184 - Using Application install path: C:\ST\STM32CubeIDE_1.16.1\STM32CubeIDE\plugins\com.st.stm32cube.common.mx_6.12.1.202409122256
2026-01-16 13:55:57,626 [INFO] PluginManage:196 - Search for loadable plugins [exclusion list=, ]
2026-01-16 13:55:57,628 [INFO] PluginManage:310 - Check plugin analytics
2026-01-16 13:55:57,787 [INFO] AnalyticsPlugin:253 - Accepted Software Licenses: STM32CubeMX.6.10.0
2026-01-16 13:55:57,787 [INFO] AnalyticsPlugin:255 - Accepted CMSIS Pack Licenses: 
2026-01-16 13:55:57,787 [INFO] AnalyticsPlugin:257 - Accepted Firmware Licenses: FW.G4.1.5.0,FW.G4.1.6.0,FW.F4.1.28.0,FW.H7.1.11.0,FW.H7.1.12.0
2026-01-16 13:55:57,790 [INFO] PluginManage:359 - Loaded plugin analytics (category:tool,tabindex:-1)
2026-01-16 13:55:57,791 [INFO] PluginManage:310 - Check plugin cadmodel
2026-01-16 13:55:57,810 [INFO] CADModel:105 - Init CAD model plugin
2026-01-16 13:55:57,810 [INFO] PluginManage:359 - Loaded plugin cadmodel (category:power,tabindex:5)
2026-01-16 13:55:57,810 [INFO] PluginManage:310 - Check plugin clock
2026-01-16 13:55:57,832 [INFO] PluginManage:359 - Loaded plugin clock (category:base,tabindex:2)
2026-01-16 13:55:57,832 [INFO] PluginManage:310 - Check plugin ddr
2026-01-16 13:55:57,835 [INFO] PluginManage:359 - Loaded plugin ddr (category:tool,tabindex:6)
2026-01-16 13:55:57,835 [INFO] PluginManage:310 - Check plugin filemanager
2026-01-16 13:55:57,956 [INFO] PluginManage:359 - Loaded plugin filemanager (category:base,tabindex:10)
2026-01-16 13:55:57,956 [INFO] PluginManage:310 - Check plugin ipmanager
2026-01-16 13:55:57,963 [INFO] PluginManage:359 - Loaded plugin ipmanager (category:base,tabindex:5)
2026-01-16 13:55:57,963 [INFO] PluginManage:310 - Check plugin lpbam
2026-01-16 13:55:57,981 [INFO] PluginManage:359 - Loaded plugin lpbam (category:base,tabindex:0)
2026-01-16 13:55:57,982 [INFO] PluginManage:310 - Check plugin memorymap
2026-01-16 13:55:58,001 [INFO] PluginManage:359 - Loaded plugin memorymap (category:base,tabindex:4)
2026-01-16 13:55:58,001 [INFO] PluginManage:310 - Check plugin pinoutandconfiguration
2026-01-16 13:55:58,017 [INFO] PluginManage:359 - Loaded plugin pinoutandconfiguration (category:base,tabindex:1)
2026-01-16 13:55:58,018 [INFO] PluginManage:310 - Check plugin pinoutconfig
2026-01-16 13:55:58,092 [WARN] SupportedApi:132 - Cannot load RTOS API schema: s4s-elt-must-match.1: The content of 'definitions' must match (annotation?, (simpleType | complexType)?, (unique | key | keyref)*)). A problem was found starting at: attribute.
2026-01-16 13:55:58,191 [INFO] PluginManage:359 - Loaded plugin pinoutconfig (category:base,tabindex:0)
2026-01-16 13:55:58,191 [INFO] PluginManage:310 - Check plugin power
2026-01-16 13:55:58,212 [INFO] PluginManage:359 - Loaded plugin power (category:power,tabindex:4)
2026-01-16 13:55:58,212 [INFO] PluginManage:310 - Check plugin projectmanager
2026-01-16 13:55:58,228 [INFO] PluginManage:359 - Loaded plugin projectmanager (category:projectmanager,tabindex:4)
2026-01-16 13:55:58,229 [INFO] PluginManage:310 - Check plugin rif
2026-01-16 13:55:58,244 [INFO] PluginManage:359 - Loaded plugin rif (category:base,tabindex:3)
2026-01-16 13:55:58,244 [INFO] PluginManage:310 - Check plugin thirdparty
2026-01-16 13:55:58,497 [INFO] PluginManage:359 - Loaded plugin thirdparty (category:base,tabindex:-1)
2026-01-16 13:55:58,497 [WARN] IntegrityCheckThread:84 - waiting for thirdparty lock release [integrity check]
2026-01-16 13:55:58,497 [INFO] PluginManage:310 - Check plugin tools
2026-01-16 13:55:58,497 [INFO] IntegrityCheckThread:86 - entering critical section [integrity check]
2026-01-16 13:55:58,498 [INFO] ThirdPartyUpdaterWithRetryManager:70 - Updater plugin not ready yet. [1/15]
2026-01-16 13:55:58,533 [INFO] PluginManage:359 - Loaded plugin tools (category:base,tabindex:7)
2026-01-16 13:55:58,533 [INFO] PluginManage:310 - Check plugin tutovideos
2026-01-16 13:55:58,675 [INFO] PluginManage:359 - Loaded plugin tutovideos (category:base,tabindex:-1)
2026-01-16 13:55:58,675 [INFO] PluginManage:310 - Check plugin updater
2026-01-16 13:55:58,689 [INFO] PluginManage:359 - Loaded plugin updater (category:base,tabindex:12)
2026-01-16 13:55:58,689 [INFO] PluginManage:310 - Check plugin userauth
2026-01-16 13:55:58,694 [INFO] UserAuth:113 - Init User Auth plugin
2026-01-16 13:55:58,694 [INFO] PluginManage:359 - Loaded plugin userauth (category:base,tabindex:14)
2026-01-16 13:55:58,694 [INFO] PluginManage:283 - PluginManage : Loaded plugins [18]
2026-01-16 13:55:58,864 [INFO] PinOutPanel:1561 - setPackage(No Configuration,No Configuration)
2026-01-16 13:55:58,936 [INFO] CADModel:165 - CPN selected for project level
2026-01-16 13:55:58,936 [INFO] CADModel:114 - Register for checkConnection events
2026-01-16 13:55:58,960 [INFO] IPUIPlugin:80 - create IPUIPlugin
2026-01-16 13:55:58,960 [INFO] PluginManager:220 - loadIPPluginJar : add adc
2026-01-16 13:55:58,993 [INFO] IPUIPlugin:80 - create IPUIPlugin
2026-01-16 13:55:58,994 [INFO] PluginManager:220 - loadIPPluginJar : add aes
2026-01-16 13:55:59,030 [INFO] IPUIPlugin:80 - create IPUIPlugin
2026-01-16 13:55:59,031 [INFO] PluginManager:220 - loadIPPluginJar : add can
2026-01-16 13:55:59,054 [INFO] IPUIPlugin:80 - create IPUIPlugin
2026-01-16 13:55:59,054 [INFO] PluginManager:220 - loadIPPluginJar : add comp
2026-01-16 13:55:59,083 [INFO] IPUIPlugin:80 - create IPUIPlugin
2026-01-16 13:55:59,084 [INFO] PluginManager:220 - loadIPPluginJar : add cryp
2026-01-16 13:55:59,096 [INFO] IPUIPlugin:80 - create IPUIPlugin
2026-01-16 13:55:59,097 [INFO] PluginManager:220 - loadIPPluginJar : add ddr_ctrl_phy
2026-01-16 13:55:59,126 [INFO] IPUIPlugin:80 - create IPUIPlugin
2026-01-16 13:55:59,126 [INFO] PluginManager:220 - loadIPPluginJar : add dfsdm
2026-01-16 13:55:59,139 [INFO] IPUIPlugin:80 - create IPUIPlugin
2026-01-16 13:55:59,139 [INFO] PluginManager:220 - loadIPPluginJar : add dma
2026-01-16 13:55:59,187 [INFO] IPUIPlugin:80 - create IPUIPlugin
2026-01-16 13:55:59,187 [INFO] PluginManager:220 - loadIPPluginJar : add dma3
2026-01-16 13:55:59,226 [INFO] IPUIPlugin:80 - create IPUIPlugin
2026-01-16 13:55:59,226 [INFO] PluginManager:220 - loadIPPluginJar : add extmemmanager
2026-01-16 13:55:59,245 [INFO] IPUIPlugin:80 - create IPUIPlugin
2026-01-16 13:55:59,245 [INFO] PluginManager:220 - loadIPPluginJar : add fatfs
2026-01-16 13:55:59,289 [INFO] IPUIPlugin:80 - create IPUIPlugin
2026-01-16 13:55:59,289 [INFO] PluginManager:220 - loadIPPluginJar : add fmc
2026-01-16 13:55:59,303 [INFO] IPUIPlugin:80 - create IPUIPlugin
2026-01-16 13:55:59,304 [INFO] PluginManager:220 - loadIPPluginJar : add freertos
2026-01-16 13:55:59,325 [INFO] IPUIPlugin:80 - create IPUIPlugin
2026-01-16 13:55:59,325 [INFO] PluginManager:220 - loadIPPluginJar : add genericplugin
2026-01-16 13:55:59,400 [INFO] IPUIPlugin:80 - create IPUIPlugin
2026-01-16 13:55:59,400 [INFO] PluginManager:220 - loadIPPluginJar : add gfxmmu
2026-01-16 13:55:59,503 [INFO] IPUIPlugin:80 - create IPUIPlugin
2026-01-16 13:55:59,504 [INFO] PluginManager:220 - loadIPPluginJar : add gic
2026-01-16 13:55:59,516 [INFO] IPUIPlugin:80 - create IPUIPlugin
2026-01-16 13:55:59,516 [INFO] PluginManager:220 - loadIPPluginJar : add gpio
2026-01-16 13:55:59,588 [INFO] IPUIPlugin:80 - create IPUIPlugin
2026-01-16 13:55:59,588 [INFO] PluginManager:220 - loadIPPluginJar : add gtzc
2026-01-16 13:55:59,616 [INFO] IPUIPlugin:80 - create IPUIPlugin
2026-01-16 13:55:59,616 [INFO] PluginManager:220 - loadIPPluginJar : add hash
2026-01-16 13:55:59,670 [INFO] IPUIPlugin:80 - create IPUIPlugin
2026-01-16 13:55:59,670 [INFO] PluginManager:220 - loadIPPluginJar : add i2c
2026-01-16 13:55:59,703 [INFO] IPUIPlugin:80 - create IPUIPlugin
2026-01-16 13:55:59,703 [INFO] PluginManager:220 - loadIPPluginJar : add i2s
2026-01-16 13:55:59,739 [INFO] IPUIPlugin:80 - create IPUIPlugin
2026-01-16 13:55:59,739 [INFO] PluginManager:220 - loadIPPluginJar : add i3c
2026-01-16 13:55:59,818 [INFO] IPUIPlugin:80 - create IPUIPlugin
2026-01-16 13:55:59,818 [INFO] PluginManager:220 - loadIPPluginJar : add ipddr
2026-01-16 13:55:59,889 [INFO] IPUIPlugin:80 - create IPUIPlugin
2026-01-16 13:55:59,890 [INFO] PluginManager:220 - loadIPPluginJar : add linkedlist
2026-01-16 13:55:59,926 [INFO] IPUIPlugin:80 - create IPUIPlugin
2026-01-16 13:55:59,926 [INFO] PluginManager:220 - loadIPPluginJar : add lorawan
2026-01-16 13:55:59,958 [INFO] IPUIPlugin:80 - create IPUIPlugin
2026-01-16 13:55:59,958 [INFO] PluginManager:220 - loadIPPluginJar : add ltdc
2026-01-16 13:55:59,969 [INFO] IPUIPlugin:80 - create IPUIPlugin
2026-01-16 13:55:59,969 [INFO] PluginManager:220 - loadIPPluginJar : add mdma
2026-01-16 13:55:59,980 [INFO] IPUIPlugin:80 - create IPUIPlugin
2026-01-16 13:55:59,981 [INFO] PluginManager:220 - loadIPPluginJar : add nvic
2026-01-16 13:56:00,015 [INFO] IPUIPlugin:80 - create IPUIPlugin
2026-01-16 13:56:00,016 [INFO] PluginManager:220 - loadIPPluginJar : add opamp
2026-01-16 13:56:00,078 [INFO] IPUIPlugin:80 - create IPUIPlugin
2026-01-16 13:56:00,079 [INFO] PluginManager:220 - loadIPPluginJar : add openamp
2026-01-16 13:56:00,115 [INFO] IPUIPlugin:80 - create IPUIPlugin
2026-01-16 13:56:00,116 [INFO] PluginManager:220 - loadIPPluginJar : add pdm2pcm
2026-01-16 13:56:00,129 [INFO] IPUIPlugin:80 - create IPUIPlugin
2026-01-16 13:56:00,130 [INFO] PluginManager:220 - loadIPPluginJar : add plateformsettings
2026-01-16 13:56:00,153 [INFO] IPUIPlugin:80 - create IPUIPlugin
2026-01-16 13:56:00,153 [INFO] PluginManager:220 - loadIPPluginJar : add quadspi
2026-01-16 13:56:00,179 [INFO] IPUIPlugin:80 - create IPUIPlugin
2026-01-16 13:56:00,179 [INFO] PluginManager:220 - loadIPPluginJar : add radio
2026-01-16 13:56:00,193 [INFO] IPUIPlugin:80 - create IPUIPlugin
2026-01-16 13:56:00,193 [INFO] PluginManager:220 - loadIPPluginJar : add resmgrutility
2026-01-16 13:56:00,231 [INFO] IPUIPlugin:80 - create IPUIPlugin
2026-01-16 13:56:00,231 [INFO] PluginManager:220 - loadIPPluginJar : add sai
2026-01-16 13:56:00,263 [INFO] IPUIPlugin:80 - create IPUIPlugin
2026-01-16 13:56:00,263 [INFO] PluginManager:220 - loadIPPluginJar : add spi
2026-01-16 13:56:00,323 [INFO] IPUIPlugin:80 - create IPUIPlugin
2026-01-16 13:56:00,323 [INFO] PluginManager:220 - loadIPPluginJar : add stm32_wpan
2026-01-16 13:56:00,346 [INFO] IPUIPlugin:80 - create IPUIPlugin
2026-01-16 13:56:00,346 [INFO] PluginManager:220 - loadIPPluginJar : add tim
2026-01-16 13:56:00,394 [INFO] IPUIPlugin:80 - create IPUIPlugin
2026-01-16 13:56:00,394 [INFO] PluginManager:220 - loadIPPluginJar : add touchsensing
2026-01-16 13:56:00,414 [INFO] IPUIPlugin:80 - create IPUIPlugin
2026-01-16 13:56:00,414 [INFO] PluginManager:220 - loadIPPluginJar : add tracer_emb
2026-01-16 13:56:00,436 [INFO] IPUIPlugin:80 - create IPUIPlugin
2026-01-16 13:56:00,436 [INFO] PluginManager:220 - loadIPPluginJar : add ts
2026-01-16 13:56:00,456 [INFO] IPUIPlugin:80 - create IPUIPlugin
2026-01-16 13:56:00,456 [INFO] PluginManager:220 - loadIPPluginJar : add tsc
2026-01-16 13:56:00,475 [INFO] IPUIPlugin:80 - create IPUIPlugin
2026-01-16 13:56:00,475 [INFO] PluginManager:220 - loadIPPluginJar : add ucpd
2026-01-16 13:56:00,512 [INFO] IPUIPlugin:80 - create IPUIPlugin
2026-01-16 13:56:00,512 [INFO] PluginManager:220 - loadIPPluginJar : add usart
2026-01-16 13:56:00,547 [INFO] IPUIPlugin:80 - create IPUIPlugin
2026-01-16 13:56:00,547 [INFO] PluginManager:220 - loadIPPluginJar : add usbx
2026-01-16 13:56:00,659 [INFO] CADModel:165 - CPN selected for project level
2026-01-16 13:56:00,659 [INFO] CADModel:114 - Register for checkConnection events
2026-01-16 13:56:00,659 [FATAL] Updater:334 - Updater called before beeing initialized
2026-01-16 13:56:00,660 [ERROR] CADModel:125 - Updater not yet initialized, retry later 
2026-01-16 13:56:00,754 [INFO] CADModel:165 - CPN selected for project level
2026-01-16 13:56:00,754 [INFO] CADModel:114 - Register for checkConnection events
2026-01-16 13:56:00,754 [FATAL] Updater:334 - Updater called before beeing initialized
2026-01-16 13:56:00,755 [ERROR] CADModel:125 - Updater not yet initialized, retry later 
2026-01-16 13:56:00,756 [FATAL] Updater:334 - Updater called before beeing initialized
2026-01-16 13:56:00,834 [FATAL] Updater:334 - Updater called before beeing initialized
2026-01-16 13:56:00,844 [INFO] DbMcusAds:53 - JSON generation date=Fri Jan 09 00:56:32 KST 2026 (1767887792457)
2026-01-16 13:56:00,844 [FATAL] Updater:334 - Updater called before beeing initialized
2026-01-16 13:56:00,875 [WARN] DetailPanel:346 - Failed to get advertising image, set to default
2026-01-16 13:56:00,941 [FATAL] Updater:334 - Updater called before beeing initialized
2026-01-16 13:56:00,943 [FATAL] Updater:334 - Updater called before beeing initialized
2026-01-16 13:56:00,943 [FATAL] Updater:334 - Updater called before beeing initialized
2026-01-16 13:56:00,943 [WARN] DetailPanel:346 - Failed to get advertising image, set to default
2026-01-16 13:56:00,943 [FATAL] Updater:334 - Updater called before beeing initialized
2026-01-16 13:56:00,993 [ERROR] Updater:1164 - MainUpdater not yet initialized. External WinMGr cannot be set.
2026-01-16 13:56:01,002 [INFO] Updater:1100 - Updater Version found : 6.12.1
2026-01-16 13:56:01,015 [INFO] ApplicationProperties:184 - Using Application install path: C:\ST\STM32CubeIDE_1.16.1\STM32CubeIDE\plugins\com.st.stm32cube.common.mx_6.12.1.202409122256
2026-01-16 13:56:01,499 [INFO] ThirdPartyUpdaterWithRetryManager:70 - Updater plugin not ready yet. [2/15]
2026-01-16 13:56:01,822 [INFO] MainUpdater:2873 - connection check result : 10
2026-01-16 13:56:01,823 [INFO] MainUpdater:290 - Updater Check For Update Now.
2026-01-16 13:56:01,823 [INFO] MicroXplorer:498 - Change Database Version : DB.6.0.121
2026-01-16 13:56:01,838 [INFO] McuFinderGlobals:63 - Set McuFinder mode to 2 (CubeIDE integrated)
2026-01-16 13:56:01,850 [INFO] UserAuth:417 - Internet connection configuration mode: 1
2026-01-16 13:56:01,880 [INFO] JxBrowserEngine:152 - Initiate JxBrowser Engine with user profile folder
2026-01-16 13:56:02,013 [INFO] CheckServerUpdateThread:120 - End of CheckServer Thread
2026-01-16 13:56:04,120 [INFO] WebApp:167 - Instantiating new browser for Auth
2026-01-16 13:56:04,734 [INFO] WebApp:448 - Apply proxy settings
2026-01-16 13:56:04,740 [INFO] WebApp:493 - Chromium authenticates against Manually configured proxy
2026-01-16 13:56:04,747 [INFO] WebApp:501 - Username used for proxy authentication: 
2026-01-16 13:56:04,774 [INFO] WebApp:869 - Register for checkConnection events
2026-01-16 13:56:04,774 [INFO] WebApp:448 - Apply proxy settings
2026-01-16 13:56:04,777 [INFO] WebApp:493 - Chromium authenticates against Manually configured proxy
2026-01-16 13:56:04,778 [INFO] WebApp:501 - Username used for proxy authentication: 
2026-01-16 13:56:04,818 [WARN] PackLoader:240 - Cannot read IP mode file for STMicroelectronics.FP-SNS-MOTENVWB1.1.4.0
2026-01-16 13:56:04,834 [WARN] PackLoader:240 - Cannot read IP mode file for STMicroelectronics.FP-ATR-ASTRA1.2.0.2
2026-01-16 13:56:04,846 [WARN] PackLoader:240 - Cannot read IP mode file for STMicroelectronics.FP-ATR-ASTRA1.2.0.1
2026-01-16 13:56:04,863 [WARN] PackLoader:240 - Cannot read IP mode file for STMicroelectronics.X-CUBE-SMBUS.2.1.0
2026-01-16 13:56:04,877 [WARN] PackLoader:240 - Cannot read IP mode file for STMicroelectronics.X-CUBE-WB05N.1.1.0
2026-01-16 13:56:04,892 [ERROR] Engine:466 - C:\Users\RND1\.stm32cubemx\thirdparties\pdsc\STMicroelectronics.X-CUBE-ST60.1.0.0.pdsc: PDSC version is not supported
2026-01-16 13:56:04,906 [WARN] PackLoader:240 - Cannot read IP mode file for STMicroelectronics.X-CUBE-TOUCHGFX.4.23.0
2026-01-16 13:56:04,921 [WARN] PackLoader:240 - Cannot read IP mode file for STMicroelectronics.X-CUBE-TOUCHGFX.4.23.2
2026-01-16 13:56:04,962 [WARN] PackLoader:240 - Cannot read IP mode file for STMicroelectronics.X-CUBE-AZRTOS-F7.1.1.0
2026-01-16 13:56:04,979 [INFO] WebApp:186 - Connection restablished
2026-01-16 13:56:04,982 [WARN] PackLoader:240 - Cannot read IP mode file for STMicroelectronics.FP-SNS-MOTENV1.4.3.2
2026-01-16 13:56:04,986 [INFO] WebApp:220 - Starting web application
2026-01-16 13:56:04,987 [INFO] WebApp:578 - Web application path used C:\ST\STM32CubeIDE_1.16.1\STM32CubeIDE\plugins\com.st.stm32cube.common.mx_6.12.1.202409122256\db\plugins\mcufinder\reactClient1\index.html
2026-01-16 13:56:05,037 [WARN] PackLoader:240 - Cannot read IP mode file for STMicroelectronics.X-CUBE-MEMS1.11.0.0
2026-01-16 13:56:05,163 [ERROR] Engine:466 - C:\Users\RND1\.stm32cubemx\thirdparties\pdsc\STMicroelectronics.FP-SNS-MOTENV1.5.1.0.pdsc: PDSC version is not supported
2026-01-16 13:56:05,181 [WARN] PackLoader:240 - Cannot read IP mode file for STMicroelectronics.FP-SNS-FLIGHT1.5.0.2
2026-01-16 13:56:05,187 [INFO] UserAuth:417 - Internet connection configuration mode: 1
2026-01-16 13:56:05,217 [WARN] PackLoader:240 - Cannot read IP mode file for STMicroelectronics.X-CUBE-AZRTOS-H7.3.4.0
2026-01-16 13:56:05,244 [WARN] PackLoader:240 - Cannot read IP mode file for STMicroelectronics.X-CUBE-DISPLAY.3.0.0
2026-01-16 13:56:05,271 [WARN] PackLoader:240 - Cannot read IP mode file for STMicroelectronics.X-CUBE-BLE1.7.0.0
2026-01-16 13:56:05,292 [WARN] PackLoader:240 - Cannot read IP mode file for STMicroelectronics.X-CUBE-NFC10.1.0.0
2026-01-16 13:56:05,318 [WARN] PackLoader:240 - Cannot read IP mode file for STMicroelectronics.X-CUBE-BLEMGR.4.0.0
2026-01-16 13:56:05,338 [ERROR] Engine:466 - C:\Users\RND1\.stm32cubemx\thirdparties\pdsc\STMicroelectronics.X-CUBE-ST60.1.1.0.pdsc: PDSC version is not supported
2026-01-16 13:56:05,365 [WARN] PackLoader:240 - Cannot read IP mode file for emotas.I-CUBE-CANOPEN.1.3.0
2026-01-16 13:56:05,390 [WARN] PackLoader:240 - Cannot read IP mode file for STMicroelectronics.X-CUBE-GNSS1.7.1.0
2026-01-16 13:56:05,416 [WARN] PackLoader:240 - Cannot read IP mode file for STMicroelectronics.X-CUBE-BLEMGR.3.1.0
2026-01-16 13:56:05,439 [WARN] PackLoader:240 - Cannot read IP mode file for STMicroelectronics.X-CUBE-AI.10.0.0
2026-01-16 13:56:05,460 [ERROR] Engine:466 - C:\Users\RND1\.stm32cubemx\thirdparties\pdsc\STMicroelectronics.FP-SNS-STBOX1.2.1.0.pdsc: PDSC version is not supported
2026-01-16 13:56:05,482 [WARN] PackLoader:240 - Cannot read IP mode file for STMicroelectronics.FP-SNS-SMARTAG2.1.2.0
2026-01-16 13:56:05,495 [ERROR] Engine:466 - C:\Users\RND1\.stm32cubemx\thirdparties\pdsc\STMicroelectronics.FP-SNS-FLIGHT1.5.1.0.pdsc: PDSC version is not supported
2026-01-16 13:56:05,560 [WARN] PackLoader:240 - Cannot read IP mode file for STMicroelectronics.X-CUBE-MEMS1.11.1.0
2026-01-16 13:56:05,676 [INFO] LogOutputStream:77 - [STDOUT_REDIRECT] 1 : Invalid condition id : UX_CORESTACK_Condition cause : null
2026-01-16 13:56:05,677 [INFO] LogOutputStream:77 - [STDOUT_REDIRECT] 1 : Invalid condition id : UX_CORESTACK_Condition cause : null
2026-01-16 13:56:05,680 [INFO] LogOutputStream:77 - [STDOUT_REDIRECT] 1 : Invalid condition id : UX_CORESTACK_Condition cause : null
2026-01-16 13:56:05,682 [INFO] LogOutputStream:77 - [STDOUT_REDIRECT] 1 : Invalid condition id : UX_CORESTACK_Condition cause : null
2026-01-16 13:56:05,683 [INFO] LogOutputStream:77 - [STDOUT_REDIRECT] 1 : Invalid condition id : UX_CORESTACK_Condition cause : null
2026-01-16 13:56:05,687 [WARN] PackLoader:240 - Cannot read IP mode file for STMicroelectronics.X-CUBE-AZRTOS-WL.2.0.0
2026-01-16 13:56:05,708 [WARN] PackLoader:240 - Cannot read IP mode file for STMicroelectronics.FP-SNS-MOTENV1.5.0.0
2026-01-16 13:56:05,743 [WARN] PackLoader:240 - Cannot read IP mode file for STMicroelectronics.X-CUBE-AZRTOS-H7RS.1.2.0
2026-01-16 13:56:05,764 [WARN] PackLoader:240 - Cannot read IP mode file for wolfSSL.I-CUBE-wolfMQTT.1.19.0
2026-01-16 13:56:05,790 [WARN] PackLoader:240 - Cannot read IP mode file for WES.I-CUBE-Cesium.1.3.0
2026-01-16 13:56:05,808 [WARN] PackLoader:240 - Cannot read IP mode file for STMicroelectronics.X-CUBE-BLE2.3.3.0
2026-01-16 13:56:05,823 [ERROR] Engine:466 - C:\Users\RND1\.stm32cubemx\thirdparties\pdsc\Avnet-IOTCONNECT.X-CUBE-iotc-st67-sdk.1.0.0.pdsc: PDSC version is not supported
2026-01-16 13:56:05,844 [WARN] PackLoader:240 - Cannot read IP mode file for STMicroelectronics.X-CUBE-NFC9.1.0.0
2026-01-16 13:56:05,862 [WARN] PackLoader:240 - Cannot read IP mode file for STMicroelectronics.X-CUBE-BLE1.7.1.0
2026-01-16 13:56:05,881 [WARN] PackLoader:240 - Cannot read IP mode file for STMicroelectronics.X-CUBE-TCPP.4.1.0
2026-01-16 13:56:05,895 [ERROR] Engine:466 - C:\Users\RND1\.stm32cubemx\thirdparties\pdsc\STMicroelectronics.X-CUBE-FREERTOS.1.4.0.pdsc: PDSC version is not supported
2026-01-16 13:56:05,913 [WARN] PackLoader:240 - Cannot read IP mode file for STMicroelectronics.X-CUBE-EEPRMA1.5.2.0
2026-01-16 13:56:05,932 [ERROR] Engine:466 - C:\Users\RND1\.stm32cubemx\thirdparties\pdsc\STMicroelectronics.X-CUBE-ST67W61.1.1.0.pdsc: PDSC version is not supported
2026-01-16 13:56:05,947 [WARN] PackLoader:240 - Cannot read IP mode file for STMicroelectronics.X-CUBE-AI.10.1.0
2026-01-16 13:56:05,993 [WARN] PackLoader:240 - Cannot read IP mode file for STMicroelectronics.X-CUBE-MEMS1.12.0.0
2026-01-16 13:56:06,056 [WARN] PackLoader:240 - Cannot read IP mode file for STMicroelectronics.X-CUBE-ALGOBUILD.1.3.0
2026-01-16 13:56:06,123 [WARN] PackLoader:240 - Cannot read IP mode file for STMicroelectronics.X-CUBE-MEMS1.11.2.0
2026-01-16 13:56:06,209 [WARN] PackLoader:240 - Cannot read IP mode file for STMicroelectronics.X-CUBE-AZRTOS-G0.1.1.0
2026-01-16 13:56:06,228 [WARN] PackLoader:240 - Cannot read IP mode file for STMicroelectronics.X-CUBE-SAFEA1.1.2.2
2026-01-16 13:56:06,248 [WARN] PackLoader:240 - Cannot read IP mode file for STMicroelectronics.X-CUBE-NFC4.3.0.0
2026-01-16 13:56:06,263 [WARN] PackLoader:240 - Cannot read IP mode file for wolfSSL.I-CUBE-wolfMQTT.1.18.0
2026-01-16 13:56:06,283 [WARN] PackLoader:240 - Cannot read IP mode file for EmbeddedOffice.I-CUBE-FS-RTOS.1.0.1
2026-01-16 13:56:06,283 [ERROR] ConditionMgr:805 - Attr not supported : Dmpu
2026-01-16 13:56:06,284 [ERROR] ConditionMgr:805 - Attr not supported : Dmpu
2026-01-16 13:56:06,284 [ERROR] ConditionMgr:805 - Attr not supported : Dmpu
2026-01-16 13:56:06,284 [ERROR] ConditionMgr:805 - Attr not supported : Dmpu
2026-01-16 13:56:06,284 [ERROR] ConditionMgr:805 - Attr not supported : Dmpu
2026-01-16 13:56:06,284 [ERROR] ConditionMgr:805 - Attr not supported : Dmpu
2026-01-16 13:56:06,284 [ERROR] ConditionMgr:805 - Attr not supported : Dmpu
2026-01-16 13:56:06,284 [ERROR] ConditionMgr:805 - Attr not supported : Dmpu
2026-01-16 13:56:06,284 [ERROR] ConditionMgr:805 - Attr not supported : Dmpu
2026-01-16 13:56:06,284 [ERROR] ConditionMgr:805 - Attr not supported : Dmpu
2026-01-16 13:56:06,284 [ERROR] ConditionMgr:805 - Attr not supported : Dmpu
2026-01-16 13:56:06,284 [ERROR] ConditionMgr:805 - Attr not supported : Dmpu
2026-01-16 13:56:06,284 [ERROR] ConditionMgr:805 - Attr not supported : Dmpu
2026-01-16 13:56:06,284 [ERROR] ConditionMgr:805 - Attr not supported : Dmpu
2026-01-16 13:56:06,284 [ERROR] ConditionMgr:805 - Attr not supported : Dmpu
2026-01-16 13:56:06,284 [ERROR] ConditionMgr:805 - Attr not supported : Dmpu
2026-01-16 13:56:06,284 [ERROR] ConditionMgr:805 - Attr not supported : Dmpu
2026-01-16 13:56:06,284 [ERROR] ConditionMgr:805 - Attr not supported : Dmpu
2026-01-16 13:56:06,284 [ERROR] ConditionMgr:805 - Attr not supported : Dmpu
2026-01-16 13:56:06,284 [ERROR] ConditionMgr:805 - Attr not supported : Dmpu
2026-01-16 13:56:06,284 [ERROR] ConditionMgr:805 - Attr not supported : Dmpu
2026-01-16 13:56:06,284 [ERROR] ConditionMgr:805 - Attr not supported : Dmpu
2026-01-16 13:56:06,284 [ERROR] ConditionMgr:805 - Attr not supported : Dmpu
2026-01-16 13:56:06,284 [ERROR] ConditionMgr:805 - Attr not supported : Dmpu
2026-01-16 13:56:06,284 [ERROR] ConditionMgr:805 - Attr not supported : Dmpu
2026-01-16 13:56:06,285 [ERROR] ConditionMgr:805 - Attr not supported : Dmpu
2026-01-16 13:56:06,285 [ERROR] ConditionMgr:805 - Attr not supported : Dmpu
2026-01-16 13:56:06,285 [ERROR] ConditionMgr:805 - Attr not supported : Dmpu
2026-01-16 13:56:06,285 [ERROR] ConditionMgr:805 - Attr not supported : Dmpu
2026-01-16 13:56:06,285 [ERROR] ConditionMgr:805 - Attr not supported : Dmpu
2026-01-16 13:56:06,285 [ERROR] ConditionMgr:805 - Attr not supported : Dmpu
2026-01-16 13:56:06,285 [ERROR] ConditionMgr:805 - Attr not supported : Dmpu
2026-01-16 13:56:06,285 [ERROR] ConditionMgr:805 - Attr not supported : Dmpu
2026-01-16 13:56:06,285 [ERROR] ConditionMgr:805 - Attr not supported : Dmpu
2026-01-16 13:56:06,285 [ERROR] ConditionMgr:805 - Attr not supported : Dmpu
2026-01-16 13:56:06,285 [ERROR] ConditionMgr:805 - Attr not supported : Dmpu
2026-01-16 13:56:06,285 [ERROR] ConditionMgr:805 - Attr not supported : Dmpu
2026-01-16 13:56:06,286 [ERROR] ConditionMgr:805 - Attr not supported : Dmpu
2026-01-16 13:56:06,286 [ERROR] ConditionMgr:805 - Attr not supported : Dmpu
2026-01-16 13:56:06,286 [ERROR] ConditionMgr:805 - Attr not supported : Dmpu
2026-01-16 13:56:06,286 [ERROR] ConditionMgr:805 - Attr not supported : Dmpu
2026-01-16 13:56:06,286 [ERROR] ConditionMgr:805 - Attr not supported : Dmpu
2026-01-16 13:56:06,286 [ERROR] ConditionMgr:805 - Attr not supported : Dmpu
2026-01-16 13:56:06,286 [ERROR] ConditionMgr:805 - Attr not supported : Dmpu
2026-01-16 13:56:06,286 [ERROR] ConditionMgr:805 - Attr not supported : Dmpu
2026-01-16 13:56:06,286 [ERROR] ConditionMgr:805 - Attr not supported : Dmpu
2026-01-16 13:56:06,286 [ERROR] ConditionMgr:805 - Attr not supported : Dmpu
2026-01-16 13:56:06,286 [ERROR] ConditionMgr:805 - Attr not supported : Dmpu
2026-01-16 13:56:06,286 [ERROR] ConditionMgr:805 - Attr not supported : Dmpu
2026-01-16 13:56:06,286 [ERROR] ConditionMgr:805 - Attr not supported : Dmpu
2026-01-16 13:56:06,286 [ERROR] ConditionMgr:805 - Attr not supported : Dmpu
2026-01-16 13:56:06,286 [ERROR] ConditionMgr:805 - Attr not supported : Dmpu
2026-01-16 13:56:06,286 [ERROR] ConditionMgr:805 - Attr not supported : Dmpu
2026-01-16 13:56:06,286 [ERROR] ConditionMgr:805 - Attr not supported : Dmpu
2026-01-16 13:56:06,286 [ERROR] ConditionMgr:805 - Attr not supported : Dmpu
2026-01-16 13:56:06,286 [ERROR] ConditionMgr:805 - Attr not supported : Dmpu
2026-01-16 13:56:06,287 [ERROR] ConditionMgr:805 - Attr not supported : Dmpu
2026-01-16 13:56:06,287 [ERROR] ConditionMgr:805 - Attr not supported : Dmpu
2026-01-16 13:56:06,287 [ERROR] ConditionMgr:805 - Attr not supported : Dmpu
2026-01-16 13:56:06,287 [ERROR] ConditionMgr:805 - Attr not supported : Dmpu
2026-01-16 13:56:06,287 [ERROR] ConditionMgr:805 - Attr not supported : Dmpu
2026-01-16 13:56:06,287 [ERROR] ConditionMgr:805 - Attr not supported : Dmpu
2026-01-16 13:56:06,287 [ERROR] ConditionMgr:805 - Attr not supported : Dmpu
2026-01-16 13:56:06,287 [ERROR] ConditionMgr:805 - Attr not supported : Dmpu
2026-01-16 13:56:06,303 [WARN] PackLoader:240 - Cannot read IP mode file for STMicroelectronics.X-CUBE-WB05N.2.0.0
2026-01-16 13:56:06,321 [WARN] PackLoader:240 - Cannot read IP mode file for STMicroelectronics.X-CUBE-BLEMGR.3.0.0
2026-01-16 13:56:06,335 [ERROR] Engine:466 - C:\Users\RND1\.stm32cubemx\thirdparties\pdsc\STMicroelectronics.X-CUBE-TCPP.4.2.0.pdsc: PDSC version is not supported
2026-01-16 13:56:06,350 [WARN] PackLoader:240 - Cannot read IP mode file for RealThread.X-CUBE-RT-Thread_Nano.4.1.1
2026-01-16 13:56:06,363 [WARN] PackLoader:240 - Cannot read IP mode file for STMicroelectronics.FP-ATR-SIGFOX1.3.2.0
2026-01-16 13:56:06,376 [WARN] ConditionMgr:438 - getConditionDescription Invalid condition id : Cortex-A Device cause : null
2026-01-16 13:56:06,396 [WARN] ConditionMgr:1039 - genDependencies : Invalid condition id : Cortex-A Device cause : null
2026-01-16 13:56:06,396 [WARN] ConditionMgr:1039 - genDependencies : Invalid condition id : Cortex-A Device cause : null
2026-01-16 13:56:06,396 [WARN] ConditionMgr:1039 - genDependencies : Invalid condition id : Cortex-A Device cause : null
2026-01-16 13:56:06,409 [WARN] PackLoader:240 - Cannot read IP mode file for STMicroelectronics.X-CUBE-EEPRMA1.5.1.0
2026-01-16 13:56:06,421 [ERROR] Engine:466 - C:\Users\RND1\.stm32cubemx\thirdparties\pdsc\STMicroelectronics.X-CUBE-ST67W61.1.0.0.pdsc: PDSC version is not supported
2026-01-16 13:56:06,433 [WARN] PackLoader:240 - Cannot read IP mode file for STMicroelectronics.X-CUBE-AI.10.2.0
2026-01-16 13:56:06,461 [WARN] PackLoader:240 - Cannot read IP mode file for SEGGER.I-CUBE-embOS.1.3.1
2026-01-16 13:56:06,489 [WARN] PackLoader:240 - Cannot read IP mode file for STMicroelectronics.X-CUBE-ALGOBUILD.1.4.0
2026-01-16 13:56:06,519 [WARN] PackLoader:240 - Cannot read IP mode file for STMicroelectronics.X-CUBE-MEMS1.11.3.0
2026-01-16 13:56:06,580 [WARN] PackLoader:240 - Cannot read IP mode file for STMicroelectronics.X-CUBE-AI.9.1.0
2026-01-16 13:56:06,592 [WARN] PackLoader:240 - Cannot read IP mode file for STMicroelectronics.X-CUBE-PM33A1.1.0.0
2026-01-16 13:56:06,603 [WARN] PackLoader:240 - Cannot read IP mode file for STMicroelectronics.X-CUBE-GNSS1.6.0.0
2026-01-16 13:56:06,622 [WARN] PackLoader:240 - Cannot read IP mode file for STMicroelectronics.X-CUBE-AZRTOS-F4.1.1.0
2026-01-16 13:56:06,634 [WARN] PackLoader:240 - Cannot read IP mode file for wolfSSL.I-CUBE-wolfSSL.5.6.4
2026-01-16 13:56:06,646 [ERROR] Engine:466 - C:\Users\RND1\.stm32cubemx\thirdparties\pdsc\Avnet-IotConnect.X-CUBE-IoTC-DA16k-PMOD.1.0.0.pdsc: PDSC version is not supported
2026-01-16 13:56:06,658 [WARN] PackLoader:240 - Cannot read IP mode file for STMicroelectronics.X-CUBE-ISPU.2.1.0
2026-01-16 13:56:06,670 [ERROR] Engine:466 - C:\Users\RND1\.stm32cubemx\thirdparties\pdsc\STMicroelectronics.X-CUBE-IPS.3.2.0.pdsc: PDSC version is not supported
2026-01-16 13:56:06,682 [WARN] PackLoader:240 - Cannot read IP mode file for STMicroelectronics.X-CUBE-FREERTOS.1.2.0
2026-01-16 13:56:06,697 [WARN] PackLoader:240 - Cannot read IP mode file for STMicroelectronics.X-CUBE-NFC12.1.0.0
2026-01-16 13:56:06,719 [WARN] PackLoader:240 - Cannot read IP mode file for STMicroelectronics.X-CUBE-AZRTOS-L5.2.0.0
2026-01-16 13:56:06,732 [WARN] PackLoader:240 - Cannot read IP mode file for STMicroelectronics.X-CUBE-EEPRMA1.4.2.0
2026-01-16 13:56:06,747 [WARN] PackLoader:240 - Cannot read IP mode file for STMicroelectronics.X-CUBE-NFC6.3.1.0
2026-01-16 13:56:06,760 [WARN] PackLoader:240 - Cannot read IP mode file for ITTIA_DB.I-CUBE-ITTIADB.8.8.0
2026-01-16 13:56:06,773 [WARN] PackLoader:240 - Cannot read IP mode file for STMicroelectronics.X-CUBE-DPower.1.2.0
2026-01-16 13:56:06,785 [WARN] PackLoader:240 - Cannot read IP mode file for STMicroelectronics.X-CUBE-AI.9.0.0
2026-01-16 13:56:06,797 [WARN] PackLoader:240 - Cannot read IP mode file for STMicroelectronics.X-CUBE-FREERTOS.1.3.1
2026-01-16 13:56:06,808 [WARN] PackLoader:240 - Cannot read IP mode file for STMicroelectronics.X-CUBE-FREERTOS.1.3.0
2026-01-16 13:56:06,820 [WARN] PackLoader:240 - Cannot read IP mode file for STMicroelectronics.X-CUBE-NFC7.1.0.1
2026-01-16 13:56:06,832 [WARN] PackLoader:240 - Cannot read IP mode file for STMicroelectronics.X-CUBE-TOUCHGFX.4.26.0
2026-01-16 13:56:06,844 [WARN] PackLoader:240 - Cannot read IP mode file for STMicroelectronics.X-CUBE-NFC6.3.0.0
2026-01-16 13:56:06,854 [ERROR] Engine:466 - C:\Users\RND1\.stm32cubemx\thirdparties\pdsc\STMicroelectronics.FP-SNS-STAIOTCFT.1.0.0.pdsc: PDSC version is not supported
2026-01-16 13:56:06,866 [WARN] PackLoader:240 - Cannot read IP mode file for STMicroelectronics.X-CUBE-DPower.1.3.0
2026-01-16 13:56:06,877 [WARN] PackLoader:240 - Cannot read IP mode file for STMicroelectronics.X-CUBE-AI.8.1.0
2026-01-16 13:56:06,895 [WARN] ConditionMgr:438 - getConditionDescription Invalid condition id : LAN8742 Phy interface Condition cause : null
2026-01-16 13:56:06,896 [WARN] PackLoader:240 - Cannot read IP mode file for STMicroelectronics.X-CUBE-AZRTOS-L4.2.0.0
2026-01-16 13:56:06,896 [WARN] ConditionMgr:1039 - genDependencies : Invalid condition id : LAN8742 Phy interface Condition cause : null
2026-01-16 13:56:06,896 [WARN] ConditionMgr:1039 - genDependencies : Invalid condition id : LAN8742 Phy interface Condition cause : null
2026-01-16 13:56:06,897 [WARN] ConditionMgr:1039 - genDependencies : Invalid condition id : LAN8742 Phy interface Condition cause : null
2026-01-16 13:56:06,910 [WARN] PackLoader:240 - Cannot read IP mode file for STMicroelectronics.X-CUBE-SFXS2LP1.4.0.0
2026-01-16 13:56:06,920 [ERROR] Engine:466 - C:\Users\RND1\.stm32cubemx\thirdparties\pdsc\STMicroelectronics.X-CUBE-ST67W61.1.2.0.pdsc: PDSC version is not supported
2026-01-16 13:56:06,941 [WARN] PackLoader:240 - Cannot read IP mode file for STMicroelectronics.X-CUBE-AZRTOS-H7.3.3.0
2026-01-16 13:56:06,953 [ERROR] Engine:466 - C:\Users\RND1\.stm32cubemx\thirdparties\pdsc\STMicroelectronics.X-CUBE-BLEMGR.4.1.0.pdsc: PDSC version is not supported
2026-01-16 13:56:06,966 [WARN] PackLoader:240 - Cannot read IP mode file for STMicroelectronics.X-CUBE-IPS.3.0.0
2026-01-16 13:56:06,989 [WARN] ConditionMgr:438 - getConditionDescription Invalid condition id : UX DEVICE CLASS RTOS Condition cause : null
2026-01-16 13:56:06,989 [WARN] ConditionMgr:438 - getConditionDescription Invalid condition id : UX DEVICE CLASS RTOS Condition cause : null
2026-01-16 13:56:06,990 [WARN] PackLoader:240 - Cannot read IP mode file for STMicroelectronics.X-CUBE-AZRTOS-WB.2.0.0
2026-01-16 13:56:06,990 [WARN] ConditionMgr:1039 - genDependencies : Invalid condition id : UX DEVICE CLASS RTOS Condition cause : null
2026-01-16 13:56:06,990 [WARN] ConditionMgr:1039 - genDependencies : Invalid condition id : UX DEVICE CLASS RTOS Condition cause : null
2026-01-16 13:56:06,990 [WARN] ConditionMgr:1039 - genDependencies : Invalid condition id : UX DEVICE CLASS RTOS Condition cause : null
2026-01-16 13:56:06,991 [WARN] ConditionMgr:1039 - genDependencies : Invalid condition id : UX DEVICE CLASS RTOS Condition cause : null
2026-01-16 13:56:06,991 [WARN] ConditionMgr:1039 - genDependencies : Invalid condition id : UX DEVICE CLASS RTOS Condition cause : null
2026-01-16 13:56:07,002 [WARN] PackLoader:240 - Cannot read IP mode file for STMicroelectronics.X-CUBE-GNSS1.7.0.0
2026-01-16 13:56:07,033 [WARN] PackLoader:240 - Cannot read IP mode file for STMicroelectronics.X-CUBE-GNSS1.7.0.1
2026-01-16 13:56:07,046 [WARN] PackLoader:240 - Cannot read IP mode file for STMicroelectronics.X-CUBE-TOUCHGFX.4.25.0
2026-01-16 13:56:07,057 [WARN] PackLoader:240 - Cannot read IP mode file for STMicroelectronics.FP-SNS-STBOX1.2.0.0
2026-01-16 13:56:07,072 [WARN] PackLoader:240 - Cannot read IP mode file for STMicroelectronics.X-CUBE-SUBG2.5.0.0
2026-01-16 13:56:07,092 [WARN] PackLoader:240 - Cannot read IP mode file for STMicroelectronics.X-CUBE-AZRTOS-H7RS.1.1.0
2026-01-16 13:56:07,112 [WARN] PackLoader:240 - Cannot read IP mode file for STMicroelectronics.X-CUBE-AZRTOS-G4.2.0.0
2026-01-16 13:56:07,129 [WARN] PackLoader:240 - Cannot read IP mode file for Infineon.AIROC-Wi-Fi-Bluetooth-STM32.1.5.1
2026-01-16 13:56:07,142 [WARN] PackLoader:240 - Cannot read IP mode file for STMicroelectronics.X-CUBE-NFC7.2.0.0
2026-01-16 13:56:07,153 [WARN] PackLoader:240 - Cannot read IP mode file for STMicroelectronics.FP-SNS-MOTENVWB1.1.3.1
2026-01-16 13:56:07,164 [WARN] PackLoader:240 - Cannot read IP mode file for STMicroelectronics.X-CUBE-ISPU.2.0.0
2026-01-16 13:56:07,175 [ERROR] Engine:466 - C:\Users\RND1\.stm32cubemx\thirdparties\pdsc\STMicroelectronics.X-CUBE-IPS.3.1.0.pdsc: PDSC version is not supported
2026-01-16 13:56:07,186 [WARN] PackLoader:240 - Cannot read IP mode file for STMicroelectronics.X-CUBE-ALS.1.0.2
2026-01-16 13:56:07,211 [WARN] PackLoader:240 - Cannot read IP mode file for STMicroelectronics.X-CUBE-MEMS1.10.0.0
2026-01-16 13:56:07,262 [WARN] PackLoader:240 - Cannot read IP mode file for STMicroelectronics.X-CUBE-FREERTOS.1.1.0
2026-01-16 13:56:07,274 [WARN] PackLoader:240 - Cannot read IP mode file for STMicroelectronics.X-CUBE-TOUCHGFX.4.24.0
2026-01-16 13:56:07,285 [WARN] PackLoader:240 - Cannot read IP mode file for STMicroelectronics.X-CUBE-TOUCHGFX.4.24.2
2026-01-16 13:56:07,297 [WARN] PackLoader:240 - Cannot read IP mode file for STMicroelectronics.X-CUBE-TOUCHGFX.4.24.1
2026-01-16 13:56:07,310 [WARN] PackLoader:240 - Cannot read IP mode file for STMicroelectronics.X-CUBE-STSE01.1.0.0
2026-01-16 13:56:07,322 [WARN] PackLoader:240 - Cannot read IP mode file for wolfSSL.I-CUBE-wolfTPM.3.4.0
2026-01-16 13:56:07,335 [WARN] PackLoader:240 - Cannot read IP mode file for portGmbH.I-Cube-SoM-uGOAL.1.1.0
2026-01-16 13:56:07,347 [WARN] PackLoader:240 - Cannot read IP mode file for STMicroelectronics.X-CUBE-ALS.1.0.1
2026-01-16 13:56:07,367 [WARN] PackLoader:240 - Cannot read IP mode file for STMicroelectronics.X-CUBE-AZRTOS-H7RS.1.0.0
2026-01-16 13:56:07,379 [WARN] PackLoader:240 - Cannot read IP mode file for STMicroelectronics.FP-ATR-ASTRA1.2.0.0
2026-01-16 13:56:07,395 [WARN] PackLoader:240 - Cannot read IP mode file for STMicroelectronics.X-CUBE-TOF1.3.4.2
2026-01-16 13:56:07,411 [ERROR] Engine:466 - C:\Users\RND1\.stm32cubemx\thirdparties\pdsc\STMicroelectronics.X-CUBE-TOF1.3.4.3.pdsc: PDSC version is not supported
2026-01-16 13:56:07,425 [WARN] PackLoader:240 - Cannot read IP mode file for STMicroelectronics.X-CUBE-TOF1.3.4.0
2026-01-16 13:56:07,442 [WARN] PackLoader:240 - Cannot read IP mode file for STMicroelectronics.X-CUBE-TOF1.3.4.1
2026-01-16 13:56:07,465 [WARN] PackLoader:240 - Cannot read IP mode file for STMicroelectronics.X-CUBE-AZRTOS-H7.3.2.0
2026-01-16 13:56:07,480 [WARN] PackLoader:240 - Cannot read IP mode file for wolfSSL.I-CUBE-wolfSSH.1.4.17
2026-01-16 13:56:07,480 [INFO] ThirdParty:978 - Integrity check success = true
2026-01-16 13:56:07,480 [INFO] IntegrityCheckThread:100 - exiting critical section [integrity check]
2026-01-16 13:56:07,480 [INFO] IntegrityCheckThread:103 - End integrity checks thread
2026-01-16 13:56:28,396 [INFO] McuFinderGlobals:63 - Set McuFinder mode to 2 (CubeIDE integrated)
2026-01-16 13:56:28,430 [INFO] MainUpdater:2873 - connection check result : 10
2026-01-16 13:56:28,440 [INFO] MainUpdater:2873 - connection check result : 10
2026-01-16 13:56:28,625 [INFO] RulesReader:64 - Compatibility file has been processed (297 Rules)
2026-01-16 13:56:28,634 [INFO] RulesReader:64 - Compatibility file has been processed (297 Rules)
2026-01-16 13:56:28,637 [INFO] MicroXplorer:468 - Change Database Path : 
2026-01-16 13:56:28,638 [INFO] MicroXplorer:498 - Change Database Version : DB.6.0.121
2026-01-16 13:56:28,655 [WARN] ThirdParty:871 - waiting for thirdparty lock release [close project]
2026-01-16 13:56:28,656 [INFO] ThirdParty:873 - entering critical section [close project]
2026-01-16 13:56:28,656 [INFO] ThirdParty:883 - exiting critical section [close project]
2026-01-16 13:56:28,658 [INFO] PinOutPanel:1561 - setPackage(No Configuration,No Configuration)
2026-01-16 13:56:28,662 [INFO] UtilMem:75 - Begin LoadConfig() Used Memory: 227856304 Bytes (362807296)
2026-01-16 13:56:28,678 [INFO] MicroXplorer:468 - Change Database Path : C:/Users/RND1/.stm32cubemx/databases/DB.6.0.100/db/
2026-01-16 13:56:28,678 [INFO] MicroXplorer:498 - Change Database Version : DB.6.0.100
2026-01-16 13:56:31,725 [INFO] OpenFileManager:332 - Change cursor
2026-01-16 13:56:31,755 [INFO] Mcu:2032 - Initializing MCU STM32F103C(8-B)Tx STM32F103C8Tx STM32F103C8T6
2026-01-16 13:56:32,612 [INFO] Context:742 - Trying to add GPIOservice into a context  which must be forbidden
2026-01-16 13:56:32,938 [INFO] RtosManager:555 - Registered RTOS mode: class=CMSIS, group=RTOS, mode=CMSIS_V1, owner=FREERTOS
2026-01-16 13:56:32,939 [INFO] RtosManager:555 - Registered RTOS mode: class=CMSIS, group=RTOS2, mode=CMSIS_V2, owner=FREERTOS
2026-01-16 13:56:32,939 [INFO] RtosManager:555 - Registered RTOS mode: class=RTOS, group=Core, mode=CMSIS_V1, owner=FREERTOS
2026-01-16 13:56:32,939 [INFO] RtosManager:555 - Registered RTOS mode: class=RTOS, group=Core, mode=CMSIS_V2, owner=FREERTOS
2026-01-16 13:56:32,939 [WARN] ModelIntegratedComponent:184 - Missing modes for component STMicroelectronics:FreeRTOS:0.0.1:STMicroelectronics:RTOS:FreeRTOS:Core:::10.2.0:
2026-01-16 13:56:32,947 [WARN] ModelIntegratedComponent:63 - No mode defined for component null
2026-01-16 13:56:32,947 [WARN] ModelIntegratedComponent:63 - No mode defined for component null
2026-01-16 13:56:32,948 [WARN] ModelIntegratedComponent:63 - No mode defined for component null
2026-01-16 13:56:32,948 [WARN] ModelIntegratedComponent:63 - No mode defined for component null
2026-01-16 13:56:32,948 [WARN] ModelIntegratedComponent:63 - No mode defined for component null
2026-01-16 13:56:32,948 [WARN] ModelIntegratedComponent:63 - No mode defined for component null
2026-01-16 13:56:32,948 [WARN] ModelIntegratedComponent:63 - No mode defined for component null
2026-01-16 13:56:32,948 [WARN] ModelIntegratedComponent:63 - No mode defined for component null
2026-01-16 13:56:32,948 [WARN] ModelIntegratedComponent:63 - No mode defined for component null
2026-01-16 13:56:32,948 [WARN] ModelIntegratedComponent:63 - No mode defined for component null
2026-01-16 13:56:32,948 [WARN] ModelIntegratedComponent:63 - No mode defined for component null
2026-01-16 13:56:32,948 [WARN] ModelIntegratedComponent:63 - No mode defined for component null
2026-01-16 13:56:32,948 [WARN] ModelIntegratedComponent:63 - No mode defined for component null
2026-01-16 13:56:32,948 [WARN] ModelIntegratedComponent:63 - No mode defined for component null
2026-01-16 13:56:32,949 [WARN] ModelIntegratedComponent:63 - No mode defined for component null
2026-01-16 13:56:32,949 [WARN] ModelIntegratedComponent:63 - No mode defined for component null
2026-01-16 13:56:32,949 [WARN] ModelIntegratedComponent:63 - No mode defined for component null
2026-01-16 13:56:32,949 [WARN] ModelIntegratedComponent:63 - No mode defined for component null
2026-01-16 13:56:32,949 [WARN] ModelIntegratedComponent:63 - No mode defined for component null
2026-01-16 13:56:32,949 [WARN] ModelIntegratedComponent:63 - No mode defined for component null
2026-01-16 13:56:32,949 [WARN] ModelIntegratedComponent:63 - No mode defined for component null
2026-01-16 13:56:32,949 [WARN] ModelIntegratedComponent:63 - No mode defined for component null
2026-01-16 13:56:32,949 [WARN] ModelIntegratedComponent:63 - No mode defined for component null
2026-01-16 13:56:32,949 [WARN] ModelIntegratedComponent:63 - No mode defined for component null
2026-01-16 13:56:32,949 [WARN] ModelIntegratedComponent:63 - No mode defined for component null
2026-01-16 13:56:32,949 [WARN] ModelIntegratedComponent:63 - No mode defined for component null
2026-01-16 13:56:32,949 [WARN] ModelIntegratedComponent:63 - No mode defined for component null
2026-01-16 13:56:32,949 [WARN] ModelIntegratedComponent:63 - No mode defined for component null
2026-01-16 13:56:32,949 [WARN] ModelIntegratedComponent:63 - No mode defined for component null
2026-01-16 13:56:32,949 [WARN] ModelIntegratedComponent:63 - No mode defined for component null
2026-01-16 13:56:32,949 [WARN] ModelIntegratedComponent:63 - No mode defined for component null
2026-01-16 13:56:32,949 [WARN] ModelIntegratedComponent:63 - No mode defined for component null
2026-01-16 13:56:32,949 [WARN] ModelIntegratedComponent:63 - No mode defined for component null
2026-01-16 13:56:32,949 [WARN] ModelIntegratedComponent:63 - No mode defined for component null
2026-01-16 13:56:32,949 [WARN] ModelIntegratedComponent:63 - No mode defined for component null
2026-01-16 13:56:32,950 [WARN] ModelPack:524 - Component already loaded: STMicroelectronics:HAL Drivers:0.0.0:STMicroelectronics:Device:STMicro_Driver:XSPI:HAL::0.0.1:HAL_XSPI
2026-01-16 13:56:33,210 [INFO] ThirdPartyModel:298 - Start build external matchings
2026-01-16 13:56:34,569 [INFO] ThirdPartyModel:316 - End build external matchings
2026-01-16 13:56:34,600 [INFO] ImportTextPane:205 - (OptionalMessage_ERROR) IP (RCC) : Parameter (ADCFreqValue) has invalid value (36000000)
2026-01-16 13:56:34,600 [INFO] ImportTextPane:205 - (OptionalMessage_ERROR) IP (RCC) : Invalid parameter (FamilyName)
2026-01-16 13:56:34,600 [INFO] ImportTextPane:205 - (OptionalMessage_ERROR) IP (RCC) : Parameter (MCOFreq_Value) has invalid value (72000000)
2026-01-16 13:56:34,966 [INFO] ApiDb:581 - Connected to CubeFinder SQLite database (C:\Users\RND1\.stmcufinder\plugins\mcufinder\mcu\cube-finder-db.db)
2026-01-16 13:56:35,044 [INFO] ApiDb:668 - CubeFinder database Data Model version=2.1
2026-01-16 13:56:35,044 [INFO] ApiDb:669 - CubeFinder database Configuration version=3.0.39
2026-01-16 13:56:35,045 [INFO] ApiDb:670 - CubeFinder database generation date=2025-12-22 (1766407740)
2026-01-16 13:56:35,045 [INFO] ApiDb:671 - CubeFinder database FW Pack versions=[FP-ATR-ASTRA1_V2.0.0, FP-SNS-FLIGHT1_V5.1.0, FP-SNS-MOTENV1_V5.1.0, FP-SNS-MOTENVWB1_V1.4.0, FP-SNS-SMARTAG2_V1.2.0, FP-SNS-STBOX1_V2.1.0, STM32Cube_FW_C0_V1.4.0, STM32Cube_FW_F4_V1.28.3, STM32Cube_FW_F7_V1.17.4, STM32Cube_FW_G0_V1.6.2, STM32Cube_FW_G4_V1.6.1, STM32Cube_FW_H5_V1.5.1, STM32Cube_FW_H7RS_V1.3.0, STM32Cube_FW_H7_V1.12.1, STM32Cube_FW_L0_V1.12.2, STM32Cube_FW_L4_V1.18.1, STM32Cube_FW_L5_V1.6.0, STM32Cube_FW_N6_V1.3.0, STM32Cube_FW_U0_V1.3.0, STM32Cube_FW_U3_V1.2.1, STM32Cube_FW_U5_V1.8.0, STM32Cube_FW_WB0_V1.4.0, STM32Cube_FW_WBA_V1.8.0, STM32Cube_FW_WB_V1.24.0, STM32Cube_FW_WL3_V1.3.0, STM32Cube_FW_WL_V1.4.0, X-CUBE-ALGOBUILD_V1.4.0, X-CUBE-ALS_V1.0.2, X-CUBE-AZRTOS-F4_V1.1.0, X-CUBE-AZRTOS-F7_V1.1.0, X-CUBE-AZRTOS-G0_V1.1.0, X-CUBE-AZRTOS-G4_V2.0.0, X-CUBE-AZRTOS-H7RS_V1.1.0, X-CUBE-AZRTOS-H7_V3.4.0, X-CUBE-AZRTOS-L4_V2.0.0, X-CUBE-AZRTOS-L5_V2.0.0, X-CUBE-AZRTOS-WB_V2.0.0, X-CUBE-AZRTOS-WL_V2.0.0, X-CUBE-BLE1_V7.1.0, X-CUBE-BLE2_V3.3.0, X-CUBE-BLEMGR_V4.1.0, X-CUBE-EEPRMA1_V5.2.0, X-CUBE-FREERTOS_V1.3.1, X-CUBE-GNSS1_V6.0.0, X-CUBE-MEMS1_V12.0.0, X-CUBE-NFC4_V3.0.0, X-CUBE-NFC7_V2.0.0, X-CUBE-SFXS2LP1_V4.0.0, X-CUBE-ST67W61_V1.1.0, X-CUBE-SUBG2_V5.0.0, X-CUBE-TOF1_V3.4.3]
2026-01-16 13:56:35,151 [INFO] DbBoardsSqlite:226 - include board P-NUCLEO-WB55-NUCLEO as a kit item of type 'Nucleo-64'
2026-01-16 13:56:35,152 [INFO] DbBoardsSqlite:226 - include board P-NUCLEO-WB55-USBDONGLE as a kit item of type 'Nucleo USB Dongle'
2026-01-16 13:56:35,153 [INFO] DbBoardsSqlite:226 - include board STEVAL-IDP005V1 as a kit item of type 'Evaluation Board'
2026-01-16 13:56:35,153 [INFO] DbBoardsSqlite:226 - include board STEVAL-IDP005V2 as a kit item of type 'Evaluation Board'
2026-01-16 13:56:35,490 [INFO] ApiDb:240 - Found 646 in-development CPN: [B-G473E-ZEST1S, B-WB1M-WPAN1, B-WL5M-SUBG1, NUCLEO-C031C6, NUCLEO-C071RB, NUCLEO-H503RB, NUCLEO-H533RE, NUCLEO-H563ZI, NUCLEO-H7S3L8, NUCLEO-U031R8, NUCLEO-U083RC, NUCLEO-U545RE-Q, NUCLEO-U5A5ZJ-Q, NUCLEO-WB05KZ, NUCLEO-WB07CC, NUCLEO-WB09KE, NUCLEO-WBA52CG, NUCLEO-WBA55CG, STEVAL-PROTEUS1, STEVAL-SMARTAG2, STEVAL-STWINBX1, STM320518-EVAL, STM32C0116-DK, STM32C011D6Y3TR, STM32C011D6Y6TR, STM32C011F4P3, STM32C011F4P6, STM32C011F4U3, STM32C011F4U6TR, STM32C011F6P3, STM32C011F6P6, STM32C011F6U3, STM32C011F6U6TR, STM32C011J4M3, STM32C011J4M6, STM32C011J6M3, STM32C011J6M6, STM32C0316-DK, STM32C031C4T3, STM32C031C4T6, STM32C031C4U3, STM32C031C4U6, STM32C031C6T3, STM32C031C6T6, STM32C031C6U3, STM32C031C6U6, STM32C031F4P3, STM32C031F4P6, STM32C031F6P3, STM32C031F6P6, STM32C031G4U3, STM32C031G4U6, STM32C031G6U3, STM32C031G6U6, STM32C031K4T3, STM32C031K4T6, STM32C031K4U3, STM32C031K4U6, STM32C031K6T3, STM32C031K6T6, STM32C031K6U3, STM32C031K6U6, STM32C071C8T6, STM32C071C8T6N, STM32C071C8U6, STM32C071C8U6N, STM32C071CBT6, STM32C071CBT6N, STM32C071CBU6, STM32C071CBU6N, STM32C071F8P6, STM32C071F8P6N, STM32C071FBP6, STM32C071FBP6N, STM32C071FBY6TR, STM32C071G8U6, STM32C071G8U6N, STM32C071GBU6, STM32C071GBU6N, STM32C071K8T6, STM32C071K8T6N, STM32C071K8U6, STM32C071K8U6N, STM32C071KBT6, STM32C071KBT6N, STM32C071KBU6, STM32C071KBU6N, STM32C071R8T6, STM32C071R8T6N, STM32C071RBI6N, STM32C071RBT6, STM32C071RBT6N, STM32G071K8TXN, STM32G071K8UXN, STM32G081GBU6N, STM32G081KBT6N, STM32G081KBUXN, STM32G0B1CCT6N, STM32G0B1KCT6, STM32G0B1NEY6TR, STM32G0B1RCT6N, STM32G0C1CCT6, STM32G0C1CCT6N, STM32G0C1CCU6N, STM32G0C1CET6N, STM32G0C1CEU6N, STM32G0C1KCT6, STM32G0C1NEY6TR, STM32G0C1RCI6N, STM32G0C1RCT6N, STM32G0C1REI6N, STM32G0C1RET6N, STM32G0C1VCI6, STM32G0C1VEI6, STM32G411C6T3, STM32G411C6T6, STM32G411C6U3, STM32G411C6U6, STM32G411C8T3, STM32G411C8T6, STM32G411C8U3, STM32G411C8U6, STM32G411CBT3, STM32G411CBT6, STM32G411CBU3, STM32G411CBU6, STM32G411K6T3, STM32G411K6T6, STM32G411K6U3, STM32G411K6U6, STM32G411K8T3, STM32G411K8T6, STM32G411K8U3, STM32G411K8U6, STM32G411KBT3, STM32G411KBT6, STM32G411KBU3, STM32G411KBU6, STM32G411M6T3, STM32G411M6T6, STM32G411M8T3, STM32G411M8T6, STM32G411MBT3, STM32G411MBT6, STM32G411R6T3, STM32G411R6T6, STM32G411R8T3, STM32G411R8T6, STM32G411RBT3, STM32G411RBT6, STM32G414CBT3, STM32G414CBT6, STM32G414CBU3, STM32G414CBU6, STM32G414CCT3, STM32G414CCT6, STM32G414CCU3, STM32G414CCU6, STM32G414MBT3, STM32G414MBT6, STM32G414MCT3, STM32G414MCT6, STM32G414RBT3, STM32G414RBT6, STM32G414RCT3, STM32G414RCT6, STM32G414VBT3, STM32G414VBT6, STM32G414VCT3, STM32G414VCT6, STM32G431CBT3Z, STM32G431RBT3Z, STM32G471CCT6, STM32G471CCU6, STM32G471CET3, STM32G471CET6, STM32G471CEU3, STM32G471CEU6, STM32G471MCT6, STM32G471MET3, STM32G471MET6, STM32G471MEY6TR, STM32G471QCT6, STM32G471QET3, STM32G471RCT6, STM32G471RET3, STM32G471RET6, STM32G471VCH6, STM32G471VCI6, STM32G471VCT6, STM32G471VEH3, STM32G471VEH6, STM32G471VEI3, STM32G471VEI6, STM32G471VET3, STM32G471VET6, STM32G473QET3Z, STM32G473RET3Z, STM32G474CCT6, STM32G491RET3Z, STM32H503CBT6, STM32H503CBU6, STM32H503EBY6TR, STM32H503KBU6, STM32H503RBT6, STM32H523CCT6, STM32H523CCU6, STM32H523CET6, STM32H523CEU6, STM32H523HEY6TR, STM32H523RCT6, STM32H523RET6, STM32H523VCI6, STM32H523VCT6, STM32H523VEI6, STM32H523VET6, STM32H523ZCJ6, STM32H523ZCT6, STM32H523ZEJ6, STM32H523ZET6, STM32H533CET6, STM32H533CEU6, STM32H533HEY6TR, STM32H533RET6, STM32H533VEI6, STM32H533VET6, STM32H533ZEJ6, STM32H533ZET6, STM32H562AGI6, STM32H562AII6, STM32H562IGK6, STM32H562IGT6, STM32H562IIK6, STM32H562IIT6, STM32H562RGT6, STM32H562RGV6, STM32H562RIT6, STM32H562RIV6, STM32H562VGT6, STM32H562VIT6, STM32H562ZGT6, STM32H562ZIT6, STM32H563AGI6, STM32H563AII3Q, STM32H563AII6, STM32H563IGK6, STM32H563IGT6, STM32H563IIK3Q, STM32H563IIK6, STM32H563IIT3Q, STM32H563IIT6, STM32H563MIY3QTR, STM32H563RGT6, STM32H563RGV6, STM32H563RIT6, STM32H563RIV6, STM32H563VGT6, STM32H563VIT3Q, STM32H563VIT6, STM32H563ZGT6, STM32H563ZIT3Q, STM32H563ZIT6, STM32H573AII3Q, STM32H573AII6, STM32H573I-DK, STM32H573IIK3Q, STM32H573IIK6, STM32H573IIT3Q, STM32H573IIT6, STM32H573MIY3QTR, STM32H573RIT6, STM32H573RIV6, STM32H573VIT3Q, STM32H573VIT6, STM32H573ZIT3Q, STM32H573ZIT6, STM32H7R3A8I6, STM32H7R3I8K6, STM32H7R3I8T6, STM32H7R3L8H6, STM32H7R3L8H6H, STM32H7R3R8V6, STM32H7R3V8H6, STM32H7R3V8T6, STM32H7R3V8Y6TR, STM32H7R3Z8J6, STM32H7R3Z8T6, STM32H7R7A8I6, STM32H7R7I8K6, STM32H7R7I8T6, STM32H7R7L8H6, STM32H7R7L8H6H, STM32H7R7Z8J6, STM32H7S3A8I6, STM32H7S3I8K6, STM32H7S3I8T6, STM32H7S3L8H6, STM32H7S3L8H6H, STM32H7S3R8V6, STM32H7S3V8H6, STM32H7S3V8T6, STM32H7S3V8Y6TR, STM32H7S3Z8J6, STM32H7S3Z8T6, STM32H7S78-DK, STM32H7S7A8I6, STM32H7S7I8K6, STM32H7S7I8T6, STM32H7S7L8H6, STM32H7S7L8H6H, STM32H7S7Z8J6, STM32L4R5QGI6STR, STM32MP131AAE3, STM32MP131AAF3, STM32MP131AAG3, STM32MP131CAE3, STM32MP131CAF3, STM32MP131CAG3, STM32MP131DAE7, STM32MP131DAF7, STM32MP131DAG7, STM32MP131FAE7, STM32MP131FAF7, STM32MP131FAG7, STM32MP133AAE3, STM32MP133AAF3, STM32MP133AAG3, STM32MP133CAE3, STM32MP133CAF3, STM32MP133CAG3, STM32MP133DAE7, STM32MP133DAF7, STM32MP133DAG7, STM32MP133FAE7, STM32MP133FAF7, STM32MP133FAG7, STM32MP135AAE3, STM32MP135AAF3, STM32MP135AAG3, STM32MP135CAE3, STM32MP135CAF3, STM32MP135CAG3, STM32MP135DAE7, STM32MP135DAF7, STM32MP135DAG7, STM32MP135F-DK, STM32MP135FAE7, STM32MP135FAF7, STM32MP135FAF7T, STM32MP135FAF7U, STM32MP135FAG7, STM32MP251AAI3, STM32MP251AAK3, STM32MP251AAL3, STM32MP251CAI3, STM32MP251CAK3, STM32MP251CAL3, STM32MP251DAI3, STM32MP251DAK3, STM32MP251DAL3, STM32MP251FAI3, STM32MP251FAK3, STM32MP251FAL3, STM32MP253AAI3, STM32MP253AAK3, STM32MP253AAL3, STM32MP253CAI3, STM32MP253CAK3, STM32MP253CAL3, STM32MP253DAI3, STM32MP253DAK3, STM32MP253DAL3, STM32MP253FAI3, STM32MP253FAK3, STM32MP253FAL3, STM32MP255AAI3, STM32MP255AAK3, STM32MP255AAL3, STM32MP255CAI3, STM32MP255CAK3, STM32MP255CAL3, STM32MP255DAI3, STM32MP255DAK3, STM32MP255DAL3, STM32MP255FAI3, STM32MP255FAK3, STM32MP255FAL3, STM32MP257AAI3, STM32MP257AAK3, STM32MP257AAL3, STM32MP257CAI3, STM32MP257CAK3, STM32MP257CAL3, STM32MP257DAI3, STM32MP257DAK3, STM32MP257DAL3, STM32MP257F-DK, STM32MP257F-EV1, STM32MP257FAI3, STM32MP257FAK3, STM32MP257FAL3, STM32U031C6T6, STM32U031C6U6, STM32U031C8T6, STM32U031C8U6, STM32U031F4P6, STM32U031F6P6, STM32U031F8P6, STM32U031G6Y6TR, STM32U031G8Y6TR, STM32U031K4U6, STM32U031K6U6, STM32U031K8U6, STM32U031R6I6, STM32U031R6T6, STM32U031R8I6, STM32U031R8T6, STM32U073C8T6, STM32U073C8U6, STM32U073CBT6, STM32U073CBU6, STM32U073CCT6, STM32U073CCU6, STM32U073H8Y6TR, STM32U073HBY6TR, STM32U073HCY6TR, STM32U073K8U6, STM32U073KBU6, STM32U073KCU6, STM32U073M8I6, STM32U073M8T6, STM32U073MBI6, STM32U073MBT6, STM32U073MCI6, STM32U073MCT6, STM32U073R8I6, STM32U073R8T6, STM32U073RBI6, STM32U073RBT6, STM32U073RCI6, STM32U073RCT6, STM32U083C-DK, STM32U083CCT6, STM32U083CCU6, STM32U083HCY6TR, STM32U083KCU6, STM32U083MCI6, STM32U083MCT6, STM32U083RCI6, STM32U083RCT6, STM32U535CBT6, STM32U535CBT6Q, STM32U535CBU6, STM32U535CBU6Q, STM32U535CCT6, STM32U535CCT6Q, STM32U535CCU6, STM32U535CCU6Q, STM32U535CET6, STM32U535CET6Q, STM32U535CEU6, STM32U535CEU6Q, STM32U535JEY6QTR, STM32U535NCY6QTR, STM32U535NEY6QTR, STM32U535RBI6, STM32U535RBI6Q, STM32U535RBT6, STM32U535RBT6Q, STM32U535RCI6, STM32U535RCI6Q, STM32U535RCT6, STM32U535RCT6Q, STM32U535REI6, STM32U535REI6Q, STM32U535RET6, STM32U535RET6Q, STM32U535VCI6, STM32U535VCI6Q, STM32U535VCT6, STM32U535VCT6Q, STM32U535VEI6, STM32U535VEI6Q, STM32U535VET6, STM32U535VET6Q, STM32U545CET6, STM32U545CET6Q, STM32U545CEU6, STM32U545CEU6Q, STM32U545JEY6QTR, STM32U545NEY6QTR, STM32U545REI6, STM32U545REI6Q, STM32U545RET6, STM32U545RET6Q, STM32U545VEI6, STM32U545VEI6Q, STM32U545VET6, STM32U545VET6Q, STM32U595AIH6, STM32U595AIH6Q, STM32U595AJH6, STM32U595AJH6Q, STM32U595QII6, STM32U595QII6Q, STM32U595QJI6, STM32U595QJI6Q, STM32U595RIT6, STM32U595RIT6Q, STM32U595RJT6, STM32U595RJT6Q, STM32U595VIT6, STM32U595VIT6Q, STM32U595VJT6, STM32U595VJT6Q, STM32U595ZIT6, STM32U595ZIT6Q, STM32U595ZIY6QTR, STM32U595ZJT6, STM32U595ZJT6Q, STM32U595ZJY6QTR, STM32U599BJY6QTR, STM32U599NIH6Q, STM32U599NJH6Q, STM32U599VIT6Q, STM32U599VJT6, STM32U599VJT6Q, STM32U599ZIT6Q, STM32U599ZIY6QTR, STM32U599ZJT6Q, STM32U599ZJY6QTR, STM32U5A5AJH6, STM32U5A5AJH6Q, STM32U5A5QII3Q , STM32U5A5QJI6, STM32U5A5QJI6Q, STM32U5A5RJT6, STM32U5A5RJT6Q, STM32U5A5VJT6, STM32U5A5VJT6Q, STM32U5A5ZJT6, STM32U5A5ZJT6Q, STM32U5A5ZJY6QTR, STM32U5A9BJY6QTR, STM32U5A9J-DK, STM32U5A9NJH6Q, STM32U5A9VJT6Q, STM32U5A9ZJT6Q, STM32U5A9ZJY6QTR, STM32U5F7VIT6, STM32U5F7VIT6Q, STM32U5F7VJT6, STM32U5F7VJT6Q, STM32U5F9BJY6QTR, STM32U5F9NJH6Q, STM32U5F9VIT6Q, STM32U5F9VJT6Q, STM32U5F9ZIJ6QTR, STM32U5F9ZIT6Q, STM32U5F9ZJJ6QTR, STM32U5F9ZJT6Q, STM32U5G7VJT6, STM32U5G7VJT6Q, STM32U5G9BJY6QTR, STM32U5G9J-DK1, STM32U5G9J-DK2, STM32U5G9NJH6Q, STM32U5G9VJT6Q, STM32U5G9ZJJ6QTR, STM32U5G9ZJT6Q, STM32WB05KZV6TR, STM32WB05KZV7TR, STM32WB05TZF6TR, STM32WB05TZF7TR, STM32WB06CCF6TR, STM32WB06CCF7TR, STM32WB06CCV6TR, STM32WB06CCV7TR, STM32WB06KCV6TR, STM32WB06KCV7TR, STM32WB07CCF6TR, STM32WB07CCF7TR, STM32WB07CCV6TR, STM32WB07CCV7TR, STM32WB07KCV6TR, STM32WB07KCV7TR, STM32WB09KEV6TR, STM32WB09KEV7TR, STM32WB09TEF6TR, STM32WB09TEF7TR, STM32WB1MMCH6, STM32WBA50KGU6, STM32WBA50KGU6TR, STM32WBA52CEU6, STM32WBA52CEU6TR, STM32WBA52CEU7, STM32WBA52CEU7TR, STM32WBA52CGU6, STM32WBA52CGU6TR, STM32WBA52CGU6U, STM32WBA52CGU7, STM32WBA52CGU7TR, STM32WBA52KEU6, STM32WBA52KEU6TR, STM32WBA52KGU6, STM32WBA52KGU6TR, STM32WBA54CEU6, STM32WBA54CEU6TR, STM32WBA54CEU7, STM32WBA54CEU7TR, STM32WBA54CGU6, STM32WBA54CGU6TR, STM32WBA54CGU7, STM32WBA54CGU7TR, STM32WBA54KEU6, STM32WBA54KEU6TR, STM32WBA54KEU7, STM32WBA54KEU7TR, STM32WBA54KGU6, STM32WBA54KGU6TR, STM32WBA54KGU7, STM32WBA54KGU7TR, STM32WBA55CEU6, STM32WBA55CEU6TR, STM32WBA55CEU7, STM32WBA55CEU7TR, STM32WBA55CGU6, STM32WBA55CGU6TR, STM32WBA55CGU6U, STM32WBA55CGU7, STM32WBA55CGU7TR, STM32WBA55G-DK1, STM32WBA55HEF6, STM32WBA55HEF7, STM32WBA55HGF6, STM32WBA55HGF7, STM32WBA55UEI6, STM32WBA55UEI6TR, STM32WBA55UEI7, STM32WBA55UEI7TR, STM32WBA55UGI6, STM32WBA55UGI6TR, STM32WBA55UGI7, STM32WBA55UGI7TR, STM32WL5MOCH6, STM32WL5MOCH6TR]
2026-01-16 13:56:35,493 [INFO] ApiDb:668 - CubeFinder database Data Model version=2.1
2026-01-16 13:56:35,493 [INFO] ApiDb:669 - CubeFinder database Configuration version=3.0.39
2026-01-16 13:56:35,493 [INFO] ApiDb:670 - CubeFinder database generation date=2025-12-22 (1766407740)
2026-01-16 13:56:35,493 [INFO] ApiDb:671 - CubeFinder database FW Pack versions=[FP-ATR-ASTRA1_V2.0.0, FP-SNS-FLIGHT1_V5.1.0, FP-SNS-MOTENV1_V5.1.0, FP-SNS-MOTENVWB1_V1.4.0, FP-SNS-SMARTAG2_V1.2.0, FP-SNS-STBOX1_V2.1.0, STM32Cube_FW_C0_V1.4.0, STM32Cube_FW_F4_V1.28.3, STM32Cube_FW_F7_V1.17.4, STM32Cube_FW_G0_V1.6.2, STM32Cube_FW_G4_V1.6.1, STM32Cube_FW_H5_V1.5.1, STM32Cube_FW_H7RS_V1.3.0, STM32Cube_FW_H7_V1.12.1, STM32Cube_FW_L0_V1.12.2, STM32Cube_FW_L4_V1.18.1, STM32Cube_FW_L5_V1.6.0, STM32Cube_FW_N6_V1.3.0, STM32Cube_FW_U0_V1.3.0, STM32Cube_FW_U3_V1.2.1, STM32Cube_FW_U5_V1.8.0, STM32Cube_FW_WB0_V1.4.0, STM32Cube_FW_WBA_V1.8.0, STM32Cube_FW_WB_V1.24.0, STM32Cube_FW_WL3_V1.3.0, STM32Cube_FW_WL_V1.4.0, X-CUBE-ALGOBUILD_V1.4.0, X-CUBE-ALS_V1.0.2, X-CUBE-AZRTOS-F4_V1.1.0, X-CUBE-AZRTOS-F7_V1.1.0, X-CUBE-AZRTOS-G0_V1.1.0, X-CUBE-AZRTOS-G4_V2.0.0, X-CUBE-AZRTOS-H7RS_V1.1.0, X-CUBE-AZRTOS-H7_V3.4.0, X-CUBE-AZRTOS-L4_V2.0.0, X-CUBE-AZRTOS-L5_V2.0.0, X-CUBE-AZRTOS-WB_V2.0.0, X-CUBE-AZRTOS-WL_V2.0.0, X-CUBE-BLE1_V7.1.0, X-CUBE-BLE2_V3.3.0, X-CUBE-BLEMGR_V4.1.0, X-CUBE-EEPRMA1_V5.2.0, X-CUBE-FREERTOS_V1.3.1, X-CUBE-GNSS1_V6.0.0, X-CUBE-MEMS1_V12.0.0, X-CUBE-NFC4_V3.0.0, X-CUBE-NFC7_V2.0.0, X-CUBE-SFXS2LP1_V4.0.0, X-CUBE-ST67W61_V1.1.0, X-CUBE-SUBG2_V5.0.0, X-CUBE-TOF1_V3.4.3]
2026-01-16 13:56:37,065 [INFO] ApiDb:240 - Found 646 in-development CPN: [B-G473E-ZEST1S, B-WB1M-WPAN1, B-WL5M-SUBG1, NUCLEO-C031C6, NUCLEO-C071RB, NUCLEO-H503RB, NUCLEO-H533RE, NUCLEO-H563ZI, NUCLEO-H7S3L8, NUCLEO-U031R8, NUCLEO-U083RC, NUCLEO-U545RE-Q, NUCLEO-U5A5ZJ-Q, NUCLEO-WB05KZ, NUCLEO-WB07CC, NUCLEO-WB09KE, NUCLEO-WBA52CG, NUCLEO-WBA55CG, STEVAL-PROTEUS1, STEVAL-SMARTAG2, STEVAL-STWINBX1, STM320518-EVAL, STM32C0116-DK, STM32C011D6Y3TR, STM32C011D6Y6TR, STM32C011F4P3, STM32C011F4P6, STM32C011F4U3, STM32C011F4U6TR, STM32C011F6P3, STM32C011F6P6, STM32C011F6U3, STM32C011F6U6TR, STM32C011J4M3, STM32C011J4M6, STM32C011J6M3, STM32C011J6M6, STM32C0316-DK, STM32C031C4T3, STM32C031C4T6, STM32C031C4U3, STM32C031C4U6, STM32C031C6T3, STM32C031C6T6, STM32C031C6U3, STM32C031C6U6, STM32C031F4P3, STM32C031F4P6, STM32C031F6P3, STM32C031F6P6, STM32C031G4U3, STM32C031G4U6, STM32C031G6U3, STM32C031G6U6, STM32C031K4T3, STM32C031K4T6, STM32C031K4U3, STM32C031K4U6, STM32C031K6T3, STM32C031K6T6, STM32C031K6U3, STM32C031K6U6, STM32C071C8T6, STM32C071C8T6N, STM32C071C8U6, STM32C071C8U6N, STM32C071CBT6, STM32C071CBT6N, STM32C071CBU6, STM32C071CBU6N, STM32C071F8P6, STM32C071F8P6N, STM32C071FBP6, STM32C071FBP6N, STM32C071FBY6TR, STM32C071G8U6, STM32C071G8U6N, STM32C071GBU6, STM32C071GBU6N, STM32C071K8T6, STM32C071K8T6N, STM32C071K8U6, STM32C071K8U6N, STM32C071KBT6, STM32C071KBT6N, STM32C071KBU6, STM32C071KBU6N, STM32C071R8T6, STM32C071R8T6N, STM32C071RBI6N, STM32C071RBT6, STM32C071RBT6N, STM32G071K8TXN, STM32G071K8UXN, STM32G081GBU6N, STM32G081KBT6N, STM32G081KBUXN, STM32G0B1CCT6N, STM32G0B1KCT6, STM32G0B1NEY6TR, STM32G0B1RCT6N, STM32G0C1CCT6, STM32G0C1CCT6N, STM32G0C1CCU6N, STM32G0C1CET6N, STM32G0C1CEU6N, STM32G0C1KCT6, STM32G0C1NEY6TR, STM32G0C1RCI6N, STM32G0C1RCT6N, STM32G0C1REI6N, STM32G0C1RET6N, STM32G0C1VCI6, STM32G0C1VEI6, STM32G411C6T3, STM32G411C6T6, STM32G411C6U3, STM32G411C6U6, STM32G411C8T3, STM32G411C8T6, STM32G411C8U3, STM32G411C8U6, STM32G411CBT3, STM32G411CBT6, STM32G411CBU3, STM32G411CBU6, STM32G411K6T3, STM32G411K6T6, STM32G411K6U3, STM32G411K6U6, STM32G411K8T3, STM32G411K8T6, STM32G411K8U3, STM32G411K8U6, STM32G411KBT3, STM32G411KBT6, STM32G411KBU3, STM32G411KBU6, STM32G411M6T3, STM32G411M6T6, STM32G411M8T3, STM32G411M8T6, STM32G411MBT3, STM32G411MBT6, STM32G411R6T3, STM32G411R6T6, STM32G411R8T3, STM32G411R8T6, STM32G411RBT3, STM32G411RBT6, STM32G414CBT3, STM32G414CBT6, STM32G414CBU3, STM32G414CBU6, STM32G414CCT3, STM32G414CCT6, STM32G414CCU3, STM32G414CCU6, STM32G414MBT3, STM32G414MBT6, STM32G414MCT3, STM32G414MCT6, STM32G414RBT3, STM32G414RBT6, STM32G414RCT3, STM32G414RCT6, STM32G414VBT3, STM32G414VBT6, STM32G414VCT3, STM32G414VCT6, STM32G431CBT3Z, STM32G431RBT3Z, STM32G471CCT6, STM32G471CCU6, STM32G471CET3, STM32G471CET6, STM32G471CEU3, STM32G471CEU6, STM32G471MCT6, STM32G471MET3, STM32G471MET6, STM32G471MEY6TR, STM32G471QCT6, STM32G471QET3, STM32G471RCT6, STM32G471RET3, STM32G471RET6, STM32G471VCH6, STM32G471VCI6, STM32G471VCT6, STM32G471VEH3, STM32G471VEH6, STM32G471VEI3, STM32G471VEI6, STM32G471VET3, STM32G471VET6, STM32G473QET3Z, STM32G473RET3Z, STM32G474CCT6, STM32G491RET3Z, STM32H503CBT6, STM32H503CBU6, STM32H503EBY6TR, STM32H503KBU6, STM32H503RBT6, STM32H523CCT6, STM32H523CCU6, STM32H523CET6, STM32H523CEU6, STM32H523HEY6TR, STM32H523RCT6, STM32H523RET6, STM32H523VCI6, STM32H523VCT6, STM32H523VEI6, STM32H523VET6, STM32H523ZCJ6, STM32H523ZCT6, STM32H523ZEJ6, STM32H523ZET6, STM32H533CET6, STM32H533CEU6, STM32H533HEY6TR, STM32H533RET6, STM32H533VEI6, STM32H533VET6, STM32H533ZEJ6, STM32H533ZET6, STM32H562AGI6, STM32H562AII6, STM32H562IGK6, STM32H562IGT6, STM32H562IIK6, STM32H562IIT6, STM32H562RGT6, STM32H562RGV6, STM32H562RIT6, STM32H562RIV6, STM32H562VGT6, STM32H562VIT6, STM32H562ZGT6, STM32H562ZIT6, STM32H563AGI6, STM32H563AII3Q, STM32H563AII6, STM32H563IGK6, STM32H563IGT6, STM32H563IIK3Q, STM32H563IIK6, STM32H563IIT3Q, STM32H563IIT6, STM32H563MIY3QTR, STM32H563RGT6, STM32H563RGV6, STM32H563RIT6, STM32H563RIV6, STM32H563VGT6, STM32H563VIT3Q, STM32H563VIT6, STM32H563ZGT6, STM32H563ZIT3Q, STM32H563ZIT6, STM32H573AII3Q, STM32H573AII6, STM32H573I-DK, STM32H573IIK3Q, STM32H573IIK6, STM32H573IIT3Q, STM32H573IIT6, STM32H573MIY3QTR, STM32H573RIT6, STM32H573RIV6, STM32H573VIT3Q, STM32H573VIT6, STM32H573ZIT3Q, STM32H573ZIT6, STM32H7R3A8I6, STM32H7R3I8K6, STM32H7R3I8T6, STM32H7R3L8H6, STM32H7R3L8H6H, STM32H7R3R8V6, STM32H7R3V8H6, STM32H7R3V8T6, STM32H7R3V8Y6TR, STM32H7R3Z8J6, STM32H7R3Z8T6, STM32H7R7A8I6, STM32H7R7I8K6, STM32H7R7I8T6, STM32H7R7L8H6, STM32H7R7L8H6H, STM32H7R7Z8J6, STM32H7S3A8I6, STM32H7S3I8K6, STM32H7S3I8T6, STM32H7S3L8H6, STM32H7S3L8H6H, STM32H7S3R8V6, STM32H7S3V8H6, STM32H7S3V8T6, STM32H7S3V8Y6TR, STM32H7S3Z8J6, STM32H7S3Z8T6, STM32H7S78-DK, STM32H7S7A8I6, STM32H7S7I8K6, STM32H7S7I8T6, STM32H7S7L8H6, STM32H7S7L8H6H, STM32H7S7Z8J6, STM32L4R5QGI6STR, STM32MP131AAE3, STM32MP131AAF3, STM32MP131AAG3, STM32MP131CAE3, STM32MP131CAF3, STM32MP131CAG3, STM32MP131DAE7, STM32MP131DAF7, STM32MP131DAG7, STM32MP131FAE7, STM32MP131FAF7, STM32MP131FAG7, STM32MP133AAE3, STM32MP133AAF3, STM32MP133AAG3, STM32MP133CAE3, STM32MP133CAF3, STM32MP133CAG3, STM32MP133DAE7, STM32MP133DAF7, STM32MP133DAG7, STM32MP133FAE7, STM32MP133FAF7, STM32MP133FAG7, STM32MP135AAE3, STM32MP135AAF3, STM32MP135AAG3, STM32MP135CAE3, STM32MP135CAF3, STM32MP135CAG3, STM32MP135DAE7, STM32MP135DAF7, STM32MP135DAG7, STM32MP135F-DK, STM32MP135FAE7, STM32MP135FAF7, STM32MP135FAF7T, STM32MP135FAF7U, STM32MP135FAG7, STM32MP251AAI3, STM32MP251AAK3, STM32MP251AAL3, STM32MP251CAI3, STM32MP251CAK3, STM32MP251CAL3, STM32MP251DAI3, STM32MP251DAK3, STM32MP251DAL3, STM32MP251FAI3, STM32MP251FAK3, STM32MP251FAL3, STM32MP253AAI3, STM32MP253AAK3, STM32MP253AAL3, STM32MP253CAI3, STM32MP253CAK3, STM32MP253CAL3, STM32MP253DAI3, STM32MP253DAK3, STM32MP253DAL3, STM32MP253FAI3, STM32MP253FAK3, STM32MP253FAL3, STM32MP255AAI3, STM32MP255AAK3, STM32MP255AAL3, STM32MP255CAI3, STM32MP255CAK3, STM32MP255CAL3, STM32MP255DAI3, STM32MP255DAK3, STM32MP255DAL3, STM32MP255FAI3, STM32MP255FAK3, STM32MP255FAL3, STM32MP257AAI3, STM32MP257AAK3, STM32MP257AAL3, STM32MP257CAI3, STM32MP257CAK3, STM32MP257CAL3, STM32MP257DAI3, STM32MP257DAK3, STM32MP257DAL3, STM32MP257F-DK, STM32MP257F-EV1, STM32MP257FAI3, STM32MP257FAK3, STM32MP257FAL3, STM32U031C6T6, STM32U031C6U6, STM32U031C8T6, STM32U031C8U6, STM32U031F4P6, STM32U031F6P6, STM32U031F8P6, STM32U031G6Y6TR, STM32U031G8Y6TR, STM32U031K4U6, STM32U031K6U6, STM32U031K8U6, STM32U031R6I6, STM32U031R6T6, STM32U031R8I6, STM32U031R8T6, STM32U073C8T6, STM32U073C8U6, STM32U073CBT6, STM32U073CBU6, STM32U073CCT6, STM32U073CCU6, STM32U073H8Y6TR, STM32U073HBY6TR, STM32U073HCY6TR, STM32U073K8U6, STM32U073KBU6, STM32U073KCU6, STM32U073M8I6, STM32U073M8T6, STM32U073MBI6, STM32U073MBT6, STM32U073MCI6, STM32U073MCT6, STM32U073R8I6, STM32U073R8T6, STM32U073RBI6, STM32U073RBT6, STM32U073RCI6, STM32U073RCT6, STM32U083C-DK, STM32U083CCT6, STM32U083CCU6, STM32U083HCY6TR, STM32U083KCU6, STM32U083MCI6, STM32U083MCT6, STM32U083RCI6, STM32U083RCT6, STM32U535CBT6, STM32U535CBT6Q, STM32U535CBU6, STM32U535CBU6Q, STM32U535CCT6, STM32U535CCT6Q, STM32U535CCU6, STM32U535CCU6Q, STM32U535CET6, STM32U535CET6Q, STM32U535CEU6, STM32U535CEU6Q, STM32U535JEY6QTR, STM32U535NCY6QTR, STM32U535NEY6QTR, STM32U535RBI6, STM32U535RBI6Q, STM32U535RBT6, STM32U535RBT6Q, STM32U535RCI6, STM32U535RCI6Q, STM32U535RCT6, STM32U535RCT6Q, STM32U535REI6, STM32U535REI6Q, STM32U535RET6, STM32U535RET6Q, STM32U535VCI6, STM32U535VCI6Q, STM32U535VCT6, STM32U535VCT6Q, STM32U535VEI6, STM32U535VEI6Q, STM32U535VET6, STM32U535VET6Q, STM32U545CET6, STM32U545CET6Q, STM32U545CEU6, STM32U545CEU6Q, STM32U545JEY6QTR, STM32U545NEY6QTR, STM32U545REI6, STM32U545REI6Q, STM32U545RET6, STM32U545RET6Q, STM32U545VEI6, STM32U545VEI6Q, STM32U545VET6, STM32U545VET6Q, STM32U595AIH6, STM32U595AIH6Q, STM32U595AJH6, STM32U595AJH6Q, STM32U595QII6, STM32U595QII6Q, STM32U595QJI6, STM32U595QJI6Q, STM32U595RIT6, STM32U595RIT6Q, STM32U595RJT6, STM32U595RJT6Q, STM32U595VIT6, STM32U595VIT6Q, STM32U595VJT6, STM32U595VJT6Q, STM32U595ZIT6, STM32U595ZIT6Q, STM32U595ZIY6QTR, STM32U595ZJT6, STM32U595ZJT6Q, STM32U595ZJY6QTR, STM32U599BJY6QTR, STM32U599NIH6Q, STM32U599NJH6Q, STM32U599VIT6Q, STM32U599VJT6, STM32U599VJT6Q, STM32U599ZIT6Q, STM32U599ZIY6QTR, STM32U599ZJT6Q, STM32U599ZJY6QTR, STM32U5A5AJH6, STM32U5A5AJH6Q, STM32U5A5QII3Q , STM32U5A5QJI6, STM32U5A5QJI6Q, STM32U5A5RJT6, STM32U5A5RJT6Q, STM32U5A5VJT6, STM32U5A5VJT6Q, STM32U5A5ZJT6, STM32U5A5ZJT6Q, STM32U5A5ZJY6QTR, STM32U5A9BJY6QTR, STM32U5A9J-DK, STM32U5A9NJH6Q, STM32U5A9VJT6Q, STM32U5A9ZJT6Q, STM32U5A9ZJY6QTR, STM32U5F7VIT6, STM32U5F7VIT6Q, STM32U5F7VJT6, STM32U5F7VJT6Q, STM32U5F9BJY6QTR, STM32U5F9NJH6Q, STM32U5F9VIT6Q, STM32U5F9VJT6Q, STM32U5F9ZIJ6QTR, STM32U5F9ZIT6Q, STM32U5F9ZJJ6QTR, STM32U5F9ZJT6Q, STM32U5G7VJT6, STM32U5G7VJT6Q, STM32U5G9BJY6QTR, STM32U5G9J-DK1, STM32U5G9J-DK2, STM32U5G9NJH6Q, STM32U5G9VJT6Q, STM32U5G9ZJJ6QTR, STM32U5G9ZJT6Q, STM32WB05KZV6TR, STM32WB05KZV7TR, STM32WB05TZF6TR, STM32WB05TZF7TR, STM32WB06CCF6TR, STM32WB06CCF7TR, STM32WB06CCV6TR, STM32WB06CCV7TR, STM32WB06KCV6TR, STM32WB06KCV7TR, STM32WB07CCF6TR, STM32WB07CCF7TR, STM32WB07CCV6TR, STM32WB07CCV7TR, STM32WB07KCV6TR, STM32WB07KCV7TR, STM32WB09KEV6TR, STM32WB09KEV7TR, STM32WB09TEF6TR, STM32WB09TEF7TR, STM32WB1MMCH6, STM32WBA50KGU6, STM32WBA50KGU6TR, STM32WBA52CEU6, STM32WBA52CEU6TR, STM32WBA52CEU7, STM32WBA52CEU7TR, STM32WBA52CGU6, STM32WBA52CGU6TR, STM32WBA52CGU6U, STM32WBA52CGU7, STM32WBA52CGU7TR, STM32WBA52KEU6, STM32WBA52KEU6TR, STM32WBA52KGU6, STM32WBA52KGU6TR, STM32WBA54CEU6, STM32WBA54CEU6TR, STM32WBA54CEU7, STM32WBA54CEU7TR, STM32WBA54CGU6, STM32WBA54CGU6TR, STM32WBA54CGU7, STM32WBA54CGU7TR, STM32WBA54KEU6, STM32WBA54KEU6TR, STM32WBA54KEU7, STM32WBA54KEU7TR, STM32WBA54KGU6, STM32WBA54KGU6TR, STM32WBA54KGU7, STM32WBA54KGU7TR, STM32WBA55CEU6, STM32WBA55CEU6TR, STM32WBA55CEU7, STM32WBA55CEU7TR, STM32WBA55CGU6, STM32WBA55CGU6TR, STM32WBA55CGU6U, STM32WBA55CGU7, STM32WBA55CGU7TR, STM32WBA55G-DK1, STM32WBA55HEF6, STM32WBA55HEF7, STM32WBA55HGF6, STM32WBA55HGF7, STM32WBA55UEI6, STM32WBA55UEI6TR, STM32WBA55UEI7, STM32WBA55UEI7TR, STM32WBA55UGI6, STM32WBA55UGI6TR, STM32WBA55UGI7, STM32WBA55UGI7TR, STM32WL5MOCH6, STM32WL5MOCH6TR]
2026-01-16 13:56:37,069 [INFO] DbMcus:218 - Found 4816 MCUs, 4816 are supported
2026-01-16 13:56:37,070 [INFO] ApiDb:423 - Load user favorites file C:\Users\RND1/.stm32cubeide/favorites.mcus.txt: 0 item(s)
2026-01-16 13:56:37,070 [INFO] ApiDb:427 - User favorites MCUs=[]
2026-01-16 13:56:37,070 [INFO] DbMcus:224 - Set 0 / 0 favorites MCUs
2026-01-16 13:56:37,397 [INFO] BoardInfo:889 - No configuration file found for board B-WBA5M-WPAN
2026-01-16 13:56:37,398 [INFO] DbBoards:161 - Board is not supported: B-WBA5M-WPAN
2026-01-16 13:56:37,402 [INFO] BoardInfo:889 - No configuration file found for board NUCLEO-C051C8
2026-01-16 13:56:37,403 [INFO] DbBoards:161 - Board is not supported: NUCLEO-C051C8
2026-01-16 13:56:37,407 [INFO] BoardInfo:889 - No configuration file found for board NUCLEO-C092RC
2026-01-16 13:56:37,408 [INFO] DbBoards:161 - Board is not supported: NUCLEO-C092RC
2026-01-16 13:56:37,489 [INFO] BoardInfo:889 - No configuration file found for board NUCLEO-N657X0-Q
2026-01-16 13:56:37,490 [INFO] DbBoards:161 - Board is not supported: NUCLEO-N657X0-Q
2026-01-16 13:56:37,493 [INFO] BoardInfo:889 - No configuration file found for board NUCLEO-U385RG-Q
2026-01-16 13:56:37,493 [INFO] DbBoards:161 - Board is not supported: NUCLEO-U385RG-Q
2026-01-16 13:56:37,505 [INFO] BoardInfo:889 - No configuration file found for board NUCLEO-WBA65RI
2026-01-16 13:56:37,505 [INFO] DbBoards:161 - Board is not supported: NUCLEO-WBA65RI
2026-01-16 13:56:37,506 [INFO] BoardInfo:889 - No configuration file found for board NUCLEO-WL33CC1
2026-01-16 13:56:37,507 [INFO] DbBoards:161 - Board is not supported: NUCLEO-WL33CC1
2026-01-16 13:56:37,508 [INFO] BoardInfo:889 - No configuration file found for board NUCLEO-WL33CC2
2026-01-16 13:56:37,508 [INFO] DbBoards:161 - Board is not supported: NUCLEO-WL33CC2
2026-01-16 13:56:37,513 [INFO] BoardInfo:889 - No configuration file found for board P-NUCLEO-WB55
2026-01-16 13:56:37,513 [INFO] DbBoards:161 - Kit is not supported: P-NUCLEO-WB55
2026-01-16 13:56:37,517 [INFO] BoardInfo:889 - No configuration file found for board STEVAL-BFA001V1B
2026-01-16 13:56:37,518 [INFO] DbBoards:161 - Kit is not supported: STEVAL-BFA001V1B
2026-01-16 13:56:37,519 [INFO] BoardInfo:889 - No configuration file found for board STEVAL-BFA001V2B
2026-01-16 13:56:37,519 [INFO] DbBoards:161 - Kit is not supported: STEVAL-BFA001V2B
2026-01-16 13:56:37,636 [INFO] BoardInfo:889 - No configuration file found for board STM32N6570-DK
2026-01-16 13:56:37,637 [INFO] DbBoards:161 - Board is not supported: STM32N6570-DK
2026-01-16 13:56:37,646 [INFO] BoardInfo:889 - No configuration file found for board STM32WBA65I-DK1
2026-01-16 13:56:37,647 [INFO] DbBoards:161 - Board is not supported: STM32WBA65I-DK1
2026-01-16 13:56:37,647 [INFO] DbBoards:168 - Found 211 boards, 198 are supported
2026-01-16 13:56:37,647 [INFO] DbBoards:169 - Found 211 boards, 25 of them is supported for  Bsp
2026-01-16 13:56:37,649 [INFO] ApiDb:423 - Load user favorites file C:\Users\RND1/.stm32cubeide/favorites.boards.txt: 0 item(s)
2026-01-16 13:56:37,649 [INFO] ApiDb:427 - User favorites Boards=[]
2026-01-16 13:56:37,649 [INFO] DbBoards:198 - Set 0 / 0 favorites Boards
2026-01-16 13:56:37,718 [INFO] UtilMem:75 - End LoadConfig() Used Memory: 318367104 Bytes (423624704)
2026-01-16 13:56:37,832 [WARN] ThirdParty:833 - waiting for thirdparty lock release [change project]
2026-01-16 13:56:37,832 [INFO] ThirdParty:835 - entering critical section [change project]
2026-01-16 13:56:37,832 [INFO] ThirdParty:1030 - CMSIS Pack Vendor :STMicroelectronics X-CUBE-PM33A1 1.0.0
2026-01-16 13:56:37,832 [INFO] ThirdParty:1030 - CMSIS Pack Vendor :STMicroelectronics USBPD 4.1
2026-01-16 13:56:37,832 [INFO] ThirdParty:1030 - CMSIS Pack Vendor :STMicroelectronics X-CUBE-GNSS1 6.0.0
2026-01-16 13:56:37,832 [INFO] ThirdParty:1030 - CMSIS Pack Vendor :STMicroelectronics USB_HOST 2.0.0
2026-01-16 13:56:37,832 [INFO] ThirdParty:1030 - CMSIS Pack Vendor :STMicroelectronics FP-SNS-MOTENVWB1 1.4.0
2026-01-16 13:56:37,832 [INFO] ThirdParty:1030 - CMSIS Pack Vendor :STMicroelectronics X-CUBE-AZRTOS-F4 1.1.0
2026-01-16 13:56:37,832 [INFO] ThirdParty:1030 - CMSIS Pack Vendor :STMicroelectronics LIBJPEG 8.0.0
2026-01-16 13:56:37,832 [INFO] ThirdParty:1030 - CMSIS Pack Vendor :STMicroelectronics FP-ATR-ASTRA1 2.0.2
2026-01-16 13:56:37,832 [INFO] ThirdParty:1030 - CMSIS Pack Vendor :wolfSSL I-CUBE-wolfSSL 5.6.4
2026-01-16 13:56:37,832 [INFO] ThirdParty:1030 - CMSIS Pack Vendor :STMicroelectronics FP-ATR-ASTRA1 2.0.1
2026-01-16 13:56:37,833 [INFO] ThirdParty:1030 - CMSIS Pack Vendor :STMicroelectronics X-CUBE-SMBUS 2.1.0
2026-01-16 13:56:37,833 [INFO] ThirdParty:1030 - CMSIS Pack Vendor :STMicroelectronics X-CUBE-WB05N 1.1.0
2026-01-16 13:56:37,833 [INFO] ThirdParty:1030 - CMSIS Pack Vendor :STMicroelectronics X-CUBE-ISPU 2.1.0
2026-01-16 13:56:37,833 [INFO] ThirdParty:1030 - CMSIS Pack Vendor :STMicroelectronics X-CUBE-FREERTOS 1.2.0
2026-01-16 13:56:37,833 [INFO] ThirdParty:1030 - CMSIS Pack Vendor :STMicroelectronics X-CUBE-TOUCHGFX 4.23.0
2026-01-16 13:56:37,833 [INFO] ThirdParty:1030 - CMSIS Pack Vendor :STMicroelectronics X-CUBE-NFC12 1.0.0
2026-01-16 13:56:37,833 [INFO] ThirdParty:1030 - CMSIS Pack Vendor :STMicroelectronics X-CUBE-TOUCHGFX 4.23.2
2026-01-16 13:56:37,833 [INFO] ThirdParty:1030 - CMSIS Pack Vendor :STMicroelectronics X-CUBE-AZRTOS-F7 1.1.0
2026-01-16 13:56:37,833 [INFO] ThirdParty:1030 - CMSIS Pack Vendor :STMicroelectronics X-CUBE-AZRTOS-L5 2.0.0
2026-01-16 13:56:37,833 [INFO] ThirdParty:1030 - CMSIS Pack Vendor :STMicroelectronics USB_DEVICE 2.0.0
2026-01-16 13:56:37,833 [INFO] ThirdParty:1030 - CMSIS Pack Vendor :STMicroelectronics X-CUBE-EEPRMA1 4.2.0
2026-01-16 13:56:37,833 [INFO] ThirdParty:1030 - CMSIS Pack Vendor :STMicroelectronics X-CUBE-NFC6 3.1.0
2026-01-16 13:56:37,833 [INFO] ThirdParty:1030 - CMSIS Pack Vendor :ITTIA_DB I-CUBE-ITTIADB 8.8.0
2026-01-16 13:56:37,833 [INFO] ThirdParty:1030 - CMSIS Pack Vendor :STMicroelectronics FP-SNS-MOTENV1 4.3.2
2026-01-16 13:56:37,833 [INFO] ThirdParty:1030 - CMSIS Pack Vendor :STMicroelectronics X-CUBE-MEMS1 11.0.0
2026-01-16 13:56:37,833 [INFO] ThirdParty:1030 - CMSIS Pack Vendor :STMicroelectronics FreeRTOS 0.0.1
2026-01-16 13:56:37,833 [INFO] ThirdParty:1030 - CMSIS Pack Vendor :STMicroelectronics X-CUBE-DPower 1.2.0
2026-01-16 13:56:37,833 [INFO] ThirdParty:1030 - CMSIS Pack Vendor :STMicroelectronics FP-SNS-FLIGHT1 5.0.2
2026-01-16 13:56:37,833 [INFO] ThirdParty:1030 - CMSIS Pack Vendor :STMicroelectronics X-CUBE-AI 9.0.0
2026-01-16 13:56:37,833 [INFO] ThirdParty:1030 - CMSIS Pack Vendor :STMicroelectronics PDM2PCM 3.3.0
2026-01-16 13:56:37,833 [INFO] ThirdParty:1030 - CMSIS Pack Vendor :STMicroelectronics X-CUBE-AZRTOS-H7 3.4.0
2026-01-16 13:56:37,833 [INFO] ThirdParty:1030 - CMSIS Pack Vendor :STMicroelectronics X-CUBE-DISPLAY 3.0.0
2026-01-16 13:56:37,833 [INFO] ThirdParty:1030 - CMSIS Pack Vendor :STMicroelectronics X-CUBE-BLE1 7.0.0
2026-01-16 13:56:37,833 [INFO] ThirdParty:1030 - CMSIS Pack Vendor :STMicroelectronics X-CUBE-NFC10 1.0.0
2026-01-16 13:56:37,833 [INFO] ThirdParty:1030 - CMSIS Pack Vendor :STMicroelectronics X-CUBE-BLEMGR 4.0.0
2026-01-16 13:56:37,833 [INFO] ThirdParty:1030 - CMSIS Pack Vendor :STMicroelectronics X-CUBE-FREERTOS 1.3.1
2026-01-16 13:56:37,833 [INFO] ThirdParty:1030 - CMSIS Pack Vendor :STMicroelectronics HAL Drivers 0.0.0
2026-01-16 13:56:37,833 [INFO] ThirdParty:1030 - CMSIS Pack Vendor :emotas I-CUBE-CANOPEN 1.3.0
2026-01-16 13:56:37,833 [INFO] ThirdParty:1030 - CMSIS Pack Vendor :STMicroelectronics X-CUBE-FREERTOS 1.3.0
2026-01-16 13:56:37,833 [INFO] ThirdParty:1030 - CMSIS Pack Vendor :STMicroelectronics X-CUBE-NFC7 1.0.1
2026-01-16 13:56:37,833 [INFO] ThirdParty:1030 - CMSIS Pack Vendor :STMicroelectronics MBEDTLS 2.14.1
2026-01-16 13:56:37,833 [INFO] ThirdParty:1030 - CMSIS Pack Vendor :STMicroelectronics X-CUBE-GNSS1 7.1.0
2026-01-16 13:56:37,833 [INFO] ThirdParty:1030 - CMSIS Pack Vendor :STMicroelectronics X-CUBE-TOUCHGFX 4.26.0
2026-01-16 13:56:37,833 [INFO] ThirdParty:1030 - CMSIS Pack Vendor :STMicroelectronics X-CUBE-NFC6 3.0.0
2026-01-16 13:56:37,833 [INFO] ThirdParty:1030 - CMSIS Pack Vendor :STMicroelectronics X-CUBE-BLEMGR 3.1.0
2026-01-16 13:56:37,833 [INFO] ThirdParty:1030 - CMSIS Pack Vendor :STMicroelectronics X-CUBE-AI 10.0.0
2026-01-16 13:56:37,833 [INFO] ThirdParty:1030 - CMSIS Pack Vendor :STMicroelectronics FP-SNS-SMARTAG2 1.2.0
2026-01-16 13:56:37,833 [INFO] ThirdParty:1030 - CMSIS Pack Vendor :STMicroelectronics X-CUBE-MEMS1 11.1.0
2026-01-16 13:56:37,833 [INFO] ThirdParty:1030 - CMSIS Pack Vendor :STMicroelectronics X-CUBE-AZRTOS-WL 2.0.0
2026-01-16 13:56:37,833 [INFO] ThirdParty:1030 - CMSIS Pack Vendor :STMicroelectronics X-CUBE-DPower 1.3.0
2026-01-16 13:56:37,833 [INFO] ThirdParty:1030 - CMSIS Pack Vendor :STMicroelectronics FP-SNS-MOTENV1 5.0.0
2026-01-16 13:56:37,833 [INFO] ThirdParty:1030 - CMSIS Pack Vendor :STMicroelectronics USB_DEVICE 1.0.0
2026-01-16 13:56:37,833 [INFO] ThirdParty:1030 - CMSIS Pack Vendor :STMicroelectronics X-CUBE-AZRTOS-H7RS 1.2.0
2026-01-16 13:56:37,833 [INFO] ThirdParty:1030 - CMSIS Pack Vendor :STMicroelectronics X-CUBE-AI 8.1.0
2026-01-16 13:56:37,833 [INFO] ThirdParty:1030 - CMSIS Pack Vendor :wolfSSL I-CUBE-wolfMQTT 1.19.0
2026-01-16 13:56:37,833 [INFO] ThirdParty:1030 - CMSIS Pack Vendor :STMicroelectronics X-CUBE-AZRTOS-L4 2.0.0
2026-01-16 13:56:37,833 [INFO] ThirdParty:1030 - CMSIS Pack Vendor :STMicroelectronics ThreadX 0.0.2
2026-01-16 13:56:37,833 [INFO] ThirdParty:1030 - CMSIS Pack Vendor :WES I-CUBE-Cesium 1.3.0
2026-01-16 13:56:37,833 [INFO] ThirdParty:1030 - CMSIS Pack Vendor :STMicroelectronics lwIP 2.1.2
2026-01-16 13:56:37,833 [INFO] ThirdParty:1030 - CMSIS Pack Vendor :STMicroelectronics X-CUBE-SFXS2LP1 4.0.0
2026-01-16 13:56:37,833 [INFO] ThirdParty:1030 - CMSIS Pack Vendor :STMicroelectronics X-CUBE-BLE2 3.3.0
2026-01-16 13:56:37,833 [INFO] ThirdParty:1030 - CMSIS Pack Vendor :STMicroelectronics PDM2PCM 3.2.0
2026-01-16 13:56:37,833 [INFO] ThirdParty:1030 - CMSIS Pack Vendor :STMicroelectronics X-CUBE-AZRTOS-H7 3.3.0
2026-01-16 13:56:37,833 [INFO] ThirdParty:1030 - CMSIS Pack Vendor :STMicroelectronics X-CUBE-NFC9 1.0.0
2026-01-16 13:56:37,833 [INFO] ThirdParty:1030 - CMSIS Pack Vendor :STMicroelectronics X-CUBE-BLE1 7.1.0
2026-01-16 13:56:37,833 [INFO] ThirdParty:1030 - CMSIS Pack Vendor :STMicroelectronics USB_DEVICE 3.0.0
2026-01-16 13:56:37,833 [INFO] ThirdParty:1030 - CMSIS Pack Vendor :STMicroelectronics X-CUBE-TCPP 4.1.0
2026-01-16 13:56:37,833 [INFO] ThirdParty:1030 - CMSIS Pack Vendor :STMicroelectronics X-CUBE-EEPRMA1 5.2.0
2026-01-16 13:56:37,833 [INFO] ThirdParty:1030 - CMSIS Pack Vendor :STMicroelectronics X-CUBE-IPS 3.0.0
2026-01-16 13:56:37,833 [INFO] ThirdParty:1030 - CMSIS Pack Vendor :STMicroelectronics X-CUBE-AZRTOS-WB 2.0.0
2026-01-16 13:56:37,833 [INFO] ThirdParty:1030 - CMSIS Pack Vendor :STMicroelectronics X-CUBE-GNSS1 7.0.0
2026-01-16 13:56:37,833 [INFO] ThirdParty:1030 - CMSIS Pack Vendor :STMicroelectronics X-CUBE-GNSS1 7.0.1
2026-01-16 13:56:37,833 [INFO] ThirdParty:1030 - CMSIS Pack Vendor :STMicroelectronics X-CUBE-TOUCHGFX 4.25.0
2026-01-16 13:56:37,833 [INFO] ThirdParty:1030 - CMSIS Pack Vendor :STMicroelectronics X-CUBE-AI 10.1.0
2026-01-16 13:56:37,833 [INFO] ThirdParty:1030 - CMSIS Pack Vendor :STMicroelectronics FP-SNS-STBOX1 2.0.0
2026-01-16 13:56:37,834 [INFO] ThirdParty:1030 - CMSIS Pack Vendor :STMicroelectronics X-CUBE-MEMS1 12.0.0
2026-01-16 13:56:37,834 [INFO] ThirdParty:1030 - CMSIS Pack Vendor :STMicroelectronics X-CUBE-ALGOBUILD 1.3.0
2026-01-16 13:56:37,834 [INFO] ThirdParty:1030 - CMSIS Pack Vendor :STMicroelectronics X-CUBE-MEMS1 11.2.0
2026-01-16 13:56:37,834 [INFO] ThirdParty:1030 - CMSIS Pack Vendor :STMicroelectronics X-CUBE-AZRTOS-G0 1.1.0
2026-01-16 13:56:37,834 [INFO] ThirdParty:1030 - CMSIS Pack Vendor :STMicroelectronics X-CUBE-SAFEA1 1.2.2
2026-01-16 13:56:37,834 [INFO] ThirdParty:1030 - CMSIS Pack Vendor :STMicroelectronics X-CUBE-NFC4 3.0.0
2026-01-16 13:56:37,834 [INFO] ThirdParty:1030 - CMSIS Pack Vendor :STMicroelectronics X-CUBE-SUBG2 5.0.0
2026-01-16 13:56:37,834 [INFO] ThirdParty:1030 - CMSIS Pack Vendor :STMicroelectronics X-CUBE-AZRTOS-H7RS 1.1.0
2026-01-16 13:56:37,834 [INFO] ThirdParty:1030 - CMSIS Pack Vendor :STMicroelectronics STM32_WPAN 1.0.0
2026-01-16 13:56:37,834 [INFO] ThirdParty:1030 - CMSIS Pack Vendor :wolfSSL I-CUBE-wolfMQTT 1.18.0
2026-01-16 13:56:37,834 [INFO] ThirdParty:1030 - CMSIS Pack Vendor :EmbeddedOffice I-CUBE-FS-RTOS 1.0.1
2026-01-16 13:56:37,834 [INFO] ThirdParty:1030 - CMSIS Pack Vendor :STMicroelectronics lwIP 2.0.3
2026-01-16 13:56:37,834 [INFO] ThirdParty:1030 - CMSIS Pack Vendor :STMicroelectronics USB_HOST 1.0.0
2026-01-16 13:56:37,834 [INFO] ThirdParty:1030 - CMSIS Pack Vendor :STMicroelectronics X-CUBE-AZRTOS-G4 2.0.0
2026-01-16 13:56:37,834 [INFO] ThirdParty:1030 - CMSIS Pack Vendor :STMicroelectronics X-CUBE-WB05N 2.0.0
2026-01-16 13:56:37,834 [INFO] ThirdParty:1030 - CMSIS Pack Vendor :STMicroelectronics PDM2PCM 3.1.0
2026-01-16 13:56:37,834 [INFO] ThirdParty:1030 - CMSIS Pack Vendor :Infineon AIROC-Wi-Fi-Bluetooth-STM32 1.5.1
2026-01-16 13:56:37,834 [INFO] ThirdParty:1030 - CMSIS Pack Vendor :STMicroelectronics X-CUBE-BLEMGR 3.0.0
2026-01-16 13:56:37,834 [INFO] ThirdParty:1030 - CMSIS Pack Vendor :STMicroelectronics X-CUBE-NFC7 2.0.0
2026-01-16 13:56:37,834 [INFO] ThirdParty:1030 - CMSIS Pack Vendor :RealThread X-CUBE-RT-Thread_Nano 4.1.1
2026-01-16 13:56:37,834 [INFO] ThirdParty:1030 - CMSIS Pack Vendor :STMicroelectronics FP-SNS-MOTENVWB1 1.3.1
2026-01-16 13:56:37,834 [INFO] ThirdParty:1030 - CMSIS Pack Vendor :STMicroelectronics FP-ATR-SIGFOX1 3.2.0
2026-01-16 13:56:37,834 [INFO] ThirdParty:1030 - CMSIS Pack Vendor :quantropi X-CUBE-qispace-sdk-base 1.9.3
2026-01-16 13:56:37,834 [INFO] ThirdParty:1030 - CMSIS Pack Vendor :STMicroelectronics X-CUBE-ISPU 2.0.0
2026-01-16 13:56:37,834 [INFO] ThirdParty:1030 - CMSIS Pack Vendor :STMicroelectronics X-CUBE-EEPRMA1 5.1.0
2026-01-16 13:56:37,834 [INFO] ThirdParty:1030 - CMSIS Pack Vendor :STMicroelectronics MBEDTLS 2.16.2
2026-01-16 13:56:37,834 [INFO] ThirdParty:1030 - CMSIS Pack Vendor :STMicroelectronics X-CUBE-ALS 1.0.2
2026-01-16 13:56:37,834 [INFO] ThirdParty:1030 - CMSIS Pack Vendor :STMicroelectronics X-CUBE-MEMS1 10.0.0
2026-01-16 13:56:37,834 [INFO] ThirdParty:1030 - CMSIS Pack Vendor :STMicroelectronics X-CUBE-FREERTOS 1.1.0
2026-01-16 13:56:37,834 [INFO] ThirdParty:1030 - CMSIS Pack Vendor :STMicroelectronics X-CUBE-TOUCHGFX 4.24.0
2026-01-16 13:56:37,834 [INFO] ThirdParty:1030 - CMSIS Pack Vendor :STMicroelectronics X-CUBE-TOUCHGFX 4.24.2
2026-01-16 13:56:37,834 [INFO] ThirdParty:1030 - CMSIS Pack Vendor :STMicroelectronics X-CUBE-TOUCHGFX 4.24.1
2026-01-16 13:56:37,834 [INFO] ThirdParty:1030 - CMSIS Pack Vendor :STMicroelectronics X-CUBE-STSE01 1.0.0
2026-01-16 13:56:37,834 [INFO] ThirdParty:1030 - CMSIS Pack Vendor :wolfSSL I-CUBE-wolfTPM 3.4.0
2026-01-16 13:56:37,834 [INFO] ThirdParty:1030 - CMSIS Pack Vendor :portGmbH I-Cube-SoM-uGOAL 1.1.0
2026-01-16 13:56:37,834 [INFO] ThirdParty:1030 - CMSIS Pack Vendor :STMicroelectronics X-CUBE-ALS 1.0.1
2026-01-16 13:56:37,834 [INFO] ThirdParty:1030 - CMSIS Pack Vendor :STMicroelectronics X-CUBE-AI 10.2.0
2026-01-16 13:56:37,834 [INFO] ThirdParty:1030 - CMSIS Pack Vendor :STMicroelectronics ThreadX 1.0.0
2026-01-16 13:56:37,834 [INFO] ThirdParty:1030 - CMSIS Pack Vendor :SEGGER I-CUBE-embOS 1.3.1
2026-01-16 13:56:37,834 [INFO] ThirdParty:1030 - CMSIS Pack Vendor :STMicroelectronics X-CUBE-ALGOBUILD 1.4.0
2026-01-16 13:56:37,834 [INFO] ThirdParty:1030 - CMSIS Pack Vendor :STMicroelectronics X-CUBE-MEMS1 11.3.0
2026-01-16 13:56:37,834 [INFO] ThirdParty:1030 - CMSIS Pack Vendor :STMicroelectronics X-CUBE-AZRTOS-H7RS 1.0.0
2026-01-16 13:56:37,834 [INFO] ThirdParty:1030 - CMSIS Pack Vendor :STMicroelectronics FP-ATR-ASTRA1 2.0.0
2026-01-16 13:56:37,834 [INFO] ThirdParty:1030 - CMSIS Pack Vendor :STMicroelectronics X-CUBE-TOF1 3.4.2
2026-01-16 13:56:37,834 [INFO] ThirdParty:1030 - CMSIS Pack Vendor :STMicroelectronics X-CUBE-AI 9.1.0
2026-01-16 13:56:37,835 [INFO] ThirdParty:1030 - CMSIS Pack Vendor :STMicroelectronics X-CUBE-TOF1 3.4.0
2026-01-16 13:56:37,835 [INFO] ThirdParty:1030 - CMSIS Pack Vendor :STMicroelectronics X-CUBE-TOF1 3.4.1
2026-01-16 13:56:37,835 [INFO] ThirdParty:1030 - CMSIS Pack Vendor :STMicroelectronics X-CUBE-AZRTOS-H7 3.2.0
2026-01-16 13:56:37,835 [INFO] ThirdParty:1030 - CMSIS Pack Vendor :wolfSSL I-CUBE-wolfSSH 1.4.17
2026-01-16 13:56:37,835 [INFO] ThirdParty:841 - exiting critical section [change project]
2026-01-16 13:56:38,024 [INFO] PinOutPanel:1561 - setPackage(No Configuration,No Configuration)
2026-01-16 13:56:38,026 [INFO] PinOutPanel:1561 - setPackage(STM32F103C8Tx,LQFP48)
2026-01-16 13:56:38,402 [INFO] UtilMem:75 - Before build in PCC Used Memory: 341269696 Bytes (423624704)
2026-01-16 13:56:39,192 [INFO] UtilMem:75 - After build in PCC Used Memory: 311410176 Bytes (423624704)
2026-01-16 13:56:39,211 [INFO] IPUIPlugin:80 - create IPUIPlugin
2026-01-16 13:56:39,211 [INFO] IPUIPlugin:80 - create IPUIPlugin
2026-01-16 13:56:39,211 [INFO] IPUIPlugin:80 - create IPUIPlugin
2026-01-16 13:56:39,211 [INFO] IPUIPlugin:80 - create IPUIPlugin
2026-01-16 13:56:39,211 [INFO] IPUIPlugin:80 - create IPUIPlugin
2026-01-16 13:56:39,211 [INFO] IPUIPlugin:80 - create IPUIPlugin
2026-01-16 13:56:39,212 [INFO] IPUIPlugin:80 - create IPUIPlugin
2026-01-16 13:56:39,212 [INFO] IPUIPlugin:80 - create IPUIPlugin
2026-01-16 13:56:39,212 [INFO] IPUIPlugin:80 - create IPUIPlugin
2026-01-16 13:56:39,212 [INFO] IPUIPlugin:80 - create IPUIPlugin
2026-01-16 13:56:39,212 [INFO] IPUIPlugin:80 - create IPUIPlugin
2026-01-16 13:56:39,212 [INFO] IPUIPlugin:80 - create IPUIPlugin
2026-01-16 13:56:39,212 [INFO] IPUIPlugin:80 - create IPUIPlugin
2026-01-16 13:56:39,212 [INFO] IPUIPlugin:80 - create IPUIPlugin
2026-01-16 13:56:39,212 [INFO] IPUIPlugin:80 - create IPUIPlugin
2026-01-16 13:56:39,212 [INFO] IPUIPlugin:80 - create IPUIPlugin
2026-01-16 13:56:39,212 [INFO] IPUIPlugin:80 - create IPUIPlugin
2026-01-16 13:56:39,213 [INFO] IPUIPlugin:80 - create IPUIPlugin
2026-01-16 13:56:39,213 [INFO] IPUIPlugin:80 - create IPUIPlugin
2026-01-16 13:56:39,213 [INFO] IPUIPlugin:80 - create IPUIPlugin
2026-01-16 13:56:39,213 [INFO] IPUIPlugin:80 - create IPUIPlugin
2026-01-16 13:56:39,213 [INFO] IPUIPlugin:80 - create IPUIPlugin
2026-01-16 13:56:39,213 [INFO] IPUIPlugin:80 - create IPUIPlugin
2026-01-16 13:56:39,213 [INFO] IPUIPlugin:80 - create IPUIPlugin
2026-01-16 13:56:39,213 [INFO] IPUIPlugin:80 - create IPUIPlugin
2026-01-16 13:56:39,213 [INFO] IPUIPlugin:80 - create IPUIPlugin
2026-01-16 13:56:39,213 [INFO] IPUIPlugin:80 - create IPUIPlugin
2026-01-16 13:56:39,463 [INFO] CADModel:165 - CPN selected for project levelSTM32F103C8T6
2026-01-16 13:56:39,463 [INFO] CADModel:114 - Register for checkConnection events
2026-01-16 13:56:39,522 [INFO] OpenFileManager:363 - Restore cursor
2026-01-16 14:03:05,646 [INFO] UtilMem:75 - End SaveConfig() Used Memory: 899361792 Bytes (1073741824)
2026-01-16 14:03:09,942 [INFO] UtilMem:75 - End SaveConfig() Used Memory: 768704056 Bytes (1073741824)
2026-01-16 14:03:10,298 [INFO] ProjectBuilder:2320 - IP not ready for code generation: Clock
2026-01-16 14:04:05,790 [INFO] ADCParametersView:116 -                Rank 1 : false
2026-01-16 14:04:05,859 [INFO] ADCParametersView:116 -                Rank 1 : false
2026-01-16 14:04:05,859 [INFO] ADCParametersView:116 -                Rank 1 : false
2026-01-16 14:04:05,859 [INFO] ADCParametersView:116 -                Rank 1 : false
2026-01-16 14:04:05,859 [INFO] ADCParametersView:116 -                Rank 1 : false
2026-01-16 14:04:05,859 [INFO] ADCParametersView:116 -                Rank 1 : false
2026-01-16 14:04:05,859 [INFO] ADCParametersView:116 -                Rank 1 : false
2026-01-16 14:04:05,859 [INFO] ADCParametersView:116 -                Rank 1 : false
2026-01-16 14:04:05,859 [INFO] ADCParametersView:116 -                Rank 1 : false
2026-01-16 14:04:05,859 [INFO] ADCParametersView:116 -                Rank 1 : false
2026-01-16 14:04:05,859 [INFO] ADCParametersView:116 -                Rank 1 : false
2026-01-16 14:04:05,863 [INFO] ADCParametersView:116 -                Rank 1 : false
2026-01-16 14:04:36,036 [INFO] NvicIntPanel:101 - NVIC parent = com.st.microxplorer.plugins.ip.nvic.MultiNvicIntPanel[,0,0,450x257,layout=javax.swing.BoxLayout,alignmentX=0.0,alignmentY=0.0,border=,flags=9,maximumSize=,minimumSize=,preferredSize=]
2026-01-16 14:04:37,526 [INFO] ADCParametersView:116 -                Rank 1 : false
2026-01-16 14:04:37,526 [INFO] ADCParametersView:116 -                Rank 1 : false
2026-01-16 14:04:37,526 [INFO] ADCParametersView:116 -                Rank 1 : false
2026-01-16 14:04:37,526 [INFO] ADCParametersView:116 -                Rank 1 : false
2026-01-16 14:04:37,526 [INFO] ADCParametersView:116 -                Rank 1 : false
2026-01-16 14:04:37,526 [INFO] ADCParametersView:116 -                Rank 1 : false
2026-01-16 14:04:37,526 [INFO] ADCParametersView:116 -                Rank 1 : false
2026-01-16 14:04:37,526 [INFO] ADCParametersView:116 -                Rank 1 : false
2026-01-16 14:04:37,526 [INFO] ADCParametersView:116 -                Rank 1 : false
2026-01-16 14:04:37,526 [INFO] ADCParametersView:116 -                Rank 1 : false
2026-01-16 14:04:37,529 [INFO] ADCParametersView:116 -                Rank 1 : false
2026-01-16 14:05:34,272 [INFO] UtilMem:75 - End SaveConfig() Used Memory: 792581368 Bytes (1073741824)
2026-01-16 14:05:34,363 [INFO] ProjectBuilder:2320 - IP not ready for code generation: Clock
2026-01-16 14:05:35,583 [INFO] BlockDiagram:2766 - set Specific Code input for plugin: NVIC
2026-01-16 14:05:35,583 [INFO] BlockDiagram:2766 - set Specific Code input for plugin: TIM1_8F1
2026-01-16 14:05:35,583 [INFO] BlockDiagram:2766 - set Specific Code input for plugin: SYS
2026-01-16 14:05:35,583 [INFO] BlockDiagram:2766 - set Specific Code input for plugin: GPIO
2026-01-16 14:05:35,583 [INFO] BlockDiagram:2766 - set Specific Code input for plugin: ADC
2026-01-16 14:05:35,583 [INFO] BlockDiagram:2766 - set Specific Code input for plugin: RCC
2026-01-16 14:05:35,584 [INFO] CodeGenerator:807 - code generatio: config db path: C:/Users/RND1/.stm32cubemx/databases/DB.6.0.100/db/
2026-01-16 14:05:35,760 [INFO] CodeEngine:255 - oldGeneratedFile, C:\Users\RND1\STM32CubeIDE\workspace_1.16.1\f103_fw\MXTmpFiles\license.tmp_save
2026-01-16 14:05:35,982 [INFO] CodeEngine:279 - Generated code: C:\Users\RND1\STM32CubeIDE\workspace_1.16.1\f103_fw\MXTmpFiles\license.tmp
2026-01-16 14:05:36,108 [INFO] CodeEngine:255 - oldGeneratedFile, C:\Users\RND1\STM32CubeIDE\workspace_1.16.1\f103_fw\Core\Src\gpio.c_save
2026-01-16 14:05:36,277 [INFO] CodeEngine:279 - Generated code: C:\Users\RND1\STM32CubeIDE\workspace_1.16.1\f103_fw\Core\Src\gpio.c
2026-01-16 14:05:36,306 [INFO] CodeEngine:255 - oldGeneratedFile, C:\Users\RND1\STM32CubeIDE\workspace_1.16.1\f103_fw\Core\Inc\gpio.h_save
2026-01-16 14:05:36,395 [INFO] CodeEngine:279 - Generated code: C:\Users\RND1\STM32CubeIDE\workspace_1.16.1\f103_fw\Core\Inc\gpio.h
2026-01-16 14:05:36,636 [INFO] CodeEngine:255 - oldGeneratedFile, C:\Users\RND1\STM32CubeIDE\workspace_1.16.1\f103_fw\Core\Src\adc.c_save
2026-01-16 14:05:36,769 [INFO] CodeEngine:279 - Generated code: C:\Users\RND1\STM32CubeIDE\workspace_1.16.1\f103_fw\Core\Src\adc.c
2026-01-16 14:05:36,783 [INFO] CodeEngine:255 - oldGeneratedFile, C:\Users\RND1\STM32CubeIDE\workspace_1.16.1\f103_fw\Core\Inc\adc.h_save
2026-01-16 14:05:36,865 [INFO] CodeEngine:279 - Generated code: C:\Users\RND1\STM32CubeIDE\workspace_1.16.1\f103_fw\Core\Inc\adc.h
2026-01-16 14:05:36,886 [INFO] CodeEngine:255 - oldGeneratedFile, C:\Users\RND1\STM32CubeIDE\workspace_1.16.1\f103_fw\Core\Src\tim.c_save
2026-01-16 14:05:36,987 [INFO] CodeEngine:279 - Generated code: C:\Users\RND1\STM32CubeIDE\workspace_1.16.1\f103_fw\Core\Src\tim.c
2026-01-16 14:05:37,002 [INFO] CodeEngine:255 - oldGeneratedFile, C:\Users\RND1\STM32CubeIDE\workspace_1.16.1\f103_fw\Core\Inc\tim.h_save
2026-01-16 14:05:37,088 [INFO] CodeEngine:279 - Generated code: C:\Users\RND1\STM32CubeIDE\workspace_1.16.1\f103_fw\Core\Inc\tim.h
2026-01-16 14:05:37,113 [INFO] CodeEngine:255 - oldGeneratedFile, C:\Users\RND1\STM32CubeIDE\workspace_1.16.1\f103_fw\Core\Src\stm32f1xx_it.c_save
2026-01-16 14:05:37,212 [INFO] CodeEngine:279 - Generated code: C:\Users\RND1\STM32CubeIDE\workspace_1.16.1\f103_fw\Core\Src\stm32f1xx_it.c
2026-01-16 14:05:37,231 [INFO] CodeEngine:255 - oldGeneratedFile, C:\Users\RND1\STM32CubeIDE\workspace_1.16.1\f103_fw\Core\Inc\stm32f1xx_it.h_save
2026-01-16 14:05:37,297 [INFO] CodeEngine:279 - Generated code: C:\Users\RND1\STM32CubeIDE\workspace_1.16.1\f103_fw\Core\Inc\stm32f1xx_it.h
2026-01-16 14:05:37,324 [INFO] CodeEngine:255 - oldGeneratedFile, C:\Users\RND1\STM32CubeIDE\workspace_1.16.1\f103_fw\Core\Src\stm32f1xx_hal_msp.c_save
2026-01-16 14:05:37,407 [INFO] CodeEngine:279 - Generated code: C:\Users\RND1\STM32CubeIDE\workspace_1.16.1\f103_fw\Core\Src\stm32f1xx_hal_msp.c
2026-01-16 14:05:37,417 [INFO] CodeEngine:255 - oldGeneratedFile, C:\Users\RND1\STM32CubeIDE\workspace_1.16.1\f103_fw\MXTmpFiles\system.tmp_save
2026-01-16 14:05:37,462 [INFO] CodeEngine:279 - Generated code: C:\Users\RND1\STM32CubeIDE\workspace_1.16.1\f103_fw\MXTmpFiles\system.tmp
2026-01-16 14:05:37,486 [INFO] CodeEngine:311 - oldGeneratedFile, C:\Users\RND1\STM32CubeIDE\workspace_1.16.1\f103_fw\Core\Inc\stm32f1xx_hal_conf.h_save
2026-01-16 14:05:37,560 [INFO] CodeEngine:335 - Generated code: C:\Users\RND1\STM32CubeIDE\workspace_1.16.1\f103_fw\Core\Inc\stm32f1xx_hal_conf.h
2026-01-16 14:05:37,621 [INFO] CodeEngine:255 - oldGeneratedFile, C:\Users\RND1\STM32CubeIDE\workspace_1.16.1\f103_fw\Core\Inc\main.h_save
2026-01-16 14:05:37,703 [INFO] CodeEngine:279 - Generated code: C:\Users\RND1\STM32CubeIDE\workspace_1.16.1\f103_fw\Core\Inc\main.h
2026-01-16 14:05:37,728 [INFO] CodeEngine:255 - oldGeneratedFile, C:\Users\RND1\STM32CubeIDE\workspace_1.16.1\f103_fw\Core\Src\main.c_save
2026-01-16 14:05:37,835 [INFO] CodeEngine:279 - Generated code: C:\Users\RND1\STM32CubeIDE\workspace_1.16.1\f103_fw\Core\Src\main.c
2026-01-16 14:05:38,222 [INFO] ProjectBuilder:3249 - Time for Copy HAL[1] : 260mS.
2026-01-16 14:05:38,228 [INFO] ProjectBuilder:4828 - Project Generator version: 4.5.0-B34
2026-01-16 14:05:38,285 [INFO] ConfigFileManager:1531 - The Die is : DIE410
2026-01-16 14:05:38,301 [INFO] ApiDbMcu:508 - Load IP Config File for FATFS
2026-01-16 14:05:38,313 [INFO] ApiDbMcu:508 - Load IP Config File for FREERTOS
2026-01-16 14:05:38,325 [INFO] ApiDbMcu:508 - Load IP Config File for USB_DEVICE
2026-01-16 14:05:38,881 [INFO] LogOutputStream:77 - [STDOUT_REDIRECT] 
2026-01-16 14:05:40,449 [INFO] ProjectBuilder:5097 - Time for Generating toolchain IDE Files: 2222mS.
2026-01-16 14:05:40,450 [INFO] ProjectBuilder:3107 - Time for Copy CMSIS : 1mS.
2026-01-16 14:05:40,452 [INFO] ProjectBuilder:3107 - Time for Copy CMSIS : 0mS.
2026-01-16 14:08:10,649 [INFO] ADCParametersView:116 -                Rank 1 : false
2026-01-16 14:08:10,650 [INFO] ADCParametersView:116 -                Rank 1 : false
2026-01-16 14:08:10,650 [INFO] ADCParametersView:116 -                Rank 1 : false
2026-01-16 14:08:10,650 [INFO] ADCParametersView:116 -                Rank 1 : false
2026-01-16 14:08:10,651 [INFO] ADCParametersView:116 -                Rank 1 : false
2026-01-16 14:08:10,651 [INFO] ADCParametersView:116 -                Rank 1 : false
2026-01-16 14:08:10,651 [INFO] ADCParametersView:116 -                Rank 1 : false
2026-01-16 14:08:10,651 [INFO] ADCParametersView:116 -                Rank 1 : false
2026-01-16 14:08:10,651 [INFO] ADCParametersView:116 -                Rank 1 : false
2026-01-16 14:08:10,651 [INFO] ADCParametersView:116 -                Rank 1 : false
2026-01-16 14:08:10,659 [INFO] ADCParametersView:116 -                Rank 1 : false
2026-01-16 14:08:20,893 [INFO] ADCParametersView:116 -                Rank 1 : true
2026-01-16 14:08:27,674 [INFO] NvicIntPanel:101 - NVIC parent = com.st.microxplorer.plugins.ip.nvic.MultiNvicIntPanel[,0,0,0x0,invalid,layout=javax.swing.BoxLayout,alignmentX=0.0,alignmentY=0.0,border=,flags=9,maximumSize=,minimumSize=,preferredSize=]
2026-01-16 14:08:27,694 [INFO] ADCParametersView:116 -                Rank 1 : true
2026-01-16 14:08:27,696 [INFO] ADCParametersView:116 -                Rank 1 : true
2026-01-16 14:08:27,696 [INFO] ADCParametersView:116 -                Rank 1 : true
2026-01-16 14:08:27,696 [INFO] ADCParametersView:116 -                Rank 1 : true
2026-01-16 14:08:27,696 [INFO] ADCParametersView:116 -                Rank 1 : true
2026-01-16 14:08:27,696 [INFO] ADCParametersView:116 -                Rank 1 : true
2026-01-16 14:08:27,696 [INFO] ADCParametersView:116 -                Rank 1 : true
2026-01-16 14:08:27,697 [INFO] ADCParametersView:116 -                Rank 1 : true
2026-01-16 14:08:27,697 [INFO] ADCParametersView:116 -                Rank 1 : true
2026-01-16 14:08:27,697 [INFO] ADCParametersView:116 -                Rank 1 : true
2026-01-16 14:08:27,700 [INFO] ADCParametersView:116 -                Rank 1 : true
2026-01-16 14:08:43,188 [INFO] ADCParametersView:116 -                Rank 1 : true
2026-01-16 14:08:43,189 [INFO] ADCParametersView:116 -                Rank 1 : true
2026-01-16 14:08:43,189 [INFO] ADCParametersView:116 -                Rank 1 : true
2026-01-16 14:08:43,189 [INFO] ADCParametersView:116 -                Rank 1 : true
2026-01-16 14:08:43,189 [INFO] ADCParametersView:116 -                Rank 1 : true
2026-01-16 14:08:43,189 [INFO] ADCParametersView:116 -                Rank 1 : true
2026-01-16 14:08:43,189 [INFO] ADCParametersView:116 -                Rank 1 : true
2026-01-16 14:08:43,190 [INFO] ADCParametersView:116 -                Rank 1 : true
2026-01-16 14:08:43,190 [INFO] ADCParametersView:116 -                Rank 1 : true
2026-01-16 14:08:43,190 [INFO] ADCParametersView:116 -                Rank 1 : true
2026-01-16 14:08:43,192 [INFO] ADCParametersView:116 -                Rank 1 : false
2026-01-16 14:08:43,204 [INFO] ADCParametersView:116 -                Rank 1 : false
2026-01-16 14:08:43,204 [INFO] ADCParametersView:116 -                Rank 1 : false
2026-01-16 14:08:43,204 [INFO] ADCParametersView:116 -                Rank 1 : false
2026-01-16 14:08:43,204 [INFO] ADCParametersView:116 -                Rank 1 : false
2026-01-16 14:08:43,205 [INFO] ADCParametersView:116 -                Rank 1 : false
2026-01-16 14:08:43,205 [INFO] ADCParametersView:116 -                Rank 1 : false
2026-01-16 14:08:43,205 [INFO] ADCParametersView:116 -                Rank 1 : false
2026-01-16 14:08:43,205 [INFO] ADCParametersView:116 -                Rank 1 : false
2026-01-16 14:08:43,205 [INFO] ADCParametersView:116 -                Rank 1 : false
2026-01-16 14:08:43,205 [INFO] ADCParametersView:116 -                Rank 1 : false
2026-01-16 14:08:43,208 [INFO] ADCParametersView:116 -                Rank 1 : false
2026-01-16 14:08:43,245 [INFO] NvicIntPanel:101 - NVIC parent = com.st.microxplorer.plugins.ip.nvic.MultiNvicIntPanel[,0,0,0x0,invalid,layout=javax.swing.BoxLayout,alignmentX=0.0,alignmentY=0.0,border=,flags=9,maximumSize=,minimumSize=,preferredSize=]
2026-01-16 14:08:43,288 [INFO] NvicIntPanel:101 - NVIC parent = com.st.microxplorer.plugins.ip.nvic.MultiNvicIntPanel[,0,0,0x0,invalid,layout=javax.swing.BoxLayout,alignmentX=0.0,alignmentY=0.0,border=,flags=9,maximumSize=,minimumSize=,preferredSize=]
2026-01-16 14:08:43,335 [INFO] NvicIntPanel:101 - NVIC parent = com.st.microxplorer.plugins.ip.nvic.MultiNvicIntPanel[,0,0,0x0,invalid,layout=javax.swing.BoxLayout,alignmentX=0.0,alignmentY=0.0,border=,flags=9,maximumSize=,minimumSize=,preferredSize=]
2026-01-16 14:08:43,368 [INFO] ADCParametersView:116 -                Rank 1 : false
2026-01-16 14:08:43,370 [INFO] ADCParametersView:116 -                Rank 1 : false
2026-01-16 14:08:43,370 [INFO] ADCParametersView:116 -                Rank 1 : false
2026-01-16 14:08:43,370 [INFO] ADCParametersView:116 -                Rank 1 : false
2026-01-16 14:08:43,370 [INFO] ADCParametersView:116 -                Rank 1 : false
2026-01-16 14:08:43,370 [INFO] ADCParametersView:116 -                Rank 1 : false
2026-01-16 14:08:43,370 [INFO] ADCParametersView:116 -                Rank 1 : false
2026-01-16 14:08:43,370 [INFO] ADCParametersView:116 -                Rank 1 : false
2026-01-16 14:08:43,370 [INFO] ADCParametersView:116 -                Rank 1 : false
2026-01-16 14:08:43,370 [INFO] ADCParametersView:116 -                Rank 1 : false
2026-01-16 14:08:43,373 [INFO] ADCParametersView:116 -                Rank 1 : false
2026-01-16 14:08:43,386 [INFO] ADCParametersView:116 -                Rank 1 : false
2026-01-16 14:08:43,387 [INFO] ADCParametersView:116 -                Rank 1 : false
2026-01-16 14:08:43,387 [INFO] ADCParametersView:116 -                Rank 1 : false
2026-01-16 14:08:43,387 [INFO] ADCParametersView:116 -                Rank 1 : false
2026-01-16 14:08:43,387 [INFO] ADCParametersView:116 -                Rank 1 : false
2026-01-16 14:08:43,387 [INFO] ADCParametersView:116 -                Rank 1 : false
2026-01-16 14:08:43,387 [INFO] ADCParametersView:116 -                Rank 1 : false
2026-01-16 14:08:43,387 [INFO] ADCParametersView:116 -                Rank 1 : false
2026-01-16 14:08:43,387 [INFO] ADCParametersView:116 -                Rank 1 : false
2026-01-16 14:08:43,387 [INFO] ADCParametersView:116 -                Rank 1 : false
2026-01-16 14:08:43,390 [INFO] ADCParametersView:116 -                Rank 1 : false
2026-01-16 14:08:45,611 [INFO] ADCParametersView:116 -                Rank 1 : true
2026-01-16 14:08:49,960 [INFO] ADCParametersView:116 -                Rank 1 : true
2026-01-16 14:08:49,963 [INFO] ADCParametersView:116 -                Rank 1 : true
2026-01-16 14:08:49,963 [INFO] ADCParametersView:116 -                Rank 1 : true
2026-01-16 14:08:49,964 [INFO] ADCParametersView:116 -                Rank 1 : true
2026-01-16 14:08:49,964 [INFO] ADCParametersView:116 -                Rank 1 : true
2026-01-16 14:08:49,964 [INFO] ADCParametersView:116 -                Rank 1 : true
2026-01-16 14:08:49,964 [INFO] ADCParametersView:116 -                Rank 1 : true
2026-01-16 14:08:49,964 [INFO] ADCParametersView:116 -                Rank 1 : true
2026-01-16 14:08:49,964 [INFO] ADCParametersView:116 -                Rank 1 : true
2026-01-16 14:08:49,964 [INFO] ADCParametersView:116 -                Rank 1 : true
2026-01-16 14:08:49,967 [INFO] ADCParametersView:116 -                Rank 1 : true
2026-01-16 14:08:49,979 [INFO] ADCParametersView:116 -                Rank 1 : true
2026-01-16 14:08:49,980 [INFO] ADCParametersView:116 -                Rank 1 : true
2026-01-16 14:08:49,980 [INFO] ADCParametersView:116 -                Rank 1 : true
2026-01-16 14:08:49,980 [INFO] ADCParametersView:116 -                Rank 1 : true
2026-01-16 14:08:49,980 [INFO] ADCParametersView:116 -                Rank 1 : true
2026-01-16 14:08:49,980 [INFO] ADCParametersView:116 -                Rank 1 : true
2026-01-16 14:08:49,980 [INFO] ADCParametersView:116 -                Rank 1 : true
2026-01-16 14:08:49,980 [INFO] ADCParametersView:116 -                Rank 1 : true
2026-01-16 14:08:49,980 [INFO] ADCParametersView:116 -                Rank 1 : true
2026-01-16 14:08:49,980 [INFO] ADCParametersView:116 -                Rank 1 : true
2026-01-16 14:08:49,982 [INFO] ADCParametersView:116 -                Rank 1 : true
2026-01-16 14:08:49,996 [INFO] ADCParametersView:116 -                Rank 1 : true
2026-01-16 14:08:49,998 [INFO] ADCParametersView:116 -                Rank 1 : true
2026-01-16 14:08:49,998 [INFO] ADCParametersView:116 -                Rank 1 : true
2026-01-16 14:08:49,998 [INFO] ADCParametersView:116 -                Rank 1 : true
2026-01-16 14:08:49,998 [INFO] ADCParametersView:116 -                Rank 1 : true
2026-01-16 14:08:49,998 [INFO] ADCParametersView:116 -                Rank 1 : true
2026-01-16 14:08:49,998 [INFO] ADCParametersView:116 -                Rank 1 : true
2026-01-16 14:08:49,998 [INFO] ADCParametersView:116 -                Rank 1 : true
2026-01-16 14:08:49,998 [INFO] ADCParametersView:116 -                Rank 1 : true
2026-01-16 14:08:49,998 [INFO] ADCParametersView:116 -                Rank 1 : true
2026-01-16 14:08:50,002 [INFO] ADCParametersView:116 -                Rank 1 : true
2026-01-16 14:09:04,796 [INFO] UtilMem:75 - End SaveConfig() Used Memory: 749656640 Bytes (1073741824)
2026-01-16 14:09:08,137 [INFO] UtilMem:75 - End SaveConfig() Used Memory: 830111016 Bytes (1073741824)
2026-01-16 14:09:08,219 [INFO] ProjectBuilder:2320 - IP not ready for code generation: Clock
2026-01-16 14:09:12,111 [INFO] BlockDiagram:2766 - set Specific Code input for plugin: NVIC
2026-01-16 14:09:12,112 [INFO] BlockDiagram:2766 - set Specific Code input for plugin: TIM1_8F1
2026-01-16 14:09:12,112 [INFO] BlockDiagram:2766 - set Specific Code input for plugin: SYS
2026-01-16 14:09:12,112 [INFO] BlockDiagram:2766 - set Specific Code input for plugin: GPIO
2026-01-16 14:09:12,112 [INFO] BlockDiagram:2766 - set Specific Code input for plugin: ADC
2026-01-16 14:09:12,112 [INFO] BlockDiagram:2766 - set Specific Code input for plugin: RCC
2026-01-16 14:09:12,113 [INFO] CodeGenerator:807 - code generatio: config db path: C:/Users/RND1/.stm32cubemx/databases/DB.6.0.100/db/
2026-01-16 14:09:12,147 [INFO] CodeEngine:255 - oldGeneratedFile, C:\Users\RND1\STM32CubeIDE\workspace_1.16.1\f103_fw\MXTmpFiles\license.tmp_save
2026-01-16 14:09:12,196 [INFO] CodeEngine:279 - Generated code: C:\Users\RND1\STM32CubeIDE\workspace_1.16.1\f103_fw\MXTmpFiles\license.tmp
2026-01-16 14:09:12,225 [INFO] CodeEngine:255 - oldGeneratedFile, C:\Users\RND1\STM32CubeIDE\workspace_1.16.1\f103_fw\Core\Src\gpio.c_save
2026-01-16 14:09:12,296 [INFO] CodeEngine:279 - Generated code: C:\Users\RND1\STM32CubeIDE\workspace_1.16.1\f103_fw\Core\Src\gpio.c
2026-01-16 14:09:12,303 [INFO] CodeEngine:255 - oldGeneratedFile, C:\Users\RND1\STM32CubeIDE\workspace_1.16.1\f103_fw\Core\Inc\gpio.h_save
2026-01-16 14:09:12,346 [INFO] CodeEngine:279 - Generated code: C:\Users\RND1\STM32CubeIDE\workspace_1.16.1\f103_fw\Core\Inc\gpio.h
2026-01-16 14:09:12,409 [INFO] CodeEngine:255 - oldGeneratedFile, C:\Users\RND1\STM32CubeIDE\workspace_1.16.1\f103_fw\Core\Src\adc.c_save
2026-01-16 14:09:12,487 [INFO] CodeEngine:279 - Generated code: C:\Users\RND1\STM32CubeIDE\workspace_1.16.1\f103_fw\Core\Src\adc.c
2026-01-16 14:09:12,493 [INFO] CodeEngine:255 - oldGeneratedFile, C:\Users\RND1\STM32CubeIDE\workspace_1.16.1\f103_fw\Core\Inc\adc.h_save
2026-01-16 14:09:12,530 [INFO] CodeEngine:279 - Generated code: C:\Users\RND1\STM32CubeIDE\workspace_1.16.1\f103_fw\Core\Inc\adc.h
2026-01-16 14:09:12,548 [INFO] CodeEngine:255 - oldGeneratedFile, C:\Users\RND1\STM32CubeIDE\workspace_1.16.1\f103_fw\Core\Src\tim.c_save
2026-01-16 14:09:12,607 [INFO] CodeEngine:279 - Generated code: C:\Users\RND1\STM32CubeIDE\workspace_1.16.1\f103_fw\Core\Src\tim.c
2026-01-16 14:09:12,612 [INFO] CodeEngine:255 - oldGeneratedFile, C:\Users\RND1\STM32CubeIDE\workspace_1.16.1\f103_fw\Core\Inc\tim.h_save
2026-01-16 14:09:12,651 [INFO] CodeEngine:279 - Generated code: C:\Users\RND1\STM32CubeIDE\workspace_1.16.1\f103_fw\Core\Inc\tim.h
2026-01-16 14:09:12,669 [INFO] CodeEngine:255 - oldGeneratedFile, C:\Users\RND1\STM32CubeIDE\workspace_1.16.1\f103_fw\Core\Src\stm32f1xx_it.c_save
2026-01-16 14:09:12,728 [INFO] CodeEngine:279 - Generated code: C:\Users\RND1\STM32CubeIDE\workspace_1.16.1\f103_fw\Core\Src\stm32f1xx_it.c
2026-01-16 14:09:12,735 [INFO] CodeEngine:255 - oldGeneratedFile, C:\Users\RND1\STM32CubeIDE\workspace_1.16.1\f103_fw\Core\Inc\stm32f1xx_it.h_save
2026-01-16 14:09:12,777 [INFO] CodeEngine:279 - Generated code: C:\Users\RND1\STM32CubeIDE\workspace_1.16.1\f103_fw\Core\Inc\stm32f1xx_it.h
2026-01-16 14:09:12,794 [INFO] CodeEngine:255 - oldGeneratedFile, C:\Users\RND1\STM32CubeIDE\workspace_1.16.1\f103_fw\Core\Src\stm32f1xx_hal_msp.c_save
2026-01-16 14:09:12,846 [INFO] CodeEngine:279 - Generated code: C:\Users\RND1\STM32CubeIDE\workspace_1.16.1\f103_fw\Core\Src\stm32f1xx_hal_msp.c
2026-01-16 14:09:12,850 [INFO] CodeEngine:255 - oldGeneratedFile, C:\Users\RND1\STM32CubeIDE\workspace_1.16.1\f103_fw\MXTmpFiles\system.tmp_save
2026-01-16 14:09:12,883 [INFO] CodeEngine:279 - Generated code: C:\Users\RND1\STM32CubeIDE\workspace_1.16.1\f103_fw\MXTmpFiles\system.tmp
2026-01-16 14:09:12,900 [INFO] CodeEngine:311 - oldGeneratedFile, C:\Users\RND1\STM32CubeIDE\workspace_1.16.1\f103_fw\Core\Inc\stm32f1xx_hal_conf.h_save
2026-01-16 14:09:12,968 [INFO] CodeEngine:335 - Generated code: C:\Users\RND1\STM32CubeIDE\workspace_1.16.1\f103_fw\Core\Inc\stm32f1xx_hal_conf.h
2026-01-16 14:09:13,001 [INFO] CodeEngine:255 - oldGeneratedFile, C:\Users\RND1\STM32CubeIDE\workspace_1.16.1\f103_fw\Core\Inc\main.h_save
2026-01-16 14:09:13,046 [INFO] CodeEngine:279 - Generated code: C:\Users\RND1\STM32CubeIDE\workspace_1.16.1\f103_fw\Core\Inc\main.h
2026-01-16 14:09:13,059 [INFO] CodeEngine:255 - oldGeneratedFile, C:\Users\RND1\STM32CubeIDE\workspace_1.16.1\f103_fw\Core\Src\main.c_save
2026-01-16 14:09:13,110 [INFO] CodeEngine:279 - Generated code: C:\Users\RND1\STM32CubeIDE\workspace_1.16.1\f103_fw\Core\Src\main.c
2026-01-16 14:09:13,362 [INFO] ProjectBuilder:3249 - Time for Copy HAL[1] : 180mS.
2026-01-16 14:09:13,365 [INFO] ProjectBuilder:4828 - Project Generator version: 4.5.0-B34
2026-01-16 14:09:13,407 [INFO] ConfigFileManager:1531 - The Die is : DIE410
2026-01-16 14:09:13,956 [INFO] ProjectBuilder:5097 - Time for Generating toolchain IDE Files: 591mS.
2026-01-16 14:09:13,957 [INFO] ProjectBuilder:3107 - Time for Copy CMSIS : 0mS.
2026-01-16 14:09:13,962 [INFO] ProjectBuilder:3107 - Time for Copy CMSIS : 0mS.
2026-01-16 14:20:25,554 [INFO] ADCParametersView:116 -                Rank 1 : true
2026-01-16 14:20:25,555 [INFO] ADCParametersView:116 -                Rank 1 : true
2026-01-16 14:20:25,555 [INFO] ADCParametersView:116 -                Rank 1 : true
2026-01-16 14:20:25,555 [INFO] ADCParametersView:116 -                Rank 1 : true
2026-01-16 14:20:25,555 [INFO] ADCParametersView:116 -                Rank 1 : true
2026-01-16 14:20:25,555 [INFO] ADCParametersView:116 -                Rank 1 : true
2026-01-16 14:20:25,555 [INFO] ADCParametersView:116 -                Rank 1 : true
2026-01-16 14:20:25,555 [INFO] ADCParametersView:116 -                Rank 1 : true
2026-01-16 14:20:25,555 [INFO] ADCParametersView:116 -                Rank 1 : true
2026-01-16 14:20:25,555 [INFO] ADCParametersView:116 -                Rank 1 : true
2026-01-16 14:20:25,559 [INFO] ADCParametersView:116 -                Rank 1 : true
2026-01-16 14:20:25,570 [INFO] ADCParametersView:116 -                Rank 1 : true
2026-01-16 14:20:25,571 [INFO] ADCParametersView:116 -                Rank 1 : true
2026-01-16 14:20:25,571 [INFO] ADCParametersView:116 -                Rank 1 : true
2026-01-16 14:20:25,571 [INFO] ADCParametersView:116 -                Rank 1 : true
2026-01-16 14:20:25,571 [INFO] ADCParametersView:116 -                Rank 1 : true
2026-01-16 14:20:25,571 [INFO] ADCParametersView:116 -                Rank 1 : true
2026-01-16 14:20:25,571 [INFO] ADCParametersView:116 -                Rank 1 : true
2026-01-16 14:20:25,571 [INFO] ADCParametersView:116 -                Rank 1 : true
2026-01-16 14:20:25,571 [INFO] ADCParametersView:116 -                Rank 1 : true
2026-01-16 14:20:25,571 [INFO] ADCParametersView:116 -                Rank 1 : true
2026-01-16 14:20:25,574 [INFO] ADCParametersView:116 -                Rank 1 : true
2026-01-16 14:20:25,644 [INFO] ADCParametersView:116 -                Rank 1 : true
2026-01-16 14:20:25,645 [INFO] ADCParametersView:116 -                Rank 1 : true
2026-01-16 14:20:25,645 [INFO] ADCParametersView:116 -                Rank 1 : true
2026-01-16 14:20:25,645 [INFO] ADCParametersView:116 -                Rank 1 : true
2026-01-16 14:20:25,645 [INFO] ADCParametersView:116 -                Rank 1 : true
2026-01-16 14:20:25,645 [INFO] ADCParametersView:116 -                Rank 1 : true
2026-01-16 14:20:25,645 [INFO] ADCParametersView:116 -                Rank 1 : true
2026-01-16 14:20:25,645 [INFO] ADCParametersView:116 -                Rank 1 : true
2026-01-16 14:20:25,645 [INFO] ADCParametersView:116 -                Rank 1 : true
2026-01-16 14:20:25,645 [INFO] ADCParametersView:116 -                Rank 1 : true
2026-01-16 14:20:25,649 [INFO] ADCParametersView:116 -                Rank 1 : true
2026-01-16 14:20:25,663 [INFO] ADCParametersView:116 -                Rank 1 : true
2026-01-16 14:20:25,663 [INFO] ADCParametersView:116 -                Rank 1 : true
2026-01-16 14:20:25,664 [INFO] ADCParametersView:116 -                Rank 1 : true
2026-01-16 14:20:25,664 [INFO] ADCParametersView:116 -                Rank 1 : true
2026-01-16 14:20:25,664 [INFO] ADCParametersView:116 -                Rank 1 : true
2026-01-16 14:20:25,664 [INFO] ADCParametersView:116 -                Rank 1 : true
2026-01-16 14:20:25,664 [INFO] ADCParametersView:116 -                Rank 1 : true
2026-01-16 14:20:25,664 [INFO] ADCParametersView:116 -                Rank 1 : true
2026-01-16 14:20:25,664 [INFO] ADCParametersView:116 -                Rank 1 : true
2026-01-16 14:20:25,664 [INFO] ADCParametersView:116 -                Rank 1 : true
2026-01-16 14:20:25,669 [INFO] ADCParametersView:116 -                Rank 1 : true
2026-01-16 14:20:33,578 [INFO] ADCParametersView:116 -                Rank 1 : true
2026-01-16 14:20:33,578 [INFO] ADCParametersView:116 -                Rank 1 : true
2026-01-16 14:20:33,579 [INFO] ADCParametersView:116 -                Rank 1 : true
2026-01-16 14:20:33,579 [INFO] ADCParametersView:116 -                Rank 1 : true
2026-01-16 14:20:33,579 [INFO] ADCParametersView:116 -                Rank 1 : true
2026-01-16 14:20:33,579 [INFO] ADCParametersView:116 -                Rank 1 : true
2026-01-16 14:20:33,579 [INFO] ADCParametersView:116 -                Rank 1 : true
2026-01-16 14:20:33,579 [INFO] ADCParametersView:116 -                Rank 1 : true
2026-01-16 14:20:33,579 [INFO] ADCParametersView:116 -                Rank 1 : true
2026-01-16 14:20:33,579 [INFO] ADCParametersView:116 -                Rank 1 : true
2026-01-16 14:20:33,583 [INFO] ADCParametersView:116 -                Rank 1 : true
2026-01-16 14:20:33,595 [INFO] ADCParametersView:116 -                Rank 1 : true
2026-01-16 14:20:33,596 [INFO] ADCParametersView:116 -                Rank 1 : true
2026-01-16 14:20:33,596 [INFO] ADCParametersView:116 -                Rank 1 : true
2026-01-16 14:20:33,596 [INFO] ADCParametersView:116 -                Rank 1 : true
2026-01-16 14:20:33,596 [INFO] ADCParametersView:116 -                Rank 1 : true
2026-01-16 14:20:33,596 [INFO] ADCParametersView:116 -                Rank 1 : true
2026-01-16 14:20:33,596 [INFO] ADCParametersView:116 -                Rank 1 : true
2026-01-16 14:20:33,596 [INFO] ADCParametersView:116 -                Rank 1 : true
2026-01-16 14:20:33,596 [INFO] ADCParametersView:116 -                Rank 1 : true
2026-01-16 14:20:33,596 [INFO] ADCParametersView:116 -                Rank 1 : true
2026-01-16 14:20:33,601 [INFO] ADCParametersView:116 -                Rank 1 : true
2026-01-16 14:20:33,657 [INFO] ADCParametersView:116 -                Rank 1 : true
2026-01-16 14:20:33,658 [INFO] ADCParametersView:116 -                Rank 1 : true
2026-01-16 14:20:33,658 [INFO] ADCParametersView:116 -                Rank 1 : true
2026-01-16 14:20:33,658 [INFO] ADCParametersView:116 -                Rank 1 : true
2026-01-16 14:20:33,658 [INFO] ADCParametersView:116 -                Rank 1 : true
2026-01-16 14:20:33,658 [INFO] ADCParametersView:116 -                Rank 1 : true
2026-01-16 14:20:33,658 [INFO] ADCParametersView:116 -                Rank 1 : true
2026-01-16 14:20:33,658 [INFO] ADCParametersView:116 -                Rank 1 : true
2026-01-16 14:20:33,658 [INFO] ADCParametersView:116 -                Rank 1 : true
2026-01-16 14:20:33,658 [INFO] ADCParametersView:116 -                Rank 1 : true
2026-01-16 14:20:33,661 [INFO] ADCParametersView:116 -                Rank 1 : true
2026-01-16 14:20:33,674 [INFO] ADCParametersView:116 -                Rank 1 : true
2026-01-16 14:20:33,675 [INFO] ADCParametersView:116 -                Rank 1 : true
2026-01-16 14:20:33,675 [INFO] ADCParametersView:116 -                Rank 1 : true
2026-01-16 14:20:33,675 [INFO] ADCParametersView:116 -                Rank 1 : true
2026-01-16 14:20:33,676 [INFO] ADCParametersView:116 -                Rank 1 : true
2026-01-16 14:20:33,676 [INFO] ADCParametersView:116 -                Rank 1 : true
2026-01-16 14:20:33,676 [INFO] ADCParametersView:116 -                Rank 1 : true
2026-01-16 14:20:33,676 [INFO] ADCParametersView:116 -                Rank 1 : true
2026-01-16 14:20:33,676 [INFO] ADCParametersView:116 -                Rank 1 : true
2026-01-16 14:20:33,676 [INFO] ADCParametersView:116 -                Rank 1 : true
2026-01-16 14:20:33,681 [INFO] ADCParametersView:116 -                Rank 1 : true
2026-01-16 14:23:53,527 [INFO] UtilMem:75 - End SaveConfig() Used Memory: 920616920 Bytes (1073741824)
2026-01-16 14:24:16,938 [INFO] UtilMem:75 - End SaveConfig() Used Memory: 893094616 Bytes (1073741824)
2026-01-16 14:24:17,019 [INFO] ProjectBuilder:2320 - IP not ready for code generation: Clock
2026-01-16 14:24:18,178 [INFO] BlockDiagram:2766 - set Specific Code input for plugin: NVIC
2026-01-16 14:24:18,178 [INFO] BlockDiagram:2766 - set Specific Code input for plugin: TIM1_8F1
2026-01-16 14:24:18,178 [INFO] BlockDiagram:2766 - set Specific Code input for plugin: SYS
2026-01-16 14:24:18,178 [INFO] BlockDiagram:2766 - set Specific Code input for plugin: GPIO
2026-01-16 14:24:18,178 [INFO] BlockDiagram:2766 - set Specific Code input for plugin: ADC
2026-01-16 14:24:18,178 [INFO] BlockDiagram:2766 - set Specific Code input for plugin: RCC
2026-01-16 14:24:18,179 [INFO] CodeGenerator:807 - code generatio: config db path: C:/Users/RND1/.stm32cubemx/databases/DB.6.0.100/db/
2026-01-16 14:24:18,212 [INFO] CodeEngine:255 - oldGeneratedFile, C:\Users\RND1\STM32CubeIDE\workspace_1.16.1\f103_fw\MXTmpFiles\license.tmp_save
2026-01-16 14:24:18,273 [INFO] CodeEngine:279 - Generated code: C:\Users\RND1\STM32CubeIDE\workspace_1.16.1\f103_fw\MXTmpFiles\license.tmp
2026-01-16 14:24:18,302 [INFO] CodeEngine:255 - oldGeneratedFile, C:\Users\RND1\STM32CubeIDE\workspace_1.16.1\f103_fw\Core\Src\gpio.c_save
2026-01-16 14:24:18,362 [INFO] CodeEngine:279 - Generated code: C:\Users\RND1\STM32CubeIDE\workspace_1.16.1\f103_fw\Core\Src\gpio.c
2026-01-16 14:24:18,369 [INFO] CodeEngine:255 - oldGeneratedFile, C:\Users\RND1\STM32CubeIDE\workspace_1.16.1\f103_fw\Core\Inc\gpio.h_save
2026-01-16 14:24:18,412 [INFO] CodeEngine:279 - Generated code: C:\Users\RND1\STM32CubeIDE\workspace_1.16.1\f103_fw\Core\Inc\gpio.h
2026-01-16 14:24:18,480 [INFO] CodeEngine:255 - oldGeneratedFile, C:\Users\RND1\STM32CubeIDE\workspace_1.16.1\f103_fw\Core\Src\adc.c_save
2026-01-16 14:24:18,554 [INFO] CodeEngine:279 - Generated code: C:\Users\RND1\STM32CubeIDE\workspace_1.16.1\f103_fw\Core\Src\adc.c
2026-01-16 14:24:18,561 [INFO] CodeEngine:255 - oldGeneratedFile, C:\Users\RND1\STM32CubeIDE\workspace_1.16.1\f103_fw\Core\Inc\adc.h_save
2026-01-16 14:24:18,605 [INFO] CodeEngine:279 - Generated code: C:\Users\RND1\STM32CubeIDE\workspace_1.16.1\f103_fw\Core\Inc\adc.h
2026-01-16 14:24:18,628 [INFO] CodeEngine:255 - oldGeneratedFile, C:\Users\RND1\STM32CubeIDE\workspace_1.16.1\f103_fw\Core\Src\tim.c_save
2026-01-16 14:24:18,684 [INFO] CodeEngine:279 - Generated code: C:\Users\RND1\STM32CubeIDE\workspace_1.16.1\f103_fw\Core\Src\tim.c
2026-01-16 14:24:18,690 [INFO] CodeEngine:255 - oldGeneratedFile, C:\Users\RND1\STM32CubeIDE\workspace_1.16.1\f103_fw\Core\Inc\tim.h_save
2026-01-16 14:24:18,732 [INFO] CodeEngine:279 - Generated code: C:\Users\RND1\STM32CubeIDE\workspace_1.16.1\f103_fw\Core\Inc\tim.h
2026-01-16 14:24:18,750 [INFO] CodeEngine:255 - oldGeneratedFile, C:\Users\RND1\STM32CubeIDE\workspace_1.16.1\f103_fw\Core\Src\stm32f1xx_it.c_save
2026-01-16 14:24:18,841 [INFO] CodeEngine:279 - Generated code: C:\Users\RND1\STM32CubeIDE\workspace_1.16.1\f103_fw\Core\Src\stm32f1xx_it.c
2026-01-16 14:24:18,847 [INFO] CodeEngine:255 - oldGeneratedFile, C:\Users\RND1\STM32CubeIDE\workspace_1.16.1\f103_fw\Core\Inc\stm32f1xx_it.h_save
2026-01-16 14:24:18,884 [INFO] CodeEngine:279 - Generated code: C:\Users\RND1\STM32CubeIDE\workspace_1.16.1\f103_fw\Core\Inc\stm32f1xx_it.h
2026-01-16 14:24:18,900 [INFO] CodeEngine:255 - oldGeneratedFile, C:\Users\RND1\STM32CubeIDE\workspace_1.16.1\f103_fw\Core\Src\stm32f1xx_hal_msp.c_save
2026-01-16 14:24:18,965 [INFO] CodeEngine:279 - Generated code: C:\Users\RND1\STM32CubeIDE\workspace_1.16.1\f103_fw\Core\Src\stm32f1xx_hal_msp.c
2026-01-16 14:24:18,969 [INFO] CodeEngine:255 - oldGeneratedFile, C:\Users\RND1\STM32CubeIDE\workspace_1.16.1\f103_fw\MXTmpFiles\system.tmp_save
2026-01-16 14:24:19,001 [INFO] CodeEngine:279 - Generated code: C:\Users\RND1\STM32CubeIDE\workspace_1.16.1\f103_fw\MXTmpFiles\system.tmp
2026-01-16 14:24:19,029 [INFO] CodeEngine:311 - oldGeneratedFile, C:\Users\RND1\STM32CubeIDE\workspace_1.16.1\f103_fw\Core\Inc\stm32f1xx_hal_conf.h_save
2026-01-16 14:24:19,091 [INFO] CodeEngine:335 - Generated code: C:\Users\RND1\STM32CubeIDE\workspace_1.16.1\f103_fw\Core\Inc\stm32f1xx_hal_conf.h
2026-01-16 14:24:19,121 [INFO] CodeEngine:255 - oldGeneratedFile, C:\Users\RND1\STM32CubeIDE\workspace_1.16.1\f103_fw\Core\Inc\main.h_save
2026-01-16 14:24:19,188 [INFO] CodeEngine:279 - Generated code: C:\Users\RND1\STM32CubeIDE\workspace_1.16.1\f103_fw\Core\Inc\main.h
2026-01-16 14:24:19,202 [INFO] CodeEngine:255 - oldGeneratedFile, C:\Users\RND1\STM32CubeIDE\workspace_1.16.1\f103_fw\Core\Src\main.c_save
2026-01-16 14:24:19,254 [INFO] CodeEngine:279 - Generated code: C:\Users\RND1\STM32CubeIDE\workspace_1.16.1\f103_fw\Core\Src\main.c
2026-01-16 14:24:19,545 [INFO] ProjectBuilder:3249 - Time for Copy HAL[1] : 186mS.
2026-01-16 14:24:19,548 [INFO] ProjectBuilder:4828 - Project Generator version: 4.5.0-B34
2026-01-16 14:24:19,590 [INFO] ConfigFileManager:1531 - The Die is : DIE410
2026-01-16 14:24:20,153 [INFO] ProjectBuilder:5097 - Time for Generating toolchain IDE Files: 604mS.
2026-01-16 14:24:20,154 [INFO] ProjectBuilder:3107 - Time for Copy CMSIS : 1mS.
2026-01-16 14:24:20,159 [INFO] ProjectBuilder:3107 - Time for Copy CMSIS : 0mS.
2026-01-16 17:30:22,935 [ERROR] LogOutputStream:75 - [STDERR_REDIRECT] 
