2025-11-03 14:59:29,857 [INFO] Activator:176 - 


2025-11-03 14:59:29,862 [INFO] Activator:177 - !SESSION log4j initialized
2025-11-03 14:59:35,620 [INFO] LogOutputStream:77 - [STDOUT_REDIRECT] 
2025-11-03 14:59:40,817 [INFO] ApplicationProperties:184 - Using Application install path: C:\ST\STM32CubeIDE_1.16.1\STM32CubeIDE\plugins\com.st.stm32cube.common.mx_6.12.1.202409122256
2025-11-03 14:59:40,832 [INFO] DbMcusXml:78 - Set database path to: C:\ST\STM32CubeIDE_1.16.1\STM32CubeIDE\plugins\com.st.stm32cube.common.mx_6.12.1.202409122256\\db\/mcu/
2025-11-03 14:59:40,832 [INFO] ApiDb:274 - Set plugin database path to: C:\ST\STM32CubeIDE_1.16.1\STM32CubeIDE\plugins\com.st.stm32cube.common.mx_6.12.1.202409122256\\db\/plugins/boardmanager/
2025-11-03 14:59:40,833 [WARN] ApiDb:259 - Overriding images path with different value:  => C:\ST\STM32CubeIDE_1.16.1\STM32CubeIDE\plugins\com.st.stm32cube.common.mx_6.12.1.202409122256\\db\/plugins/mcufinder/images/
2025-11-03 14:59:40,847 [INFO] ApiDb:250 - Set database path to: C:\Users\RND1\.stmcufinder\plugins\mcufinder//mcu/
2025-11-03 14:59:40,848 [INFO] DbMcusAds:125 - Set database path to: C:\Users\RND1\.stmcufinder\plugins\mcufinder//mcu/
2025-11-03 14:59:40,851 [INFO] CrossReferenceDbSqlite:203 - Set database path to: C:\Users\RND1\.stmcufinder\plugins\mcufinder//mcu/cs/
2025-11-03 14:59:40,949 [INFO] RulesReader:64 - Compatibility file has been processed (297 Rules)
2025-11-03 14:59:41,033 [INFO] DbMcusXml:78 - Set database path to: C:\ST\STM32CubeIDE_1.16.1\STM32CubeIDE\plugins\com.st.stm32cube.common.mx_6.12.1.202409122256\\db\/mcu/
2025-11-03 14:59:41,033 [INFO] ApiDb:274 - Set plugin database path to: C:\ST\STM32CubeIDE_1.16.1\STM32CubeIDE\plugins\com.st.stm32cube.common.mx_6.12.1.202409122256\\db\/plugins/boardmanager/
2025-11-03 14:59:41,034 [INFO] ApiDb:261 - Set plugin images path to: C:\ST\STM32CubeIDE_1.16.1\STM32CubeIDE\plugins\com.st.stm32cube.common.mx_6.12.1.202409122256\\db\/plugins/mcufinder/images/
2025-11-03 14:59:41,034 [WARN] DbFile:41 - Overriding database path with different value: C:\Users\RND1\.stmcufinder\plugins\mcufinder/ => C:\Users\RND1\.stmcufinder\plugins\mcufinder
2025-11-03 14:59:41,034 [INFO] ApiDb:250 - Set database path to: C:\Users\RND1\.stmcufinder\plugins\mcufinder//mcu/
2025-11-03 14:59:41,034 [WARN] DbFile:41 - Overriding database path with different value: C:\Users\RND1\.stmcufinder\plugins\mcufinder/ => C:\Users\RND1\.stmcufinder\plugins\mcufinder
2025-11-03 14:59:41,034 [INFO] DbMcusAds:125 - Set database path to: C:\Users\RND1\.stmcufinder\plugins\mcufinder//mcu/
2025-11-03 14:59:41,034 [WARN] DbFile:41 - Overriding database path with different value: C:\Users\RND1\.stmcufinder\plugins\mcufinder/ => C:\Users\RND1\.stmcufinder\plugins\mcufinder
2025-11-03 14:59:41,034 [WARN] DbFile:41 - Overriding database path with different value: C:\Users\RND1\.stmcufinder\plugins\mcufinder/ => C:\Users\RND1\.stmcufinder\plugins\mcufinder
2025-11-03 14:59:41,034 [INFO] CrossReferenceDbSqlite:203 - Set database path to: C:\Users\RND1\.stmcufinder\plugins\mcufinder//mcu/cs/
2025-11-03 14:59:41,104 [INFO] MainPanel:268 - HeapMemory: 268435456
2025-11-03 14:59:41,190 [INFO] DbMcusXml:78 - Set database path to: C:\ST\STM32CubeIDE_1.16.1\STM32CubeIDE\plugins\com.st.stm32cube.common.mx_6.12.1.202409122256\\db\/mcu/
2025-11-03 14:59:41,190 [INFO] ApiDb:274 - Set plugin database path to: C:\ST\STM32CubeIDE_1.16.1\STM32CubeIDE\plugins\com.st.stm32cube.common.mx_6.12.1.202409122256\\db\/plugins/boardmanager/
2025-11-03 14:59:41,190 [INFO] ApiDb:261 - Set plugin images path to: C:\ST\STM32CubeIDE_1.16.1\STM32CubeIDE\plugins\com.st.stm32cube.common.mx_6.12.1.202409122256\\db\/plugins/mcufinder/images/
2025-11-03 14:59:41,190 [WARN] DbFile:41 - Overriding database path with different value: C:\Users\RND1\.stmcufinder\plugins\mcufinder/ => C:\Users\RND1\.stmcufinder\plugins\mcufinder
2025-11-03 14:59:41,191 [INFO] ApiDb:250 - Set database path to: C:\Users\RND1\.stmcufinder\plugins\mcufinder//mcu/
2025-11-03 14:59:41,191 [WARN] DbFile:41 - Overriding database path with different value: C:\Users\RND1\.stmcufinder\plugins\mcufinder/ => C:\Users\RND1\.stmcufinder\plugins\mcufinder
2025-11-03 14:59:41,191 [INFO] DbMcusAds:125 - Set database path to: C:\Users\RND1\.stmcufinder\plugins\mcufinder//mcu/
2025-11-03 14:59:41,191 [WARN] DbFile:41 - Overriding database path with different value: C:\Users\RND1\.stmcufinder\plugins\mcufinder/ => C:\Users\RND1\.stmcufinder\plugins\mcufinder
2025-11-03 14:59:41,191 [WARN] DbFile:41 - Overriding database path with different value: C:\Users\RND1\.stmcufinder\plugins\mcufinder/ => C:\Users\RND1\.stmcufinder\plugins\mcufinder
2025-11-03 14:59:41,191 [INFO] CrossReferenceDbSqlite:203 - Set database path to: C:\Users\RND1\.stmcufinder\plugins\mcufinder//mcu/cs/
2025-11-03 14:59:41,206 [INFO] ApplicationProperties:184 - Using Application install path: C:\ST\STM32CubeIDE_1.16.1\STM32CubeIDE\plugins\com.st.stm32cube.common.mx_6.12.1.202409122256
2025-11-03 14:59:41,207 [INFO] PluginManage:196 - Search for loadable plugins [exclusion list=, ]
2025-11-03 14:59:41,209 [INFO] PluginManage:310 - Check plugin analytics
2025-11-03 14:59:41,388 [INFO] AnalyticsPlugin:253 - Accepted Software Licenses: STM32CubeMX.6.10.0
2025-11-03 14:59:41,388 [INFO] AnalyticsPlugin:255 - Accepted CMSIS Pack Licenses: 
2025-11-03 14:59:41,388 [INFO] AnalyticsPlugin:257 - Accepted Firmware Licenses: FW.G4.1.5.0,FW.G4.1.6.0,FW.F4.1.28.0,FW.H7.1.11.0
2025-11-03 14:59:41,391 [INFO] PluginManage:359 - Loaded plugin analytics (category:tool,tabindex:-1)
2025-11-03 14:59:41,392 [INFO] PluginManage:310 - Check plugin cadmodel
2025-11-03 14:59:41,413 [INFO] CADModel:105 - Init CAD model plugin
2025-11-03 14:59:41,413 [INFO] PluginManage:359 - Loaded plugin cadmodel (category:power,tabindex:5)
2025-11-03 14:59:41,413 [INFO] PluginManage:310 - Check plugin clock
2025-11-03 14:59:41,435 [INFO] PluginManage:359 - Loaded plugin clock (category:base,tabindex:2)
2025-11-03 14:59:41,435 [INFO] PluginManage:310 - Check plugin ddr
2025-11-03 14:59:41,437 [INFO] PluginManage:359 - Loaded plugin ddr (category:tool,tabindex:6)
2025-11-03 14:59:41,437 [INFO] PluginManage:310 - Check plugin filemanager
2025-11-03 14:59:41,564 [INFO] PluginManage:359 - Loaded plugin filemanager (category:base,tabindex:10)
2025-11-03 14:59:41,564 [INFO] PluginManage:310 - Check plugin ipmanager
2025-11-03 14:59:41,570 [INFO] PluginManage:359 - Loaded plugin ipmanager (category:base,tabindex:5)
2025-11-03 14:59:41,570 [INFO] PluginManage:310 - Check plugin lpbam
2025-11-03 14:59:41,587 [INFO] PluginManage:359 - Loaded plugin lpbam (category:base,tabindex:0)
2025-11-03 14:59:41,587 [INFO] PluginManage:310 - Check plugin memorymap
2025-11-03 14:59:41,608 [INFO] PluginManage:359 - Loaded plugin memorymap (category:base,tabindex:4)
2025-11-03 14:59:41,609 [INFO] PluginManage:310 - Check plugin pinoutandconfiguration
2025-11-03 14:59:41,626 [INFO] PluginManage:359 - Loaded plugin pinoutandconfiguration (category:base,tabindex:1)
2025-11-03 14:59:41,626 [INFO] PluginManage:310 - Check plugin pinoutconfig
2025-11-03 14:59:41,701 [WARN] SupportedApi:132 - Cannot load RTOS API schema: s4s-elt-must-match.1: The content of 'definitions' must match (annotation?, (simpleType | complexType)?, (unique | key | keyref)*)). A problem was found starting at: attribute.
2025-11-03 14:59:41,810 [INFO] PluginManage:359 - Loaded plugin pinoutconfig (category:base,tabindex:0)
2025-11-03 14:59:41,810 [INFO] PluginManage:310 - Check plugin power
2025-11-03 14:59:41,829 [INFO] PluginManage:359 - Loaded plugin power (category:power,tabindex:4)
2025-11-03 14:59:41,829 [INFO] PluginManage:310 - Check plugin projectmanager
2025-11-03 14:59:41,841 [INFO] PluginManage:359 - Loaded plugin projectmanager (category:projectmanager,tabindex:4)
2025-11-03 14:59:41,841 [INFO] PluginManage:310 - Check plugin rif
2025-11-03 14:59:41,857 [INFO] PluginManage:359 - Loaded plugin rif (category:base,tabindex:3)
2025-11-03 14:59:41,857 [INFO] PluginManage:310 - Check plugin thirdparty
2025-11-03 14:59:42,094 [INFO] PluginManage:359 - Loaded plugin thirdparty (category:base,tabindex:-1)
2025-11-03 14:59:42,094 [WARN] IntegrityCheckThread:84 - waiting for thirdparty lock release [integrity check]
2025-11-03 14:59:42,095 [INFO] IntegrityCheckThread:86 - entering critical section [integrity check]
2025-11-03 14:59:42,095 [INFO] PluginManage:310 - Check plugin tools
2025-11-03 14:59:42,095 [INFO] ThirdPartyUpdaterWithRetryManager:70 - Updater plugin not ready yet. [1/15]
2025-11-03 14:59:42,125 [INFO] PluginManage:359 - Loaded plugin tools (category:base,tabindex:7)
2025-11-03 14:59:42,125 [INFO] PluginManage:310 - Check plugin tutovideos
2025-11-03 14:59:42,271 [INFO] PluginManage:359 - Loaded plugin tutovideos (category:base,tabindex:-1)
2025-11-03 14:59:42,271 [INFO] PluginManage:310 - Check plugin updater
2025-11-03 14:59:42,286 [INFO] PluginManage:359 - Loaded plugin updater (category:base,tabindex:12)
2025-11-03 14:59:42,286 [INFO] PluginManage:310 - Check plugin userauth
2025-11-03 14:59:42,291 [INFO] UserAuth:113 - Init User Auth plugin
2025-11-03 14:59:42,291 [INFO] PluginManage:359 - Loaded plugin userauth (category:base,tabindex:14)
2025-11-03 14:59:42,291 [INFO] PluginManage:283 - PluginManage : Loaded plugins [18]
2025-11-03 14:59:42,461 [INFO] PinOutPanel:1561 - setPackage(No Configuration,No Configuration)
2025-11-03 14:59:42,531 [INFO] CADModel:165 - CPN selected for project level
2025-11-03 14:59:42,531 [INFO] CADModel:114 - Register for checkConnection events
2025-11-03 14:59:42,557 [INFO] IPUIPlugin:80 - create IPUIPlugin
2025-11-03 14:59:42,557 [INFO] PluginManager:220 - loadIPPluginJar : add adc
2025-11-03 14:59:42,587 [INFO] IPUIPlugin:80 - create IPUIPlugin
2025-11-03 14:59:42,587 [INFO] PluginManager:220 - loadIPPluginJar : add aes
2025-11-03 14:59:42,621 [INFO] IPUIPlugin:80 - create IPUIPlugin
2025-11-03 14:59:42,621 [INFO] PluginManager:220 - loadIPPluginJar : add can
2025-11-03 14:59:42,642 [INFO] IPUIPlugin:80 - create IPUIPlugin
2025-11-03 14:59:42,642 [INFO] PluginManager:220 - loadIPPluginJar : add comp
2025-11-03 14:59:42,670 [INFO] IPUIPlugin:80 - create IPUIPlugin
2025-11-03 14:59:42,671 [INFO] PluginManager:220 - loadIPPluginJar : add cryp
2025-11-03 14:59:42,684 [INFO] IPUIPlugin:80 - create IPUIPlugin
2025-11-03 14:59:42,684 [INFO] PluginManager:220 - loadIPPluginJar : add ddr_ctrl_phy
2025-11-03 14:59:42,711 [INFO] IPUIPlugin:80 - create IPUIPlugin
2025-11-03 14:59:42,711 [INFO] PluginManager:220 - loadIPPluginJar : add dfsdm
2025-11-03 14:59:42,724 [INFO] IPUIPlugin:80 - create IPUIPlugin
2025-11-03 14:59:42,724 [INFO] PluginManager:220 - loadIPPluginJar : add dma
2025-11-03 14:59:42,762 [INFO] IPUIPlugin:80 - create IPUIPlugin
2025-11-03 14:59:42,762 [INFO] PluginManager:220 - loadIPPluginJar : add dma3
2025-11-03 14:59:42,800 [INFO] IPUIPlugin:80 - create IPUIPlugin
2025-11-03 14:59:42,800 [INFO] PluginManager:220 - loadIPPluginJar : add extmemmanager
2025-11-03 14:59:42,819 [INFO] IPUIPlugin:80 - create IPUIPlugin
2025-11-03 14:59:42,819 [INFO] PluginManager:220 - loadIPPluginJar : add fatfs
2025-11-03 14:59:42,859 [INFO] IPUIPlugin:80 - create IPUIPlugin
2025-11-03 14:59:42,859 [INFO] PluginManager:220 - loadIPPluginJar : add fmc
2025-11-03 14:59:42,873 [INFO] IPUIPlugin:80 - create IPUIPlugin
2025-11-03 14:59:42,873 [INFO] PluginManager:220 - loadIPPluginJar : add freertos
2025-11-03 14:59:42,894 [INFO] IPUIPlugin:80 - create IPUIPlugin
2025-11-03 14:59:42,894 [INFO] PluginManager:220 - loadIPPluginJar : add genericplugin
2025-11-03 14:59:42,975 [INFO] IPUIPlugin:80 - create IPUIPlugin
2025-11-03 14:59:42,976 [INFO] PluginManager:220 - loadIPPluginJar : add gfxmmu
2025-11-03 14:59:43,075 [INFO] IPUIPlugin:80 - create IPUIPlugin
2025-11-03 14:59:43,075 [INFO] PluginManager:220 - loadIPPluginJar : add gic
2025-11-03 14:59:43,086 [INFO] IPUIPlugin:80 - create IPUIPlugin
2025-11-03 14:59:43,086 [INFO] PluginManager:220 - loadIPPluginJar : add gpio
2025-11-03 14:59:43,154 [INFO] IPUIPlugin:80 - create IPUIPlugin
2025-11-03 14:59:43,154 [INFO] PluginManager:220 - loadIPPluginJar : add gtzc
2025-11-03 14:59:43,180 [INFO] IPUIPlugin:80 - create IPUIPlugin
2025-11-03 14:59:43,180 [INFO] PluginManager:220 - loadIPPluginJar : add hash
2025-11-03 14:59:43,222 [INFO] IPUIPlugin:80 - create IPUIPlugin
2025-11-03 14:59:43,222 [INFO] PluginManager:220 - loadIPPluginJar : add i2c
2025-11-03 14:59:43,255 [INFO] IPUIPlugin:80 - create IPUIPlugin
2025-11-03 14:59:43,255 [INFO] PluginManager:220 - loadIPPluginJar : add i2s
2025-11-03 14:59:43,289 [INFO] IPUIPlugin:80 - create IPUIPlugin
2025-11-03 14:59:43,289 [INFO] PluginManager:220 - loadIPPluginJar : add i3c
2025-11-03 14:59:43,365 [INFO] IPUIPlugin:80 - create IPUIPlugin
2025-11-03 14:59:43,365 [INFO] PluginManager:220 - loadIPPluginJar : add ipddr
2025-11-03 14:59:43,436 [INFO] IPUIPlugin:80 - create IPUIPlugin
2025-11-03 14:59:43,436 [INFO] PluginManager:220 - loadIPPluginJar : add linkedlist
2025-11-03 14:59:43,467 [INFO] IPUIPlugin:80 - create IPUIPlugin
2025-11-03 14:59:43,467 [INFO] PluginManager:220 - loadIPPluginJar : add lorawan
2025-11-03 14:59:43,495 [INFO] IPUIPlugin:80 - create IPUIPlugin
2025-11-03 14:59:43,495 [INFO] PluginManager:220 - loadIPPluginJar : add ltdc
2025-11-03 14:59:43,508 [INFO] IPUIPlugin:80 - create IPUIPlugin
2025-11-03 14:59:43,508 [INFO] PluginManager:220 - loadIPPluginJar : add mdma
2025-11-03 14:59:43,519 [INFO] IPUIPlugin:80 - create IPUIPlugin
2025-11-03 14:59:43,519 [INFO] PluginManager:220 - loadIPPluginJar : add nvic
2025-11-03 14:59:43,549 [INFO] IPUIPlugin:80 - create IPUIPlugin
2025-11-03 14:59:43,550 [INFO] PluginManager:220 - loadIPPluginJar : add opamp
2025-11-03 14:59:43,603 [INFO] IPUIPlugin:80 - create IPUIPlugin
2025-11-03 14:59:43,603 [INFO] PluginManager:220 - loadIPPluginJar : add openamp
2025-11-03 14:59:43,639 [INFO] IPUIPlugin:80 - create IPUIPlugin
2025-11-03 14:59:43,640 [INFO] PluginManager:220 - loadIPPluginJar : add pdm2pcm
2025-11-03 14:59:43,652 [INFO] IPUIPlugin:80 - create IPUIPlugin
2025-11-03 14:59:43,653 [INFO] PluginManager:220 - loadIPPluginJar : add plateformsettings
2025-11-03 14:59:43,673 [INFO] IPUIPlugin:80 - create IPUIPlugin
2025-11-03 14:59:43,673 [INFO] PluginManager:220 - loadIPPluginJar : add quadspi
2025-11-03 14:59:43,697 [INFO] IPUIPlugin:80 - create IPUIPlugin
2025-11-03 14:59:43,697 [INFO] PluginManager:220 - loadIPPluginJar : add radio
2025-11-03 14:59:43,708 [INFO] IPUIPlugin:80 - create IPUIPlugin
2025-11-03 14:59:43,708 [INFO] PluginManager:220 - loadIPPluginJar : add resmgrutility
2025-11-03 14:59:43,745 [INFO] IPUIPlugin:80 - create IPUIPlugin
2025-11-03 14:59:43,745 [INFO] PluginManager:220 - loadIPPluginJar : add sai
2025-11-03 14:59:43,777 [INFO] IPUIPlugin:80 - create IPUIPlugin
2025-11-03 14:59:43,777 [INFO] PluginManager:220 - loadIPPluginJar : add spi
2025-11-03 14:59:43,830 [INFO] IPUIPlugin:80 - create IPUIPlugin
2025-11-03 14:59:43,831 [INFO] PluginManager:220 - loadIPPluginJar : add stm32_wpan
2025-11-03 14:59:43,855 [INFO] IPUIPlugin:80 - create IPUIPlugin
2025-11-03 14:59:43,855 [INFO] PluginManager:220 - loadIPPluginJar : add tim
2025-11-03 14:59:43,901 [INFO] IPUIPlugin:80 - create IPUIPlugin
2025-11-03 14:59:43,901 [INFO] PluginManager:220 - loadIPPluginJar : add touchsensing
2025-11-03 14:59:43,920 [INFO] IPUIPlugin:80 - create IPUIPlugin
2025-11-03 14:59:43,920 [INFO] PluginManager:220 - loadIPPluginJar : add tracer_emb
2025-11-03 14:59:43,940 [INFO] IPUIPlugin:80 - create IPUIPlugin
2025-11-03 14:59:43,941 [INFO] PluginManager:220 - loadIPPluginJar : add ts
2025-11-03 14:59:43,960 [INFO] IPUIPlugin:80 - create IPUIPlugin
2025-11-03 14:59:43,960 [INFO] PluginManager:220 - loadIPPluginJar : add tsc
2025-11-03 14:59:43,981 [INFO] IPUIPlugin:80 - create IPUIPlugin
2025-11-03 14:59:43,981 [INFO] PluginManager:220 - loadIPPluginJar : add ucpd
2025-11-03 14:59:44,014 [INFO] IPUIPlugin:80 - create IPUIPlugin
2025-11-03 14:59:44,014 [INFO] PluginManager:220 - loadIPPluginJar : add usart
2025-11-03 14:59:44,048 [INFO] IPUIPlugin:80 - create IPUIPlugin
2025-11-03 14:59:44,048 [INFO] PluginManager:220 - loadIPPluginJar : add usbx
2025-11-03 14:59:44,164 [INFO] CADModel:165 - CPN selected for project level
2025-11-03 14:59:44,164 [INFO] CADModel:114 - Register for checkConnection events
2025-11-03 14:59:44,165 [FATAL] Updater:334 - Updater called before beeing initialized
2025-11-03 14:59:44,165 [ERROR] CADModel:125 - Updater not yet initialized, retry later 
2025-11-03 14:59:44,257 [INFO] CADModel:165 - CPN selected for project level
2025-11-03 14:59:44,257 [INFO] CADModel:114 - Register for checkConnection events
2025-11-03 14:59:44,257 [FATAL] Updater:334 - Updater called before beeing initialized
2025-11-03 14:59:44,257 [ERROR] CADModel:125 - Updater not yet initialized, retry later 
2025-11-03 14:59:44,260 [FATAL] Updater:334 - Updater called before beeing initialized
2025-11-03 14:59:44,339 [FATAL] Updater:334 - Updater called before beeing initialized
2025-11-03 14:59:44,349 [INFO] DbMcusAds:53 - JSON generation date=Tue Jul 08 17:14:27 KST 2025 (1751962467633)
2025-11-03 14:59:44,350 [FATAL] Updater:334 - Updater called before beeing initialized
2025-11-03 14:59:44,382 [WARN] DetailPanel:346 - Failed to get advertising image, set to default
2025-11-03 14:59:44,474 [FATAL] Updater:334 - Updater called before beeing initialized
2025-11-03 14:59:44,475 [FATAL] Updater:334 - Updater called before beeing initialized
2025-11-03 14:59:44,475 [FATAL] Updater:334 - Updater called before beeing initialized
2025-11-03 14:59:44,475 [WARN] DetailPanel:346 - Failed to get advertising image, set to default
2025-11-03 14:59:44,476 [FATAL] Updater:334 - Updater called before beeing initialized
2025-11-03 14:59:44,527 [ERROR] Updater:1164 - MainUpdater not yet initialized. External WinMGr cannot be set.
2025-11-03 14:59:44,537 [INFO] Updater:1100 - Updater Version found : 6.12.1
2025-11-03 14:59:44,553 [INFO] ApplicationProperties:184 - Using Application install path: C:\ST\STM32CubeIDE_1.16.1\STM32CubeIDE\plugins\com.st.stm32cube.common.mx_6.12.1.202409122256
2025-11-03 14:59:45,096 [INFO] ThirdPartyUpdaterWithRetryManager:70 - Updater plugin not ready yet. [2/15]
2025-11-03 14:59:45,318 [INFO] MainUpdater:2873 - connection check result : 10
2025-11-03 14:59:45,318 [INFO] MainUpdater:3567 - Updater definition file requires update
2025-11-03 14:59:45,319 [INFO] MainUpdater:290 - Updater Check For Update Now.
2025-11-03 14:59:45,319 [INFO] MicroXplorer:498 - Change Database Version : DB.6.0.121
2025-11-03 14:59:45,335 [INFO] McuFinderGlobals:63 - Set McuFinder mode to 2 (CubeIDE integrated)
2025-11-03 14:59:45,340 [INFO] UserAuth:417 - Internet connection configuration mode: 1
2025-11-03 14:59:45,365 [INFO] JxBrowserEngine:152 - Initiate JxBrowser Engine with user profile folder
2025-11-03 14:59:45,465 [INFO] ServerAccessManage:473 - Download File updaters.zip
2025-11-03 14:59:45,821 [INFO] FileExtend:240 - Unzip File : updaters.zip
2025-11-03 14:59:45,821 [INFO] FileExtend:255 - Standard Zip Deflate
2025-11-03 14:59:46,859 [INFO] ServerAccessManage:473 - Download File PacksControlFlags.xml
2025-11-03 14:59:47,182 [INFO] ServerAccessManage:473 - Download File cubemx.pidx
2025-11-03 14:59:47,888 [INFO] WebApp:167 - Instantiating new browser for Auth
2025-11-03 14:59:47,953 [INFO] ServerAccessManage:473 - Download File STMicroelectronics.FP-SNS-MOTENV1.pdsc
2025-11-03 14:59:48,097 [WARN] MainUpdater:1194 - Updater busy. Cannot search thirdparties
2025-11-03 14:59:48,097 [INFO] ThirdPartyUpdaterWithRetryManager:96 - Updater plugin is busy. [1/15]
2025-11-03 14:59:48,534 [INFO] WebApp:448 - Apply proxy settings
2025-11-03 14:59:48,539 [INFO] WebApp:493 - Chromium authenticates against Manually configured proxy
2025-11-03 14:59:48,546 [INFO] WebApp:501 - Username used for proxy authentication: 
2025-11-03 14:59:48,573 [INFO] WebApp:869 - Register for checkConnection events
2025-11-03 14:59:48,573 [INFO] WebApp:448 - Apply proxy settings
2025-11-03 14:59:48,576 [INFO] WebApp:493 - Chromium authenticates against Manually configured proxy
2025-11-03 14:59:48,577 [INFO] WebApp:501 - Username used for proxy authentication: 
2025-11-03 14:59:48,716 [INFO] WebApp:220 - Starting web application
2025-11-03 14:59:48,716 [INFO] WebApp:578 - Web application path used C:\ST\STM32CubeIDE_1.16.1\STM32CubeIDE\plugins\com.st.stm32cube.common.mx_6.12.1.202409122256\db\plugins\mcufinder\reactClient1\index.html
2025-11-03 14:59:48,824 [INFO] UserAuth:417 - Internet connection configuration mode: 1
2025-11-03 14:59:48,859 [INFO] WebApp:186 - Connection restablished
2025-11-03 14:59:49,911 [INFO] ServerAccessManage:473 - Download File STMicroelectronics.X-CUBE-FREERTOS.pdsc
2025-11-03 14:59:51,099 [WARN] MainUpdater:1194 - Updater busy. Cannot search thirdparties
2025-11-03 14:59:51,099 [INFO] ThirdPartyUpdaterWithRetryManager:96 - Updater plugin is busy. [2/15]
2025-11-03 14:59:51,788 [INFO] ServerAccessManage:473 - Download File STMicroelectronics.X-CUBE-GNSS1.pdsc
2025-11-03 14:59:54,102 [WARN] MainUpdater:1194 - Updater busy. Cannot search thirdparties
2025-11-03 14:59:54,102 [INFO] ThirdPartyUpdaterWithRetryManager:96 - Updater plugin is busy. [3/15]
2025-11-03 14:59:55,330 [ERROR] ServerAccessManage:1089 - Problem, file not found on Server
2025-11-03 14:59:55,976 [ERROR] ServerAccessManage:1089 - Problem, file not found on Server
2025-11-03 14:59:56,594 [ERROR] ServerAccessManage:1089 - Problem, file not found on Server
2025-11-03 14:59:57,105 [WARN] MainUpdater:1194 - Updater busy. Cannot search thirdparties
2025-11-03 14:59:57,105 [INFO] ThirdPartyUpdaterWithRetryManager:96 - Updater plugin is busy. [4/15]
2025-11-03 14:59:57,237 [ERROR] ServerAccessManage:1089 - Problem, file not found on Server
2025-11-03 14:59:57,849 [ERROR] ServerAccessManage:1089 - Problem, file not found on Server
2025-11-03 14:59:58,462 [ERROR] ServerAccessManage:1089 - Problem, file not found on Server
2025-11-03 14:59:59,255 [WARN] PopulateThirdPartyThread:106 - Error when creating pack: C:/Users/RND1/.stm32cubemx/thirdparties/pdsc/STMicroelectronics.FP-SNS-MOTENV1.pdsc
2025-11-03 14:59:59,291 [WARN] PackLoader:240 - Cannot read IP mode file for STMicroelectronics.X-CUBE-FREERTOS.1.3.1
2025-11-03 14:59:59,302 [WARN] PackLoader:240 - Cannot read IP mode file for STMicroelectronics.X-CUBE-GNSS1.7.1.0
2025-11-03 14:59:59,303 [INFO] PopulateThirdPartyThread:66 - Ending populate Thread
2025-11-03 14:59:59,304 [INFO] ThirdParty:1030 - CMSIS Pack Vendor :STMicroelectronics X-CUBE-FREERTOS 1.3.1
2025-11-03 14:59:59,304 [INFO] ThirdParty:1030 - CMSIS Pack Vendor :STMicroelectronics X-CUBE-GNSS1 7.1.0
2025-11-03 14:59:59,305 [INFO] LoadServerUpdatesThread:375 - End of LoadServerUpdate Thread
2025-11-03 14:59:59,405 [INFO] CheckServerUpdateThread:120 - End of CheckServer Thread
2025-11-03 15:00:00,303 [WARN] PackLoader:240 - Cannot read IP mode file for STMicroelectronics.FP-SNS-MOTENVWB1.1.4.0
2025-11-03 15:00:00,307 [WARN] PackLoader:240 - Cannot read IP mode file for STMicroelectronics.FP-ATR-ASTRA1.2.0.2
2025-11-03 15:00:00,317 [WARN] PackLoader:240 - Cannot read IP mode file for STMicroelectronics.FP-ATR-ASTRA1.2.0.1
2025-11-03 15:00:00,331 [WARN] PackLoader:240 - Cannot read IP mode file for STMicroelectronics.X-CUBE-SMBUS.2.1.0
2025-11-03 15:00:00,343 [WARN] PackLoader:240 - Cannot read IP mode file for STMicroelectronics.X-CUBE-WB05N.1.1.0
2025-11-03 15:00:00,353 [ERROR] Engine:466 - C:\Users\RND1\.stm32cubemx\thirdparties\pdsc\STMicroelectronics.X-CUBE-ST60.1.0.0.pdsc: PDSC version is not supported
2025-11-03 15:00:00,364 [WARN] PackLoader:240 - Cannot read IP mode file for STMicroelectronics.X-CUBE-TOUCHGFX.4.23.0
2025-11-03 15:00:00,373 [WARN] PackLoader:240 - Cannot read IP mode file for STMicroelectronics.X-CUBE-TOUCHGFX.4.23.2
2025-11-03 15:00:00,396 [WARN] PackLoader:240 - Cannot read IP mode file for STMicroelectronics.X-CUBE-AZRTOS-F7.1.1.0
2025-11-03 15:00:00,411 [WARN] PackLoader:240 - Cannot read IP mode file for STMicroelectronics.FP-SNS-MOTENV1.4.3.2
2025-11-03 15:00:00,448 [WARN] PackLoader:240 - Cannot read IP mode file for STMicroelectronics.X-CUBE-MEMS1.11.0.0
2025-11-03 15:00:00,526 [ERROR] Engine:466 - C:\Users\RND1\.stm32cubemx\thirdparties\pdsc\STMicroelectronics.FP-SNS-MOTENV1.5.1.0.pdsc: PDSC version is not supported
2025-11-03 15:00:00,545 [WARN] PackLoader:240 - Cannot read IP mode file for STMicroelectronics.FP-SNS-FLIGHT1.5.0.2
2025-11-03 15:00:00,574 [WARN] PackLoader:240 - Cannot read IP mode file for STMicroelectronics.X-CUBE-AZRTOS-H7.3.4.0
2025-11-03 15:00:00,590 [WARN] PackLoader:240 - Cannot read IP mode file for STMicroelectronics.X-CUBE-DISPLAY.3.0.0
2025-11-03 15:00:00,605 [WARN] PackLoader:240 - Cannot read IP mode file for STMicroelectronics.X-CUBE-BLE1.7.0.0
2025-11-03 15:00:00,619 [WARN] PackLoader:240 - Cannot read IP mode file for STMicroelectronics.X-CUBE-NFC10.1.0.0
2025-11-03 15:00:00,636 [WARN] PackLoader:240 - Cannot read IP mode file for STMicroelectronics.X-CUBE-BLEMGR.4.0.0
2025-11-03 15:00:00,650 [ERROR] Engine:466 - C:\Users\RND1\.stm32cubemx\thirdparties\pdsc\STMicroelectronics.X-CUBE-ST60.1.1.0.pdsc: PDSC version is not supported
2025-11-03 15:00:00,665 [WARN] PackLoader:240 - Cannot read IP mode file for emotas.I-CUBE-CANOPEN.1.3.0
2025-11-03 15:00:00,669 [WARN] PackLoader:240 - Cannot read IP mode file for STMicroelectronics.X-CUBE-GNSS1.7.1.0
2025-11-03 15:00:00,683 [WARN] PackLoader:240 - Cannot read IP mode file for STMicroelectronics.X-CUBE-BLEMGR.3.1.0
2025-11-03 15:00:00,698 [WARN] PackLoader:240 - Cannot read IP mode file for STMicroelectronics.X-CUBE-AI.10.0.0
2025-11-03 15:00:00,712 [ERROR] Engine:466 - C:\Users\RND1\.stm32cubemx\thirdparties\pdsc\STMicroelectronics.FP-SNS-STBOX1.2.1.0.pdsc: PDSC version is not supported
2025-11-03 15:00:00,727 [WARN] PackLoader:240 - Cannot read IP mode file for STMicroelectronics.FP-SNS-SMARTAG2.1.2.0
2025-11-03 15:00:00,730 [ERROR] Engine:466 - C:\Users\RND1\.stm32cubemx\thirdparties\pdsc\STMicroelectronics.FP-SNS-FLIGHT1.5.1.0.pdsc: PDSC version is not supported
2025-11-03 15:00:00,766 [WARN] PackLoader:240 - Cannot read IP mode file for STMicroelectronics.X-CUBE-MEMS1.11.1.0
2025-11-03 15:00:00,843 [INFO] LogOutputStream:77 - [STDOUT_REDIRECT] 1 : Invalid condition id : UX_CORESTACK_Condition cause : null
2025-11-03 15:00:00,844 [INFO] LogOutputStream:77 - [STDOUT_REDIRECT] 1 : Invalid condition id : UX_CORESTACK_Condition cause : null
2025-11-03 15:00:00,845 [INFO] LogOutputStream:77 - [STDOUT_REDIRECT] 1 : Invalid condition id : UX_CORESTACK_Condition cause : null
2025-11-03 15:00:00,846 [INFO] LogOutputStream:77 - [STDOUT_REDIRECT] 1 : Invalid condition id : UX_CORESTACK_Condition cause : null
2025-11-03 15:00:00,848 [INFO] LogOutputStream:77 - [STDOUT_REDIRECT] 1 : Invalid condition id : UX_CORESTACK_Condition cause : null
2025-11-03 15:00:00,849 [WARN] PackLoader:240 - Cannot read IP mode file for STMicroelectronics.X-CUBE-AZRTOS-WL.2.0.0
2025-11-03 15:00:00,862 [WARN] PackLoader:240 - Cannot read IP mode file for STMicroelectronics.FP-SNS-MOTENV1.5.0.0
2025-11-03 15:00:00,867 [WARN] PackLoader:240 - Cannot read IP mode file for wolfSSL.I-CUBE-wolfMQTT.1.19.0
2025-11-03 15:00:00,882 [WARN] PackLoader:240 - Cannot read IP mode file for WES.I-CUBE-Cesium.1.3.0
2025-11-03 15:00:00,894 [WARN] PackLoader:240 - Cannot read IP mode file for STMicroelectronics.X-CUBE-BLE2.3.3.0
2025-11-03 15:00:00,907 [WARN] PackLoader:240 - Cannot read IP mode file for STMicroelectronics.X-CUBE-NFC9.1.0.0
2025-11-03 15:00:00,919 [WARN] PackLoader:240 - Cannot read IP mode file for STMicroelectronics.X-CUBE-BLE1.7.1.0
2025-11-03 15:00:00,931 [WARN] PackLoader:240 - Cannot read IP mode file for STMicroelectronics.X-CUBE-TCPP.4.1.0
2025-11-03 15:00:00,945 [WARN] PackLoader:240 - Cannot read IP mode file for STMicroelectronics.X-CUBE-EEPRMA1.5.2.0
2025-11-03 15:00:00,957 [ERROR] Engine:466 - C:\Users\RND1\.stm32cubemx\thirdparties\pdsc\STMicroelectronics.X-CUBE-ST67W61.1.1.0.pdsc: PDSC version is not supported
2025-11-03 15:00:00,968 [WARN] PackLoader:240 - Cannot read IP mode file for STMicroelectronics.X-CUBE-AI.10.1.0
2025-11-03 15:00:00,981 [WARN] PackLoader:240 - Cannot read IP mode file for STMicroelectronics.X-CUBE-ALGOBUILD.1.3.0
2025-11-03 15:00:01,021 [WARN] PackLoader:240 - Cannot read IP mode file for STMicroelectronics.X-CUBE-MEMS1.11.2.0
2025-11-03 15:00:01,122 [WARN] PackLoader:240 - Cannot read IP mode file for STMicroelectronics.X-CUBE-AZRTOS-G0.1.1.0
2025-11-03 15:00:01,136 [WARN] PackLoader:240 - Cannot read IP mode file for STMicroelectronics.X-CUBE-SAFEA1.1.2.2
2025-11-03 15:00:01,149 [WARN] PackLoader:240 - Cannot read IP mode file for STMicroelectronics.X-CUBE-NFC4.3.0.0
2025-11-03 15:00:01,160 [WARN] PackLoader:240 - Cannot read IP mode file for wolfSSL.I-CUBE-wolfMQTT.1.18.0
2025-11-03 15:00:01,175 [WARN] PackLoader:240 - Cannot read IP mode file for EmbeddedOffice.I-CUBE-FS-RTOS.1.0.1
2025-11-03 15:00:01,176 [ERROR] ConditionMgr:805 - Attr not supported : Dmpu
2025-11-03 15:00:01,176 [ERROR] ConditionMgr:805 - Attr not supported : Dmpu
2025-11-03 15:00:01,176 [ERROR] ConditionMgr:805 - Attr not supported : Dmpu
2025-11-03 15:00:01,176 [ERROR] ConditionMgr:805 - Attr not supported : Dmpu
2025-11-03 15:00:01,176 [ERROR] ConditionMgr:805 - Attr not supported : Dmpu
2025-11-03 15:00:01,176 [ERROR] ConditionMgr:805 - Attr not supported : Dmpu
2025-11-03 15:00:01,176 [ERROR] ConditionMgr:805 - Attr not supported : Dmpu
2025-11-03 15:00:01,176 [ERROR] ConditionMgr:805 - Attr not supported : Dmpu
2025-11-03 15:00:01,176 [ERROR] ConditionMgr:805 - Attr not supported : Dmpu
2025-11-03 15:00:01,176 [ERROR] ConditionMgr:805 - Attr not supported : Dmpu
2025-11-03 15:00:01,176 [ERROR] ConditionMgr:805 - Attr not supported : Dmpu
2025-11-03 15:00:01,176 [ERROR] ConditionMgr:805 - Attr not supported : Dmpu
2025-11-03 15:00:01,176 [ERROR] ConditionMgr:805 - Attr not supported : Dmpu
2025-11-03 15:00:01,176 [ERROR] ConditionMgr:805 - Attr not supported : Dmpu
2025-11-03 15:00:01,176 [ERROR] ConditionMgr:805 - Attr not supported : Dmpu
2025-11-03 15:00:01,176 [ERROR] ConditionMgr:805 - Attr not supported : Dmpu
2025-11-03 15:00:01,176 [ERROR] ConditionMgr:805 - Attr not supported : Dmpu
2025-11-03 15:00:01,176 [ERROR] ConditionMgr:805 - Attr not supported : Dmpu
2025-11-03 15:00:01,176 [ERROR] ConditionMgr:805 - Attr not supported : Dmpu
2025-11-03 15:00:01,176 [ERROR] ConditionMgr:805 - Attr not supported : Dmpu
2025-11-03 15:00:01,176 [ERROR] ConditionMgr:805 - Attr not supported : Dmpu
2025-11-03 15:00:01,176 [ERROR] ConditionMgr:805 - Attr not supported : Dmpu
2025-11-03 15:00:01,177 [ERROR] ConditionMgr:805 - Attr not supported : Dmpu
2025-11-03 15:00:01,177 [ERROR] ConditionMgr:805 - Attr not supported : Dmpu
2025-11-03 15:00:01,177 [ERROR] ConditionMgr:805 - Attr not supported : Dmpu
2025-11-03 15:00:01,177 [ERROR] ConditionMgr:805 - Attr not supported : Dmpu
2025-11-03 15:00:01,177 [ERROR] ConditionMgr:805 - Attr not supported : Dmpu
2025-11-03 15:00:01,177 [ERROR] ConditionMgr:805 - Attr not supported : Dmpu
2025-11-03 15:00:01,177 [ERROR] ConditionMgr:805 - Attr not supported : Dmpu
2025-11-03 15:00:01,177 [ERROR] ConditionMgr:805 - Attr not supported : Dmpu
2025-11-03 15:00:01,177 [ERROR] ConditionMgr:805 - Attr not supported : Dmpu
2025-11-03 15:00:01,177 [ERROR] ConditionMgr:805 - Attr not supported : Dmpu
2025-11-03 15:00:01,177 [ERROR] ConditionMgr:805 - Attr not supported : Dmpu
2025-11-03 15:00:01,177 [ERROR] ConditionMgr:805 - Attr not supported : Dmpu
2025-11-03 15:00:01,177 [ERROR] ConditionMgr:805 - Attr not supported : Dmpu
2025-11-03 15:00:01,177 [ERROR] ConditionMgr:805 - Attr not supported : Dmpu
2025-11-03 15:00:01,177 [ERROR] ConditionMgr:805 - Attr not supported : Dmpu
2025-11-03 15:00:01,177 [ERROR] ConditionMgr:805 - Attr not supported : Dmpu
2025-11-03 15:00:01,177 [ERROR] ConditionMgr:805 - Attr not supported : Dmpu
2025-11-03 15:00:01,177 [ERROR] ConditionMgr:805 - Attr not supported : Dmpu
2025-11-03 15:00:01,177 [ERROR] ConditionMgr:805 - Attr not supported : Dmpu
2025-11-03 15:00:01,177 [ERROR] ConditionMgr:805 - Attr not supported : Dmpu
2025-11-03 15:00:01,177 [ERROR] ConditionMgr:805 - Attr not supported : Dmpu
2025-11-03 15:00:01,177 [ERROR] ConditionMgr:805 - Attr not supported : Dmpu
2025-11-03 15:00:01,177 [ERROR] ConditionMgr:805 - Attr not supported : Dmpu
2025-11-03 15:00:01,177 [ERROR] ConditionMgr:805 - Attr not supported : Dmpu
2025-11-03 15:00:01,177 [ERROR] ConditionMgr:805 - Attr not supported : Dmpu
2025-11-03 15:00:01,177 [ERROR] ConditionMgr:805 - Attr not supported : Dmpu
2025-11-03 15:00:01,177 [ERROR] ConditionMgr:805 - Attr not supported : Dmpu
2025-11-03 15:00:01,177 [ERROR] ConditionMgr:805 - Attr not supported : Dmpu
2025-11-03 15:00:01,177 [ERROR] ConditionMgr:805 - Attr not supported : Dmpu
2025-11-03 15:00:01,177 [ERROR] ConditionMgr:805 - Attr not supported : Dmpu
2025-11-03 15:00:01,177 [ERROR] ConditionMgr:805 - Attr not supported : Dmpu
2025-11-03 15:00:01,178 [ERROR] ConditionMgr:805 - Attr not supported : Dmpu
2025-11-03 15:00:01,178 [ERROR] ConditionMgr:805 - Attr not supported : Dmpu
2025-11-03 15:00:01,178 [ERROR] ConditionMgr:805 - Attr not supported : Dmpu
2025-11-03 15:00:01,178 [ERROR] ConditionMgr:805 - Attr not supported : Dmpu
2025-11-03 15:00:01,178 [ERROR] ConditionMgr:805 - Attr not supported : Dmpu
2025-11-03 15:00:01,178 [ERROR] ConditionMgr:805 - Attr not supported : Dmpu
2025-11-03 15:00:01,178 [ERROR] ConditionMgr:805 - Attr not supported : Dmpu
2025-11-03 15:00:01,178 [ERROR] ConditionMgr:805 - Attr not supported : Dmpu
2025-11-03 15:00:01,178 [ERROR] ConditionMgr:805 - Attr not supported : Dmpu
2025-11-03 15:00:01,178 [ERROR] ConditionMgr:805 - Attr not supported : Dmpu
2025-11-03 15:00:01,178 [ERROR] ConditionMgr:805 - Attr not supported : Dmpu
2025-11-03 15:00:01,189 [WARN] PackLoader:240 - Cannot read IP mode file for STMicroelectronics.X-CUBE-WB05N.2.0.0
2025-11-03 15:00:01,204 [WARN] PackLoader:240 - Cannot read IP mode file for STMicroelectronics.X-CUBE-BLEMGR.3.0.0
2025-11-03 15:00:01,218 [ERROR] Engine:466 - C:\Users\RND1\.stm32cubemx\thirdparties\pdsc\STMicroelectronics.X-CUBE-TCPP.4.2.0.pdsc: PDSC version is not supported
2025-11-03 15:00:01,231 [WARN] PackLoader:240 - Cannot read IP mode file for RealThread.X-CUBE-RT-Thread_Nano.4.1.1
2025-11-03 15:00:01,235 [WARN] PackLoader:240 - Cannot read IP mode file for STMicroelectronics.FP-ATR-SIGFOX1.3.2.0
2025-11-03 15:00:01,239 [WARN] ConditionMgr:438 - getConditionDescription Invalid condition id : Cortex-A Device cause : null
2025-11-03 15:00:01,256 [WARN] ConditionMgr:1039 - genDependencies : Invalid condition id : Cortex-A Device cause : null
2025-11-03 15:00:01,257 [WARN] ConditionMgr:1039 - genDependencies : Invalid condition id : Cortex-A Device cause : null
2025-11-03 15:00:01,257 [WARN] ConditionMgr:1039 - genDependencies : Invalid condition id : Cortex-A Device cause : null
2025-11-03 15:00:01,269 [WARN] PackLoader:240 - Cannot read IP mode file for STMicroelectronics.X-CUBE-EEPRMA1.5.1.0
2025-11-03 15:00:01,279 [ERROR] Engine:466 - C:\Users\RND1\.stm32cubemx\thirdparties\pdsc\STMicroelectronics.X-CUBE-ST67W61.1.0.0.pdsc: PDSC version is not supported
2025-11-03 15:00:01,291 [WARN] PackLoader:240 - Cannot read IP mode file for STMicroelectronics.X-CUBE-AI.10.2.0
2025-11-03 15:00:01,321 [WARN] PackLoader:240 - Cannot read IP mode file for SEGGER.I-CUBE-embOS.1.3.1
2025-11-03 15:00:01,351 [WARN] PackLoader:240 - Cannot read IP mode file for STMicroelectronics.X-CUBE-ALGOBUILD.1.4.0
2025-11-03 15:00:01,385 [WARN] PackLoader:240 - Cannot read IP mode file for STMicroelectronics.X-CUBE-MEMS1.11.3.0
2025-11-03 15:00:01,455 [WARN] PackLoader:240 - Cannot read IP mode file for STMicroelectronics.X-CUBE-AI.9.1.0
2025-11-03 15:00:01,467 [WARN] PackLoader:240 - Cannot read IP mode file for STMicroelectronics.X-CUBE-PM33A1.1.0.0
2025-11-03 15:00:01,479 [WARN] PackLoader:240 - Cannot read IP mode file for STMicroelectronics.X-CUBE-GNSS1.6.0.0
2025-11-03 15:00:01,503 [WARN] PackLoader:240 - Cannot read IP mode file for STMicroelectronics.X-CUBE-AZRTOS-F4.1.1.0
2025-11-03 15:00:01,515 [WARN] PackLoader:240 - Cannot read IP mode file for wolfSSL.I-CUBE-wolfSSL.5.6.4
2025-11-03 15:00:01,525 [ERROR] Engine:466 - C:\Users\RND1\.stm32cubemx\thirdparties\pdsc\Avnet-IotConnect.X-CUBE-IoTC-DA16k-PMOD.1.0.0.pdsc: PDSC version is not supported
2025-11-03 15:00:01,537 [WARN] PackLoader:240 - Cannot read IP mode file for STMicroelectronics.X-CUBE-ISPU.2.1.0
2025-11-03 15:00:01,549 [ERROR] Engine:466 - C:\Users\RND1\.stm32cubemx\thirdparties\pdsc\STMicroelectronics.X-CUBE-IPS.3.2.0.pdsc: PDSC version is not supported
2025-11-03 15:00:01,560 [WARN] PackLoader:240 - Cannot read IP mode file for STMicroelectronics.X-CUBE-FREERTOS.1.2.0
2025-11-03 15:00:01,574 [WARN] PackLoader:240 - Cannot read IP mode file for STMicroelectronics.X-CUBE-NFC12.1.0.0
2025-11-03 15:00:01,594 [WARN] PackLoader:240 - Cannot read IP mode file for STMicroelectronics.X-CUBE-AZRTOS-L5.2.0.0
2025-11-03 15:00:01,606 [WARN] PackLoader:240 - Cannot read IP mode file for STMicroelectronics.X-CUBE-EEPRMA1.4.2.0
2025-11-03 15:00:01,619 [WARN] PackLoader:240 - Cannot read IP mode file for STMicroelectronics.X-CUBE-NFC6.3.1.0
2025-11-03 15:00:01,632 [WARN] PackLoader:240 - Cannot read IP mode file for ITTIA_DB.I-CUBE-ITTIADB.8.8.0
2025-11-03 15:00:01,644 [WARN] PackLoader:240 - Cannot read IP mode file for STMicroelectronics.X-CUBE-DPower.1.2.0
2025-11-03 15:00:01,655 [WARN] PackLoader:240 - Cannot read IP mode file for STMicroelectronics.X-CUBE-AI.9.0.0
2025-11-03 15:00:01,658 [WARN] PackLoader:240 - Cannot read IP mode file for STMicroelectronics.X-CUBE-FREERTOS.1.3.1
2025-11-03 15:00:01,670 [WARN] PackLoader:240 - Cannot read IP mode file for STMicroelectronics.X-CUBE-FREERTOS.1.3.0
2025-11-03 15:00:01,682 [WARN] PackLoader:240 - Cannot read IP mode file for STMicroelectronics.X-CUBE-NFC7.1.0.1
2025-11-03 15:00:01,693 [WARN] PackLoader:240 - Cannot read IP mode file for STMicroelectronics.X-CUBE-TOUCHGFX.4.26.0
2025-11-03 15:00:01,707 [WARN] PackLoader:240 - Cannot read IP mode file for STMicroelectronics.X-CUBE-NFC6.3.0.0
2025-11-03 15:00:01,718 [ERROR] Engine:466 - C:\Users\RND1\.stm32cubemx\thirdparties\pdsc\STMicroelectronics.FP-SNS-STAIOTCFT.1.0.0.pdsc: PDSC version is not supported
2025-11-03 15:00:01,729 [WARN] PackLoader:240 - Cannot read IP mode file for STMicroelectronics.X-CUBE-DPower.1.3.0
2025-11-03 15:00:01,739 [WARN] PackLoader:240 - Cannot read IP mode file for STMicroelectronics.X-CUBE-AI.8.1.0
2025-11-03 15:00:01,759 [WARN] ConditionMgr:438 - getConditionDescription Invalid condition id : LAN8742 Phy interface Condition cause : null
2025-11-03 15:00:01,759 [WARN] PackLoader:240 - Cannot read IP mode file for STMicroelectronics.X-CUBE-AZRTOS-L4.2.0.0
2025-11-03 15:00:01,759 [WARN] ConditionMgr:1039 - genDependencies : Invalid condition id : LAN8742 Phy interface Condition cause : null
2025-11-03 15:00:01,760 [WARN] ConditionMgr:1039 - genDependencies : Invalid condition id : LAN8742 Phy interface Condition cause : null
2025-11-03 15:00:01,760 [WARN] ConditionMgr:1039 - genDependencies : Invalid condition id : LAN8742 Phy interface Condition cause : null
2025-11-03 15:00:01,771 [WARN] PackLoader:240 - Cannot read IP mode file for STMicroelectronics.X-CUBE-SFXS2LP1.4.0.0
2025-11-03 15:00:01,795 [WARN] PackLoader:240 - Cannot read IP mode file for STMicroelectronics.X-CUBE-AZRTOS-H7.3.3.0
2025-11-03 15:00:01,807 [ERROR] Engine:466 - C:\Users\RND1\.stm32cubemx\thirdparties\pdsc\STMicroelectronics.X-CUBE-BLEMGR.4.1.0.pdsc: PDSC version is not supported
2025-11-03 15:00:01,821 [WARN] PackLoader:240 - Cannot read IP mode file for STMicroelectronics.X-CUBE-IPS.3.0.0
2025-11-03 15:00:01,841 [WARN] ConditionMgr:438 - getConditionDescription Invalid condition id : UX DEVICE CLASS RTOS Condition cause : null
2025-11-03 15:00:01,841 [WARN] ConditionMgr:438 - getConditionDescription Invalid condition id : UX DEVICE CLASS RTOS Condition cause : null
2025-11-03 15:00:01,842 [WARN] PackLoader:240 - Cannot read IP mode file for STMicroelectronics.X-CUBE-AZRTOS-WB.2.0.0
2025-11-03 15:00:01,842 [WARN] ConditionMgr:1039 - genDependencies : Invalid condition id : UX DEVICE CLASS RTOS Condition cause : null
2025-11-03 15:00:01,842 [WARN] ConditionMgr:1039 - genDependencies : Invalid condition id : UX DEVICE CLASS RTOS Condition cause : null
2025-11-03 15:00:01,842 [WARN] ConditionMgr:1039 - genDependencies : Invalid condition id : UX DEVICE CLASS RTOS Condition cause : null
2025-11-03 15:00:01,842 [WARN] ConditionMgr:1039 - genDependencies : Invalid condition id : UX DEVICE CLASS RTOS Condition cause : null
2025-11-03 15:00:01,842 [WARN] ConditionMgr:1039 - genDependencies : Invalid condition id : UX DEVICE CLASS RTOS Condition cause : null
2025-11-03 15:00:01,853 [WARN] PackLoader:240 - Cannot read IP mode file for STMicroelectronics.X-CUBE-GNSS1.7.0.0
2025-11-03 15:00:01,866 [WARN] PackLoader:240 - Cannot read IP mode file for STMicroelectronics.X-CUBE-GNSS1.7.0.1
2025-11-03 15:00:01,876 [WARN] PackLoader:240 - Cannot read IP mode file for STMicroelectronics.X-CUBE-TOUCHGFX.4.25.0
2025-11-03 15:00:01,888 [WARN] PackLoader:240 - Cannot read IP mode file for STMicroelectronics.FP-SNS-STBOX1.2.0.0
2025-11-03 15:00:01,904 [WARN] PackLoader:240 - Cannot read IP mode file for STMicroelectronics.X-CUBE-SUBG2.5.0.0
2025-11-03 15:00:01,927 [WARN] PackLoader:240 - Cannot read IP mode file for STMicroelectronics.X-CUBE-AZRTOS-H7RS.1.1.0
2025-11-03 15:00:01,949 [WARN] PackLoader:240 - Cannot read IP mode file for STMicroelectronics.X-CUBE-AZRTOS-G4.2.0.0
2025-11-03 15:00:01,966 [WARN] PackLoader:240 - Cannot read IP mode file for Infineon.AIROC-Wi-Fi-Bluetooth-STM32.1.5.1
2025-11-03 15:00:01,980 [WARN] PackLoader:240 - Cannot read IP mode file for STMicroelectronics.X-CUBE-NFC7.2.0.0
2025-11-03 15:00:01,991 [WARN] PackLoader:240 - Cannot read IP mode file for STMicroelectronics.FP-SNS-MOTENVWB1.1.3.1
2025-11-03 15:00:02,003 [WARN] PackLoader:240 - Cannot read IP mode file for STMicroelectronics.X-CUBE-ISPU.2.0.0
2025-11-03 15:00:02,016 [ERROR] Engine:466 - C:\Users\RND1\.stm32cubemx\thirdparties\pdsc\STMicroelectronics.X-CUBE-IPS.3.1.0.pdsc: PDSC version is not supported
2025-11-03 15:00:02,027 [WARN] PackLoader:240 - Cannot read IP mode file for STMicroelectronics.X-CUBE-ALS.1.0.2
2025-11-03 15:00:02,053 [WARN] PackLoader:240 - Cannot read IP mode file for STMicroelectronics.X-CUBE-MEMS1.10.0.0
2025-11-03 15:00:02,104 [WARN] PackLoader:240 - Cannot read IP mode file for STMicroelectronics.X-CUBE-FREERTOS.1.1.0
2025-11-03 15:00:02,117 [WARN] PackLoader:240 - Cannot read IP mode file for STMicroelectronics.X-CUBE-TOUCHGFX.4.24.0
2025-11-03 15:00:02,131 [WARN] PackLoader:240 - Cannot read IP mode file for STMicroelectronics.X-CUBE-TOUCHGFX.4.24.2
2025-11-03 15:00:02,144 [WARN] PackLoader:240 - Cannot read IP mode file for STMicroelectronics.X-CUBE-TOUCHGFX.4.24.1
2025-11-03 15:00:02,157 [WARN] PackLoader:240 - Cannot read IP mode file for STMicroelectronics.X-CUBE-STSE01.1.0.0
2025-11-03 15:00:02,161 [WARN] PackLoader:240 - Cannot read IP mode file for wolfSSL.I-CUBE-wolfTPM.3.4.0
2025-11-03 15:00:02,173 [WARN] PackLoader:240 - Cannot read IP mode file for portGmbH.I-Cube-SoM-uGOAL.1.1.0
2025-11-03 15:00:02,182 [WARN] PackLoader:240 - Cannot read IP mode file for STMicroelectronics.X-CUBE-ALS.1.0.1
2025-11-03 15:00:02,202 [WARN] PackLoader:240 - Cannot read IP mode file for STMicroelectronics.X-CUBE-AZRTOS-H7RS.1.0.0
2025-11-03 15:00:02,213 [WARN] PackLoader:240 - Cannot read IP mode file for STMicroelectronics.FP-ATR-ASTRA1.2.0.0
2025-11-03 15:00:02,226 [WARN] PackLoader:240 - Cannot read IP mode file for STMicroelectronics.X-CUBE-TOF1.3.4.2
2025-11-03 15:00:02,240 [ERROR] Engine:466 - C:\Users\RND1\.stm32cubemx\thirdparties\pdsc\STMicroelectronics.X-CUBE-TOF1.3.4.3.pdsc: PDSC version is not supported
2025-11-03 15:00:02,252 [WARN] PackLoader:240 - Cannot read IP mode file for STMicroelectronics.X-CUBE-TOF1.3.4.0
2025-11-03 15:00:02,267 [WARN] PackLoader:240 - Cannot read IP mode file for STMicroelectronics.X-CUBE-TOF1.3.4.1
2025-11-03 15:00:02,288 [WARN] PackLoader:240 - Cannot read IP mode file for STMicroelectronics.X-CUBE-AZRTOS-H7.3.2.0
2025-11-03 15:00:02,293 [WARN] PackLoader:240 - Cannot read IP mode file for wolfSSL.I-CUBE-wolfSSH.1.4.17
2025-11-03 15:00:02,293 [INFO] ThirdParty:978 - Integrity check success = true
2025-11-03 15:00:02,293 [INFO] IntegrityCheckThread:100 - exiting critical section [integrity check]
2025-11-03 15:00:02,293 [INFO] IntegrityCheckThread:103 - End integrity checks thread
2025-11-03 15:05:11,017 [INFO] McuFinderGlobals:63 - Set McuFinder mode to 2 (CubeIDE integrated)
2025-11-03 15:05:11,042 [INFO] MainUpdater:2873 - connection check result : 10
2025-11-03 15:05:11,049 [INFO] MainUpdater:2873 - connection check result : 10
2025-11-03 15:05:11,196 [INFO] RulesReader:64 - Compatibility file has been processed (297 Rules)
2025-11-03 15:05:11,201 [INFO] RulesReader:64 - Compatibility file has been processed (297 Rules)
2025-11-03 15:05:11,205 [INFO] MicroXplorer:468 - Change Database Path : 
2025-11-03 15:05:11,205 [INFO] MicroXplorer:498 - Change Database Version : DB.6.0.121
2025-11-03 15:05:11,216 [WARN] ThirdParty:871 - waiting for thirdparty lock release [close project]
2025-11-03 15:05:11,216 [INFO] ThirdParty:873 - entering critical section [close project]
2025-11-03 15:05:11,217 [INFO] ThirdParty:883 - exiting critical section [close project]
2025-11-03 15:05:11,220 [INFO] PinOutPanel:1561 - setPackage(No Configuration,No Configuration)
2025-11-03 15:05:11,223 [INFO] UtilMem:75 - Begin LoadConfig() Used Memory: 656039840 Bytes (1073741824)
2025-11-03 15:05:11,231 [INFO] MicroXplorer:468 - Change Database Path : C:/Users/RND1/.stm32cubemx/databases/DB.6.0.100/db/
2025-11-03 15:05:11,231 [INFO] MicroXplorer:498 - Change Database Version : DB.6.0.100
2025-11-03 15:05:13,703 [ERROR] LogOutputStream:75 - [STDERR_REDIRECT] Exception in thread "AWT-EventQueue-0" java.awt.IllegalComponentStateException: Native resources unavailable
2025-11-03 15:05:13,704 [ERROR] LogOutputStream:75 - [STDERR_REDIRECT] 	at java.desktop/sun.awt.windows.WWindowPeer.getScreenImOn(Native Method)
2025-11-03 15:05:13,705 [ERROR] LogOutputStream:75 - [STDERR_REDIRECT] 	at java.desktop/sun.awt.windows.WWindowPeer.updateGC(WWindowPeer.java:566)
2025-11-03 15:05:13,705 [ERROR] LogOutputStream:75 - [STDERR_REDIRECT] 	at java.desktop/java.awt.event.InvocationEvent.dispatch(InvocationEvent.java:318)
2025-11-03 15:05:13,706 [ERROR] LogOutputStream:75 - [STDERR_REDIRECT] 	at java.desktop/java.awt.EventQueue.dispatchEventImpl(EventQueue.java:773)
2025-11-03 15:05:13,706 [ERROR] LogOutputStream:75 - [STDERR_REDIRECT] 	at java.desktop/java.awt.EventQueue$4.run(EventQueue.java:720)
2025-11-03 15:05:13,706 [ERROR] LogOutputStream:75 - [STDERR_REDIRECT] 	at java.desktop/java.awt.EventQueue$4.run(EventQueue.java:714)
2025-11-03 15:05:13,707 [ERROR] LogOutputStream:75 - [STDERR_REDIRECT] 	at java.base/java.security.AccessController.doPrivileged(AccessController.java:399)
2025-11-03 15:05:13,707 [ERROR] LogOutputStream:75 - [STDERR_REDIRECT] 	at java.base/java.security.ProtectionDomain$JavaSecurityAccessImpl.doIntersectionPrivilege(ProtectionDomain.java:86)
2025-11-03 15:05:13,708 [ERROR] LogOutputStream:75 - [STDERR_REDIRECT] 	at java.base/java.security.ProtectionDomain$JavaSecurityAccessImpl.doIntersectionPrivilege(ProtectionDomain.java:97)
2025-11-03 15:05:13,708 [ERROR] LogOutputStream:75 - [STDERR_REDIRECT] 	at java.desktop/java.awt.EventQueue$5.run(EventQueue.java:747)
2025-11-03 15:05:13,709 [ERROR] LogOutputStream:75 - [STDERR_REDIRECT] 	at java.desktop/java.awt.EventQueue$5.run(EventQueue.java:745)
2025-11-03 15:05:13,710 [ERROR] LogOutputStream:75 - [STDERR_REDIRECT] 	at java.base/java.security.AccessController.doPrivileged(AccessController.java:399)
2025-11-03 15:05:13,712 [ERROR] LogOutputStream:75 - [STDERR_REDIRECT] 	at java.base/java.security.ProtectionDomain$JavaSecurityAccessImpl.doIntersectionPrivilege(ProtectionDomain.java:86)
2025-11-03 15:05:13,712 [ERROR] LogOutputStream:75 - [STDERR_REDIRECT] 	at java.desktop/java.awt.EventQueue.dispatchEvent(EventQueue.java:744)
2025-11-03 15:05:13,712 [ERROR] LogOutputStream:75 - [STDERR_REDIRECT] 	at java.desktop/java.awt.EventDispatchThread.pumpOneEventForFilters(EventDispatchThread.java:203)
2025-11-03 15:05:13,713 [ERROR] LogOutputStream:75 - [STDERR_REDIRECT] 	at java.desktop/java.awt.EventDispatchThread.pumpEventsForFilter(EventDispatchThread.java:124)
2025-11-03 15:05:13,714 [ERROR] LogOutputStream:75 - [STDERR_REDIRECT] 	at java.desktop/java.awt.EventDispatchThread.pumpEventsForHierarchy(EventDispatchThread.java:113)
2025-11-03 15:05:13,714 [ERROR] LogOutputStream:75 - [STDERR_REDIRECT] 	at java.desktop/java.awt.EventDispatchThread.pumpEvents(EventDispatchThread.java:109)
2025-11-03 15:05:13,715 [ERROR] LogOutputStream:75 - [STDERR_REDIRECT] 	at java.desktop/java.awt.EventDispatchThread.pumpEvents(EventDispatchThread.java:101)
2025-11-03 15:05:13,715 [ERROR] LogOutputStream:75 - [STDERR_REDIRECT] 	at java.desktop/java.awt.EventDispatchThread.run(EventDispatchThread.java:90)
2025-11-03 15:05:18,173 [INFO] MainUpdater:2873 - connection check result : 10
2025-11-03 15:05:18,174 [INFO] MainUpdater:2873 - connection check result : 10
2025-11-03 15:05:18,202 [INFO] MicroXplorer:468 - Change Database Path : 
2025-11-03 15:05:18,202 [INFO] MicroXplorer:498 - Change Database Version : DB.6.0.121
2025-11-03 15:05:18,202 [WARN] ThirdParty:871 - waiting for thirdparty lock release [close project]
2025-11-03 15:05:18,202 [INFO] ThirdParty:873 - entering critical section [close project]
2025-11-03 15:05:18,202 [INFO] ThirdParty:883 - exiting critical section [close project]
2025-11-03 15:05:18,203 [INFO] PinOutPanel:1561 - setPackage(No Configuration,No Configuration)
2025-11-03 15:05:18,203 [INFO] UtilMem:75 - Begin LoadConfig() Used Memory: 713711488 Bytes (1073741824)
2025-11-03 15:05:18,208 [INFO] MicroXplorer:468 - Change Database Path : C:/Users/RND1/.stm32cubemx/databases/DB.6.0.100/db/
2025-11-03 15:05:18,209 [INFO] MicroXplorer:498 - Change Database Version : DB.6.0.100
2025-11-03 15:05:19,762 [INFO] OpenFileManager:332 - Change cursor
2025-11-03 15:05:19,796 [INFO] Mcu:2032 - Initializing MCU STM32F103C(8-B)Tx STM32F103C8Tx STM32F103C8T6
2025-11-03 15:05:20,402 [INFO] Context:742 - Trying to add GPIOservice into a context  which must be forbidden
2025-11-03 15:05:20,677 [INFO] RtosManager:555 - Registered RTOS mode: class=CMSIS, group=RTOS, mode=CMSIS_V1, owner=FREERTOS
2025-11-03 15:05:20,677 [INFO] RtosManager:555 - Registered RTOS mode: class=CMSIS, group=RTOS2, mode=CMSIS_V2, owner=FREERTOS
2025-11-03 15:05:20,677 [INFO] RtosManager:555 - Registered RTOS mode: class=RTOS, group=Core, mode=CMSIS_V1, owner=FREERTOS
2025-11-03 15:05:20,677 [INFO] RtosManager:555 - Registered RTOS mode: class=RTOS, group=Core, mode=CMSIS_V2, owner=FREERTOS
2025-11-03 15:05:20,678 [WARN] ModelIntegratedComponent:184 - Missing modes for component STMicroelectronics:FreeRTOS:0.0.1:STMicroelectronics:RTOS:FreeRTOS:Core:::10.2.0:
2025-11-03 15:05:20,683 [WARN] ModelIntegratedComponent:63 - No mode defined for component null
2025-11-03 15:05:20,683 [WARN] ModelIntegratedComponent:63 - No mode defined for component null
2025-11-03 15:05:20,683 [WARN] ModelIntegratedComponent:63 - No mode defined for component null
2025-11-03 15:05:20,684 [WARN] ModelIntegratedComponent:63 - No mode defined for component null
2025-11-03 15:05:20,684 [WARN] ModelIntegratedComponent:63 - No mode defined for component null
2025-11-03 15:05:20,684 [WARN] ModelIntegratedComponent:63 - No mode defined for component null
2025-11-03 15:05:20,684 [WARN] ModelIntegratedComponent:63 - No mode defined for component null
2025-11-03 15:05:20,684 [WARN] ModelIntegratedComponent:63 - No mode defined for component null
2025-11-03 15:05:20,684 [WARN] ModelIntegratedComponent:63 - No mode defined for component null
2025-11-03 15:05:20,684 [WARN] ModelIntegratedComponent:63 - No mode defined for component null
2025-11-03 15:05:20,684 [WARN] ModelIntegratedComponent:63 - No mode defined for component null
2025-11-03 15:05:20,684 [WARN] ModelIntegratedComponent:63 - No mode defined for component null
2025-11-03 15:05:20,684 [WARN] ModelIntegratedComponent:63 - No mode defined for component null
2025-11-03 15:05:20,684 [WARN] ModelIntegratedComponent:63 - No mode defined for component null
2025-11-03 15:05:20,684 [WARN] ModelIntegratedComponent:63 - No mode defined for component null
2025-11-03 15:05:20,684 [WARN] ModelIntegratedComponent:63 - No mode defined for component null
2025-11-03 15:05:20,684 [WARN] ModelIntegratedComponent:63 - No mode defined for component null
2025-11-03 15:05:20,684 [WARN] ModelIntegratedComponent:63 - No mode defined for component null
2025-11-03 15:05:20,684 [WARN] ModelIntegratedComponent:63 - No mode defined for component null
2025-11-03 15:05:20,684 [WARN] ModelIntegratedComponent:63 - No mode defined for component null
2025-11-03 15:05:20,684 [WARN] ModelIntegratedComponent:63 - No mode defined for component null
2025-11-03 15:05:20,684 [WARN] ModelIntegratedComponent:63 - No mode defined for component null
2025-11-03 15:05:20,684 [WARN] ModelIntegratedComponent:63 - No mode defined for component null
2025-11-03 15:05:20,684 [WARN] ModelIntegratedComponent:63 - No mode defined for component null
2025-11-03 15:05:20,684 [WARN] ModelIntegratedComponent:63 - No mode defined for component null
2025-11-03 15:05:20,684 [WARN] ModelIntegratedComponent:63 - No mode defined for component null
2025-11-03 15:05:20,684 [WARN] ModelIntegratedComponent:63 - No mode defined for component null
2025-11-03 15:05:20,684 [WARN] ModelIntegratedComponent:63 - No mode defined for component null
2025-11-03 15:05:20,684 [WARN] ModelIntegratedComponent:63 - No mode defined for component null
2025-11-03 15:05:20,684 [WARN] ModelIntegratedComponent:63 - No mode defined for component null
2025-11-03 15:05:20,684 [WARN] ModelIntegratedComponent:63 - No mode defined for component null
2025-11-03 15:05:20,684 [WARN] ModelIntegratedComponent:63 - No mode defined for component null
2025-11-03 15:05:20,684 [WARN] ModelIntegratedComponent:63 - No mode defined for component null
2025-11-03 15:05:20,684 [WARN] ModelIntegratedComponent:63 - No mode defined for component null
2025-11-03 15:05:20,684 [WARN] ModelIntegratedComponent:63 - No mode defined for component null
2025-11-03 15:05:20,684 [WARN] ModelPack:524 - Component already loaded: STMicroelectronics:HAL Drivers:0.0.0:STMicroelectronics:Device:STMicro_Driver:XSPI:HAL::0.0.1:HAL_XSPI
2025-11-03 15:05:20,854 [INFO] ThirdPartyModel:298 - Start build external matchings
2025-11-03 15:05:21,821 [INFO] ThirdPartyModel:316 - End build external matchings
2025-11-03 15:05:21,849 [INFO] ImportTextPane:205 - (OptionalMessage_ERROR) IP (RCC) : Parameter (ADCFreqValue) has invalid value (36000000)
2025-11-03 15:05:21,849 [INFO] ImportTextPane:205 - (OptionalMessage_ERROR) IP (RCC) : Invalid parameter (FamilyName)
2025-11-03 15:05:21,849 [INFO] ImportTextPane:205 - (OptionalMessage_ERROR) IP (RCC) : Parameter (MCOFreq_Value) has invalid value (72000000)
2025-11-03 15:05:22,373 [INFO] ApiDb:581 - Connected to CubeFinder SQLite database (C:\Users\RND1\.stmcufinder\plugins\mcufinder\mcu\cube-finder-db.db)
2025-11-03 15:05:22,440 [INFO] ApiDb:668 - CubeFinder database Data Model version=2.1
2025-11-03 15:05:22,440 [INFO] ApiDb:669 - CubeFinder database Configuration version=3.0.39
2025-11-03 15:05:22,440 [INFO] ApiDb:670 - CubeFinder database generation date=2025-08-25 (1756130511)
2025-11-03 15:05:22,440 [INFO] ApiDb:671 - CubeFinder database FW Pack versions=[FP-ATR-ASTRA1_V2.0.0, FP-SNS-FLIGHT1_V5.1.0, FP-SNS-MOTENV1_V5.0.0, FP-SNS-MOTENVWB1_V1.4.0, FP-SNS-SMARTAG2_V1.2.0, FP-SNS-STBOX1_V2.1.0, STM32Cube_FW_C0_V1.4.0, STM32Cube_FW_F4_V1.28.3, STM32Cube_FW_F7_V1.17.4, STM32Cube_FW_G0_V1.6.2, STM32Cube_FW_G4_V1.6.1, STM32Cube_FW_H5_V1.5.0, STM32Cube_FW_H7RS_V1.2.0, STM32Cube_FW_H7_V1.12.1, STM32Cube_FW_L0_V1.12.2, STM32Cube_FW_L4_V1.18.1, STM32Cube_FW_L5_V1.5.1, STM32Cube_FW_N6_V1.2.0, STM32Cube_FW_U0_V1.3.0, STM32Cube_FW_U3_V1.2.0, STM32Cube_FW_U5_V1.8.0, STM32Cube_FW_WB0_V1.3.0, STM32Cube_FW_WBA_V1.7.0, STM32Cube_FW_WB_V1.23.0, STM32Cube_FW_WL3_V1.2.0, STM32Cube_FW_WL_V1.3.1, X-CUBE-ALGOBUILD_V1.4.0, X-CUBE-ALS_V1.0.2, X-CUBE-AZRTOS-F4_V1.1.0, X-CUBE-AZRTOS-F7_V1.1.0, X-CUBE-AZRTOS-G0_V1.1.0, X-CUBE-AZRTOS-G4_V2.0.0, X-CUBE-AZRTOS-H7RS_V1.1.0, X-CUBE-AZRTOS-H7_V3.4.0, X-CUBE-AZRTOS-L4_V2.0.0, X-CUBE-AZRTOS-L5_V2.0.0, X-CUBE-AZRTOS-WB_V2.0.0, X-CUBE-AZRTOS-WL_V2.0.0, X-CUBE-BLE1_V7.1.0, X-CUBE-BLE2_V3.3.0, X-CUBE-BLEMGR_V4.1.0, X-CUBE-EEPRMA1_V5.2.0, X-CUBE-FREERTOS_V1.3.1, X-CUBE-GNSS1_V6.0.0, X-CUBE-MEMS1_V11.3.0, X-CUBE-NFC4_V3.0.0, X-CUBE-NFC7_V2.0.0, X-CUBE-SFXS2LP1_V4.0.0, X-CUBE-ST67W61_V1.0.0, X-CUBE-SUBG2_V5.0.0, X-CUBE-TOF1_V3.4.3]
2025-11-03 15:05:22,550 [INFO] DbBoardsSqlite:226 - include board P-NUCLEO-WB55-NUCLEO as a kit item of type 'Nucleo-64'
2025-11-03 15:05:22,551 [INFO] DbBoardsSqlite:226 - include board P-NUCLEO-WB55-USBDONGLE as a kit item of type 'Nucleo USB Dongle'
2025-11-03 15:05:22,551 [INFO] DbBoardsSqlite:226 - include board STEVAL-IDP005V1 as a kit item of type 'Evaluation Board'
2025-11-03 15:05:22,552 [INFO] DbBoardsSqlite:226 - include board STEVAL-IDP005V2 as a kit item of type 'Evaluation Board'
2025-11-03 15:05:22,815 [INFO] ApiDb:240 - Found 646 in-development CPN: [B-G473E-ZEST1S, B-WB1M-WPAN1, B-WL5M-SUBG1, NUCLEO-C031C6, NUCLEO-C071RB, NUCLEO-H503RB, NUCLEO-H533RE, NUCLEO-H563ZI, NUCLEO-H7S3L8, NUCLEO-U031R8, NUCLEO-U083RC, NUCLEO-U545RE-Q, NUCLEO-U5A5ZJ-Q, NUCLEO-WB05KZ, NUCLEO-WB07CC, NUCLEO-WB09KE, NUCLEO-WBA52CG, NUCLEO-WBA55CG, STEVAL-PROTEUS1, STEVAL-SMARTAG2, STEVAL-STWINBX1, STM320518-EVAL, STM32C0116-DK, STM32C011D6Y3TR, STM32C011D6Y6TR, STM32C011F4P3, STM32C011F4P6, STM32C011F4U3, STM32C011F4U6TR, STM32C011F6P3, STM32C011F6P6, STM32C011F6U3, STM32C011F6U6TR, STM32C011J4M3, STM32C011J4M6, STM32C011J6M3, STM32C011J6M6, STM32C0316-DK, STM32C031C4T3, STM32C031C4T6, STM32C031C4U3, STM32C031C4U6, STM32C031C6T3, STM32C031C6T6, STM32C031C6U3, STM32C031C6U6, STM32C031F4P3, STM32C031F4P6, STM32C031F6P3, STM32C031F6P6, STM32C031G4U3, STM32C031G4U6, STM32C031G6U3, STM32C031G6U6, STM32C031K4T3, STM32C031K4T6, STM32C031K4U3, STM32C031K4U6, STM32C031K6T3, STM32C031K6T6, STM32C031K6U3, STM32C031K6U6, STM32C071C8T6, STM32C071C8T6N, STM32C071C8U6, STM32C071C8U6N, STM32C071CBT6, STM32C071CBT6N, STM32C071CBU6, STM32C071CBU6N, STM32C071F8P6, STM32C071F8P6N, STM32C071FBP6, STM32C071FBP6N, STM32C071FBY6TR, STM32C071G8U6, STM32C071G8U6N, STM32C071GBU6, STM32C071GBU6N, STM32C071K8T6, STM32C071K8T6N, STM32C071K8U6, STM32C071K8U6N, STM32C071KBT6, STM32C071KBT6N, STM32C071KBU6, STM32C071KBU6N, STM32C071R8T6, STM32C071R8T6N, STM32C071RBI6N, STM32C071RBT6, STM32C071RBT6N, STM32G071K8TXN, STM32G071K8UXN, STM32G081GBU6N, STM32G081KBT6N, STM32G081KBUXN, STM32G0B1CCT6N, STM32G0B1KCT6, STM32G0B1NEY6TR, STM32G0B1RCT6N, STM32G0C1CCT6, STM32G0C1CCT6N, STM32G0C1CCU6N, STM32G0C1CET6N, STM32G0C1CEU6N, STM32G0C1KCT6, STM32G0C1NEY6TR, STM32G0C1RCI6N, STM32G0C1RCT6N, STM32G0C1REI6N, STM32G0C1RET6N, STM32G0C1VCI6, STM32G0C1VEI6, STM32G411C6T3, STM32G411C6T6, STM32G411C6U3, STM32G411C6U6, STM32G411C8T3, STM32G411C8T6, STM32G411C8U3, STM32G411C8U6, STM32G411CBT3, STM32G411CBT6, STM32G411CBU3, STM32G411CBU6, STM32G411K6T3, STM32G411K6T6, STM32G411K6U3, STM32G411K6U6, STM32G411K8T3, STM32G411K8T6, STM32G411K8U3, STM32G411K8U6, STM32G411KBT3, STM32G411KBT6, STM32G411KBU3, STM32G411KBU6, STM32G411M6T3, STM32G411M6T6, STM32G411M8T3, STM32G411M8T6, STM32G411MBT3, STM32G411MBT6, STM32G411R6T3, STM32G411R6T6, STM32G411R8T3, STM32G411R8T6, STM32G411RBT3, STM32G411RBT6, STM32G414CBT3, STM32G414CBT6, STM32G414CBU3, STM32G414CBU6, STM32G414CCT3, STM32G414CCT6, STM32G414CCU3, STM32G414CCU6, STM32G414MBT3, STM32G414MBT6, STM32G414MCT3, STM32G414MCT6, STM32G414RBT3, STM32G414RBT6, STM32G414RCT3, STM32G414RCT6, STM32G414VBT3, STM32G414VBT6, STM32G414VCT3, STM32G414VCT6, STM32G431CBT3Z, STM32G431RBT3Z, STM32G471CCT6, STM32G471CCU6, STM32G471CET3, STM32G471CET6, STM32G471CEU3, STM32G471CEU6, STM32G471MCT6, STM32G471MET3, STM32G471MET6, STM32G471MEY6TR, STM32G471QCT6, STM32G471QET3, STM32G471RCT6, STM32G471RET3, STM32G471RET6, STM32G471VCH6, STM32G471VCI6, STM32G471VCT6, STM32G471VEH3, STM32G471VEH6, STM32G471VEI3, STM32G471VEI6, STM32G471VET3, STM32G471VET6, STM32G473QET3Z, STM32G473RET3Z, STM32G474CCT6, STM32G491RET3Z, STM32H503CBT6, STM32H503CBU6, STM32H503EBY6TR, STM32H503KBU6, STM32H503RBT6, STM32H523CCT6, STM32H523CCU6, STM32H523CET6, STM32H523CEU6, STM32H523HEY6TR, STM32H523RCT6, STM32H523RET6, STM32H523VCI6, STM32H523VCT6, STM32H523VEI6, STM32H523VET6, STM32H523ZCJ6, STM32H523ZCT6, STM32H523ZEJ6, STM32H523ZET6, STM32H533CET6, STM32H533CEU6, STM32H533HEY6TR, STM32H533RET6, STM32H533VEI6, STM32H533VET6, STM32H533ZEJ6, STM32H533ZET6, STM32H562AGI6, STM32H562AII6, STM32H562IGK6, STM32H562IGT6, STM32H562IIK6, STM32H562IIT6, STM32H562RGT6, STM32H562RGV6, STM32H562RIT6, STM32H562RIV6, STM32H562VGT6, STM32H562VIT6, STM32H562ZGT6, STM32H562ZIT6, STM32H563AGI6, STM32H563AII3Q, STM32H563AII6, STM32H563IGK6, STM32H563IGT6, STM32H563IIK3Q, STM32H563IIK6, STM32H563IIT3Q, STM32H563IIT6, STM32H563MIY3QTR, STM32H563RGT6, STM32H563RGV6, STM32H563RIT6, STM32H563RIV6, STM32H563VGT6, STM32H563VIT3Q, STM32H563VIT6, STM32H563ZGT6, STM32H563ZIT3Q, STM32H563ZIT6, STM32H573AII3Q, STM32H573AII6, STM32H573I-DK, STM32H573IIK3Q, STM32H573IIK6, STM32H573IIT3Q, STM32H573IIT6, STM32H573MIY3QTR, STM32H573RIT6, STM32H573RIV6, STM32H573VIT3Q, STM32H573VIT6, STM32H573ZIT3Q, STM32H573ZIT6, STM32H7R3A8I6, STM32H7R3I8K6, STM32H7R3I8T6, STM32H7R3L8H6, STM32H7R3L8H6H, STM32H7R3R8V6, STM32H7R3V8H6, STM32H7R3V8T6, STM32H7R3V8Y6TR, STM32H7R3Z8J6, STM32H7R3Z8T6, STM32H7R7A8I6, STM32H7R7I8K6, STM32H7R7I8T6, STM32H7R7L8H6, STM32H7R7L8H6H, STM32H7R7Z8J6, STM32H7S3A8I6, STM32H7S3I8K6, STM32H7S3I8T6, STM32H7S3L8H6, STM32H7S3L8H6H, STM32H7S3R8V6, STM32H7S3V8H6, STM32H7S3V8T6, STM32H7S3V8Y6TR, STM32H7S3Z8J6, STM32H7S3Z8T6, STM32H7S78-DK, STM32H7S7A8I6, STM32H7S7I8K6, STM32H7S7I8T6, STM32H7S7L8H6, STM32H7S7L8H6H, STM32H7S7Z8J6, STM32L4R5QGI6STR, STM32MP131AAE3, STM32MP131AAF3, STM32MP131AAG3, STM32MP131CAE3, STM32MP131CAF3, STM32MP131CAG3, STM32MP131DAE7, STM32MP131DAF7, STM32MP131DAG7, STM32MP131FAE7, STM32MP131FAF7, STM32MP131FAG7, STM32MP133AAE3, STM32MP133AAF3, STM32MP133AAG3, STM32MP133CAE3, STM32MP133CAF3, STM32MP133CAG3, STM32MP133DAE7, STM32MP133DAF7, STM32MP133DAG7, STM32MP133FAE7, STM32MP133FAF7, STM32MP133FAG7, STM32MP135AAE3, STM32MP135AAF3, STM32MP135AAG3, STM32MP135CAE3, STM32MP135CAF3, STM32MP135CAG3, STM32MP135DAE7, STM32MP135DAF7, STM32MP135DAG7, STM32MP135F-DK, STM32MP135FAE7, STM32MP135FAF7, STM32MP135FAF7T, STM32MP135FAF7U, STM32MP135FAG7, STM32MP251AAI3, STM32MP251AAK3, STM32MP251AAL3, STM32MP251CAI3, STM32MP251CAK3, STM32MP251CAL3, STM32MP251DAI3, STM32MP251DAK3, STM32MP251DAL3, STM32MP251FAI3, STM32MP251FAK3, STM32MP251FAL3, STM32MP253AAI3, STM32MP253AAK3, STM32MP253AAL3, STM32MP253CAI3, STM32MP253CAK3, STM32MP253CAL3, STM32MP253DAI3, STM32MP253DAK3, STM32MP253DAL3, STM32MP253FAI3, STM32MP253FAK3, STM32MP253FAL3, STM32MP255AAI3, STM32MP255AAK3, STM32MP255AAL3, STM32MP255CAI3, STM32MP255CAK3, STM32MP255CAL3, STM32MP255DAI3, STM32MP255DAK3, STM32MP255DAL3, STM32MP255FAI3, STM32MP255FAK3, STM32MP255FAL3, STM32MP257AAI3, STM32MP257AAK3, STM32MP257AAL3, STM32MP257CAI3, STM32MP257CAK3, STM32MP257CAL3, STM32MP257DAI3, STM32MP257DAK3, STM32MP257DAL3, STM32MP257F-DK, STM32MP257F-EV1, STM32MP257FAI3, STM32MP257FAK3, STM32MP257FAL3, STM32U031C6T6, STM32U031C6U6, STM32U031C8T6, STM32U031C8U6, STM32U031F4P6, STM32U031F6P6, STM32U031F8P6, STM32U031G6Y6TR, STM32U031G8Y6TR, STM32U031K4U6, STM32U031K6U6, STM32U031K8U6, STM32U031R6I6, STM32U031R6T6, STM32U031R8I6, STM32U031R8T6, STM32U073C8T6, STM32U073C8U6, STM32U073CBT6, STM32U073CBU6, STM32U073CCT6, STM32U073CCU6, STM32U073H8Y6TR, STM32U073HBY6TR, STM32U073HCY6TR, STM32U073K8U6, STM32U073KBU6, STM32U073KCU6, STM32U073M8I6, STM32U073M8T6, STM32U073MBI6, STM32U073MBT6, STM32U073MCI6, STM32U073MCT6, STM32U073R8I6, STM32U073R8T6, STM32U073RBI6, STM32U073RBT6, STM32U073RCI6, STM32U073RCT6, STM32U083C-DK, STM32U083CCT6, STM32U083CCU6, STM32U083HCY6TR, STM32U083KCU6, STM32U083MCI6, STM32U083MCT6, STM32U083RCI6, STM32U083RCT6, STM32U535CBT6, STM32U535CBT6Q, STM32U535CBU6, STM32U535CBU6Q, STM32U535CCT6, STM32U535CCT6Q, STM32U535CCU6, STM32U535CCU6Q, STM32U535CET6, STM32U535CET6Q, STM32U535CEU6, STM32U535CEU6Q, STM32U535JEY6QTR, STM32U535NCY6QTR, STM32U535NEY6QTR, STM32U535RBI6, STM32U535RBI6Q, STM32U535RBT6, STM32U535RBT6Q, STM32U535RCI6, STM32U535RCI6Q, STM32U535RCT6, STM32U535RCT6Q, STM32U535REI6, STM32U535REI6Q, STM32U535RET6, STM32U535RET6Q, STM32U535VCI6, STM32U535VCI6Q, STM32U535VCT6, STM32U535VCT6Q, STM32U535VEI6, STM32U535VEI6Q, STM32U535VET6, STM32U535VET6Q, STM32U545CET6, STM32U545CET6Q, STM32U545CEU6, STM32U545CEU6Q, STM32U545JEY6QTR, STM32U545NEY6QTR, STM32U545REI6, STM32U545REI6Q, STM32U545RET6, STM32U545RET6Q, STM32U545VEI6, STM32U545VEI6Q, STM32U545VET6, STM32U545VET6Q, STM32U595AIH6, STM32U595AIH6Q, STM32U595AJH6, STM32U595AJH6Q, STM32U595QII6, STM32U595QII6Q, STM32U595QJI6, STM32U595QJI6Q, STM32U595RIT6, STM32U595RIT6Q, STM32U595RJT6, STM32U595RJT6Q, STM32U595VIT6, STM32U595VIT6Q, STM32U595VJT6, STM32U595VJT6Q, STM32U595ZIT6, STM32U595ZIT6Q, STM32U595ZIY6QTR, STM32U595ZJT6, STM32U595ZJT6Q, STM32U595ZJY6QTR, STM32U599BJY6QTR, STM32U599NIH6Q, STM32U599NJH6Q, STM32U599VIT6Q, STM32U599VJT6, STM32U599VJT6Q, STM32U599ZIT6Q, STM32U599ZIY6QTR, STM32U599ZJT6Q, STM32U599ZJY6QTR, STM32U5A5AJH6, STM32U5A5AJH6Q, STM32U5A5QII3Q , STM32U5A5QJI6, STM32U5A5QJI6Q, STM32U5A5RJT6, STM32U5A5RJT6Q, STM32U5A5VJT6, STM32U5A5VJT6Q, STM32U5A5ZJT6, STM32U5A5ZJT6Q, STM32U5A5ZJY6QTR, STM32U5A9BJY6QTR, STM32U5A9J-DK, STM32U5A9NJH6Q, STM32U5A9VJT6Q, STM32U5A9ZJT6Q, STM32U5A9ZJY6QTR, STM32U5F7VIT6, STM32U5F7VIT6Q, STM32U5F7VJT6, STM32U5F7VJT6Q, STM32U5F9BJY6QTR, STM32U5F9NJH6Q, STM32U5F9VIT6Q, STM32U5F9VJT6Q, STM32U5F9ZIJ6QTR, STM32U5F9ZIT6Q, STM32U5F9ZJJ6QTR, STM32U5F9ZJT6Q, STM32U5G7VJT6, STM32U5G7VJT6Q, STM32U5G9BJY6QTR, STM32U5G9J-DK1, STM32U5G9J-DK2, STM32U5G9NJH6Q, STM32U5G9VJT6Q, STM32U5G9ZJJ6QTR, STM32U5G9ZJT6Q, STM32WB05KZV6TR, STM32WB05KZV7TR, STM32WB05TZF6TR, STM32WB05TZF7TR, STM32WB06CCF6TR, STM32WB06CCF7TR, STM32WB06CCV6TR, STM32WB06CCV7TR, STM32WB06KCV6TR, STM32WB06KCV7TR, STM32WB07CCF6TR, STM32WB07CCF7TR, STM32WB07CCV6TR, STM32WB07CCV7TR, STM32WB07KCV6TR, STM32WB07KCV7TR, STM32WB09KEV6TR, STM32WB09KEV7TR, STM32WB09TEF6TR, STM32WB09TEF7TR, STM32WB1MMCH6, STM32WBA50KGU6, STM32WBA50KGU6TR, STM32WBA52CEU6, STM32WBA52CEU6TR, STM32WBA52CEU7, STM32WBA52CEU7TR, STM32WBA52CGU6, STM32WBA52CGU6TR, STM32WBA52CGU6U, STM32WBA52CGU7, STM32WBA52CGU7TR, STM32WBA52KEU6, STM32WBA52KEU6TR, STM32WBA52KGU6, STM32WBA52KGU6TR, STM32WBA54CEU6, STM32WBA54CEU6TR, STM32WBA54CEU7, STM32WBA54CEU7TR, STM32WBA54CGU6, STM32WBA54CGU6TR, STM32WBA54CGU7, STM32WBA54CGU7TR, STM32WBA54KEU6, STM32WBA54KEU6TR, STM32WBA54KEU7, STM32WBA54KEU7TR, STM32WBA54KGU6, STM32WBA54KGU6TR, STM32WBA54KGU7, STM32WBA54KGU7TR, STM32WBA55CEU6, STM32WBA55CEU6TR, STM32WBA55CEU7, STM32WBA55CEU7TR, STM32WBA55CGU6, STM32WBA55CGU6TR, STM32WBA55CGU6U, STM32WBA55CGU7, STM32WBA55CGU7TR, STM32WBA55G-DK1, STM32WBA55HEF6, STM32WBA55HEF7, STM32WBA55HGF6, STM32WBA55HGF7, STM32WBA55UEI6, STM32WBA55UEI6TR, STM32WBA55UEI7, STM32WBA55UEI7TR, STM32WBA55UGI6, STM32WBA55UGI6TR, STM32WBA55UGI7, STM32WBA55UGI7TR, STM32WL5MOCH6, STM32WL5MOCH6TR]
2025-11-03 15:05:22,818 [INFO] ApiDb:668 - CubeFinder database Data Model version=2.1
2025-11-03 15:05:22,818 [INFO] ApiDb:669 - CubeFinder database Configuration version=3.0.39
2025-11-03 15:05:22,818 [INFO] ApiDb:670 - CubeFinder database generation date=2025-08-25 (1756130511)
2025-11-03 15:05:22,818 [INFO] ApiDb:671 - CubeFinder database FW Pack versions=[FP-ATR-ASTRA1_V2.0.0, FP-SNS-FLIGHT1_V5.1.0, FP-SNS-MOTENV1_V5.0.0, FP-SNS-MOTENVWB1_V1.4.0, FP-SNS-SMARTAG2_V1.2.0, FP-SNS-STBOX1_V2.1.0, STM32Cube_FW_C0_V1.4.0, STM32Cube_FW_F4_V1.28.3, STM32Cube_FW_F7_V1.17.4, STM32Cube_FW_G0_V1.6.2, STM32Cube_FW_G4_V1.6.1, STM32Cube_FW_H5_V1.5.0, STM32Cube_FW_H7RS_V1.2.0, STM32Cube_FW_H7_V1.12.1, STM32Cube_FW_L0_V1.12.2, STM32Cube_FW_L4_V1.18.1, STM32Cube_FW_L5_V1.5.1, STM32Cube_FW_N6_V1.2.0, STM32Cube_FW_U0_V1.3.0, STM32Cube_FW_U3_V1.2.0, STM32Cube_FW_U5_V1.8.0, STM32Cube_FW_WB0_V1.3.0, STM32Cube_FW_WBA_V1.7.0, STM32Cube_FW_WB_V1.23.0, STM32Cube_FW_WL3_V1.2.0, STM32Cube_FW_WL_V1.3.1, X-CUBE-ALGOBUILD_V1.4.0, X-CUBE-ALS_V1.0.2, X-CUBE-AZRTOS-F4_V1.1.0, X-CUBE-AZRTOS-F7_V1.1.0, X-CUBE-AZRTOS-G0_V1.1.0, X-CUBE-AZRTOS-G4_V2.0.0, X-CUBE-AZRTOS-H7RS_V1.1.0, X-CUBE-AZRTOS-H7_V3.4.0, X-CUBE-AZRTOS-L4_V2.0.0, X-CUBE-AZRTOS-L5_V2.0.0, X-CUBE-AZRTOS-WB_V2.0.0, X-CUBE-AZRTOS-WL_V2.0.0, X-CUBE-BLE1_V7.1.0, X-CUBE-BLE2_V3.3.0, X-CUBE-BLEMGR_V4.1.0, X-CUBE-EEPRMA1_V5.2.0, X-CUBE-FREERTOS_V1.3.1, X-CUBE-GNSS1_V6.0.0, X-CUBE-MEMS1_V11.3.0, X-CUBE-NFC4_V3.0.0, X-CUBE-NFC7_V2.0.0, X-CUBE-SFXS2LP1_V4.0.0, X-CUBE-ST67W61_V1.0.0, X-CUBE-SUBG2_V5.0.0, X-CUBE-TOF1_V3.4.3]
2025-11-03 15:05:24,261 [INFO] ApiDb:240 - Found 646 in-development CPN: [B-G473E-ZEST1S, B-WB1M-WPAN1, B-WL5M-SUBG1, NUCLEO-C031C6, NUCLEO-C071RB, NUCLEO-H503RB, NUCLEO-H533RE, NUCLEO-H563ZI, NUCLEO-H7S3L8, NUCLEO-U031R8, NUCLEO-U083RC, NUCLEO-U545RE-Q, NUCLEO-U5A5ZJ-Q, NUCLEO-WB05KZ, NUCLEO-WB07CC, NUCLEO-WB09KE, NUCLEO-WBA52CG, NUCLEO-WBA55CG, STEVAL-PROTEUS1, STEVAL-SMARTAG2, STEVAL-STWINBX1, STM320518-EVAL, STM32C0116-DK, STM32C011D6Y3TR, STM32C011D6Y6TR, STM32C011F4P3, STM32C011F4P6, STM32C011F4U3, STM32C011F4U6TR, STM32C011F6P3, STM32C011F6P6, STM32C011F6U3, STM32C011F6U6TR, STM32C011J4M3, STM32C011J4M6, STM32C011J6M3, STM32C011J6M6, STM32C0316-DK, STM32C031C4T3, STM32C031C4T6, STM32C031C4U3, STM32C031C4U6, STM32C031C6T3, STM32C031C6T6, STM32C031C6U3, STM32C031C6U6, STM32C031F4P3, STM32C031F4P6, STM32C031F6P3, STM32C031F6P6, STM32C031G4U3, STM32C031G4U6, STM32C031G6U3, STM32C031G6U6, STM32C031K4T3, STM32C031K4T6, STM32C031K4U3, STM32C031K4U6, STM32C031K6T3, STM32C031K6T6, STM32C031K6U3, STM32C031K6U6, STM32C071C8T6, STM32C071C8T6N, STM32C071C8U6, STM32C071C8U6N, STM32C071CBT6, STM32C071CBT6N, STM32C071CBU6, STM32C071CBU6N, STM32C071F8P6, STM32C071F8P6N, STM32C071FBP6, STM32C071FBP6N, STM32C071FBY6TR, STM32C071G8U6, STM32C071G8U6N, STM32C071GBU6, STM32C071GBU6N, STM32C071K8T6, STM32C071K8T6N, STM32C071K8U6, STM32C071K8U6N, STM32C071KBT6, STM32C071KBT6N, STM32C071KBU6, STM32C071KBU6N, STM32C071R8T6, STM32C071R8T6N, STM32C071RBI6N, STM32C071RBT6, STM32C071RBT6N, STM32G071K8TXN, STM32G071K8UXN, STM32G081GBU6N, STM32G081KBT6N, STM32G081KBUXN, STM32G0B1CCT6N, STM32G0B1KCT6, STM32G0B1NEY6TR, STM32G0B1RCT6N, STM32G0C1CCT6, STM32G0C1CCT6N, STM32G0C1CCU6N, STM32G0C1CET6N, STM32G0C1CEU6N, STM32G0C1KCT6, STM32G0C1NEY6TR, STM32G0C1RCI6N, STM32G0C1RCT6N, STM32G0C1REI6N, STM32G0C1RET6N, STM32G0C1VCI6, STM32G0C1VEI6, STM32G411C6T3, STM32G411C6T6, STM32G411C6U3, STM32G411C6U6, STM32G411C8T3, STM32G411C8T6, STM32G411C8U3, STM32G411C8U6, STM32G411CBT3, STM32G411CBT6, STM32G411CBU3, STM32G411CBU6, STM32G411K6T3, STM32G411K6T6, STM32G411K6U3, STM32G411K6U6, STM32G411K8T3, STM32G411K8T6, STM32G411K8U3, STM32G411K8U6, STM32G411KBT3, STM32G411KBT6, STM32G411KBU3, STM32G411KBU6, STM32G411M6T3, STM32G411M6T6, STM32G411M8T3, STM32G411M8T6, STM32G411MBT3, STM32G411MBT6, STM32G411R6T3, STM32G411R6T6, STM32G411R8T3, STM32G411R8T6, STM32G411RBT3, STM32G411RBT6, STM32G414CBT3, STM32G414CBT6, STM32G414CBU3, STM32G414CBU6, STM32G414CCT3, STM32G414CCT6, STM32G414CCU3, STM32G414CCU6, STM32G414MBT3, STM32G414MBT6, STM32G414MCT3, STM32G414MCT6, STM32G414RBT3, STM32G414RBT6, STM32G414RCT3, STM32G414RCT6, STM32G414VBT3, STM32G414VBT6, STM32G414VCT3, STM32G414VCT6, STM32G431CBT3Z, STM32G431RBT3Z, STM32G471CCT6, STM32G471CCU6, STM32G471CET3, STM32G471CET6, STM32G471CEU3, STM32G471CEU6, STM32G471MCT6, STM32G471MET3, STM32G471MET6, STM32G471MEY6TR, STM32G471QCT6, STM32G471QET3, STM32G471RCT6, STM32G471RET3, STM32G471RET6, STM32G471VCH6, STM32G471VCI6, STM32G471VCT6, STM32G471VEH3, STM32G471VEH6, STM32G471VEI3, STM32G471VEI6, STM32G471VET3, STM32G471VET6, STM32G473QET3Z, STM32G473RET3Z, STM32G474CCT6, STM32G491RET3Z, STM32H503CBT6, STM32H503CBU6, STM32H503EBY6TR, STM32H503KBU6, STM32H503RBT6, STM32H523CCT6, STM32H523CCU6, STM32H523CET6, STM32H523CEU6, STM32H523HEY6TR, STM32H523RCT6, STM32H523RET6, STM32H523VCI6, STM32H523VCT6, STM32H523VEI6, STM32H523VET6, STM32H523ZCJ6, STM32H523ZCT6, STM32H523ZEJ6, STM32H523ZET6, STM32H533CET6, STM32H533CEU6, STM32H533HEY6TR, STM32H533RET6, STM32H533VEI6, STM32H533VET6, STM32H533ZEJ6, STM32H533ZET6, STM32H562AGI6, STM32H562AII6, STM32H562IGK6, STM32H562IGT6, STM32H562IIK6, STM32H562IIT6, STM32H562RGT6, STM32H562RGV6, STM32H562RIT6, STM32H562RIV6, STM32H562VGT6, STM32H562VIT6, STM32H562ZGT6, STM32H562ZIT6, STM32H563AGI6, STM32H563AII3Q, STM32H563AII6, STM32H563IGK6, STM32H563IGT6, STM32H563IIK3Q, STM32H563IIK6, STM32H563IIT3Q, STM32H563IIT6, STM32H563MIY3QTR, STM32H563RGT6, STM32H563RGV6, STM32H563RIT6, STM32H563RIV6, STM32H563VGT6, STM32H563VIT3Q, STM32H563VIT6, STM32H563ZGT6, STM32H563ZIT3Q, STM32H563ZIT6, STM32H573AII3Q, STM32H573AII6, STM32H573I-DK, STM32H573IIK3Q, STM32H573IIK6, STM32H573IIT3Q, STM32H573IIT6, STM32H573MIY3QTR, STM32H573RIT6, STM32H573RIV6, STM32H573VIT3Q, STM32H573VIT6, STM32H573ZIT3Q, STM32H573ZIT6, STM32H7R3A8I6, STM32H7R3I8K6, STM32H7R3I8T6, STM32H7R3L8H6, STM32H7R3L8H6H, STM32H7R3R8V6, STM32H7R3V8H6, STM32H7R3V8T6, STM32H7R3V8Y6TR, STM32H7R3Z8J6, STM32H7R3Z8T6, STM32H7R7A8I6, STM32H7R7I8K6, STM32H7R7I8T6, STM32H7R7L8H6, STM32H7R7L8H6H, STM32H7R7Z8J6, STM32H7S3A8I6, STM32H7S3I8K6, STM32H7S3I8T6, STM32H7S3L8H6, STM32H7S3L8H6H, STM32H7S3R8V6, STM32H7S3V8H6, STM32H7S3V8T6, STM32H7S3V8Y6TR, STM32H7S3Z8J6, STM32H7S3Z8T6, STM32H7S78-DK, STM32H7S7A8I6, STM32H7S7I8K6, STM32H7S7I8T6, STM32H7S7L8H6, STM32H7S7L8H6H, STM32H7S7Z8J6, STM32L4R5QGI6STR, STM32MP131AAE3, STM32MP131AAF3, STM32MP131AAG3, STM32MP131CAE3, STM32MP131CAF3, STM32MP131CAG3, STM32MP131DAE7, STM32MP131DAF7, STM32MP131DAG7, STM32MP131FAE7, STM32MP131FAF7, STM32MP131FAG7, STM32MP133AAE3, STM32MP133AAF3, STM32MP133AAG3, STM32MP133CAE3, STM32MP133CAF3, STM32MP133CAG3, STM32MP133DAE7, STM32MP133DAF7, STM32MP133DAG7, STM32MP133FAE7, STM32MP133FAF7, STM32MP133FAG7, STM32MP135AAE3, STM32MP135AAF3, STM32MP135AAG3, STM32MP135CAE3, STM32MP135CAF3, STM32MP135CAG3, STM32MP135DAE7, STM32MP135DAF7, STM32MP135DAG7, STM32MP135F-DK, STM32MP135FAE7, STM32MP135FAF7, STM32MP135FAF7T, STM32MP135FAF7U, STM32MP135FAG7, STM32MP251AAI3, STM32MP251AAK3, STM32MP251AAL3, STM32MP251CAI3, STM32MP251CAK3, STM32MP251CAL3, STM32MP251DAI3, STM32MP251DAK3, STM32MP251DAL3, STM32MP251FAI3, STM32MP251FAK3, STM32MP251FAL3, STM32MP253AAI3, STM32MP253AAK3, STM32MP253AAL3, STM32MP253CAI3, STM32MP253CAK3, STM32MP253CAL3, STM32MP253DAI3, STM32MP253DAK3, STM32MP253DAL3, STM32MP253FAI3, STM32MP253FAK3, STM32MP253FAL3, STM32MP255AAI3, STM32MP255AAK3, STM32MP255AAL3, STM32MP255CAI3, STM32MP255CAK3, STM32MP255CAL3, STM32MP255DAI3, STM32MP255DAK3, STM32MP255DAL3, STM32MP255FAI3, STM32MP255FAK3, STM32MP255FAL3, STM32MP257AAI3, STM32MP257AAK3, STM32MP257AAL3, STM32MP257CAI3, STM32MP257CAK3, STM32MP257CAL3, STM32MP257DAI3, STM32MP257DAK3, STM32MP257DAL3, STM32MP257F-DK, STM32MP257F-EV1, STM32MP257FAI3, STM32MP257FAK3, STM32MP257FAL3, STM32U031C6T6, STM32U031C6U6, STM32U031C8T6, STM32U031C8U6, STM32U031F4P6, STM32U031F6P6, STM32U031F8P6, STM32U031G6Y6TR, STM32U031G8Y6TR, STM32U031K4U6, STM32U031K6U6, STM32U031K8U6, STM32U031R6I6, STM32U031R6T6, STM32U031R8I6, STM32U031R8T6, STM32U073C8T6, STM32U073C8U6, STM32U073CBT6, STM32U073CBU6, STM32U073CCT6, STM32U073CCU6, STM32U073H8Y6TR, STM32U073HBY6TR, STM32U073HCY6TR, STM32U073K8U6, STM32U073KBU6, STM32U073KCU6, STM32U073M8I6, STM32U073M8T6, STM32U073MBI6, STM32U073MBT6, STM32U073MCI6, STM32U073MCT6, STM32U073R8I6, STM32U073R8T6, STM32U073RBI6, STM32U073RBT6, STM32U073RCI6, STM32U073RCT6, STM32U083C-DK, STM32U083CCT6, STM32U083CCU6, STM32U083HCY6TR, STM32U083KCU6, STM32U083MCI6, STM32U083MCT6, STM32U083RCI6, STM32U083RCT6, STM32U535CBT6, STM32U535CBT6Q, STM32U535CBU6, STM32U535CBU6Q, STM32U535CCT6, STM32U535CCT6Q, STM32U535CCU6, STM32U535CCU6Q, STM32U535CET6, STM32U535CET6Q, STM32U535CEU6, STM32U535CEU6Q, STM32U535JEY6QTR, STM32U535NCY6QTR, STM32U535NEY6QTR, STM32U535RBI6, STM32U535RBI6Q, STM32U535RBT6, STM32U535RBT6Q, STM32U535RCI6, STM32U535RCI6Q, STM32U535RCT6, STM32U535RCT6Q, STM32U535REI6, STM32U535REI6Q, STM32U535RET6, STM32U535RET6Q, STM32U535VCI6, STM32U535VCI6Q, STM32U535VCT6, STM32U535VCT6Q, STM32U535VEI6, STM32U535VEI6Q, STM32U535VET6, STM32U535VET6Q, STM32U545CET6, STM32U545CET6Q, STM32U545CEU6, STM32U545CEU6Q, STM32U545JEY6QTR, STM32U545NEY6QTR, STM32U545REI6, STM32U545REI6Q, STM32U545RET6, STM32U545RET6Q, STM32U545VEI6, STM32U545VEI6Q, STM32U545VET6, STM32U545VET6Q, STM32U595AIH6, STM32U595AIH6Q, STM32U595AJH6, STM32U595AJH6Q, STM32U595QII6, STM32U595QII6Q, STM32U595QJI6, STM32U595QJI6Q, STM32U595RIT6, STM32U595RIT6Q, STM32U595RJT6, STM32U595RJT6Q, STM32U595VIT6, STM32U595VIT6Q, STM32U595VJT6, STM32U595VJT6Q, STM32U595ZIT6, STM32U595ZIT6Q, STM32U595ZIY6QTR, STM32U595ZJT6, STM32U595ZJT6Q, STM32U595ZJY6QTR, STM32U599BJY6QTR, STM32U599NIH6Q, STM32U599NJH6Q, STM32U599VIT6Q, STM32U599VJT6, STM32U599VJT6Q, STM32U599ZIT6Q, STM32U599ZIY6QTR, STM32U599ZJT6Q, STM32U599ZJY6QTR, STM32U5A5AJH6, STM32U5A5AJH6Q, STM32U5A5QII3Q , STM32U5A5QJI6, STM32U5A5QJI6Q, STM32U5A5RJT6, STM32U5A5RJT6Q, STM32U5A5VJT6, STM32U5A5VJT6Q, STM32U5A5ZJT6, STM32U5A5ZJT6Q, STM32U5A5ZJY6QTR, STM32U5A9BJY6QTR, STM32U5A9J-DK, STM32U5A9NJH6Q, STM32U5A9VJT6Q, STM32U5A9ZJT6Q, STM32U5A9ZJY6QTR, STM32U5F7VIT6, STM32U5F7VIT6Q, STM32U5F7VJT6, STM32U5F7VJT6Q, STM32U5F9BJY6QTR, STM32U5F9NJH6Q, STM32U5F9VIT6Q, STM32U5F9VJT6Q, STM32U5F9ZIJ6QTR, STM32U5F9ZIT6Q, STM32U5F9ZJJ6QTR, STM32U5F9ZJT6Q, STM32U5G7VJT6, STM32U5G7VJT6Q, STM32U5G9BJY6QTR, STM32U5G9J-DK1, STM32U5G9J-DK2, STM32U5G9NJH6Q, STM32U5G9VJT6Q, STM32U5G9ZJJ6QTR, STM32U5G9ZJT6Q, STM32WB05KZV6TR, STM32WB05KZV7TR, STM32WB05TZF6TR, STM32WB05TZF7TR, STM32WB06CCF6TR, STM32WB06CCF7TR, STM32WB06CCV6TR, STM32WB06CCV7TR, STM32WB06KCV6TR, STM32WB06KCV7TR, STM32WB07CCF6TR, STM32WB07CCF7TR, STM32WB07CCV6TR, STM32WB07CCV7TR, STM32WB07KCV6TR, STM32WB07KCV7TR, STM32WB09KEV6TR, STM32WB09KEV7TR, STM32WB09TEF6TR, STM32WB09TEF7TR, STM32WB1MMCH6, STM32WBA50KGU6, STM32WBA50KGU6TR, STM32WBA52CEU6, STM32WBA52CEU6TR, STM32WBA52CEU7, STM32WBA52CEU7TR, STM32WBA52CGU6, STM32WBA52CGU6TR, STM32WBA52CGU6U, STM32WBA52CGU7, STM32WBA52CGU7TR, STM32WBA52KEU6, STM32WBA52KEU6TR, STM32WBA52KGU6, STM32WBA52KGU6TR, STM32WBA54CEU6, STM32WBA54CEU6TR, STM32WBA54CEU7, STM32WBA54CEU7TR, STM32WBA54CGU6, STM32WBA54CGU6TR, STM32WBA54CGU7, STM32WBA54CGU7TR, STM32WBA54KEU6, STM32WBA54KEU6TR, STM32WBA54KEU7, STM32WBA54KEU7TR, STM32WBA54KGU6, STM32WBA54KGU6TR, STM32WBA54KGU7, STM32WBA54KGU7TR, STM32WBA55CEU6, STM32WBA55CEU6TR, STM32WBA55CEU7, STM32WBA55CEU7TR, STM32WBA55CGU6, STM32WBA55CGU6TR, STM32WBA55CGU6U, STM32WBA55CGU7, STM32WBA55CGU7TR, STM32WBA55G-DK1, STM32WBA55HEF6, STM32WBA55HEF7, STM32WBA55HGF6, STM32WBA55HGF7, STM32WBA55UEI6, STM32WBA55UEI6TR, STM32WBA55UEI7, STM32WBA55UEI7TR, STM32WBA55UGI6, STM32WBA55UGI6TR, STM32WBA55UGI7, STM32WBA55UGI7TR, STM32WL5MOCH6, STM32WL5MOCH6TR]
2025-11-03 15:05:24,263 [INFO] DbMcus:218 - Found 4733 MCUs, 4733 are supported
2025-11-03 15:05:24,263 [INFO] ApiDb:423 - Load user favorites file C:\Users\RND1/.stm32cubeide/favorites.mcus.txt: 0 item(s)
2025-11-03 15:05:24,264 [INFO] ApiDb:427 - User favorites MCUs=[]
2025-11-03 15:05:24,264 [INFO] DbMcus:224 - Set 0 / 0 favorites MCUs
2025-11-03 15:05:24,533 [INFO] BoardInfo:889 - No configuration file found for board B-WBA5M-WPAN
2025-11-03 15:05:24,533 [INFO] DbBoards:161 - Board is not supported: B-WBA5M-WPAN
2025-11-03 15:05:24,536 [INFO] BoardInfo:889 - No configuration file found for board NUCLEO-C051C8
2025-11-03 15:05:24,537 [INFO] DbBoards:161 - Board is not supported: NUCLEO-C051C8
2025-11-03 15:05:24,539 [INFO] BoardInfo:889 - No configuration file found for board NUCLEO-C092RC
2025-11-03 15:05:24,539 [INFO] DbBoards:161 - Board is not supported: NUCLEO-C092RC
2025-11-03 15:05:24,609 [INFO] BoardInfo:889 - No configuration file found for board NUCLEO-N657X0-Q
2025-11-03 15:05:24,610 [INFO] DbBoards:161 - Board is not supported: NUCLEO-N657X0-Q
2025-11-03 15:05:24,613 [INFO] BoardInfo:889 - No configuration file found for board NUCLEO-U385RG-Q
2025-11-03 15:05:24,613 [INFO] DbBoards:161 - Board is not supported: NUCLEO-U385RG-Q
2025-11-03 15:05:24,624 [INFO] BoardInfo:889 - No configuration file found for board NUCLEO-WBA65RI
2025-11-03 15:05:24,625 [INFO] DbBoards:161 - Board is not supported: NUCLEO-WBA65RI
2025-11-03 15:05:24,626 [INFO] BoardInfo:889 - No configuration file found for board NUCLEO-WL33CC1
2025-11-03 15:05:24,626 [INFO] DbBoards:161 - Board is not supported: NUCLEO-WL33CC1
2025-11-03 15:05:24,627 [INFO] BoardInfo:889 - No configuration file found for board NUCLEO-WL33CC2
2025-11-03 15:05:24,627 [INFO] DbBoards:161 - Board is not supported: NUCLEO-WL33CC2
2025-11-03 15:05:24,632 [INFO] BoardInfo:889 - No configuration file found for board P-NUCLEO-WB55
2025-11-03 15:05:24,633 [INFO] DbBoards:161 - Kit is not supported: P-NUCLEO-WB55
2025-11-03 15:05:24,636 [INFO] BoardInfo:889 - No configuration file found for board STEVAL-BFA001V1B
2025-11-03 15:05:24,637 [INFO] DbBoards:161 - Kit is not supported: STEVAL-BFA001V1B
2025-11-03 15:05:24,637 [INFO] BoardInfo:889 - No configuration file found for board STEVAL-BFA001V2B
2025-11-03 15:05:24,638 [INFO] DbBoards:161 - Kit is not supported: STEVAL-BFA001V2B
2025-11-03 15:05:24,752 [INFO] BoardInfo:889 - No configuration file found for board STM32N6570-DK
2025-11-03 15:05:24,753 [INFO] DbBoards:161 - Board is not supported: STM32N6570-DK
2025-11-03 15:05:24,763 [INFO] BoardInfo:889 - No configuration file found for board STM32WBA65I-DK1
2025-11-03 15:05:24,763 [INFO] DbBoards:161 - Board is not supported: STM32WBA65I-DK1
2025-11-03 15:05:24,764 [INFO] DbBoards:168 - Found 211 boards, 198 are supported
2025-11-03 15:05:24,764 [INFO] DbBoards:169 - Found 211 boards, 25 of them is supported for  Bsp
2025-11-03 15:05:24,765 [INFO] ApiDb:423 - Load user favorites file C:\Users\RND1/.stm32cubeide/favorites.boards.txt: 0 item(s)
2025-11-03 15:05:24,765 [INFO] ApiDb:427 - User favorites Boards=[]
2025-11-03 15:05:24,766 [INFO] DbBoards:198 - Set 0 / 0 favorites Boards
2025-11-03 15:05:24,833 [INFO] UtilMem:75 - End LoadConfig() Used Memory: 717073752 Bytes (1073741824)
2025-11-03 15:05:24,933 [WARN] ThirdParty:833 - waiting for thirdparty lock release [change project]
2025-11-03 15:05:24,933 [INFO] ThirdParty:835 - entering critical section [change project]
2025-11-03 15:05:24,933 [INFO] ThirdParty:1030 - CMSIS Pack Vendor :STMicroelectronics X-CUBE-PM33A1 1.0.0
2025-11-03 15:05:24,933 [INFO] ThirdParty:1030 - CMSIS Pack Vendor :STMicroelectronics USBPD 4.1
2025-11-03 15:05:24,933 [INFO] ThirdParty:1030 - CMSIS Pack Vendor :STMicroelectronics X-CUBE-GNSS1 6.0.0
2025-11-03 15:05:24,933 [INFO] ThirdParty:1030 - CMSIS Pack Vendor :STMicroelectronics USB_HOST 2.0.0
2025-11-03 15:05:24,933 [INFO] ThirdParty:1030 - CMSIS Pack Vendor :STMicroelectronics FP-SNS-MOTENVWB1 1.4.0
2025-11-03 15:05:24,933 [INFO] ThirdParty:1030 - CMSIS Pack Vendor :STMicroelectronics X-CUBE-AZRTOS-F4 1.1.0
2025-11-03 15:05:24,933 [INFO] ThirdParty:1030 - CMSIS Pack Vendor :STMicroelectronics LIBJPEG 8.0.0
2025-11-03 15:05:24,933 [INFO] ThirdParty:1030 - CMSIS Pack Vendor :STMicroelectronics FP-ATR-ASTRA1 2.0.2
2025-11-03 15:05:24,933 [INFO] ThirdParty:1030 - CMSIS Pack Vendor :wolfSSL I-CUBE-wolfSSL 5.6.4
2025-11-03 15:05:24,933 [INFO] ThirdParty:1030 - CMSIS Pack Vendor :STMicroelectronics FP-ATR-ASTRA1 2.0.1
2025-11-03 15:05:24,933 [INFO] ThirdParty:1030 - CMSIS Pack Vendor :STMicroelectronics X-CUBE-SMBUS 2.1.0
2025-11-03 15:05:24,933 [INFO] ThirdParty:1030 - CMSIS Pack Vendor :STMicroelectronics X-CUBE-WB05N 1.1.0
2025-11-03 15:05:24,933 [INFO] ThirdParty:1030 - CMSIS Pack Vendor :STMicroelectronics X-CUBE-ISPU 2.1.0
2025-11-03 15:05:24,933 [INFO] ThirdParty:1030 - CMSIS Pack Vendor :STMicroelectronics X-CUBE-FREERTOS 1.2.0
2025-11-03 15:05:24,933 [INFO] ThirdParty:1030 - CMSIS Pack Vendor :STMicroelectronics X-CUBE-TOUCHGFX 4.23.0
2025-11-03 15:05:24,933 [INFO] ThirdParty:1030 - CMSIS Pack Vendor :STMicroelectronics X-CUBE-NFC12 1.0.0
2025-11-03 15:05:24,933 [INFO] ThirdParty:1030 - CMSIS Pack Vendor :STMicroelectronics X-CUBE-TOUCHGFX 4.23.2
2025-11-03 15:05:24,933 [INFO] ThirdParty:1030 - CMSIS Pack Vendor :STMicroelectronics X-CUBE-AZRTOS-F7 1.1.0
2025-11-03 15:05:24,933 [INFO] ThirdParty:1030 - CMSIS Pack Vendor :STMicroelectronics X-CUBE-AZRTOS-L5 2.0.0
2025-11-03 15:05:24,933 [INFO] ThirdParty:1030 - CMSIS Pack Vendor :STMicroelectronics USB_DEVICE 2.0.0
2025-11-03 15:05:24,933 [INFO] ThirdParty:1030 - CMSIS Pack Vendor :STMicroelectronics X-CUBE-EEPRMA1 4.2.0
2025-11-03 15:05:24,933 [INFO] ThirdParty:1030 - CMSIS Pack Vendor :STMicroelectronics X-CUBE-NFC6 3.1.0
2025-11-03 15:05:24,933 [INFO] ThirdParty:1030 - CMSIS Pack Vendor :ITTIA_DB I-CUBE-ITTIADB 8.8.0
2025-11-03 15:05:24,933 [INFO] ThirdParty:1030 - CMSIS Pack Vendor :STMicroelectronics FP-SNS-MOTENV1 4.3.2
2025-11-03 15:05:24,933 [INFO] ThirdParty:1030 - CMSIS Pack Vendor :STMicroelectronics X-CUBE-MEMS1 11.0.0
2025-11-03 15:05:24,933 [INFO] ThirdParty:1030 - CMSIS Pack Vendor :STMicroelectronics FreeRTOS 0.0.1
2025-11-03 15:05:24,933 [INFO] ThirdParty:1030 - CMSIS Pack Vendor :STMicroelectronics X-CUBE-DPower 1.2.0
2025-11-03 15:05:24,933 [INFO] ThirdParty:1030 - CMSIS Pack Vendor :STMicroelectronics FP-SNS-FLIGHT1 5.0.2
2025-11-03 15:05:24,933 [INFO] ThirdParty:1030 - CMSIS Pack Vendor :STMicroelectronics X-CUBE-AI 9.0.0
2025-11-03 15:05:24,933 [INFO] ThirdParty:1030 - CMSIS Pack Vendor :STMicroelectronics PDM2PCM 3.3.0
2025-11-03 15:05:24,933 [INFO] ThirdParty:1030 - CMSIS Pack Vendor :STMicroelectronics X-CUBE-AZRTOS-H7 3.4.0
2025-11-03 15:05:24,933 [INFO] ThirdParty:1030 - CMSIS Pack Vendor :STMicroelectronics X-CUBE-DISPLAY 3.0.0
2025-11-03 15:05:24,933 [INFO] ThirdParty:1030 - CMSIS Pack Vendor :STMicroelectronics X-CUBE-BLE1 7.0.0
2025-11-03 15:05:24,933 [INFO] ThirdParty:1030 - CMSIS Pack Vendor :STMicroelectronics X-CUBE-NFC10 1.0.0
2025-11-03 15:05:24,933 [INFO] ThirdParty:1030 - CMSIS Pack Vendor :STMicroelectronics X-CUBE-BLEMGR 4.0.0
2025-11-03 15:05:24,933 [INFO] ThirdParty:1030 - CMSIS Pack Vendor :STMicroelectronics X-CUBE-FREERTOS 1.3.1
2025-11-03 15:05:24,933 [INFO] ThirdParty:1030 - CMSIS Pack Vendor :STMicroelectronics HAL Drivers 0.0.0
2025-11-03 15:05:24,933 [INFO] ThirdParty:1030 - CMSIS Pack Vendor :emotas I-CUBE-CANOPEN 1.3.0
2025-11-03 15:05:24,933 [INFO] ThirdParty:1030 - CMSIS Pack Vendor :STMicroelectronics X-CUBE-FREERTOS 1.3.0
2025-11-03 15:05:24,934 [INFO] ThirdParty:1030 - CMSIS Pack Vendor :STMicroelectronics X-CUBE-NFC7 1.0.1
2025-11-03 15:05:24,934 [INFO] ThirdParty:1030 - CMSIS Pack Vendor :STMicroelectronics MBEDTLS 2.14.1
2025-11-03 15:05:24,934 [INFO] ThirdParty:1030 - CMSIS Pack Vendor :STMicroelectronics X-CUBE-GNSS1 7.1.0
2025-11-03 15:05:24,934 [INFO] ThirdParty:1030 - CMSIS Pack Vendor :STMicroelectronics X-CUBE-TOUCHGFX 4.26.0
2025-11-03 15:05:24,934 [INFO] ThirdParty:1030 - CMSIS Pack Vendor :STMicroelectronics X-CUBE-NFC6 3.0.0
2025-11-03 15:05:24,934 [INFO] ThirdParty:1030 - CMSIS Pack Vendor :STMicroelectronics X-CUBE-BLEMGR 3.1.0
2025-11-03 15:05:24,934 [INFO] ThirdParty:1030 - CMSIS Pack Vendor :STMicroelectronics X-CUBE-AI 10.0.0
2025-11-03 15:05:24,934 [INFO] ThirdParty:1030 - CMSIS Pack Vendor :STMicroelectronics FP-SNS-SMARTAG2 1.2.0
2025-11-03 15:05:24,934 [INFO] ThirdParty:1030 - CMSIS Pack Vendor :STMicroelectronics X-CUBE-MEMS1 11.1.0
2025-11-03 15:05:24,934 [INFO] ThirdParty:1030 - CMSIS Pack Vendor :STMicroelectronics X-CUBE-AZRTOS-WL 2.0.0
2025-11-03 15:05:24,934 [INFO] ThirdParty:1030 - CMSIS Pack Vendor :STMicroelectronics X-CUBE-DPower 1.3.0
2025-11-03 15:05:24,934 [INFO] ThirdParty:1030 - CMSIS Pack Vendor :STMicroelectronics FP-SNS-MOTENV1 5.0.0
2025-11-03 15:05:24,934 [INFO] ThirdParty:1030 - CMSIS Pack Vendor :STMicroelectronics USB_DEVICE 1.0.0
2025-11-03 15:05:24,934 [INFO] ThirdParty:1030 - CMSIS Pack Vendor :STMicroelectronics X-CUBE-AI 8.1.0
2025-11-03 15:05:24,934 [INFO] ThirdParty:1030 - CMSIS Pack Vendor :wolfSSL I-CUBE-wolfMQTT 1.19.0
2025-11-03 15:05:24,934 [INFO] ThirdParty:1030 - CMSIS Pack Vendor :STMicroelectronics X-CUBE-AZRTOS-L4 2.0.0
2025-11-03 15:05:24,934 [INFO] ThirdParty:1030 - CMSIS Pack Vendor :STMicroelectronics ThreadX 0.0.2
2025-11-03 15:05:24,934 [INFO] ThirdParty:1030 - CMSIS Pack Vendor :WES I-CUBE-Cesium 1.3.0
2025-11-03 15:05:24,934 [INFO] ThirdParty:1030 - CMSIS Pack Vendor :STMicroelectronics lwIP 2.1.2
2025-11-03 15:05:24,934 [INFO] ThirdParty:1030 - CMSIS Pack Vendor :STMicroelectronics X-CUBE-SFXS2LP1 4.0.0
2025-11-03 15:05:24,934 [INFO] ThirdParty:1030 - CMSIS Pack Vendor :STMicroelectronics X-CUBE-BLE2 3.3.0
2025-11-03 15:05:24,934 [INFO] ThirdParty:1030 - CMSIS Pack Vendor :STMicroelectronics PDM2PCM 3.2.0
2025-11-03 15:05:24,934 [INFO] ThirdParty:1030 - CMSIS Pack Vendor :STMicroelectronics X-CUBE-AZRTOS-H7 3.3.0
2025-11-03 15:05:24,934 [INFO] ThirdParty:1030 - CMSIS Pack Vendor :STMicroelectronics X-CUBE-NFC9 1.0.0
2025-11-03 15:05:24,934 [INFO] ThirdParty:1030 - CMSIS Pack Vendor :STMicroelectronics X-CUBE-BLE1 7.1.0
2025-11-03 15:05:24,934 [INFO] ThirdParty:1030 - CMSIS Pack Vendor :STMicroelectronics USB_DEVICE 3.0.0
2025-11-03 15:05:24,934 [INFO] ThirdParty:1030 - CMSIS Pack Vendor :STMicroelectronics X-CUBE-TCPP 4.1.0
2025-11-03 15:05:24,934 [INFO] ThirdParty:1030 - CMSIS Pack Vendor :STMicroelectronics X-CUBE-EEPRMA1 5.2.0
2025-11-03 15:05:24,934 [INFO] ThirdParty:1030 - CMSIS Pack Vendor :STMicroelectronics X-CUBE-IPS 3.0.0
2025-11-03 15:05:24,934 [INFO] ThirdParty:1030 - CMSIS Pack Vendor :STMicroelectronics X-CUBE-AZRTOS-WB 2.0.0
2025-11-03 15:05:24,934 [INFO] ThirdParty:1030 - CMSIS Pack Vendor :STMicroelectronics X-CUBE-GNSS1 7.0.0
2025-11-03 15:05:24,934 [INFO] ThirdParty:1030 - CMSIS Pack Vendor :STMicroelectronics X-CUBE-GNSS1 7.0.1
2025-11-03 15:05:24,934 [INFO] ThirdParty:1030 - CMSIS Pack Vendor :STMicroelectronics X-CUBE-TOUCHGFX 4.25.0
2025-11-03 15:05:24,934 [INFO] ThirdParty:1030 - CMSIS Pack Vendor :STMicroelectronics X-CUBE-AI 10.1.0
2025-11-03 15:05:24,934 [INFO] ThirdParty:1030 - CMSIS Pack Vendor :STMicroelectronics FP-SNS-STBOX1 2.0.0
2025-11-03 15:05:24,934 [INFO] ThirdParty:1030 - CMSIS Pack Vendor :STMicroelectronics X-CUBE-ALGOBUILD 1.3.0
2025-11-03 15:05:24,934 [INFO] ThirdParty:1030 - CMSIS Pack Vendor :STMicroelectronics X-CUBE-MEMS1 11.2.0
2025-11-03 15:05:24,934 [INFO] ThirdParty:1030 - CMSIS Pack Vendor :STMicroelectronics X-CUBE-AZRTOS-G0 1.1.0
2025-11-03 15:05:24,934 [INFO] ThirdParty:1030 - CMSIS Pack Vendor :STMicroelectronics X-CUBE-SAFEA1 1.2.2
2025-11-03 15:05:24,935 [INFO] ThirdParty:1030 - CMSIS Pack Vendor :STMicroelectronics X-CUBE-NFC4 3.0.0
2025-11-03 15:05:24,935 [INFO] ThirdParty:1030 - CMSIS Pack Vendor :STMicroelectronics X-CUBE-SUBG2 5.0.0
2025-11-03 15:05:24,935 [INFO] ThirdParty:1030 - CMSIS Pack Vendor :STMicroelectronics X-CUBE-AZRTOS-H7RS 1.1.0
2025-11-03 15:05:24,935 [INFO] ThirdParty:1030 - CMSIS Pack Vendor :STMicroelectronics STM32_WPAN 1.0.0
2025-11-03 15:05:24,935 [INFO] ThirdParty:1030 - CMSIS Pack Vendor :wolfSSL I-CUBE-wolfMQTT 1.18.0
2025-11-03 15:05:24,935 [INFO] ThirdParty:1030 - CMSIS Pack Vendor :EmbeddedOffice I-CUBE-FS-RTOS 1.0.1
2025-11-03 15:05:24,935 [INFO] ThirdParty:1030 - CMSIS Pack Vendor :STMicroelectronics lwIP 2.0.3
2025-11-03 15:05:24,935 [INFO] ThirdParty:1030 - CMSIS Pack Vendor :STMicroelectronics USB_HOST 1.0.0
2025-11-03 15:05:24,935 [INFO] ThirdParty:1030 - CMSIS Pack Vendor :STMicroelectronics X-CUBE-AZRTOS-G4 2.0.0
2025-11-03 15:05:24,935 [INFO] ThirdParty:1030 - CMSIS Pack Vendor :STMicroelectronics X-CUBE-WB05N 2.0.0
2025-11-03 15:05:24,935 [INFO] ThirdParty:1030 - CMSIS Pack Vendor :STMicroelectronics PDM2PCM 3.1.0
2025-11-03 15:05:24,935 [INFO] ThirdParty:1030 - CMSIS Pack Vendor :Infineon AIROC-Wi-Fi-Bluetooth-STM32 1.5.1
2025-11-03 15:05:24,935 [INFO] ThirdParty:1030 - CMSIS Pack Vendor :STMicroelectronics X-CUBE-BLEMGR 3.0.0
2025-11-03 15:05:24,935 [INFO] ThirdParty:1030 - CMSIS Pack Vendor :STMicroelectronics X-CUBE-NFC7 2.0.0
2025-11-03 15:05:24,935 [INFO] ThirdParty:1030 - CMSIS Pack Vendor :RealThread X-CUBE-RT-Thread_Nano 4.1.1
2025-11-03 15:05:24,935 [INFO] ThirdParty:1030 - CMSIS Pack Vendor :STMicroelectronics FP-SNS-MOTENVWB1 1.3.1
2025-11-03 15:05:24,935 [INFO] ThirdParty:1030 - CMSIS Pack Vendor :STMicroelectronics FP-ATR-SIGFOX1 3.2.0
2025-11-03 15:05:24,935 [INFO] ThirdParty:1030 - CMSIS Pack Vendor :quantropi X-CUBE-qispace-sdk-base 1.9.3
2025-11-03 15:05:24,935 [INFO] ThirdParty:1030 - CMSIS Pack Vendor :STMicroelectronics X-CUBE-ISPU 2.0.0
2025-11-03 15:05:24,935 [INFO] ThirdParty:1030 - CMSIS Pack Vendor :STMicroelectronics X-CUBE-EEPRMA1 5.1.0
2025-11-03 15:05:24,935 [INFO] ThirdParty:1030 - CMSIS Pack Vendor :STMicroelectronics MBEDTLS 2.16.2
2025-11-03 15:05:24,935 [INFO] ThirdParty:1030 - CMSIS Pack Vendor :STMicroelectronics X-CUBE-ALS 1.0.2
2025-11-03 15:05:24,935 [INFO] ThirdParty:1030 - CMSIS Pack Vendor :STMicroelectronics X-CUBE-MEMS1 10.0.0
2025-11-03 15:05:24,935 [INFO] ThirdParty:1030 - CMSIS Pack Vendor :STMicroelectronics X-CUBE-FREERTOS 1.1.0
2025-11-03 15:05:24,935 [INFO] ThirdParty:1030 - CMSIS Pack Vendor :STMicroelectronics X-CUBE-TOUCHGFX 4.24.0
2025-11-03 15:05:24,935 [INFO] ThirdParty:1030 - CMSIS Pack Vendor :STMicroelectronics X-CUBE-TOUCHGFX 4.24.2
2025-11-03 15:05:24,935 [INFO] ThirdParty:1030 - CMSIS Pack Vendor :STMicroelectronics X-CUBE-TOUCHGFX 4.24.1
2025-11-03 15:05:24,935 [INFO] ThirdParty:1030 - CMSIS Pack Vendor :STMicroelectronics X-CUBE-STSE01 1.0.0
2025-11-03 15:05:24,935 [INFO] ThirdParty:1030 - CMSIS Pack Vendor :wolfSSL I-CUBE-wolfTPM 3.4.0
2025-11-03 15:05:24,935 [INFO] ThirdParty:1030 - CMSIS Pack Vendor :portGmbH I-Cube-SoM-uGOAL 1.1.0
2025-11-03 15:05:24,935 [INFO] ThirdParty:1030 - CMSIS Pack Vendor :STMicroelectronics X-CUBE-ALS 1.0.1
2025-11-03 15:05:24,935 [INFO] ThirdParty:1030 - CMSIS Pack Vendor :STMicroelectronics X-CUBE-AI 10.2.0
2025-11-03 15:05:24,935 [INFO] ThirdParty:1030 - CMSIS Pack Vendor :STMicroelectronics ThreadX 1.0.0
2025-11-03 15:05:24,935 [INFO] ThirdParty:1030 - CMSIS Pack Vendor :SEGGER I-CUBE-embOS 1.3.1
2025-11-03 15:05:24,935 [INFO] ThirdParty:1030 - CMSIS Pack Vendor :STMicroelectronics X-CUBE-ALGOBUILD 1.4.0
2025-11-03 15:05:24,935 [INFO] ThirdParty:1030 - CMSIS Pack Vendor :STMicroelectronics X-CUBE-MEMS1 11.3.0
2025-11-03 15:05:24,935 [INFO] ThirdParty:1030 - CMSIS Pack Vendor :STMicroelectronics X-CUBE-AZRTOS-H7RS 1.0.0
2025-11-03 15:05:24,935 [INFO] ThirdParty:1030 - CMSIS Pack Vendor :STMicroelectronics FP-ATR-ASTRA1 2.0.0
2025-11-03 15:05:24,935 [INFO] ThirdParty:1030 - CMSIS Pack Vendor :STMicroelectronics X-CUBE-TOF1 3.4.2
2025-11-03 15:05:24,935 [INFO] ThirdParty:1030 - CMSIS Pack Vendor :STMicroelectronics X-CUBE-AI 9.1.0
2025-11-03 15:05:24,935 [INFO] ThirdParty:1030 - CMSIS Pack Vendor :STMicroelectronics X-CUBE-TOF1 3.4.0
2025-11-03 15:05:24,935 [INFO] ThirdParty:1030 - CMSIS Pack Vendor :STMicroelectronics X-CUBE-TOF1 3.4.1
2025-11-03 15:05:24,935 [INFO] ThirdParty:1030 - CMSIS Pack Vendor :STMicroelectronics X-CUBE-AZRTOS-H7 3.2.0
2025-11-03 15:05:24,935 [INFO] ThirdParty:1030 - CMSIS Pack Vendor :wolfSSL I-CUBE-wolfSSH 1.4.17
2025-11-03 15:05:24,935 [INFO] ThirdParty:841 - exiting critical section [change project]
2025-11-03 15:05:25,128 [INFO] PinOutPanel:1561 - setPackage(No Configuration,No Configuration)
2025-11-03 15:05:25,130 [INFO] PinOutPanel:1561 - setPackage(STM32F103C8Tx,LQFP48)
2025-11-03 15:05:25,435 [INFO] UtilMem:75 - Before build in PCC Used Memory: 837462184 Bytes (1073741824)
2025-11-03 15:05:26,284 [INFO] UtilMem:75 - After build in PCC Used Memory: 900965888 Bytes (1073741824)
2025-11-03 15:05:26,302 [INFO] IPUIPlugin:80 - create IPUIPlugin
2025-11-03 15:05:26,302 [INFO] IPUIPlugin:80 - create IPUIPlugin
2025-11-03 15:05:26,302 [INFO] IPUIPlugin:80 - create IPUIPlugin
2025-11-03 15:05:26,302 [INFO] IPUIPlugin:80 - create IPUIPlugin
2025-11-03 15:05:26,303 [INFO] IPUIPlugin:80 - create IPUIPlugin
2025-11-03 15:05:26,303 [INFO] IPUIPlugin:80 - create IPUIPlugin
2025-11-03 15:05:26,303 [INFO] IPUIPlugin:80 - create IPUIPlugin
2025-11-03 15:05:26,303 [INFO] IPUIPlugin:80 - create IPUIPlugin
2025-11-03 15:05:26,303 [INFO] IPUIPlugin:80 - create IPUIPlugin
2025-11-03 15:05:26,303 [INFO] IPUIPlugin:80 - create IPUIPlugin
2025-11-03 15:05:26,303 [INFO] IPUIPlugin:80 - create IPUIPlugin
2025-11-03 15:05:26,303 [INFO] IPUIPlugin:80 - create IPUIPlugin
2025-11-03 15:05:26,303 [INFO] IPUIPlugin:80 - create IPUIPlugin
2025-11-03 15:05:26,303 [INFO] IPUIPlugin:80 - create IPUIPlugin
2025-11-03 15:05:26,303 [INFO] IPUIPlugin:80 - create IPUIPlugin
2025-11-03 15:05:26,303 [INFO] IPUIPlugin:80 - create IPUIPlugin
2025-11-03 15:05:26,303 [INFO] IPUIPlugin:80 - create IPUIPlugin
2025-11-03 15:05:26,303 [INFO] IPUIPlugin:80 - create IPUIPlugin
2025-11-03 15:05:26,303 [INFO] IPUIPlugin:80 - create IPUIPlugin
2025-11-03 15:05:26,303 [INFO] IPUIPlugin:80 - create IPUIPlugin
2025-11-03 15:05:26,303 [INFO] IPUIPlugin:80 - create IPUIPlugin
2025-11-03 15:05:26,304 [INFO] IPUIPlugin:80 - create IPUIPlugin
2025-11-03 15:05:26,304 [INFO] IPUIPlugin:80 - create IPUIPlugin
2025-11-03 15:05:26,304 [INFO] IPUIPlugin:80 - create IPUIPlugin
2025-11-03 15:05:26,304 [INFO] IPUIPlugin:80 - create IPUIPlugin
2025-11-03 15:05:26,304 [INFO] IPUIPlugin:80 - create IPUIPlugin
2025-11-03 15:05:26,304 [INFO] IPUIPlugin:80 - create IPUIPlugin
2025-11-03 15:05:26,546 [INFO] CADModel:165 - CPN selected for project levelSTM32F103C8T6
2025-11-03 15:05:26,546 [INFO] CADModel:114 - Register for checkConnection events
2025-11-03 15:05:26,596 [INFO] OpenFileManager:363 - Restore cursor
2025-11-03 15:07:07,948 [INFO] Gpio:277 - dependency for GPIO [RCC, SYS]
2025-11-03 15:07:14,794 [INFO] Gpio:277 - dependency for GPIO [RCC, SYS]
2025-11-03 15:08:14,446 [INFO] UtilMem:75 - End SaveConfig() Used Memory: 932787952 Bytes (1073741824)
2025-11-03 15:08:18,717 [INFO] UtilMem:75 - End SaveConfig() Used Memory: 737747584 Bytes (1073741824)
2025-11-03 15:08:19,030 [INFO] BlockDiagram:2766 - set Specific Code input for plugin: NVIC
2025-11-03 15:08:19,030 [INFO] BlockDiagram:2766 - set Specific Code input for plugin: SYS
2025-11-03 15:08:19,031 [INFO] BlockDiagram:2766 - set Specific Code input for plugin: GPIO
2025-11-03 15:08:19,031 [INFO] BlockDiagram:2766 - set Specific Code input for plugin: RCC
2025-11-03 15:08:19,032 [INFO] CodeGenerator:807 - code generatio: config db path: C:/Users/RND1/.stm32cubemx/databases/DB.6.0.100/db/
2025-11-03 15:08:19,166 [INFO] CodeEngine:255 - oldGeneratedFile, C:\Users\RND1\STM32CubeIDE\workspace_1.16.1\f103_fw\MXTmpFiles\license.tmp_save
2025-11-03 15:08:19,394 [INFO] CodeEngine:279 - Generated code: C:\Users\RND1\STM32CubeIDE\workspace_1.16.1\f103_fw\MXTmpFiles\license.tmp
2025-11-03 15:08:19,519 [INFO] CodeEngine:255 - oldGeneratedFile, C:\Users\RND1\STM32CubeIDE\workspace_1.16.1\f103_fw\Core\Src\gpio.c_save
2025-11-03 15:08:19,667 [INFO] CodeEngine:279 - Generated code: C:\Users\RND1\STM32CubeIDE\workspace_1.16.1\f103_fw\Core\Src\gpio.c
2025-11-03 15:08:19,690 [INFO] CodeEngine:255 - oldGeneratedFile, C:\Users\RND1\STM32CubeIDE\workspace_1.16.1\f103_fw\Core\Inc\gpio.h_save
2025-11-03 15:08:19,758 [INFO] CodeEngine:279 - Generated code: C:\Users\RND1\STM32CubeIDE\workspace_1.16.1\f103_fw\Core\Inc\gpio.h
2025-11-03 15:08:19,872 [INFO] CodeEngine:255 - oldGeneratedFile, C:\Users\RND1\STM32CubeIDE\workspace_1.16.1\f103_fw\Core\Src\stm32f1xx_it.c_save
2025-11-03 15:08:19,958 [INFO] CodeEngine:279 - Generated code: C:\Users\RND1\STM32CubeIDE\workspace_1.16.1\f103_fw\Core\Src\stm32f1xx_it.c
2025-11-03 15:08:19,984 [INFO] CodeEngine:255 - oldGeneratedFile, C:\Users\RND1\STM32CubeIDE\workspace_1.16.1\f103_fw\Core\Inc\stm32f1xx_it.h_save
2025-11-03 15:08:20,055 [INFO] CodeEngine:279 - Generated code: C:\Users\RND1\STM32CubeIDE\workspace_1.16.1\f103_fw\Core\Inc\stm32f1xx_it.h
2025-11-03 15:08:20,084 [INFO] CodeEngine:255 - oldGeneratedFile, C:\Users\RND1\STM32CubeIDE\workspace_1.16.1\f103_fw\Core\Src\stm32f1xx_hal_msp.c_save
2025-11-03 15:08:20,188 [INFO] CodeEngine:279 - Generated code: C:\Users\RND1\STM32CubeIDE\workspace_1.16.1\f103_fw\Core\Src\stm32f1xx_hal_msp.c
2025-11-03 15:08:20,199 [INFO] CodeEngine:255 - oldGeneratedFile, C:\Users\RND1\STM32CubeIDE\workspace_1.16.1\f103_fw\MXTmpFiles\system.tmp_save
2025-11-03 15:08:20,253 [INFO] CodeEngine:279 - Generated code: C:\Users\RND1\STM32CubeIDE\workspace_1.16.1\f103_fw\MXTmpFiles\system.tmp
2025-11-03 15:08:20,280 [INFO] CodeEngine:311 - oldGeneratedFile, C:\Users\RND1\STM32CubeIDE\workspace_1.16.1\f103_fw\Core\Inc\stm32f1xx_hal_conf.h_save
2025-11-03 15:08:20,361 [INFO] CodeEngine:335 - Generated code: C:\Users\RND1\STM32CubeIDE\workspace_1.16.1\f103_fw\Core\Inc\stm32f1xx_hal_conf.h
2025-11-03 15:08:20,421 [INFO] CodeEngine:255 - oldGeneratedFile, C:\Users\RND1\STM32CubeIDE\workspace_1.16.1\f103_fw\Core\Inc\main.h_save
2025-11-03 15:08:20,495 [INFO] CodeEngine:279 - Generated code: C:\Users\RND1\STM32CubeIDE\workspace_1.16.1\f103_fw\Core\Inc\main.h
2025-11-03 15:08:20,515 [INFO] CodeEngine:255 - oldGeneratedFile, C:\Users\RND1\STM32CubeIDE\workspace_1.16.1\f103_fw\Core\Src\main.c_save
2025-11-03 15:08:20,612 [INFO] CodeEngine:279 - Generated code: C:\Users\RND1\STM32CubeIDE\workspace_1.16.1\f103_fw\Core\Src\main.c
2025-11-03 15:08:20,924 [INFO] ProjectBuilder:3249 - Time for Copy HAL[1] : 188mS.
2025-11-03 15:08:20,929 [INFO] ProjectBuilder:4828 - Project Generator version: 4.5.0-B34
2025-11-03 15:08:20,980 [INFO] ConfigFileManager:1531 - The Die is : DIE410
2025-11-03 15:08:20,993 [INFO] ApiDbMcu:508 - Load IP Config File for FATFS
2025-11-03 15:08:21,007 [INFO] ApiDbMcu:508 - Load IP Config File for FREERTOS
2025-11-03 15:08:21,021 [INFO] ApiDbMcu:508 - Load IP Config File for USB_DEVICE
2025-11-03 15:08:21,510 [INFO] LogOutputStream:77 - [STDOUT_REDIRECT] 
2025-11-03 15:08:22,788 [INFO] ProjectBuilder:5097 - Time for Generating toolchain IDE Files: 1860mS.
2025-11-03 15:08:22,789 [INFO] ProjectBuilder:3107 - Time for Copy CMSIS : 0mS.
2025-11-03 15:08:22,792 [INFO] ProjectBuilder:3107 - Time for Copy CMSIS : 0mS.
2025-11-03 17:30:19,670 [ERROR] LogOutputStream:75 - [STDERR_REDIRECT] 
