2026-02-12 15:21:54,430 [INFO] Activator:176 - 


2026-02-12 15:21:54,436 [INFO] Activator:177 - !SESSION log4j initialized
2026-02-12 15:22:01,049 [INFO] LogOutputStream:77 - [STDOUT_REDIRECT] 
2026-02-12 15:22:08,553 [INFO] ApplicationProperties:184 - Using Application install path: C:\ST\STM32CubeIDE_1.16.1\STM32CubeIDE\plugins\com.st.stm32cube.common.mx_6.12.1.202409122256
2026-02-12 15:22:08,568 [INFO] DbMcusXml:78 - Set database path to: C:\ST\STM32CubeIDE_1.16.1\STM32CubeIDE\plugins\com.st.stm32cube.common.mx_6.12.1.202409122256\\db\/mcu/
2026-02-12 15:22:08,568 [INFO] ApiDb:274 - Set plugin database path to: C:\ST\STM32CubeIDE_1.16.1\STM32CubeIDE\plugins\com.st.stm32cube.common.mx_6.12.1.202409122256\\db\/plugins/boardmanager/
2026-02-12 15:22:08,568 [WARN] ApiDb:259 - Overriding images path with different value:  => C:\ST\STM32CubeIDE_1.16.1\STM32CubeIDE\plugins\com.st.stm32cube.common.mx_6.12.1.202409122256\\db\/plugins/mcufinder/images/
2026-02-12 15:22:08,583 [INFO] ApiDb:250 - Set database path to: C:\Users\RND1\.stmcufinder\plugins\mcufinder//mcu/
2026-02-12 15:22:08,584 [INFO] DbMcusAds:125 - Set database path to: C:\Users\RND1\.stmcufinder\plugins\mcufinder//mcu/
2026-02-12 15:22:08,587 [INFO] CrossReferenceDbSqlite:203 - Set database path to: C:\Users\RND1\.stmcufinder\plugins\mcufinder//mcu/cs/
2026-02-12 15:22:08,670 [INFO] RulesReader:64 - Compatibility file has been processed (297 Rules)
2026-02-12 15:22:08,744 [INFO] DbMcusXml:78 - Set database path to: C:\ST\STM32CubeIDE_1.16.1\STM32CubeIDE\plugins\com.st.stm32cube.common.mx_6.12.1.202409122256\\db\/mcu/
2026-02-12 15:22:08,744 [INFO] ApiDb:274 - Set plugin database path to: C:\ST\STM32CubeIDE_1.16.1\STM32CubeIDE\plugins\com.st.stm32cube.common.mx_6.12.1.202409122256\\db\/plugins/boardmanager/
2026-02-12 15:22:08,744 [INFO] ApiDb:261 - Set plugin images path to: C:\ST\STM32CubeIDE_1.16.1\STM32CubeIDE\plugins\com.st.stm32cube.common.mx_6.12.1.202409122256\\db\/plugins/mcufinder/images/
2026-02-12 15:22:08,744 [WARN] DbFile:41 - Overriding database path with different value: C:\Users\RND1\.stmcufinder\plugins\mcufinder/ => C:\Users\RND1\.stmcufinder\plugins\mcufinder
2026-02-12 15:22:08,744 [INFO] ApiDb:250 - Set database path to: C:\Users\RND1\.stmcufinder\plugins\mcufinder//mcu/
2026-02-12 15:22:08,744 [WARN] DbFile:41 - Overriding database path with different value: C:\Users\RND1\.stmcufinder\plugins\mcufinder/ => C:\Users\RND1\.stmcufinder\plugins\mcufinder
2026-02-12 15:22:08,744 [INFO] DbMcusAds:125 - Set database path to: C:\Users\RND1\.stmcufinder\plugins\mcufinder//mcu/
2026-02-12 15:22:08,744 [WARN] DbFile:41 - Overriding database path with different value: C:\Users\RND1\.stmcufinder\plugins\mcufinder/ => C:\Users\RND1\.stmcufinder\plugins\mcufinder
2026-02-12 15:22:08,744 [WARN] DbFile:41 - Overriding database path with different value: C:\Users\RND1\.stmcufinder\plugins\mcufinder/ => C:\Users\RND1\.stmcufinder\plugins\mcufinder
2026-02-12 15:22:08,745 [INFO] CrossReferenceDbSqlite:203 - Set database path to: C:\Users\RND1\.stmcufinder\plugins\mcufinder//mcu/cs/
2026-02-12 15:22:08,810 [INFO] MainPanel:268 - HeapMemory: 268435456
2026-02-12 15:22:08,893 [INFO] DbMcusXml:78 - Set database path to: C:\ST\STM32CubeIDE_1.16.1\STM32CubeIDE\plugins\com.st.stm32cube.common.mx_6.12.1.202409122256\\db\/mcu/
2026-02-12 15:22:08,894 [INFO] ApiDb:274 - Set plugin database path to: C:\ST\STM32CubeIDE_1.16.1\STM32CubeIDE\plugins\com.st.stm32cube.common.mx_6.12.1.202409122256\\db\/plugins/boardmanager/
2026-02-12 15:22:08,894 [INFO] ApiDb:261 - Set plugin images path to: C:\ST\STM32CubeIDE_1.16.1\STM32CubeIDE\plugins\com.st.stm32cube.common.mx_6.12.1.202409122256\\db\/plugins/mcufinder/images/
2026-02-12 15:22:08,894 [WARN] DbFile:41 - Overriding database path with different value: C:\Users\RND1\.stmcufinder\plugins\mcufinder/ => C:\Users\RND1\.stmcufinder\plugins\mcufinder
2026-02-12 15:22:08,894 [INFO] ApiDb:250 - Set database path to: C:\Users\RND1\.stmcufinder\plugins\mcufinder//mcu/
2026-02-12 15:22:08,894 [WARN] DbFile:41 - Overriding database path with different value: C:\Users\RND1\.stmcufinder\plugins\mcufinder/ => C:\Users\RND1\.stmcufinder\plugins\mcufinder
2026-02-12 15:22:08,894 [INFO] DbMcusAds:125 - Set database path to: C:\Users\RND1\.stmcufinder\plugins\mcufinder//mcu/
2026-02-12 15:22:08,894 [WARN] DbFile:41 - Overriding database path with different value: C:\Users\RND1\.stmcufinder\plugins\mcufinder/ => C:\Users\RND1\.stmcufinder\plugins\mcufinder
2026-02-12 15:22:08,894 [WARN] DbFile:41 - Overriding database path with different value: C:\Users\RND1\.stmcufinder\plugins\mcufinder/ => C:\Users\RND1\.stmcufinder\plugins\mcufinder
2026-02-12 15:22:08,894 [INFO] CrossReferenceDbSqlite:203 - Set database path to: C:\Users\RND1\.stmcufinder\plugins\mcufinder//mcu/cs/
2026-02-12 15:22:08,910 [INFO] ApplicationProperties:184 - Using Application install path: C:\ST\STM32CubeIDE_1.16.1\STM32CubeIDE\plugins\com.st.stm32cube.common.mx_6.12.1.202409122256
2026-02-12 15:22:08,911 [INFO] PluginManage:196 - Search for loadable plugins [exclusion list=, ]
2026-02-12 15:22:08,912 [INFO] PluginManage:310 - Check plugin analytics
2026-02-12 15:22:09,075 [INFO] AnalyticsPlugin:253 - Accepted Software Licenses: STM32CubeMX.6.10.0
2026-02-12 15:22:09,075 [INFO] AnalyticsPlugin:255 - Accepted CMSIS Pack Licenses: 
2026-02-12 15:22:09,076 [INFO] AnalyticsPlugin:257 - Accepted Firmware Licenses: FW.G4.1.5.0,FW.G4.1.6.0,FW.F4.1.28.0,FW.H7.1.11.0,FW.H7.1.12.0
2026-02-12 15:22:09,078 [INFO] PluginManage:359 - Loaded plugin analytics (category:tool,tabindex:-1)
2026-02-12 15:22:09,079 [INFO] PluginManage:310 - Check plugin cadmodel
2026-02-12 15:22:09,098 [INFO] CADModel:105 - Init CAD model plugin
2026-02-12 15:22:09,098 [INFO] PluginManage:359 - Loaded plugin cadmodel (category:power,tabindex:5)
2026-02-12 15:22:09,099 [INFO] PluginManage:310 - Check plugin clock
2026-02-12 15:22:09,120 [INFO] PluginManage:359 - Loaded plugin clock (category:base,tabindex:2)
2026-02-12 15:22:09,120 [INFO] PluginManage:310 - Check plugin ddr
2026-02-12 15:22:09,122 [INFO] PluginManage:359 - Loaded plugin ddr (category:tool,tabindex:6)
2026-02-12 15:22:09,123 [INFO] PluginManage:310 - Check plugin filemanager
2026-02-12 15:22:09,263 [INFO] PluginManage:359 - Loaded plugin filemanager (category:base,tabindex:10)
2026-02-12 15:22:09,263 [INFO] PluginManage:310 - Check plugin ipmanager
2026-02-12 15:22:09,272 [INFO] PluginManage:359 - Loaded plugin ipmanager (category:base,tabindex:5)
2026-02-12 15:22:09,272 [INFO] PluginManage:310 - Check plugin lpbam
2026-02-12 15:22:09,290 [INFO] PluginManage:359 - Loaded plugin lpbam (category:base,tabindex:0)
2026-02-12 15:22:09,290 [INFO] PluginManage:310 - Check plugin memorymap
2026-02-12 15:22:09,312 [INFO] PluginManage:359 - Loaded plugin memorymap (category:base,tabindex:4)
2026-02-12 15:22:09,312 [INFO] PluginManage:310 - Check plugin pinoutandconfiguration
2026-02-12 15:22:09,330 [INFO] PluginManage:359 - Loaded plugin pinoutandconfiguration (category:base,tabindex:1)
2026-02-12 15:22:09,331 [INFO] PluginManage:310 - Check plugin pinoutconfig
2026-02-12 15:22:09,413 [WARN] SupportedApi:132 - Cannot load RTOS API schema: s4s-elt-must-match.1: The content of 'definitions' must match (annotation?, (simpleType | complexType)?, (unique | key | keyref)*)). A problem was found starting at: attribute.
2026-02-12 15:22:09,527 [INFO] PluginManage:359 - Loaded plugin pinoutconfig (category:base,tabindex:0)
2026-02-12 15:22:09,527 [INFO] PluginManage:310 - Check plugin power
2026-02-12 15:22:09,548 [INFO] PluginManage:359 - Loaded plugin power (category:power,tabindex:4)
2026-02-12 15:22:09,548 [INFO] PluginManage:310 - Check plugin projectmanager
2026-02-12 15:22:09,561 [INFO] PluginManage:359 - Loaded plugin projectmanager (category:projectmanager,tabindex:4)
2026-02-12 15:22:09,561 [INFO] PluginManage:310 - Check plugin rif
2026-02-12 15:22:09,578 [INFO] PluginManage:359 - Loaded plugin rif (category:base,tabindex:3)
2026-02-12 15:22:09,578 [INFO] PluginManage:310 - Check plugin thirdparty
2026-02-12 15:22:09,837 [INFO] PluginManage:359 - Loaded plugin thirdparty (category:base,tabindex:-1)
2026-02-12 15:22:09,837 [WARN] IntegrityCheckThread:84 - waiting for thirdparty lock release [integrity check]
2026-02-12 15:22:09,837 [INFO] PluginManage:310 - Check plugin tools
2026-02-12 15:22:09,837 [INFO] IntegrityCheckThread:86 - entering critical section [integrity check]
2026-02-12 15:22:09,837 [INFO] ThirdPartyUpdaterWithRetryManager:70 - Updater plugin not ready yet. [1/15]
2026-02-12 15:22:09,874 [INFO] PluginManage:359 - Loaded plugin tools (category:base,tabindex:7)
2026-02-12 15:22:09,874 [INFO] PluginManage:310 - Check plugin tutovideos
2026-02-12 15:22:10,046 [INFO] PluginManage:359 - Loaded plugin tutovideos (category:base,tabindex:-1)
2026-02-12 15:22:10,046 [INFO] PluginManage:310 - Check plugin updater
2026-02-12 15:22:10,060 [INFO] PluginManage:359 - Loaded plugin updater (category:base,tabindex:12)
2026-02-12 15:22:10,060 [INFO] PluginManage:310 - Check plugin userauth
2026-02-12 15:22:10,066 [INFO] UserAuth:113 - Init User Auth plugin
2026-02-12 15:22:10,066 [INFO] PluginManage:359 - Loaded plugin userauth (category:base,tabindex:14)
2026-02-12 15:22:10,066 [INFO] PluginManage:283 - PluginManage : Loaded plugins [18]
2026-02-12 15:22:10,255 [INFO] PinOutPanel:1561 - setPackage(No Configuration,No Configuration)
2026-02-12 15:22:10,327 [INFO] CADModel:165 - CPN selected for project level
2026-02-12 15:22:10,327 [INFO] CADModel:114 - Register for checkConnection events
2026-02-12 15:22:10,352 [INFO] IPUIPlugin:80 - create IPUIPlugin
2026-02-12 15:22:10,352 [INFO] PluginManager:220 - loadIPPluginJar : add adc
2026-02-12 15:22:10,393 [INFO] IPUIPlugin:80 - create IPUIPlugin
2026-02-12 15:22:10,394 [INFO] PluginManager:220 - loadIPPluginJar : add aes
2026-02-12 15:22:10,441 [INFO] IPUIPlugin:80 - create IPUIPlugin
2026-02-12 15:22:10,441 [INFO] PluginManager:220 - loadIPPluginJar : add can
2026-02-12 15:22:10,466 [INFO] IPUIPlugin:80 - create IPUIPlugin
2026-02-12 15:22:10,466 [INFO] PluginManager:220 - loadIPPluginJar : add comp
2026-02-12 15:22:10,498 [INFO] IPUIPlugin:80 - create IPUIPlugin
2026-02-12 15:22:10,499 [INFO] PluginManager:220 - loadIPPluginJar : add cryp
2026-02-12 15:22:10,510 [INFO] IPUIPlugin:80 - create IPUIPlugin
2026-02-12 15:22:10,510 [INFO] PluginManager:220 - loadIPPluginJar : add ddr_ctrl_phy
2026-02-12 15:22:10,539 [INFO] IPUIPlugin:80 - create IPUIPlugin
2026-02-12 15:22:10,539 [INFO] PluginManager:220 - loadIPPluginJar : add dfsdm
2026-02-12 15:22:10,551 [INFO] IPUIPlugin:80 - create IPUIPlugin
2026-02-12 15:22:10,551 [INFO] PluginManager:220 - loadIPPluginJar : add dma
2026-02-12 15:22:10,596 [INFO] IPUIPlugin:80 - create IPUIPlugin
2026-02-12 15:22:10,596 [INFO] PluginManager:220 - loadIPPluginJar : add dma3
2026-02-12 15:22:10,639 [INFO] IPUIPlugin:80 - create IPUIPlugin
2026-02-12 15:22:10,640 [INFO] PluginManager:220 - loadIPPluginJar : add extmemmanager
2026-02-12 15:22:10,662 [INFO] IPUIPlugin:80 - create IPUIPlugin
2026-02-12 15:22:10,662 [INFO] PluginManager:220 - loadIPPluginJar : add fatfs
2026-02-12 15:22:10,709 [INFO] IPUIPlugin:80 - create IPUIPlugin
2026-02-12 15:22:10,710 [INFO] PluginManager:220 - loadIPPluginJar : add fmc
2026-02-12 15:22:10,725 [INFO] IPUIPlugin:80 - create IPUIPlugin
2026-02-12 15:22:10,725 [INFO] PluginManager:220 - loadIPPluginJar : add freertos
2026-02-12 15:22:10,747 [INFO] IPUIPlugin:80 - create IPUIPlugin
2026-02-12 15:22:10,748 [INFO] PluginManager:220 - loadIPPluginJar : add genericplugin
2026-02-12 15:22:10,835 [INFO] IPUIPlugin:80 - create IPUIPlugin
2026-02-12 15:22:10,835 [INFO] PluginManager:220 - loadIPPluginJar : add gfxmmu
2026-02-12 15:22:10,962 [INFO] IPUIPlugin:80 - create IPUIPlugin
2026-02-12 15:22:10,962 [INFO] PluginManager:220 - loadIPPluginJar : add gic
2026-02-12 15:22:10,977 [INFO] IPUIPlugin:80 - create IPUIPlugin
2026-02-12 15:22:10,977 [INFO] PluginManager:220 - loadIPPluginJar : add gpio
2026-02-12 15:22:11,071 [INFO] IPUIPlugin:80 - create IPUIPlugin
2026-02-12 15:22:11,071 [INFO] PluginManager:220 - loadIPPluginJar : add gtzc
2026-02-12 15:22:11,104 [INFO] IPUIPlugin:80 - create IPUIPlugin
2026-02-12 15:22:11,104 [INFO] PluginManager:220 - loadIPPluginJar : add hash
2026-02-12 15:22:11,155 [INFO] IPUIPlugin:80 - create IPUIPlugin
2026-02-12 15:22:11,155 [INFO] PluginManager:220 - loadIPPluginJar : add i2c
2026-02-12 15:22:11,193 [INFO] IPUIPlugin:80 - create IPUIPlugin
2026-02-12 15:22:11,194 [INFO] PluginManager:220 - loadIPPluginJar : add i2s
2026-02-12 15:22:11,235 [INFO] IPUIPlugin:80 - create IPUIPlugin
2026-02-12 15:22:11,235 [INFO] PluginManager:220 - loadIPPluginJar : add i3c
2026-02-12 15:22:11,326 [INFO] IPUIPlugin:80 - create IPUIPlugin
2026-02-12 15:22:11,326 [INFO] PluginManager:220 - loadIPPluginJar : add ipddr
2026-02-12 15:22:11,426 [INFO] IPUIPlugin:80 - create IPUIPlugin
2026-02-12 15:22:11,427 [INFO] PluginManager:220 - loadIPPluginJar : add linkedlist
2026-02-12 15:22:11,463 [INFO] IPUIPlugin:80 - create IPUIPlugin
2026-02-12 15:22:11,463 [INFO] PluginManager:220 - loadIPPluginJar : add lorawan
2026-02-12 15:22:11,500 [INFO] IPUIPlugin:80 - create IPUIPlugin
2026-02-12 15:22:11,500 [INFO] PluginManager:220 - loadIPPluginJar : add ltdc
2026-02-12 15:22:11,513 [INFO] IPUIPlugin:80 - create IPUIPlugin
2026-02-12 15:22:11,513 [INFO] PluginManager:220 - loadIPPluginJar : add mdma
2026-02-12 15:22:11,525 [INFO] IPUIPlugin:80 - create IPUIPlugin
2026-02-12 15:22:11,525 [INFO] PluginManager:220 - loadIPPluginJar : add nvic
2026-02-12 15:22:11,563 [INFO] IPUIPlugin:80 - create IPUIPlugin
2026-02-12 15:22:11,564 [INFO] PluginManager:220 - loadIPPluginJar : add opamp
2026-02-12 15:22:11,622 [INFO] IPUIPlugin:80 - create IPUIPlugin
2026-02-12 15:22:11,622 [INFO] PluginManager:220 - loadIPPluginJar : add openamp
2026-02-12 15:22:11,663 [INFO] IPUIPlugin:80 - create IPUIPlugin
2026-02-12 15:22:11,663 [INFO] PluginManager:220 - loadIPPluginJar : add pdm2pcm
2026-02-12 15:22:11,675 [INFO] IPUIPlugin:80 - create IPUIPlugin
2026-02-12 15:22:11,677 [INFO] PluginManager:220 - loadIPPluginJar : add plateformsettings
2026-02-12 15:22:11,702 [INFO] IPUIPlugin:80 - create IPUIPlugin
2026-02-12 15:22:11,702 [INFO] PluginManager:220 - loadIPPluginJar : add quadspi
2026-02-12 15:22:11,726 [INFO] IPUIPlugin:80 - create IPUIPlugin
2026-02-12 15:22:11,727 [INFO] PluginManager:220 - loadIPPluginJar : add radio
2026-02-12 15:22:11,739 [INFO] IPUIPlugin:80 - create IPUIPlugin
2026-02-12 15:22:11,739 [INFO] PluginManager:220 - loadIPPluginJar : add resmgrutility
2026-02-12 15:22:11,782 [INFO] IPUIPlugin:80 - create IPUIPlugin
2026-02-12 15:22:11,782 [INFO] PluginManager:220 - loadIPPluginJar : add sai
2026-02-12 15:22:11,823 [INFO] IPUIPlugin:80 - create IPUIPlugin
2026-02-12 15:22:11,823 [INFO] PluginManager:220 - loadIPPluginJar : add spi
2026-02-12 15:22:11,900 [INFO] IPUIPlugin:80 - create IPUIPlugin
2026-02-12 15:22:11,900 [INFO] PluginManager:220 - loadIPPluginJar : add stm32_wpan
2026-02-12 15:22:11,925 [INFO] IPUIPlugin:80 - create IPUIPlugin
2026-02-12 15:22:11,926 [INFO] PluginManager:220 - loadIPPluginJar : add tim
2026-02-12 15:22:11,995 [INFO] IPUIPlugin:80 - create IPUIPlugin
2026-02-12 15:22:11,995 [INFO] PluginManager:220 - loadIPPluginJar : add touchsensing
2026-02-12 15:22:12,022 [INFO] IPUIPlugin:80 - create IPUIPlugin
2026-02-12 15:22:12,022 [INFO] PluginManager:220 - loadIPPluginJar : add tracer_emb
2026-02-12 15:22:12,049 [INFO] IPUIPlugin:80 - create IPUIPlugin
2026-02-12 15:22:12,050 [INFO] PluginManager:220 - loadIPPluginJar : add ts
2026-02-12 15:22:12,075 [INFO] IPUIPlugin:80 - create IPUIPlugin
2026-02-12 15:22:12,075 [INFO] PluginManager:220 - loadIPPluginJar : add tsc
2026-02-12 15:22:12,097 [INFO] IPUIPlugin:80 - create IPUIPlugin
2026-02-12 15:22:12,098 [INFO] PluginManager:220 - loadIPPluginJar : add ucpd
2026-02-12 15:22:12,142 [INFO] IPUIPlugin:80 - create IPUIPlugin
2026-02-12 15:22:12,142 [INFO] PluginManager:220 - loadIPPluginJar : add usart
2026-02-12 15:22:12,186 [INFO] IPUIPlugin:80 - create IPUIPlugin
2026-02-12 15:22:12,186 [INFO] PluginManager:220 - loadIPPluginJar : add usbx
2026-02-12 15:22:12,299 [INFO] CADModel:165 - CPN selected for project level
2026-02-12 15:22:12,300 [INFO] CADModel:114 - Register for checkConnection events
2026-02-12 15:22:12,301 [FATAL] Updater:334 - Updater called before beeing initialized
2026-02-12 15:22:12,301 [ERROR] CADModel:125 - Updater not yet initialized, retry later 
2026-02-12 15:22:12,395 [INFO] CADModel:165 - CPN selected for project level
2026-02-12 15:22:12,395 [INFO] CADModel:114 - Register for checkConnection events
2026-02-12 15:22:12,395 [FATAL] Updater:334 - Updater called before beeing initialized
2026-02-12 15:22:12,395 [ERROR] CADModel:125 - Updater not yet initialized, retry later 
2026-02-12 15:22:12,397 [FATAL] Updater:334 - Updater called before beeing initialized
2026-02-12 15:22:12,486 [FATAL] Updater:334 - Updater called before beeing initialized
2026-02-12 15:22:12,496 [INFO] DbMcusAds:53 - JSON generation date=Fri Jan 09 00:56:32 KST 2026 (1767887792457)
2026-02-12 15:22:12,496 [FATAL] Updater:334 - Updater called before beeing initialized
2026-02-12 15:22:12,527 [WARN] DetailPanel:346 - Failed to get advertising image, set to default
2026-02-12 15:22:12,596 [FATAL] Updater:334 - Updater called before beeing initialized
2026-02-12 15:22:12,597 [FATAL] Updater:334 - Updater called before beeing initialized
2026-02-12 15:22:12,597 [FATAL] Updater:334 - Updater called before beeing initialized
2026-02-12 15:22:12,597 [WARN] DetailPanel:346 - Failed to get advertising image, set to default
2026-02-12 15:22:12,598 [FATAL] Updater:334 - Updater called before beeing initialized
2026-02-12 15:22:12,649 [ERROR] Updater:1164 - MainUpdater not yet initialized. External WinMGr cannot be set.
2026-02-12 15:22:12,660 [INFO] Updater:1100 - Updater Version found : 6.12.1
2026-02-12 15:22:12,675 [INFO] ApplicationProperties:184 - Using Application install path: C:\ST\STM32CubeIDE_1.16.1\STM32CubeIDE\plugins\com.st.stm32cube.common.mx_6.12.1.202409122256
2026-02-12 15:22:12,839 [INFO] ThirdPartyUpdaterWithRetryManager:70 - Updater plugin not ready yet. [2/15]
2026-02-12 15:22:13,602 [INFO] MainUpdater:2873 - connection check result : 10
2026-02-12 15:22:13,602 [INFO] MainUpdater:290 - Updater Check For Update Now.
2026-02-12 15:22:13,602 [INFO] MicroXplorer:498 - Change Database Version : DB.6.0.121
2026-02-12 15:22:13,627 [INFO] McuFinderGlobals:63 - Set McuFinder mode to 2 (CubeIDE integrated)
2026-02-12 15:22:13,635 [INFO] UserAuth:417 - Internet connection configuration mode: 1
2026-02-12 15:22:13,663 [INFO] JxBrowserEngine:152 - Initiate JxBrowser Engine with user profile folder
2026-02-12 15:22:13,792 [INFO] CheckServerUpdateThread:120 - End of CheckServer Thread
2026-02-12 15:22:16,161 [INFO] WebApp:167 - Instantiating new browser for Auth
2026-02-12 15:22:16,221 [WARN] PackLoader:240 - Cannot read IP mode file for STMicroelectronics.FP-SNS-MOTENVWB1.1.4.0
2026-02-12 15:22:16,236 [WARN] PackLoader:240 - Cannot read IP mode file for STMicroelectronics.FP-ATR-ASTRA1.2.0.2
2026-02-12 15:22:16,246 [WARN] PackLoader:240 - Cannot read IP mode file for STMicroelectronics.FP-ATR-ASTRA1.2.0.1
2026-02-12 15:22:16,263 [WARN] PackLoader:240 - Cannot read IP mode file for STMicroelectronics.X-CUBE-SMBUS.2.1.0
2026-02-12 15:22:16,279 [WARN] PackLoader:240 - Cannot read IP mode file for STMicroelectronics.X-CUBE-WB05N.1.1.0
2026-02-12 15:22:16,289 [ERROR] Engine:466 - C:\Users\RND1\.stm32cubemx\thirdparties\pdsc\STMicroelectronics.X-CUBE-ST60.1.0.0.pdsc: PDSC version is not supported
2026-02-12 15:22:16,304 [WARN] PackLoader:240 - Cannot read IP mode file for STMicroelectronics.X-CUBE-TOUCHGFX.4.23.0
2026-02-12 15:22:16,316 [WARN] PackLoader:240 - Cannot read IP mode file for STMicroelectronics.X-CUBE-TOUCHGFX.4.23.2
2026-02-12 15:22:16,346 [WARN] PackLoader:240 - Cannot read IP mode file for STMicroelectronics.X-CUBE-AZRTOS-F7.1.1.0
2026-02-12 15:22:16,361 [WARN] PackLoader:240 - Cannot read IP mode file for STMicroelectronics.FP-SNS-MOTENV1.4.3.2
2026-02-12 15:22:16,403 [WARN] PackLoader:240 - Cannot read IP mode file for STMicroelectronics.X-CUBE-MEMS1.11.0.0
2026-02-12 15:22:16,519 [ERROR] Engine:466 - C:\Users\RND1\.stm32cubemx\thirdparties\pdsc\STMicroelectronics.FP-SNS-MOTENV1.5.1.0.pdsc: PDSC version is not supported
2026-02-12 15:22:16,532 [WARN] PackLoader:240 - Cannot read IP mode file for STMicroelectronics.FP-SNS-FLIGHT1.5.0.2
2026-02-12 15:22:16,558 [WARN] PackLoader:240 - Cannot read IP mode file for STMicroelectronics.X-CUBE-AZRTOS-H7.3.4.0
2026-02-12 15:22:16,579 [WARN] PackLoader:240 - Cannot read IP mode file for STMicroelectronics.X-CUBE-DISPLAY.3.0.0
2026-02-12 15:22:16,600 [WARN] PackLoader:240 - Cannot read IP mode file for STMicroelectronics.X-CUBE-BLE1.7.0.0
2026-02-12 15:22:16,620 [WARN] PackLoader:240 - Cannot read IP mode file for STMicroelectronics.X-CUBE-NFC10.1.0.0
2026-02-12 15:22:16,645 [WARN] PackLoader:240 - Cannot read IP mode file for STMicroelectronics.X-CUBE-BLEMGR.4.0.0
2026-02-12 15:22:16,664 [ERROR] Engine:466 - C:\Users\RND1\.stm32cubemx\thirdparties\pdsc\STMicroelectronics.X-CUBE-ST60.1.1.0.pdsc: PDSC version is not supported
2026-02-12 15:22:16,681 [WARN] PackLoader:240 - Cannot read IP mode file for emotas.I-CUBE-CANOPEN.1.3.0
2026-02-12 15:22:16,697 [WARN] PackLoader:240 - Cannot read IP mode file for STMicroelectronics.X-CUBE-GNSS1.7.1.0
2026-02-12 15:22:16,718 [WARN] PackLoader:240 - Cannot read IP mode file for STMicroelectronics.X-CUBE-BLEMGR.3.1.0
2026-02-12 15:22:16,734 [WARN] PackLoader:240 - Cannot read IP mode file for STMicroelectronics.X-CUBE-AI.10.0.0
2026-02-12 15:22:16,752 [ERROR] Engine:466 - C:\Users\RND1\.stm32cubemx\thirdparties\pdsc\STMicroelectronics.FP-SNS-STBOX1.2.1.0.pdsc: PDSC version is not supported
2026-02-12 15:22:16,770 [WARN] PackLoader:240 - Cannot read IP mode file for STMicroelectronics.FP-SNS-SMARTAG2.1.2.0
2026-02-12 15:22:16,787 [ERROR] Engine:466 - C:\Users\RND1\.stm32cubemx\thirdparties\pdsc\STMicroelectronics.FP-SNS-FLIGHT1.5.1.0.pdsc: PDSC version is not supported
2026-02-12 15:22:16,836 [WARN] PackLoader:240 - Cannot read IP mode file for STMicroelectronics.X-CUBE-MEMS1.11.1.0
2026-02-12 15:22:16,951 [INFO] LogOutputStream:77 - [STDOUT_REDIRECT] 1 : Invalid condition id : UX_CORESTACK_Condition cause : null
2026-02-12 15:22:16,953 [INFO] LogOutputStream:77 - [STDOUT_REDIRECT] 1 : Invalid condition id : UX_CORESTACK_Condition cause : null
2026-02-12 15:22:16,955 [INFO] LogOutputStream:77 - [STDOUT_REDIRECT] 1 : Invalid condition id : UX_CORESTACK_Condition cause : null
2026-02-12 15:22:16,957 [INFO] LogOutputStream:77 - [STDOUT_REDIRECT] 1 : Invalid condition id : UX_CORESTACK_Condition cause : null
2026-02-12 15:22:16,959 [INFO] LogOutputStream:77 - [STDOUT_REDIRECT] 1 : Invalid condition id : UX_CORESTACK_Condition cause : null
2026-02-12 15:22:16,968 [WARN] PackLoader:240 - Cannot read IP mode file for STMicroelectronics.X-CUBE-AZRTOS-WL.2.0.0
2026-02-12 15:22:16,993 [WARN] PackLoader:240 - Cannot read IP mode file for STMicroelectronics.FP-SNS-MOTENV1.5.0.0
2026-02-12 15:22:17,040 [WARN] PackLoader:240 - Cannot read IP mode file for STMicroelectronics.X-CUBE-AZRTOS-H7RS.1.2.0
2026-02-12 15:22:17,064 [WARN] PackLoader:240 - Cannot read IP mode file for wolfSSL.I-CUBE-wolfMQTT.1.19.0
2026-02-12 15:22:17,086 [WARN] PackLoader:240 - Cannot read IP mode file for WES.I-CUBE-Cesium.1.3.0
2026-02-12 15:22:17,112 [WARN] PackLoader:240 - Cannot read IP mode file for STMicroelectronics.X-CUBE-BLE2.3.3.0
2026-02-12 15:22:17,129 [ERROR] Engine:466 - C:\Users\RND1\.stm32cubemx\thirdparties\pdsc\Avnet-IOTCONNECT.X-CUBE-iotc-st67-sdk.1.0.0.pdsc: PDSC version is not supported
2026-02-12 15:22:17,148 [WARN] PackLoader:240 - Cannot read IP mode file for STMicroelectronics.X-CUBE-NFC9.1.0.0
2026-02-12 15:22:17,166 [WARN] PackLoader:240 - Cannot read IP mode file for STMicroelectronics.X-CUBE-BLE1.7.1.0
2026-02-12 15:22:17,181 [WARN] PackLoader:240 - Cannot read IP mode file for STMicroelectronics.X-CUBE-TCPP.4.1.0
2026-02-12 15:22:17,198 [ERROR] Engine:466 - C:\Users\RND1\.stm32cubemx\thirdparties\pdsc\STMicroelectronics.X-CUBE-FREERTOS.1.4.0.pdsc: PDSC version is not supported
2026-02-12 15:22:17,213 [WARN] PackLoader:240 - Cannot read IP mode file for STMicroelectronics.X-CUBE-EEPRMA1.5.2.0
2026-02-12 15:22:17,227 [ERROR] Engine:466 - C:\Users\RND1\.stm32cubemx\thirdparties\pdsc\STMicroelectronics.X-CUBE-ST67W61.1.1.0.pdsc: PDSC version is not supported
2026-02-12 15:22:17,239 [WARN] PackLoader:240 - Cannot read IP mode file for STMicroelectronics.X-CUBE-AI.10.1.0
2026-02-12 15:22:17,303 [WARN] PackLoader:240 - Cannot read IP mode file for STMicroelectronics.X-CUBE-MEMS1.12.0.0
2026-02-12 15:22:17,373 [WARN] PackLoader:240 - Cannot read IP mode file for STMicroelectronics.X-CUBE-ALGOBUILD.1.3.0
2026-02-12 15:22:17,415 [WARN] PackLoader:240 - Cannot read IP mode file for STMicroelectronics.X-CUBE-MEMS1.11.2.0
2026-02-12 15:22:17,434 [INFO] WebApp:448 - Apply proxy settings
2026-02-12 15:22:17,447 [INFO] WebApp:493 - Chromium authenticates against Manually configured proxy
2026-02-12 15:22:17,460 [INFO] WebApp:501 - Username used for proxy authentication: 
2026-02-12 15:22:17,511 [WARN] PackLoader:240 - Cannot read IP mode file for STMicroelectronics.X-CUBE-AZRTOS-G0.1.1.0
2026-02-12 15:22:17,529 [WARN] PackLoader:240 - Cannot read IP mode file for STMicroelectronics.X-CUBE-SAFEA1.1.2.2
2026-02-12 15:22:17,544 [WARN] PackLoader:240 - Cannot read IP mode file for STMicroelectronics.X-CUBE-NFC4.3.0.0
2026-02-12 15:22:17,556 [WARN] PackLoader:240 - Cannot read IP mode file for wolfSSL.I-CUBE-wolfMQTT.1.18.0
2026-02-12 15:22:17,575 [WARN] PackLoader:240 - Cannot read IP mode file for EmbeddedOffice.I-CUBE-FS-RTOS.1.0.1
2026-02-12 15:22:17,576 [ERROR] ConditionMgr:805 - Attr not supported : Dmpu
2026-02-12 15:22:17,576 [ERROR] ConditionMgr:805 - Attr not supported : Dmpu
2026-02-12 15:22:17,576 [ERROR] ConditionMgr:805 - Attr not supported : Dmpu
2026-02-12 15:22:17,576 [ERROR] ConditionMgr:805 - Attr not supported : Dmpu
2026-02-12 15:22:17,576 [ERROR] ConditionMgr:805 - Attr not supported : Dmpu
2026-02-12 15:22:17,576 [ERROR] ConditionMgr:805 - Attr not supported : Dmpu
2026-02-12 15:22:17,576 [ERROR] ConditionMgr:805 - Attr not supported : Dmpu
2026-02-12 15:22:17,576 [ERROR] ConditionMgr:805 - Attr not supported : Dmpu
2026-02-12 15:22:17,576 [ERROR] ConditionMgr:805 - Attr not supported : Dmpu
2026-02-12 15:22:17,576 [ERROR] ConditionMgr:805 - Attr not supported : Dmpu
2026-02-12 15:22:17,576 [ERROR] ConditionMgr:805 - Attr not supported : Dmpu
2026-02-12 15:22:17,576 [ERROR] ConditionMgr:805 - Attr not supported : Dmpu
2026-02-12 15:22:17,577 [ERROR] ConditionMgr:805 - Attr not supported : Dmpu
2026-02-12 15:22:17,577 [ERROR] ConditionMgr:805 - Attr not supported : Dmpu
2026-02-12 15:22:17,577 [ERROR] ConditionMgr:805 - Attr not supported : Dmpu
2026-02-12 15:22:17,577 [ERROR] ConditionMgr:805 - Attr not supported : Dmpu
2026-02-12 15:22:17,577 [ERROR] ConditionMgr:805 - Attr not supported : Dmpu
2026-02-12 15:22:17,577 [ERROR] ConditionMgr:805 - Attr not supported : Dmpu
2026-02-12 15:22:17,577 [ERROR] ConditionMgr:805 - Attr not supported : Dmpu
2026-02-12 15:22:17,577 [ERROR] ConditionMgr:805 - Attr not supported : Dmpu
2026-02-12 15:22:17,577 [ERROR] ConditionMgr:805 - Attr not supported : Dmpu
2026-02-12 15:22:17,577 [ERROR] ConditionMgr:805 - Attr not supported : Dmpu
2026-02-12 15:22:17,577 [ERROR] ConditionMgr:805 - Attr not supported : Dmpu
2026-02-12 15:22:17,577 [ERROR] ConditionMgr:805 - Attr not supported : Dmpu
2026-02-12 15:22:17,577 [ERROR] ConditionMgr:805 - Attr not supported : Dmpu
2026-02-12 15:22:17,577 [ERROR] ConditionMgr:805 - Attr not supported : Dmpu
2026-02-12 15:22:17,577 [ERROR] ConditionMgr:805 - Attr not supported : Dmpu
2026-02-12 15:22:17,577 [ERROR] ConditionMgr:805 - Attr not supported : Dmpu
2026-02-12 15:22:17,577 [ERROR] ConditionMgr:805 - Attr not supported : Dmpu
2026-02-12 15:22:17,577 [ERROR] ConditionMgr:805 - Attr not supported : Dmpu
2026-02-12 15:22:17,577 [ERROR] ConditionMgr:805 - Attr not supported : Dmpu
2026-02-12 15:22:17,577 [ERROR] ConditionMgr:805 - Attr not supported : Dmpu
2026-02-12 15:22:17,578 [ERROR] ConditionMgr:805 - Attr not supported : Dmpu
2026-02-12 15:22:17,578 [ERROR] ConditionMgr:805 - Attr not supported : Dmpu
2026-02-12 15:22:17,578 [ERROR] ConditionMgr:805 - Attr not supported : Dmpu
2026-02-12 15:22:17,578 [ERROR] ConditionMgr:805 - Attr not supported : Dmpu
2026-02-12 15:22:17,578 [ERROR] ConditionMgr:805 - Attr not supported : Dmpu
2026-02-12 15:22:17,578 [ERROR] ConditionMgr:805 - Attr not supported : Dmpu
2026-02-12 15:22:17,578 [ERROR] ConditionMgr:805 - Attr not supported : Dmpu
2026-02-12 15:22:17,578 [ERROR] ConditionMgr:805 - Attr not supported : Dmpu
2026-02-12 15:22:17,578 [ERROR] ConditionMgr:805 - Attr not supported : Dmpu
2026-02-12 15:22:17,578 [ERROR] ConditionMgr:805 - Attr not supported : Dmpu
2026-02-12 15:22:17,578 [ERROR] ConditionMgr:805 - Attr not supported : Dmpu
2026-02-12 15:22:17,578 [ERROR] ConditionMgr:805 - Attr not supported : Dmpu
2026-02-12 15:22:17,578 [ERROR] ConditionMgr:805 - Attr not supported : Dmpu
2026-02-12 15:22:17,578 [ERROR] ConditionMgr:805 - Attr not supported : Dmpu
2026-02-12 15:22:17,578 [ERROR] ConditionMgr:805 - Attr not supported : Dmpu
2026-02-12 15:22:17,578 [ERROR] ConditionMgr:805 - Attr not supported : Dmpu
2026-02-12 15:22:17,578 [ERROR] ConditionMgr:805 - Attr not supported : Dmpu
2026-02-12 15:22:17,578 [ERROR] ConditionMgr:805 - Attr not supported : Dmpu
2026-02-12 15:22:17,578 [ERROR] ConditionMgr:805 - Attr not supported : Dmpu
2026-02-12 15:22:17,578 [ERROR] ConditionMgr:805 - Attr not supported : Dmpu
2026-02-12 15:22:17,578 [ERROR] ConditionMgr:805 - Attr not supported : Dmpu
2026-02-12 15:22:17,578 [ERROR] ConditionMgr:805 - Attr not supported : Dmpu
2026-02-12 15:22:17,578 [ERROR] ConditionMgr:805 - Attr not supported : Dmpu
2026-02-12 15:22:17,579 [ERROR] ConditionMgr:805 - Attr not supported : Dmpu
2026-02-12 15:22:17,579 [ERROR] ConditionMgr:805 - Attr not supported : Dmpu
2026-02-12 15:22:17,579 [ERROR] ConditionMgr:805 - Attr not supported : Dmpu
2026-02-12 15:22:17,579 [ERROR] ConditionMgr:805 - Attr not supported : Dmpu
2026-02-12 15:22:17,579 [ERROR] ConditionMgr:805 - Attr not supported : Dmpu
2026-02-12 15:22:17,579 [ERROR] ConditionMgr:805 - Attr not supported : Dmpu
2026-02-12 15:22:17,579 [ERROR] ConditionMgr:805 - Attr not supported : Dmpu
2026-02-12 15:22:17,579 [ERROR] ConditionMgr:805 - Attr not supported : Dmpu
2026-02-12 15:22:17,579 [ERROR] ConditionMgr:805 - Attr not supported : Dmpu
2026-02-12 15:22:17,590 [INFO] WebApp:869 - Register for checkConnection events
2026-02-12 15:22:17,590 [INFO] WebApp:448 - Apply proxy settings
2026-02-12 15:22:17,593 [WARN] PackLoader:240 - Cannot read IP mode file for STMicroelectronics.X-CUBE-WB05N.2.0.0
2026-02-12 15:22:17,594 [INFO] WebApp:493 - Chromium authenticates against Manually configured proxy
2026-02-12 15:22:17,594 [INFO] WebApp:501 - Username used for proxy authentication: 
2026-02-12 15:22:17,610 [WARN] PackLoader:240 - Cannot read IP mode file for STMicroelectronics.X-CUBE-BLEMGR.3.0.0
2026-02-12 15:22:17,623 [ERROR] Engine:466 - C:\Users\RND1\.stm32cubemx\thirdparties\pdsc\STMicroelectronics.X-CUBE-TCPP.4.2.0.pdsc: PDSC version is not supported
2026-02-12 15:22:17,637 [WARN] PackLoader:240 - Cannot read IP mode file for RealThread.X-CUBE-RT-Thread_Nano.4.1.1
2026-02-12 15:22:17,650 [WARN] PackLoader:240 - Cannot read IP mode file for STMicroelectronics.FP-ATR-SIGFOX1.3.2.0
2026-02-12 15:22:17,662 [WARN] ConditionMgr:438 - getConditionDescription Invalid condition id : Cortex-A Device cause : null
2026-02-12 15:22:17,682 [WARN] ConditionMgr:1039 - genDependencies : Invalid condition id : Cortex-A Device cause : null
2026-02-12 15:22:17,682 [WARN] ConditionMgr:1039 - genDependencies : Invalid condition id : Cortex-A Device cause : null
2026-02-12 15:22:17,682 [WARN] ConditionMgr:1039 - genDependencies : Invalid condition id : Cortex-A Device cause : null
2026-02-12 15:22:17,693 [WARN] PackLoader:240 - Cannot read IP mode file for STMicroelectronics.X-CUBE-EEPRMA1.5.1.0
2026-02-12 15:22:17,710 [WARN] PackLoader:240 - Cannot read IP mode file for STMicroelectronics.X-CUBE-NFC6.3.2.0
2026-02-12 15:22:17,724 [ERROR] Engine:466 - C:\Users\RND1\.stm32cubemx\thirdparties\pdsc\STMicroelectronics.X-CUBE-ST67W61.1.0.0.pdsc: PDSC version is not supported
2026-02-12 15:22:17,736 [WARN] PackLoader:240 - Cannot read IP mode file for STMicroelectronics.X-CUBE-AI.10.2.0
2026-02-12 15:22:17,745 [INFO] WebApp:186 - Connection restablished
2026-02-12 15:22:17,767 [WARN] PackLoader:240 - Cannot read IP mode file for SEGGER.I-CUBE-embOS.1.3.1
2026-02-12 15:22:17,806 [WARN] PackLoader:240 - Cannot read IP mode file for STMicroelectronics.X-CUBE-ALGOBUILD.1.4.0
2026-02-12 15:22:17,856 [WARN] PackLoader:240 - Cannot read IP mode file for STMicroelectronics.X-CUBE-MEMS1.11.3.0
2026-02-12 15:22:17,881 [INFO] WebApp:220 - Starting web application
2026-02-12 15:22:17,881 [INFO] WebApp:578 - Web application path used C:\ST\STM32CubeIDE_1.16.1\STM32CubeIDE\plugins\com.st.stm32cube.common.mx_6.12.1.202409122256\db\plugins\mcufinder\reactClient1\index.html
2026-02-12 15:22:17,972 [WARN] PackLoader:240 - Cannot read IP mode file for STMicroelectronics.X-CUBE-AI.9.1.0
2026-02-12 15:22:17,992 [WARN] PackLoader:240 - Cannot read IP mode file for STMicroelectronics.X-CUBE-PM33A1.1.0.0
2026-02-12 15:22:18,011 [WARN] PackLoader:240 - Cannot read IP mode file for STMicroelectronics.X-CUBE-GNSS1.6.0.0
2026-02-12 15:22:18,044 [WARN] PackLoader:240 - Cannot read IP mode file for STMicroelectronics.X-CUBE-AZRTOS-F4.1.1.0
2026-02-12 15:22:18,065 [WARN] PackLoader:240 - Cannot read IP mode file for wolfSSL.I-CUBE-wolfSSL.5.6.4
2026-02-12 15:22:18,081 [ERROR] Engine:466 - C:\Users\RND1\.stm32cubemx\thirdparties\pdsc\Avnet-IotConnect.X-CUBE-IoTC-DA16k-PMOD.1.0.0.pdsc: PDSC version is not supported
2026-02-12 15:22:18,098 [INFO] UserAuth:417 - Internet connection configuration mode: 1
2026-02-12 15:22:18,102 [WARN] PackLoader:240 - Cannot read IP mode file for STMicroelectronics.X-CUBE-ISPU.2.1.0
2026-02-12 15:22:18,119 [ERROR] Engine:466 - C:\Users\RND1\.stm32cubemx\thirdparties\pdsc\STMicroelectronics.X-CUBE-IPS.3.2.0.pdsc: PDSC version is not supported
2026-02-12 15:22:18,140 [WARN] PackLoader:240 - Cannot read IP mode file for STMicroelectronics.X-CUBE-FREERTOS.1.2.0
2026-02-12 15:22:18,157 [WARN] PackLoader:240 - Cannot read IP mode file for STMicroelectronics.X-CUBE-NFC12.1.0.0
2026-02-12 15:22:18,189 [WARN] PackLoader:240 - Cannot read IP mode file for STMicroelectronics.X-CUBE-AZRTOS-L5.2.0.0
2026-02-12 15:22:18,207 [WARN] PackLoader:240 - Cannot read IP mode file for STMicroelectronics.X-CUBE-EEPRMA1.4.2.0
2026-02-12 15:22:18,228 [WARN] PackLoader:240 - Cannot read IP mode file for STMicroelectronics.X-CUBE-NFC6.3.1.0
2026-02-12 15:22:18,245 [WARN] PackLoader:240 - Cannot read IP mode file for ITTIA_DB.I-CUBE-ITTIADB.8.8.0
2026-02-12 15:22:18,260 [WARN] PackLoader:240 - Cannot read IP mode file for STMicroelectronics.X-CUBE-DPower.1.2.0
2026-02-12 15:22:18,275 [WARN] PackLoader:240 - Cannot read IP mode file for STMicroelectronics.X-CUBE-AI.9.0.0
2026-02-12 15:22:18,288 [WARN] PackLoader:240 - Cannot read IP mode file for STMicroelectronics.X-CUBE-FREERTOS.1.3.1
2026-02-12 15:22:18,302 [WARN] PackLoader:240 - Cannot read IP mode file for STMicroelectronics.X-CUBE-FREERTOS.1.3.0
2026-02-12 15:22:18,316 [WARN] PackLoader:240 - Cannot read IP mode file for STMicroelectronics.X-CUBE-NFC7.1.0.1
2026-02-12 15:22:18,328 [WARN] PackLoader:240 - Cannot read IP mode file for STMicroelectronics.X-CUBE-TOUCHGFX.4.26.0
2026-02-12 15:22:18,347 [WARN] PackLoader:240 - Cannot read IP mode file for STMicroelectronics.X-CUBE-NFC6.3.0.0
2026-02-12 15:22:18,358 [ERROR] Engine:466 - C:\Users\RND1\.stm32cubemx\thirdparties\pdsc\STMicroelectronics.FP-SNS-STAIOTCFT.1.0.0.pdsc: PDSC version is not supported
2026-02-12 15:22:18,371 [WARN] PackLoader:240 - Cannot read IP mode file for STMicroelectronics.X-CUBE-DPower.1.3.0
2026-02-12 15:22:18,385 [WARN] PackLoader:240 - Cannot read IP mode file for STMicroelectronics.X-CUBE-AI.8.1.0
2026-02-12 15:22:18,405 [WARN] ConditionMgr:438 - getConditionDescription Invalid condition id : LAN8742 Phy interface Condition cause : null
2026-02-12 15:22:18,405 [WARN] PackLoader:240 - Cannot read IP mode file for STMicroelectronics.X-CUBE-AZRTOS-L4.2.0.0
2026-02-12 15:22:18,406 [WARN] ConditionMgr:1039 - genDependencies : Invalid condition id : LAN8742 Phy interface Condition cause : null
2026-02-12 15:22:18,406 [WARN] ConditionMgr:1039 - genDependencies : Invalid condition id : LAN8742 Phy interface Condition cause : null
2026-02-12 15:22:18,406 [WARN] ConditionMgr:1039 - genDependencies : Invalid condition id : LAN8742 Phy interface Condition cause : null
2026-02-12 15:22:18,421 [WARN] PackLoader:240 - Cannot read IP mode file for STMicroelectronics.X-CUBE-SFXS2LP1.4.0.0
2026-02-12 15:22:18,436 [ERROR] Engine:466 - C:\Users\RND1\.stm32cubemx\thirdparties\pdsc\STMicroelectronics.X-CUBE-ST67W61.1.2.0.pdsc: PDSC version is not supported
2026-02-12 15:22:18,456 [WARN] PackLoader:240 - Cannot read IP mode file for STMicroelectronics.X-CUBE-AZRTOS-H7.3.3.0
2026-02-12 15:22:18,468 [ERROR] Engine:466 - C:\Users\RND1\.stm32cubemx\thirdparties\pdsc\STMicroelectronics.X-CUBE-BLEMGR.4.1.0.pdsc: PDSC version is not supported
2026-02-12 15:22:18,481 [WARN] PackLoader:240 - Cannot read IP mode file for STMicroelectronics.X-CUBE-IPS.3.0.0
2026-02-12 15:22:18,501 [WARN] ConditionMgr:438 - getConditionDescription Invalid condition id : UX DEVICE CLASS RTOS Condition cause : null
2026-02-12 15:22:18,501 [WARN] ConditionMgr:438 - getConditionDescription Invalid condition id : UX DEVICE CLASS RTOS Condition cause : null
2026-02-12 15:22:18,502 [WARN] PackLoader:240 - Cannot read IP mode file for STMicroelectronics.X-CUBE-AZRTOS-WB.2.0.0
2026-02-12 15:22:18,502 [WARN] ConditionMgr:1039 - genDependencies : Invalid condition id : UX DEVICE CLASS RTOS Condition cause : null
2026-02-12 15:22:18,502 [WARN] ConditionMgr:1039 - genDependencies : Invalid condition id : UX DEVICE CLASS RTOS Condition cause : null
2026-02-12 15:22:18,502 [WARN] ConditionMgr:1039 - genDependencies : Invalid condition id : UX DEVICE CLASS RTOS Condition cause : null
2026-02-12 15:22:18,502 [WARN] ConditionMgr:1039 - genDependencies : Invalid condition id : UX DEVICE CLASS RTOS Condition cause : null
2026-02-12 15:22:18,502 [WARN] ConditionMgr:1039 - genDependencies : Invalid condition id : UX DEVICE CLASS RTOS Condition cause : null
2026-02-12 15:22:18,513 [WARN] PackLoader:240 - Cannot read IP mode file for STMicroelectronics.X-CUBE-GNSS1.7.0.0
2026-02-12 15:22:18,525 [WARN] PackLoader:240 - Cannot read IP mode file for STMicroelectronics.X-CUBE-GNSS1.7.0.1
2026-02-12 15:22:18,537 [WARN] PackLoader:240 - Cannot read IP mode file for STMicroelectronics.X-CUBE-TOUCHGFX.4.25.0
2026-02-12 15:22:18,549 [WARN] PackLoader:240 - Cannot read IP mode file for STMicroelectronics.FP-SNS-STBOX1.2.0.0
2026-02-12 15:22:18,562 [WARN] PackLoader:240 - Cannot read IP mode file for STMicroelectronics.X-CUBE-STSE01.2.0.0
2026-02-12 15:22:18,578 [WARN] PackLoader:240 - Cannot read IP mode file for STMicroelectronics.X-CUBE-SUBG2.5.0.0
2026-02-12 15:22:18,600 [WARN] PackLoader:240 - Cannot read IP mode file for STMicroelectronics.X-CUBE-AZRTOS-H7RS.1.1.0
2026-02-12 15:22:18,621 [WARN] PackLoader:240 - Cannot read IP mode file for STMicroelectronics.X-CUBE-AZRTOS-G4.2.0.0
2026-02-12 15:22:18,640 [WARN] PackLoader:240 - Cannot read IP mode file for Infineon.AIROC-Wi-Fi-Bluetooth-STM32.1.5.1
2026-02-12 15:22:18,653 [WARN] PackLoader:240 - Cannot read IP mode file for STMicroelectronics.X-CUBE-NFC7.2.0.0
2026-02-12 15:22:18,664 [WARN] PackLoader:240 - Cannot read IP mode file for STMicroelectronics.FP-SNS-MOTENVWB1.1.3.1
2026-02-12 15:22:18,676 [WARN] PackLoader:240 - Cannot read IP mode file for STMicroelectronics.X-CUBE-ISPU.2.0.0
2026-02-12 15:22:18,688 [ERROR] Engine:466 - C:\Users\RND1\.stm32cubemx\thirdparties\pdsc\STMicroelectronics.X-CUBE-IPS.3.1.0.pdsc: PDSC version is not supported
2026-02-12 15:22:18,700 [WARN] PackLoader:240 - Cannot read IP mode file for STMicroelectronics.X-CUBE-ALS.1.0.2
2026-02-12 15:22:18,728 [WARN] PackLoader:240 - Cannot read IP mode file for STMicroelectronics.X-CUBE-MEMS1.10.0.0
2026-02-12 15:22:18,795 [WARN] PackLoader:240 - Cannot read IP mode file for STMicroelectronics.X-CUBE-FREERTOS.1.1.0
2026-02-12 15:22:18,818 [WARN] PackLoader:240 - Cannot read IP mode file for STMicroelectronics.X-CUBE-TOUCHGFX.4.24.0
2026-02-12 15:22:18,830 [WARN] PackLoader:240 - Cannot read IP mode file for STMicroelectronics.X-CUBE-TOUCHGFX.4.24.2
2026-02-12 15:22:18,841 [WARN] PackLoader:240 - Cannot read IP mode file for STMicroelectronics.X-CUBE-TOUCHGFX.4.24.1
2026-02-12 15:22:18,854 [WARN] PackLoader:240 - Cannot read IP mode file for STMicroelectronics.X-CUBE-STSE01.1.0.0
2026-02-12 15:22:18,866 [WARN] PackLoader:240 - Cannot read IP mode file for wolfSSL.I-CUBE-wolfTPM.3.4.0
2026-02-12 15:22:18,879 [WARN] PackLoader:240 - Cannot read IP mode file for portGmbH.I-Cube-SoM-uGOAL.1.1.0
2026-02-12 15:22:18,890 [WARN] PackLoader:240 - Cannot read IP mode file for STMicroelectronics.X-CUBE-ALS.1.0.1
2026-02-12 15:22:18,911 [WARN] PackLoader:240 - Cannot read IP mode file for STMicroelectronics.X-CUBE-AZRTOS-H7RS.1.0.0
2026-02-12 15:22:18,924 [WARN] PackLoader:240 - Cannot read IP mode file for STMicroelectronics.FP-ATR-ASTRA1.2.0.0
2026-02-12 15:22:18,939 [WARN] PackLoader:240 - Cannot read IP mode file for STMicroelectronics.X-CUBE-TOF1.3.4.2
2026-02-12 15:22:18,955 [ERROR] Engine:466 - C:\Users\RND1\.stm32cubemx\thirdparties\pdsc\STMicroelectronics.X-CUBE-TOF1.3.4.3.pdsc: PDSC version is not supported
2026-02-12 15:22:18,972 [WARN] PackLoader:240 - Cannot read IP mode file for STMicroelectronics.X-CUBE-TOF1.3.4.0
2026-02-12 15:22:18,991 [WARN] PackLoader:240 - Cannot read IP mode file for STMicroelectronics.X-CUBE-TOF1.3.4.1
2026-02-12 15:22:19,018 [WARN] PackLoader:240 - Cannot read IP mode file for STMicroelectronics.X-CUBE-AZRTOS-H7.3.2.0
2026-02-12 15:22:19,033 [WARN] PackLoader:240 - Cannot read IP mode file for wolfSSL.I-CUBE-wolfSSH.1.4.17
2026-02-12 15:22:19,034 [INFO] ThirdParty:978 - Integrity check success = true
2026-02-12 15:22:19,034 [INFO] IntegrityCheckThread:100 - exiting critical section [integrity check]
2026-02-12 15:22:19,034 [INFO] IntegrityCheckThread:103 - End integrity checks thread
2026-02-12 16:47:30,039 [ERROR] LogOutputStream:75 - [STDERR_REDIRECT] SLF4J: Failed to load class "org.slf4j.impl.StaticLoggerBinder".
2026-02-12 16:47:30,040 [ERROR] LogOutputStream:75 - [STDERR_REDIRECT] SLF4J: Defaulting to no-operation (NOP) logger implementation
2026-02-12 16:47:30,041 [ERROR] LogOutputStream:75 - [STDERR_REDIRECT] SLF4J: See http://www.slf4j.org/codes.html#StaticLoggerBinder for further details.
2026-02-12 16:57:36,563 [ERROR] LogOutputStream:75 - [STDERR_REDIRECT] 
2026-02-12 16:57:42,395 [INFO] Activator:176 - 


2026-02-12 16:57:42,396 [INFO] Activator:177 - !SESSION log4j initialized
2026-02-12 16:57:46,917 [INFO] LogOutputStream:77 - [STDOUT_REDIRECT] 
2026-02-12 16:57:48,546 [INFO] ApplicationProperties:184 - Using Application install path: C:\ST\STM32CubeIDE_1.16.1\STM32CubeIDE\plugins\com.st.stm32cube.common.mx_6.12.1.202409122256
2026-02-12 16:57:48,557 [INFO] DbMcusXml:78 - Set database path to: C:\ST\STM32CubeIDE_1.16.1\STM32CubeIDE\plugins\com.st.stm32cube.common.mx_6.12.1.202409122256\\db\/mcu/
2026-02-12 16:57:48,558 [INFO] ApiDb:274 - Set plugin database path to: C:\ST\STM32CubeIDE_1.16.1\STM32CubeIDE\plugins\com.st.stm32cube.common.mx_6.12.1.202409122256\\db\/plugins/boardmanager/
2026-02-12 16:57:48,558 [WARN] ApiDb:259 - Overriding images path with different value:  => C:\ST\STM32CubeIDE_1.16.1\STM32CubeIDE\plugins\com.st.stm32cube.common.mx_6.12.1.202409122256\\db\/plugins/mcufinder/images/
2026-02-12 16:57:48,563 [INFO] ApiDb:250 - Set database path to: C:\Users\RND1\.stmcufinder\plugins\mcufinder//mcu/
2026-02-12 16:57:48,563 [INFO] DbMcusAds:125 - Set database path to: C:\Users\RND1\.stmcufinder\plugins\mcufinder//mcu/
2026-02-12 16:57:48,565 [INFO] CrossReferenceDbSqlite:203 - Set database path to: C:\Users\RND1\.stmcufinder\plugins\mcufinder//mcu/cs/
2026-02-12 16:57:48,651 [INFO] RulesReader:64 - Compatibility file has been processed (297 Rules)
2026-02-12 16:57:48,732 [INFO] DbMcusXml:78 - Set database path to: C:\ST\STM32CubeIDE_1.16.1\STM32CubeIDE\plugins\com.st.stm32cube.common.mx_6.12.1.202409122256\\db\/mcu/
2026-02-12 16:57:48,732 [INFO] ApiDb:274 - Set plugin database path to: C:\ST\STM32CubeIDE_1.16.1\STM32CubeIDE\plugins\com.st.stm32cube.common.mx_6.12.1.202409122256\\db\/plugins/boardmanager/
2026-02-12 16:57:48,732 [INFO] ApiDb:261 - Set plugin images path to: C:\ST\STM32CubeIDE_1.16.1\STM32CubeIDE\plugins\com.st.stm32cube.common.mx_6.12.1.202409122256\\db\/plugins/mcufinder/images/
2026-02-12 16:57:48,733 [WARN] DbFile:41 - Overriding database path with different value: C:\Users\RND1\.stmcufinder\plugins\mcufinder/ => C:\Users\RND1\.stmcufinder\plugins\mcufinder
2026-02-12 16:57:48,733 [INFO] ApiDb:250 - Set database path to: C:\Users\RND1\.stmcufinder\plugins\mcufinder//mcu/
2026-02-12 16:57:48,733 [WARN] DbFile:41 - Overriding database path with different value: C:\Users\RND1\.stmcufinder\plugins\mcufinder/ => C:\Users\RND1\.stmcufinder\plugins\mcufinder
2026-02-12 16:57:48,733 [INFO] DbMcusAds:125 - Set database path to: C:\Users\RND1\.stmcufinder\plugins\mcufinder//mcu/
2026-02-12 16:57:48,733 [WARN] DbFile:41 - Overriding database path with different value: C:\Users\RND1\.stmcufinder\plugins\mcufinder/ => C:\Users\RND1\.stmcufinder\plugins\mcufinder
2026-02-12 16:57:48,733 [WARN] DbFile:41 - Overriding database path with different value: C:\Users\RND1\.stmcufinder\plugins\mcufinder/ => C:\Users\RND1\.stmcufinder\plugins\mcufinder
2026-02-12 16:57:48,733 [INFO] CrossReferenceDbSqlite:203 - Set database path to: C:\Users\RND1\.stmcufinder\plugins\mcufinder//mcu/cs/
2026-02-12 16:57:48,790 [INFO] MainPanel:268 - HeapMemory: 268435456
2026-02-12 16:57:48,840 [INFO] DbMcusXml:78 - Set database path to: C:\ST\STM32CubeIDE_1.16.1\STM32CubeIDE\plugins\com.st.stm32cube.common.mx_6.12.1.202409122256\\db\/mcu/
2026-02-12 16:57:48,840 [INFO] ApiDb:274 - Set plugin database path to: C:\ST\STM32CubeIDE_1.16.1\STM32CubeIDE\plugins\com.st.stm32cube.common.mx_6.12.1.202409122256\\db\/plugins/boardmanager/
2026-02-12 16:57:48,840 [INFO] ApiDb:261 - Set plugin images path to: C:\ST\STM32CubeIDE_1.16.1\STM32CubeIDE\plugins\com.st.stm32cube.common.mx_6.12.1.202409122256\\db\/plugins/mcufinder/images/
2026-02-12 16:57:48,840 [WARN] DbFile:41 - Overriding database path with different value: C:\Users\RND1\.stmcufinder\plugins\mcufinder/ => C:\Users\RND1\.stmcufinder\plugins\mcufinder
2026-02-12 16:57:48,840 [INFO] ApiDb:250 - Set database path to: C:\Users\RND1\.stmcufinder\plugins\mcufinder//mcu/
2026-02-12 16:57:48,840 [WARN] DbFile:41 - Overriding database path with different value: C:\Users\RND1\.stmcufinder\plugins\mcufinder/ => C:\Users\RND1\.stmcufinder\plugins\mcufinder
2026-02-12 16:57:48,840 [INFO] DbMcusAds:125 - Set database path to: C:\Users\RND1\.stmcufinder\plugins\mcufinder//mcu/
2026-02-12 16:57:48,840 [WARN] DbFile:41 - Overriding database path with different value: C:\Users\RND1\.stmcufinder\plugins\mcufinder/ => C:\Users\RND1\.stmcufinder\plugins\mcufinder
2026-02-12 16:57:48,840 [WARN] DbFile:41 - Overriding database path with different value: C:\Users\RND1\.stmcufinder\plugins\mcufinder/ => C:\Users\RND1\.stmcufinder\plugins\mcufinder
2026-02-12 16:57:48,840 [INFO] CrossReferenceDbSqlite:203 - Set database path to: C:\Users\RND1\.stmcufinder\plugins\mcufinder//mcu/cs/
2026-02-12 16:57:48,852 [INFO] ApplicationProperties:184 - Using Application install path: C:\ST\STM32CubeIDE_1.16.1\STM32CubeIDE\plugins\com.st.stm32cube.common.mx_6.12.1.202409122256
2026-02-12 16:57:48,853 [INFO] PluginManage:196 - Search for loadable plugins [exclusion list=, ]
2026-02-12 16:57:48,854 [INFO] PluginManage:310 - Check plugin analytics
2026-02-12 16:57:48,999 [INFO] AnalyticsPlugin:253 - Accepted Software Licenses: STM32CubeMX.6.10.0
2026-02-12 16:57:48,999 [INFO] AnalyticsPlugin:255 - Accepted CMSIS Pack Licenses: 
2026-02-12 16:57:48,999 [INFO] AnalyticsPlugin:257 - Accepted Firmware Licenses: FW.G4.1.5.0,FW.G4.1.6.0,FW.F4.1.28.0,FW.H7.1.11.0,FW.H7.1.12.0
2026-02-12 16:57:49,002 [INFO] PluginManage:359 - Loaded plugin analytics (category:tool,tabindex:-1)
2026-02-12 16:57:49,003 [INFO] PluginManage:310 - Check plugin cadmodel
2026-02-12 16:57:49,006 [INFO] CADModel:105 - Init CAD model plugin
2026-02-12 16:57:49,006 [INFO] PluginManage:359 - Loaded plugin cadmodel (category:power,tabindex:5)
2026-02-12 16:57:49,006 [INFO] PluginManage:310 - Check plugin clock
2026-02-12 16:57:49,014 [INFO] PluginManage:359 - Loaded plugin clock (category:base,tabindex:2)
2026-02-12 16:57:49,014 [INFO] PluginManage:310 - Check plugin ddr
2026-02-12 16:57:49,016 [INFO] PluginManage:359 - Loaded plugin ddr (category:tool,tabindex:6)
2026-02-12 16:57:49,017 [INFO] PluginManage:310 - Check plugin filemanager
2026-02-12 16:57:49,142 [INFO] PluginManage:359 - Loaded plugin filemanager (category:base,tabindex:10)
2026-02-12 16:57:49,142 [INFO] PluginManage:310 - Check plugin ipmanager
2026-02-12 16:57:49,149 [INFO] PluginManage:359 - Loaded plugin ipmanager (category:base,tabindex:5)
2026-02-12 16:57:49,149 [INFO] PluginManage:310 - Check plugin lpbam
2026-02-12 16:57:49,155 [INFO] PluginManage:359 - Loaded plugin lpbam (category:base,tabindex:0)
2026-02-12 16:57:49,155 [INFO] PluginManage:310 - Check plugin memorymap
2026-02-12 16:57:49,165 [INFO] PluginManage:359 - Loaded plugin memorymap (category:base,tabindex:4)
2026-02-12 16:57:49,165 [INFO] PluginManage:310 - Check plugin pinoutandconfiguration
2026-02-12 16:57:49,170 [INFO] PluginManage:359 - Loaded plugin pinoutandconfiguration (category:base,tabindex:1)
2026-02-12 16:57:49,170 [INFO] PluginManage:310 - Check plugin pinoutconfig
2026-02-12 16:57:49,234 [WARN] SupportedApi:132 - Cannot load RTOS API schema: s4s-elt-must-match.1: The content of 'definitions' must match (annotation?, (simpleType | complexType)?, (unique | key | keyref)*)). A problem was found starting at: attribute.
2026-02-12 16:57:49,315 [INFO] PluginManage:359 - Loaded plugin pinoutconfig (category:base,tabindex:0)
2026-02-12 16:57:49,315 [INFO] PluginManage:310 - Check plugin power
2026-02-12 16:57:49,319 [INFO] PluginManage:359 - Loaded plugin power (category:power,tabindex:4)
2026-02-12 16:57:49,320 [INFO] PluginManage:310 - Check plugin projectmanager
2026-02-12 16:57:49,332 [INFO] PluginManage:359 - Loaded plugin projectmanager (category:projectmanager,tabindex:4)
2026-02-12 16:57:49,332 [INFO] PluginManage:310 - Check plugin rif
2026-02-12 16:57:49,335 [INFO] PluginManage:359 - Loaded plugin rif (category:base,tabindex:3)
2026-02-12 16:57:49,335 [INFO] PluginManage:310 - Check plugin thirdparty
2026-02-12 16:57:49,429 [WARN] IntegrityCheckThread:84 - waiting for thirdparty lock release [integrity check]
2026-02-12 16:57:49,429 [INFO] IntegrityCheckThread:86 - entering critical section [integrity check]
2026-02-12 16:57:49,429 [INFO] PluginManage:359 - Loaded plugin thirdparty (category:base,tabindex:-1)
2026-02-12 16:57:49,430 [INFO] PluginManage:310 - Check plugin tools
2026-02-12 16:57:49,430 [INFO] ThirdPartyUpdaterWithRetryManager:70 - Updater plugin not ready yet. [1/15]
2026-02-12 16:57:49,433 [INFO] PluginManage:359 - Loaded plugin tools (category:base,tabindex:7)
2026-02-12 16:57:49,433 [INFO] PluginManage:310 - Check plugin tutovideos
2026-02-12 16:57:49,543 [INFO] PluginManage:359 - Loaded plugin tutovideos (category:base,tabindex:-1)
2026-02-12 16:57:49,543 [INFO] PluginManage:310 - Check plugin updater
2026-02-12 16:57:49,555 [INFO] PluginManage:359 - Loaded plugin updater (category:base,tabindex:12)
2026-02-12 16:57:49,555 [INFO] PluginManage:310 - Check plugin userauth
2026-02-12 16:57:49,558 [INFO] UserAuth:113 - Init User Auth plugin
2026-02-12 16:57:49,558 [INFO] PluginManage:359 - Loaded plugin userauth (category:base,tabindex:14)
2026-02-12 16:57:49,559 [INFO] PluginManage:283 - PluginManage : Loaded plugins [18]
2026-02-12 16:57:49,716 [INFO] PinOutPanel:1561 - setPackage(No Configuration,No Configuration)
2026-02-12 16:57:49,784 [INFO] CADModel:165 - CPN selected for project level
2026-02-12 16:57:49,784 [INFO] CADModel:114 - Register for checkConnection events
2026-02-12 16:57:49,795 [INFO] IPUIPlugin:80 - create IPUIPlugin
2026-02-12 16:57:49,795 [INFO] PluginManager:220 - loadIPPluginJar : add adc
2026-02-12 16:57:49,797 [INFO] IPUIPlugin:80 - create IPUIPlugin
2026-02-12 16:57:49,797 [INFO] PluginManager:220 - loadIPPluginJar : add aes
2026-02-12 16:57:49,798 [INFO] IPUIPlugin:80 - create IPUIPlugin
2026-02-12 16:57:49,799 [INFO] PluginManager:220 - loadIPPluginJar : add can
2026-02-12 16:57:49,800 [INFO] IPUIPlugin:80 - create IPUIPlugin
2026-02-12 16:57:49,800 [INFO] PluginManager:220 - loadIPPluginJar : add comp
2026-02-12 16:57:49,801 [INFO] IPUIPlugin:80 - create IPUIPlugin
2026-02-12 16:57:49,801 [INFO] PluginManager:220 - loadIPPluginJar : add cryp
2026-02-12 16:57:49,803 [INFO] IPUIPlugin:80 - create IPUIPlugin
2026-02-12 16:57:49,803 [INFO] PluginManager:220 - loadIPPluginJar : add ddr_ctrl_phy
2026-02-12 16:57:49,804 [INFO] IPUIPlugin:80 - create IPUIPlugin
2026-02-12 16:57:49,804 [INFO] PluginManager:220 - loadIPPluginJar : add dfsdm
2026-02-12 16:57:49,808 [INFO] IPUIPlugin:80 - create IPUIPlugin
2026-02-12 16:57:49,808 [INFO] PluginManager:220 - loadIPPluginJar : add dma
2026-02-12 16:57:49,810 [INFO] IPUIPlugin:80 - create IPUIPlugin
2026-02-12 16:57:49,811 [INFO] PluginManager:220 - loadIPPluginJar : add dma3
2026-02-12 16:57:49,813 [INFO] IPUIPlugin:80 - create IPUIPlugin
2026-02-12 16:57:49,813 [INFO] PluginManager:220 - loadIPPluginJar : add extmemmanager
2026-02-12 16:57:49,814 [INFO] IPUIPlugin:80 - create IPUIPlugin
2026-02-12 16:57:49,814 [INFO] PluginManager:220 - loadIPPluginJar : add fatfs
2026-02-12 16:57:49,817 [INFO] IPUIPlugin:80 - create IPUIPlugin
2026-02-12 16:57:49,817 [INFO] PluginManager:220 - loadIPPluginJar : add fmc
2026-02-12 16:57:49,821 [INFO] IPUIPlugin:80 - create IPUIPlugin
2026-02-12 16:57:49,821 [INFO] PluginManager:220 - loadIPPluginJar : add freertos
2026-02-12 16:57:49,822 [INFO] IPUIPlugin:80 - create IPUIPlugin
2026-02-12 16:57:49,822 [INFO] PluginManager:220 - loadIPPluginJar : add genericplugin
2026-02-12 16:57:49,823 [INFO] IPUIPlugin:80 - create IPUIPlugin
2026-02-12 16:57:49,823 [INFO] PluginManager:220 - loadIPPluginJar : add gfxmmu
2026-02-12 16:57:49,827 [INFO] IPUIPlugin:80 - create IPUIPlugin
2026-02-12 16:57:49,827 [INFO] PluginManager:220 - loadIPPluginJar : add gic
2026-02-12 16:57:49,830 [INFO] IPUIPlugin:80 - create IPUIPlugin
2026-02-12 16:57:49,830 [INFO] PluginManager:220 - loadIPPluginJar : add gpio
2026-02-12 16:57:49,831 [INFO] IPUIPlugin:80 - create IPUIPlugin
2026-02-12 16:57:49,832 [INFO] PluginManager:220 - loadIPPluginJar : add gtzc
2026-02-12 16:57:49,833 [INFO] IPUIPlugin:80 - create IPUIPlugin
2026-02-12 16:57:49,833 [INFO] PluginManager:220 - loadIPPluginJar : add hash
2026-02-12 16:57:49,835 [INFO] IPUIPlugin:80 - create IPUIPlugin
2026-02-12 16:57:49,835 [INFO] PluginManager:220 - loadIPPluginJar : add i2c
2026-02-12 16:57:49,837 [INFO] IPUIPlugin:80 - create IPUIPlugin
2026-02-12 16:57:49,837 [INFO] PluginManager:220 - loadIPPluginJar : add i2s
2026-02-12 16:57:49,838 [INFO] IPUIPlugin:80 - create IPUIPlugin
2026-02-12 16:57:49,839 [INFO] PluginManager:220 - loadIPPluginJar : add i3c
2026-02-12 16:57:49,841 [INFO] IPUIPlugin:80 - create IPUIPlugin
2026-02-12 16:57:49,841 [INFO] PluginManager:220 - loadIPPluginJar : add ipddr
2026-02-12 16:57:49,846 [INFO] IPUIPlugin:80 - create IPUIPlugin
2026-02-12 16:57:49,846 [INFO] PluginManager:220 - loadIPPluginJar : add linkedlist
2026-02-12 16:57:49,848 [INFO] IPUIPlugin:80 - create IPUIPlugin
2026-02-12 16:57:49,848 [INFO] PluginManager:220 - loadIPPluginJar : add lorawan
2026-02-12 16:57:49,849 [INFO] IPUIPlugin:80 - create IPUIPlugin
2026-02-12 16:57:49,849 [INFO] PluginManager:220 - loadIPPluginJar : add ltdc
2026-02-12 16:57:49,853 [INFO] IPUIPlugin:80 - create IPUIPlugin
2026-02-12 16:57:49,853 [INFO] PluginManager:220 - loadIPPluginJar : add mdma
2026-02-12 16:57:49,856 [INFO] IPUIPlugin:80 - create IPUIPlugin
2026-02-12 16:57:49,856 [INFO] PluginManager:220 - loadIPPluginJar : add nvic
2026-02-12 16:57:49,859 [INFO] IPUIPlugin:80 - create IPUIPlugin
2026-02-12 16:57:49,859 [INFO] PluginManager:220 - loadIPPluginJar : add opamp
2026-02-12 16:57:49,861 [INFO] IPUIPlugin:80 - create IPUIPlugin
2026-02-12 16:57:49,861 [INFO] PluginManager:220 - loadIPPluginJar : add openamp
2026-02-12 16:57:49,863 [INFO] IPUIPlugin:80 - create IPUIPlugin
2026-02-12 16:57:49,863 [INFO] PluginManager:220 - loadIPPluginJar : add pdm2pcm
2026-02-12 16:57:49,867 [INFO] IPUIPlugin:80 - create IPUIPlugin
2026-02-12 16:57:49,868 [INFO] PluginManager:220 - loadIPPluginJar : add plateformsettings
2026-02-12 16:57:49,870 [INFO] IPUIPlugin:80 - create IPUIPlugin
2026-02-12 16:57:49,870 [INFO] PluginManager:220 - loadIPPluginJar : add quadspi
2026-02-12 16:57:49,871 [INFO] IPUIPlugin:80 - create IPUIPlugin
2026-02-12 16:57:49,871 [INFO] PluginManager:220 - loadIPPluginJar : add radio
2026-02-12 16:57:49,873 [INFO] IPUIPlugin:80 - create IPUIPlugin
2026-02-12 16:57:49,873 [INFO] PluginManager:220 - loadIPPluginJar : add resmgrutility
2026-02-12 16:57:49,875 [INFO] IPUIPlugin:80 - create IPUIPlugin
2026-02-12 16:57:49,875 [INFO] PluginManager:220 - loadIPPluginJar : add sai
2026-02-12 16:57:49,878 [INFO] IPUIPlugin:80 - create IPUIPlugin
2026-02-12 16:57:49,878 [INFO] PluginManager:220 - loadIPPluginJar : add spi
2026-02-12 16:57:49,881 [INFO] IPUIPlugin:80 - create IPUIPlugin
2026-02-12 16:57:49,881 [INFO] PluginManager:220 - loadIPPluginJar : add stm32_wpan
2026-02-12 16:57:49,882 [INFO] IPUIPlugin:80 - create IPUIPlugin
2026-02-12 16:57:49,882 [INFO] PluginManager:220 - loadIPPluginJar : add tim
2026-02-12 16:57:49,884 [INFO] IPUIPlugin:80 - create IPUIPlugin
2026-02-12 16:57:49,884 [INFO] PluginManager:220 - loadIPPluginJar : add touchsensing
2026-02-12 16:57:49,886 [INFO] IPUIPlugin:80 - create IPUIPlugin
2026-02-12 16:57:49,886 [INFO] PluginManager:220 - loadIPPluginJar : add tracer_emb
2026-02-12 16:57:49,887 [INFO] IPUIPlugin:80 - create IPUIPlugin
2026-02-12 16:57:49,887 [INFO] PluginManager:220 - loadIPPluginJar : add ts
2026-02-12 16:57:49,888 [INFO] IPUIPlugin:80 - create IPUIPlugin
2026-02-12 16:57:49,889 [INFO] PluginManager:220 - loadIPPluginJar : add tsc
2026-02-12 16:57:49,890 [INFO] IPUIPlugin:80 - create IPUIPlugin
2026-02-12 16:57:49,890 [INFO] PluginManager:220 - loadIPPluginJar : add ucpd
2026-02-12 16:57:49,891 [INFO] IPUIPlugin:80 - create IPUIPlugin
2026-02-12 16:57:49,891 [INFO] PluginManager:220 - loadIPPluginJar : add usart
2026-02-12 16:57:49,893 [INFO] IPUIPlugin:80 - create IPUIPlugin
2026-02-12 16:57:49,893 [INFO] PluginManager:220 - loadIPPluginJar : add usbx
2026-02-12 16:57:50,005 [INFO] CADModel:165 - CPN selected for project level
2026-02-12 16:57:50,005 [INFO] CADModel:114 - Register for checkConnection events
2026-02-12 16:57:50,006 [FATAL] Updater:334 - Updater called before beeing initialized
2026-02-12 16:57:50,006 [ERROR] CADModel:125 - Updater not yet initialized, retry later 
2026-02-12 16:57:50,089 [INFO] CADModel:165 - CPN selected for project level
2026-02-12 16:57:50,090 [INFO] CADModel:114 - Register for checkConnection events
2026-02-12 16:57:50,090 [FATAL] Updater:334 - Updater called before beeing initialized
2026-02-12 16:57:50,090 [ERROR] CADModel:125 - Updater not yet initialized, retry later 
2026-02-12 16:57:50,092 [FATAL] Updater:334 - Updater called before beeing initialized
2026-02-12 16:57:50,171 [FATAL] Updater:334 - Updater called before beeing initialized
2026-02-12 16:57:50,174 [INFO] DbMcusAds:53 - JSON generation date=Fri Jan 09 00:56:32 KST 2026 (1767887792457)
2026-02-12 16:57:50,174 [FATAL] Updater:334 - Updater called before beeing initialized
2026-02-12 16:57:50,197 [WARN] DetailPanel:346 - Failed to get advertising image, set to default
2026-02-12 16:57:50,290 [FATAL] Updater:334 - Updater called before beeing initialized
2026-02-12 16:57:50,292 [FATAL] Updater:334 - Updater called before beeing initialized
2026-02-12 16:57:50,292 [FATAL] Updater:334 - Updater called before beeing initialized
2026-02-12 16:57:50,292 [WARN] DetailPanel:346 - Failed to get advertising image, set to default
2026-02-12 16:57:50,292 [FATAL] Updater:334 - Updater called before beeing initialized
2026-02-12 16:57:50,328 [ERROR] Updater:1164 - MainUpdater not yet initialized. External WinMGr cannot be set.
2026-02-12 16:57:50,329 [INFO] Updater:1100 - Updater Version found : 6.12.1
2026-02-12 16:57:50,341 [INFO] ApplicationProperties:184 - Using Application install path: C:\ST\STM32CubeIDE_1.16.1\STM32CubeIDE\plugins\com.st.stm32cube.common.mx_6.12.1.202409122256
2026-02-12 16:57:51,023 [INFO] MainUpdater:2873 - connection check result : 10
2026-02-12 16:57:51,024 [INFO] MainUpdater:290 - Updater Check For Update Now.
2026-02-12 16:57:51,024 [INFO] MicroXplorer:498 - Change Database Version : DB.6.0.121
2026-02-12 16:57:51,027 [INFO] McuFinderGlobals:63 - Set McuFinder mode to 2 (CubeIDE integrated)
2026-02-12 16:57:51,027 [INFO] UserAuth:417 - Internet connection configuration mode: 1
2026-02-12 16:57:51,054 [INFO] JxBrowserEngine:152 - Initiate JxBrowser Engine with user profile folder
2026-02-12 16:57:51,191 [INFO] CheckServerUpdateThread:120 - End of CheckServer Thread
2026-02-12 16:57:51,528 [INFO] WebApp:167 - Instantiating new browser for Auth
2026-02-12 16:57:52,020 [INFO] WebApp:448 - Apply proxy settings
2026-02-12 16:57:52,024 [INFO] WebApp:493 - Chromium authenticates against Manually configured proxy
2026-02-12 16:57:52,027 [INFO] WebApp:501 - Username used for proxy authentication: 
2026-02-12 16:57:52,049 [INFO] WebApp:869 - Register for checkConnection events
2026-02-12 16:57:52,049 [INFO] WebApp:448 - Apply proxy settings
2026-02-12 16:57:52,052 [INFO] WebApp:493 - Chromium authenticates against Manually configured proxy
2026-02-12 16:57:52,053 [INFO] WebApp:501 - Username used for proxy authentication: 
2026-02-12 16:57:52,142 [INFO] WebApp:220 - Starting web application
2026-02-12 16:57:52,143 [INFO] WebApp:578 - Web application path used C:\ST\STM32CubeIDE_1.16.1\STM32CubeIDE\plugins\com.st.stm32cube.common.mx_6.12.1.202409122256\db\plugins\mcufinder\reactClient1\index.html
2026-02-12 16:57:52,198 [INFO] UserAuth:417 - Internet connection configuration mode: 1
2026-02-12 16:57:52,300 [INFO] WebApp:186 - Connection restablished
2026-02-12 16:57:52,665 [WARN] PackLoader:240 - Cannot read IP mode file for STMicroelectronics.FP-SNS-MOTENVWB1.1.4.0
2026-02-12 16:57:52,671 [WARN] PackLoader:240 - Cannot read IP mode file for STMicroelectronics.FP-ATR-ASTRA1.2.0.2
2026-02-12 16:57:52,673 [WARN] PackLoader:240 - Cannot read IP mode file for STMicroelectronics.FP-ATR-ASTRA1.2.0.1
2026-02-12 16:57:52,679 [WARN] PackLoader:240 - Cannot read IP mode file for STMicroelectronics.X-CUBE-SMBUS.2.1.0
2026-02-12 16:57:52,684 [WARN] PackLoader:240 - Cannot read IP mode file for STMicroelectronics.X-CUBE-WB05N.1.1.0
2026-02-12 16:57:52,687 [ERROR] Engine:466 - C:\Users\RND1\.stm32cubemx\thirdparties\pdsc\STMicroelectronics.X-CUBE-ST60.1.0.0.pdsc: PDSC version is not supported
2026-02-12 16:57:52,691 [WARN] PackLoader:240 - Cannot read IP mode file for STMicroelectronics.X-CUBE-TOUCHGFX.4.23.0
2026-02-12 16:57:52,693 [WARN] PackLoader:240 - Cannot read IP mode file for STMicroelectronics.X-CUBE-TOUCHGFX.4.23.2
2026-02-12 16:57:52,709 [WARN] PackLoader:240 - Cannot read IP mode file for STMicroelectronics.X-CUBE-AZRTOS-F7.1.1.0
2026-02-12 16:57:52,716 [WARN] PackLoader:240 - Cannot read IP mode file for STMicroelectronics.FP-SNS-MOTENV1.4.3.2
2026-02-12 16:57:52,745 [WARN] PackLoader:240 - Cannot read IP mode file for STMicroelectronics.X-CUBE-MEMS1.11.0.0
2026-02-12 16:57:52,877 [ERROR] Engine:466 - C:\Users\RND1\.stm32cubemx\thirdparties\pdsc\STMicroelectronics.FP-SNS-MOTENV1.5.1.0.pdsc: PDSC version is not supported
2026-02-12 16:57:52,883 [WARN] PackLoader:240 - Cannot read IP mode file for STMicroelectronics.FP-SNS-FLIGHT1.5.0.2
2026-02-12 16:57:52,898 [WARN] PackLoader:240 - Cannot read IP mode file for STMicroelectronics.X-CUBE-AZRTOS-H7.3.4.0
2026-02-12 16:57:52,910 [WARN] PackLoader:240 - Cannot read IP mode file for STMicroelectronics.X-CUBE-DISPLAY.3.0.0
2026-02-12 16:57:52,920 [WARN] PackLoader:240 - Cannot read IP mode file for STMicroelectronics.X-CUBE-BLE1.7.0.0
2026-02-12 16:57:52,928 [WARN] PackLoader:240 - Cannot read IP mode file for STMicroelectronics.X-CUBE-NFC10.1.0.0
2026-02-12 16:57:52,938 [WARN] PackLoader:240 - Cannot read IP mode file for STMicroelectronics.X-CUBE-BLEMGR.4.0.0
2026-02-12 16:57:52,942 [ERROR] Engine:466 - C:\Users\RND1\.stm32cubemx\thirdparties\pdsc\STMicroelectronics.X-CUBE-ST60.1.1.0.pdsc: PDSC version is not supported
2026-02-12 16:57:52,947 [WARN] PackLoader:240 - Cannot read IP mode file for emotas.I-CUBE-CANOPEN.1.3.0
2026-02-12 16:57:52,953 [WARN] PackLoader:240 - Cannot read IP mode file for STMicroelectronics.X-CUBE-GNSS1.7.1.0
2026-02-12 16:57:52,960 [WARN] PackLoader:240 - Cannot read IP mode file for STMicroelectronics.X-CUBE-BLEMGR.3.1.0
2026-02-12 16:57:52,967 [WARN] PackLoader:240 - Cannot read IP mode file for STMicroelectronics.X-CUBE-AI.10.0.0
2026-02-12 16:57:52,969 [ERROR] Engine:466 - C:\Users\RND1\.stm32cubemx\thirdparties\pdsc\STMicroelectronics.FP-SNS-STBOX1.2.1.0.pdsc: PDSC version is not supported
2026-02-12 16:57:52,973 [WARN] PackLoader:240 - Cannot read IP mode file for STMicroelectronics.FP-SNS-SMARTAG2.1.2.0
2026-02-12 16:57:52,975 [ERROR] Engine:466 - C:\Users\RND1\.stm32cubemx\thirdparties\pdsc\STMicroelectronics.FP-SNS-FLIGHT1.5.1.0.pdsc: PDSC version is not supported
2026-02-12 16:57:53,001 [WARN] PackLoader:240 - Cannot read IP mode file for STMicroelectronics.X-CUBE-MEMS1.11.1.0
2026-02-12 16:57:53,065 [INFO] LogOutputStream:77 - [STDOUT_REDIRECT] 1 : Invalid condition id : UX_CORESTACK_Condition cause : null
2026-02-12 16:57:53,066 [INFO] LogOutputStream:77 - [STDOUT_REDIRECT] 1 : Invalid condition id : UX_CORESTACK_Condition cause : null
2026-02-12 16:57:53,067 [INFO] LogOutputStream:77 - [STDOUT_REDIRECT] 1 : Invalid condition id : UX_CORESTACK_Condition cause : null
2026-02-12 16:57:53,069 [INFO] LogOutputStream:77 - [STDOUT_REDIRECT] 1 : Invalid condition id : UX_CORESTACK_Condition cause : null
2026-02-12 16:57:53,070 [INFO] LogOutputStream:77 - [STDOUT_REDIRECT] 1 : Invalid condition id : UX_CORESTACK_Condition cause : null
2026-02-12 16:57:53,074 [WARN] PackLoader:240 - Cannot read IP mode file for STMicroelectronics.X-CUBE-AZRTOS-WL.2.0.0
2026-02-12 16:57:53,077 [WARN] PackLoader:240 - Cannot read IP mode file for STMicroelectronics.FP-SNS-MOTENV1.5.0.0
2026-02-12 16:57:53,090 [WARN] PackLoader:240 - Cannot read IP mode file for STMicroelectronics.X-CUBE-AZRTOS-H7RS.1.2.0
2026-02-12 16:57:53,095 [WARN] PackLoader:240 - Cannot read IP mode file for wolfSSL.I-CUBE-wolfMQTT.1.19.0
2026-02-12 16:57:53,104 [WARN] PackLoader:240 - Cannot read IP mode file for WES.I-CUBE-Cesium.1.3.0
2026-02-12 16:57:53,108 [WARN] PackLoader:240 - Cannot read IP mode file for STMicroelectronics.X-CUBE-BLE2.3.3.0
2026-02-12 16:57:53,111 [ERROR] Engine:466 - C:\Users\RND1\.stm32cubemx\thirdparties\pdsc\Avnet-IOTCONNECT.X-CUBE-iotc-st67-sdk.1.0.0.pdsc: PDSC version is not supported
2026-02-12 16:57:53,118 [WARN] PackLoader:240 - Cannot read IP mode file for STMicroelectronics.X-CUBE-NFC9.1.0.0
2026-02-12 16:57:53,123 [WARN] PackLoader:240 - Cannot read IP mode file for STMicroelectronics.X-CUBE-BLE1.7.1.0
2026-02-12 16:57:53,127 [WARN] PackLoader:240 - Cannot read IP mode file for STMicroelectronics.X-CUBE-TCPP.4.1.0
2026-02-12 16:57:53,129 [ERROR] Engine:466 - C:\Users\RND1\.stm32cubemx\thirdparties\pdsc\STMicroelectronics.X-CUBE-FREERTOS.1.4.0.pdsc: PDSC version is not supported
2026-02-12 16:57:53,135 [WARN] PackLoader:240 - Cannot read IP mode file for STMicroelectronics.X-CUBE-EEPRMA1.5.2.0
2026-02-12 16:57:53,138 [ERROR] Engine:466 - C:\Users\RND1\.stm32cubemx\thirdparties\pdsc\STMicroelectronics.X-CUBE-ST67W61.1.1.0.pdsc: PDSC version is not supported
2026-02-12 16:57:53,141 [WARN] PackLoader:240 - Cannot read IP mode file for STMicroelectronics.X-CUBE-AI.10.1.0
2026-02-12 16:57:53,166 [WARN] PackLoader:240 - Cannot read IP mode file for STMicroelectronics.X-CUBE-MEMS1.12.0.0
2026-02-12 16:57:53,221 [WARN] PackLoader:240 - Cannot read IP mode file for STMicroelectronics.X-CUBE-ALGOBUILD.1.3.0
2026-02-12 16:57:53,256 [WARN] PackLoader:240 - Cannot read IP mode file for STMicroelectronics.X-CUBE-MEMS1.11.2.0
2026-02-12 16:57:53,341 [WARN] PackLoader:240 - Cannot read IP mode file for STMicroelectronics.X-CUBE-AZRTOS-G0.1.1.0
2026-02-12 16:57:53,347 [WARN] PackLoader:240 - Cannot read IP mode file for STMicroelectronics.X-CUBE-SAFEA1.1.2.2
2026-02-12 16:57:53,354 [WARN] PackLoader:240 - Cannot read IP mode file for STMicroelectronics.X-CUBE-NFC4.3.0.0
2026-02-12 16:57:53,357 [WARN] PackLoader:240 - Cannot read IP mode file for wolfSSL.I-CUBE-wolfMQTT.1.18.0
2026-02-12 16:57:53,363 [WARN] PackLoader:240 - Cannot read IP mode file for EmbeddedOffice.I-CUBE-FS-RTOS.1.0.1
2026-02-12 16:57:53,364 [ERROR] ConditionMgr:805 - Attr not supported : Dmpu
2026-02-12 16:57:53,364 [ERROR] ConditionMgr:805 - Attr not supported : Dmpu
2026-02-12 16:57:53,364 [ERROR] ConditionMgr:805 - Attr not supported : Dmpu
2026-02-12 16:57:53,364 [ERROR] ConditionMgr:805 - Attr not supported : Dmpu
2026-02-12 16:57:53,364 [ERROR] ConditionMgr:805 - Attr not supported : Dmpu
2026-02-12 16:57:53,364 [ERROR] ConditionMgr:805 - Attr not supported : Dmpu
2026-02-12 16:57:53,364 [ERROR] ConditionMgr:805 - Attr not supported : Dmpu
2026-02-12 16:57:53,364 [ERROR] ConditionMgr:805 - Attr not supported : Dmpu
2026-02-12 16:57:53,364 [ERROR] ConditionMgr:805 - Attr not supported : Dmpu
2026-02-12 16:57:53,364 [ERROR] ConditionMgr:805 - Attr not supported : Dmpu
2026-02-12 16:57:53,365 [ERROR] ConditionMgr:805 - Attr not supported : Dmpu
2026-02-12 16:57:53,365 [ERROR] ConditionMgr:805 - Attr not supported : Dmpu
2026-02-12 16:57:53,365 [ERROR] ConditionMgr:805 - Attr not supported : Dmpu
2026-02-12 16:57:53,365 [ERROR] ConditionMgr:805 - Attr not supported : Dmpu
2026-02-12 16:57:53,365 [ERROR] ConditionMgr:805 - Attr not supported : Dmpu
2026-02-12 16:57:53,365 [ERROR] ConditionMgr:805 - Attr not supported : Dmpu
2026-02-12 16:57:53,365 [ERROR] ConditionMgr:805 - Attr not supported : Dmpu
2026-02-12 16:57:53,365 [ERROR] ConditionMgr:805 - Attr not supported : Dmpu
2026-02-12 16:57:53,365 [ERROR] ConditionMgr:805 - Attr not supported : Dmpu
2026-02-12 16:57:53,365 [ERROR] ConditionMgr:805 - Attr not supported : Dmpu
2026-02-12 16:57:53,366 [ERROR] ConditionMgr:805 - Attr not supported : Dmpu
2026-02-12 16:57:53,366 [ERROR] ConditionMgr:805 - Attr not supported : Dmpu
2026-02-12 16:57:53,366 [ERROR] ConditionMgr:805 - Attr not supported : Dmpu
2026-02-12 16:57:53,366 [ERROR] ConditionMgr:805 - Attr not supported : Dmpu
2026-02-12 16:57:53,366 [ERROR] ConditionMgr:805 - Attr not supported : Dmpu
2026-02-12 16:57:53,366 [ERROR] ConditionMgr:805 - Attr not supported : Dmpu
2026-02-12 16:57:53,366 [ERROR] ConditionMgr:805 - Attr not supported : Dmpu
2026-02-12 16:57:53,366 [ERROR] ConditionMgr:805 - Attr not supported : Dmpu
2026-02-12 16:57:53,366 [ERROR] ConditionMgr:805 - Attr not supported : Dmpu
2026-02-12 16:57:53,366 [ERROR] ConditionMgr:805 - Attr not supported : Dmpu
2026-02-12 16:57:53,367 [ERROR] ConditionMgr:805 - Attr not supported : Dmpu
2026-02-12 16:57:53,367 [ERROR] ConditionMgr:805 - Attr not supported : Dmpu
2026-02-12 16:57:53,367 [ERROR] ConditionMgr:805 - Attr not supported : Dmpu
2026-02-12 16:57:53,367 [ERROR] ConditionMgr:805 - Attr not supported : Dmpu
2026-02-12 16:57:53,367 [ERROR] ConditionMgr:805 - Attr not supported : Dmpu
2026-02-12 16:57:53,367 [ERROR] ConditionMgr:805 - Attr not supported : Dmpu
2026-02-12 16:57:53,368 [ERROR] ConditionMgr:805 - Attr not supported : Dmpu
2026-02-12 16:57:53,368 [ERROR] ConditionMgr:805 - Attr not supported : Dmpu
2026-02-12 16:57:53,368 [ERROR] ConditionMgr:805 - Attr not supported : Dmpu
2026-02-12 16:57:53,368 [ERROR] ConditionMgr:805 - Attr not supported : Dmpu
2026-02-12 16:57:53,368 [ERROR] ConditionMgr:805 - Attr not supported : Dmpu
2026-02-12 16:57:53,368 [ERROR] ConditionMgr:805 - Attr not supported : Dmpu
2026-02-12 16:57:53,368 [ERROR] ConditionMgr:805 - Attr not supported : Dmpu
2026-02-12 16:57:53,368 [ERROR] ConditionMgr:805 - Attr not supported : Dmpu
2026-02-12 16:57:53,368 [ERROR] ConditionMgr:805 - Attr not supported : Dmpu
2026-02-12 16:57:53,368 [ERROR] ConditionMgr:805 - Attr not supported : Dmpu
2026-02-12 16:57:53,368 [ERROR] ConditionMgr:805 - Attr not supported : Dmpu
2026-02-12 16:57:53,368 [ERROR] ConditionMgr:805 - Attr not supported : Dmpu
2026-02-12 16:57:53,368 [ERROR] ConditionMgr:805 - Attr not supported : Dmpu
2026-02-12 16:57:53,368 [ERROR] ConditionMgr:805 - Attr not supported : Dmpu
2026-02-12 16:57:53,368 [ERROR] ConditionMgr:805 - Attr not supported : Dmpu
2026-02-12 16:57:53,368 [ERROR] ConditionMgr:805 - Attr not supported : Dmpu
2026-02-12 16:57:53,368 [ERROR] ConditionMgr:805 - Attr not supported : Dmpu
2026-02-12 16:57:53,368 [ERROR] ConditionMgr:805 - Attr not supported : Dmpu
2026-02-12 16:57:53,369 [ERROR] ConditionMgr:805 - Attr not supported : Dmpu
2026-02-12 16:57:53,369 [ERROR] ConditionMgr:805 - Attr not supported : Dmpu
2026-02-12 16:57:53,369 [ERROR] ConditionMgr:805 - Attr not supported : Dmpu
2026-02-12 16:57:53,369 [ERROR] ConditionMgr:805 - Attr not supported : Dmpu
2026-02-12 16:57:53,369 [ERROR] ConditionMgr:805 - Attr not supported : Dmpu
2026-02-12 16:57:53,369 [ERROR] ConditionMgr:805 - Attr not supported : Dmpu
2026-02-12 16:57:53,369 [ERROR] ConditionMgr:805 - Attr not supported : Dmpu
2026-02-12 16:57:53,369 [ERROR] ConditionMgr:805 - Attr not supported : Dmpu
2026-02-12 16:57:53,369 [ERROR] ConditionMgr:805 - Attr not supported : Dmpu
2026-02-12 16:57:53,369 [ERROR] ConditionMgr:805 - Attr not supported : Dmpu
2026-02-12 16:57:53,374 [WARN] PackLoader:240 - Cannot read IP mode file for STMicroelectronics.X-CUBE-WB05N.2.0.0
2026-02-12 16:57:53,380 [WARN] PackLoader:240 - Cannot read IP mode file for STMicroelectronics.X-CUBE-BLEMGR.3.0.0
2026-02-12 16:57:53,385 [ERROR] Engine:466 - C:\Users\RND1\.stm32cubemx\thirdparties\pdsc\STMicroelectronics.X-CUBE-TCPP.4.2.0.pdsc: PDSC version is not supported
2026-02-12 16:57:53,391 [WARN] PackLoader:240 - Cannot read IP mode file for RealThread.X-CUBE-RT-Thread_Nano.4.1.1
2026-02-12 16:57:53,396 [WARN] PackLoader:240 - Cannot read IP mode file for STMicroelectronics.FP-ATR-SIGFOX1.3.2.0
2026-02-12 16:57:53,403 [WARN] ConditionMgr:438 - getConditionDescription Invalid condition id : Cortex-A Device cause : null
2026-02-12 16:57:53,431 [WARN] ConditionMgr:1039 - genDependencies : Invalid condition id : Cortex-A Device cause : null
2026-02-12 16:57:53,431 [WARN] ConditionMgr:1039 - genDependencies : Invalid condition id : Cortex-A Device cause : null
2026-02-12 16:57:53,432 [WARN] ConditionMgr:1039 - genDependencies : Invalid condition id : Cortex-A Device cause : null
2026-02-12 16:57:53,438 [WARN] PackLoader:240 - Cannot read IP mode file for STMicroelectronics.X-CUBE-EEPRMA1.5.1.0
2026-02-12 16:57:53,450 [WARN] PackLoader:240 - Cannot read IP mode file for STMicroelectronics.X-CUBE-NFC6.3.2.0
2026-02-12 16:57:53,453 [ERROR] Engine:466 - C:\Users\RND1\.stm32cubemx\thirdparties\pdsc\STMicroelectronics.X-CUBE-ST67W61.1.0.0.pdsc: PDSC version is not supported
2026-02-12 16:57:53,457 [WARN] PackLoader:240 - Cannot read IP mode file for STMicroelectronics.X-CUBE-AI.10.2.0
2026-02-12 16:57:53,478 [WARN] PackLoader:240 - Cannot read IP mode file for SEGGER.I-CUBE-embOS.1.3.1
2026-02-12 16:57:53,501 [WARN] PackLoader:240 - Cannot read IP mode file for STMicroelectronics.X-CUBE-ALGOBUILD.1.4.0
2026-02-12 16:57:53,524 [WARN] PackLoader:240 - Cannot read IP mode file for STMicroelectronics.X-CUBE-MEMS1.11.3.0
2026-02-12 16:57:53,591 [WARN] PackLoader:240 - Cannot read IP mode file for STMicroelectronics.X-CUBE-AI.9.1.0
2026-02-12 16:57:53,595 [WARN] PackLoader:240 - Cannot read IP mode file for STMicroelectronics.X-CUBE-PM33A1.1.0.0
2026-02-12 16:57:53,598 [WARN] PackLoader:240 - Cannot read IP mode file for STMicroelectronics.X-CUBE-GNSS1.6.0.0
2026-02-12 16:57:53,606 [WARN] PackLoader:240 - Cannot read IP mode file for STMicroelectronics.X-CUBE-AZRTOS-F4.1.1.0
2026-02-12 16:57:53,610 [WARN] PackLoader:240 - Cannot read IP mode file for wolfSSL.I-CUBE-wolfSSL.5.6.4
2026-02-12 16:57:53,612 [ERROR] Engine:466 - C:\Users\RND1\.stm32cubemx\thirdparties\pdsc\Avnet-IotConnect.X-CUBE-IoTC-DA16k-PMOD.1.0.0.pdsc: PDSC version is not supported
2026-02-12 16:57:53,617 [WARN] PackLoader:240 - Cannot read IP mode file for STMicroelectronics.X-CUBE-ISPU.2.1.0
2026-02-12 16:57:53,620 [ERROR] Engine:466 - C:\Users\RND1\.stm32cubemx\thirdparties\pdsc\STMicroelectronics.X-CUBE-IPS.3.2.0.pdsc: PDSC version is not supported
2026-02-12 16:57:53,623 [WARN] PackLoader:240 - Cannot read IP mode file for STMicroelectronics.X-CUBE-FREERTOS.1.2.0
2026-02-12 16:57:53,627 [WARN] PackLoader:240 - Cannot read IP mode file for STMicroelectronics.X-CUBE-NFC12.1.0.0
2026-02-12 16:57:53,635 [WARN] PackLoader:240 - Cannot read IP mode file for STMicroelectronics.X-CUBE-AZRTOS-L5.2.0.0
2026-02-12 16:57:53,639 [WARN] PackLoader:240 - Cannot read IP mode file for STMicroelectronics.X-CUBE-EEPRMA1.4.2.0
2026-02-12 16:57:53,643 [WARN] PackLoader:240 - Cannot read IP mode file for STMicroelectronics.X-CUBE-NFC6.3.1.0
2026-02-12 16:57:53,649 [WARN] PackLoader:240 - Cannot read IP mode file for ITTIA_DB.I-CUBE-ITTIADB.8.8.0
2026-02-12 16:57:53,654 [WARN] PackLoader:240 - Cannot read IP mode file for STMicroelectronics.X-CUBE-DPower.1.2.0
2026-02-12 16:57:53,657 [WARN] PackLoader:240 - Cannot read IP mode file for STMicroelectronics.X-CUBE-AI.9.0.0
2026-02-12 16:57:53,660 [WARN] PackLoader:240 - Cannot read IP mode file for STMicroelectronics.X-CUBE-FREERTOS.1.3.1
2026-02-12 16:57:53,663 [WARN] PackLoader:240 - Cannot read IP mode file for STMicroelectronics.X-CUBE-FREERTOS.1.3.0
2026-02-12 16:57:53,668 [WARN] PackLoader:240 - Cannot read IP mode file for STMicroelectronics.X-CUBE-NFC7.1.0.1
2026-02-12 16:57:53,672 [WARN] PackLoader:240 - Cannot read IP mode file for STMicroelectronics.X-CUBE-TOUCHGFX.4.26.0
2026-02-12 16:57:53,677 [WARN] PackLoader:240 - Cannot read IP mode file for STMicroelectronics.X-CUBE-NFC6.3.0.0
2026-02-12 16:57:53,679 [ERROR] Engine:466 - C:\Users\RND1\.stm32cubemx\thirdparties\pdsc\STMicroelectronics.FP-SNS-STAIOTCFT.1.0.0.pdsc: PDSC version is not supported
2026-02-12 16:57:53,684 [WARN] PackLoader:240 - Cannot read IP mode file for STMicroelectronics.X-CUBE-DPower.1.3.0
2026-02-12 16:57:53,688 [WARN] PackLoader:240 - Cannot read IP mode file for STMicroelectronics.X-CUBE-AI.8.1.0
2026-02-12 16:57:53,696 [WARN] ConditionMgr:438 - getConditionDescription Invalid condition id : LAN8742 Phy interface Condition cause : null
2026-02-12 16:57:53,697 [WARN] PackLoader:240 - Cannot read IP mode file for STMicroelectronics.X-CUBE-AZRTOS-L4.2.0.0
2026-02-12 16:57:53,699 [WARN] ConditionMgr:1039 - genDependencies : Invalid condition id : LAN8742 Phy interface Condition cause : null
2026-02-12 16:57:53,699 [WARN] ConditionMgr:1039 - genDependencies : Invalid condition id : LAN8742 Phy interface Condition cause : null
2026-02-12 16:57:53,700 [WARN] ConditionMgr:1039 - genDependencies : Invalid condition id : LAN8742 Phy interface Condition cause : null
2026-02-12 16:57:53,705 [WARN] PackLoader:240 - Cannot read IP mode file for STMicroelectronics.X-CUBE-SFXS2LP1.4.0.0
2026-02-12 16:57:53,708 [ERROR] Engine:466 - C:\Users\RND1\.stm32cubemx\thirdparties\pdsc\STMicroelectronics.X-CUBE-ST67W61.1.2.0.pdsc: PDSC version is not supported
2026-02-12 16:57:53,719 [WARN] PackLoader:240 - Cannot read IP mode file for STMicroelectronics.X-CUBE-AZRTOS-H7.3.3.0
2026-02-12 16:57:53,723 [ERROR] Engine:466 - C:\Users\RND1\.stm32cubemx\thirdparties\pdsc\STMicroelectronics.X-CUBE-BLEMGR.4.1.0.pdsc: PDSC version is not supported
2026-02-12 16:57:53,732 [WARN] PackLoader:240 - Cannot read IP mode file for STMicroelectronics.X-CUBE-IPS.3.0.0
2026-02-12 16:57:53,742 [WARN] ConditionMgr:438 - getConditionDescription Invalid condition id : UX DEVICE CLASS RTOS Condition cause : null
2026-02-12 16:57:53,742 [WARN] ConditionMgr:438 - getConditionDescription Invalid condition id : UX DEVICE CLASS RTOS Condition cause : null
2026-02-12 16:57:53,744 [WARN] PackLoader:240 - Cannot read IP mode file for STMicroelectronics.X-CUBE-AZRTOS-WB.2.0.0
2026-02-12 16:57:53,744 [WARN] ConditionMgr:1039 - genDependencies : Invalid condition id : UX DEVICE CLASS RTOS Condition cause : null
2026-02-12 16:57:53,745 [WARN] ConditionMgr:1039 - genDependencies : Invalid condition id : UX DEVICE CLASS RTOS Condition cause : null
2026-02-12 16:57:53,745 [WARN] ConditionMgr:1039 - genDependencies : Invalid condition id : UX DEVICE CLASS RTOS Condition cause : null
2026-02-12 16:57:53,745 [WARN] ConditionMgr:1039 - genDependencies : Invalid condition id : UX DEVICE CLASS RTOS Condition cause : null
2026-02-12 16:57:53,745 [WARN] ConditionMgr:1039 - genDependencies : Invalid condition id : UX DEVICE CLASS RTOS Condition cause : null
2026-02-12 16:57:53,751 [WARN] PackLoader:240 - Cannot read IP mode file for STMicroelectronics.X-CUBE-GNSS1.7.0.0
2026-02-12 16:57:53,754 [WARN] PackLoader:240 - Cannot read IP mode file for STMicroelectronics.X-CUBE-GNSS1.7.0.1
2026-02-12 16:57:53,757 [WARN] PackLoader:240 - Cannot read IP mode file for STMicroelectronics.X-CUBE-TOUCHGFX.4.25.0
2026-02-12 16:57:53,761 [WARN] PackLoader:240 - Cannot read IP mode file for STMicroelectronics.FP-SNS-STBOX1.2.0.0
2026-02-12 16:57:53,767 [WARN] PackLoader:240 - Cannot read IP mode file for STMicroelectronics.X-CUBE-STSE01.2.0.0
2026-02-12 16:57:53,773 [WARN] PackLoader:240 - Cannot read IP mode file for STMicroelectronics.X-CUBE-SUBG2.5.0.0
2026-02-12 16:57:53,784 [WARN] PackLoader:240 - Cannot read IP mode file for STMicroelectronics.X-CUBE-AZRTOS-H7RS.1.1.0
2026-02-12 16:57:53,792 [WARN] PackLoader:240 - Cannot read IP mode file for STMicroelectronics.X-CUBE-AZRTOS-G4.2.0.0
2026-02-12 16:57:53,802 [WARN] PackLoader:240 - Cannot read IP mode file for Infineon.AIROC-Wi-Fi-Bluetooth-STM32.1.5.1
2026-02-12 16:57:53,809 [WARN] PackLoader:240 - Cannot read IP mode file for STMicroelectronics.X-CUBE-NFC7.2.0.0
2026-02-12 16:57:53,813 [WARN] PackLoader:240 - Cannot read IP mode file for STMicroelectronics.FP-SNS-MOTENVWB1.1.3.1
2026-02-12 16:57:53,820 [WARN] PackLoader:240 - Cannot read IP mode file for STMicroelectronics.X-CUBE-ISPU.2.0.0
2026-02-12 16:57:53,824 [ERROR] Engine:466 - C:\Users\RND1\.stm32cubemx\thirdparties\pdsc\STMicroelectronics.X-CUBE-IPS.3.1.0.pdsc: PDSC version is not supported
2026-02-12 16:57:53,828 [WARN] PackLoader:240 - Cannot read IP mode file for STMicroelectronics.X-CUBE-ALS.1.0.2
2026-02-12 16:57:53,854 [WARN] PackLoader:240 - Cannot read IP mode file for STMicroelectronics.X-CUBE-MEMS1.10.0.0
2026-02-12 16:57:53,930 [WARN] PackLoader:240 - Cannot read IP mode file for STMicroelectronics.X-CUBE-FREERTOS.1.1.0
2026-02-12 16:57:53,938 [WARN] PackLoader:240 - Cannot read IP mode file for STMicroelectronics.X-CUBE-TOUCHGFX.4.24.0
2026-02-12 16:57:53,940 [WARN] PackLoader:240 - Cannot read IP mode file for STMicroelectronics.X-CUBE-TOUCHGFX.4.24.2
2026-02-12 16:57:53,944 [WARN] PackLoader:240 - Cannot read IP mode file for STMicroelectronics.X-CUBE-TOUCHGFX.4.24.1
2026-02-12 16:57:53,950 [WARN] PackLoader:240 - Cannot read IP mode file for STMicroelectronics.X-CUBE-STSE01.1.0.0
2026-02-12 16:57:53,957 [WARN] PackLoader:240 - Cannot read IP mode file for wolfSSL.I-CUBE-wolfTPM.3.4.0
2026-02-12 16:57:53,965 [WARN] PackLoader:240 - Cannot read IP mode file for portGmbH.I-Cube-SoM-uGOAL.1.1.0
2026-02-12 16:57:53,970 [WARN] PackLoader:240 - Cannot read IP mode file for STMicroelectronics.X-CUBE-ALS.1.0.1
2026-02-12 16:57:53,992 [WARN] PackLoader:240 - Cannot read IP mode file for STMicroelectronics.X-CUBE-AZRTOS-H7RS.1.0.0
2026-02-12 16:57:53,997 [WARN] PackLoader:240 - Cannot read IP mode file for STMicroelectronics.FP-ATR-ASTRA1.2.0.0
2026-02-12 16:57:54,005 [WARN] PackLoader:240 - Cannot read IP mode file for STMicroelectronics.X-CUBE-TOF1.3.4.2
2026-02-12 16:57:54,014 [ERROR] Engine:466 - C:\Users\RND1\.stm32cubemx\thirdparties\pdsc\STMicroelectronics.X-CUBE-TOF1.3.4.3.pdsc: PDSC version is not supported
2026-02-12 16:57:54,020 [WARN] PackLoader:240 - Cannot read IP mode file for STMicroelectronics.X-CUBE-TOF1.3.4.0
2026-02-12 16:57:54,035 [WARN] PackLoader:240 - Cannot read IP mode file for STMicroelectronics.X-CUBE-TOF1.3.4.1
2026-02-12 16:57:54,048 [WARN] PackLoader:240 - Cannot read IP mode file for STMicroelectronics.X-CUBE-AZRTOS-H7.3.2.0
2026-02-12 16:57:54,052 [WARN] PackLoader:240 - Cannot read IP mode file for wolfSSL.I-CUBE-wolfSSH.1.4.17
2026-02-12 16:57:54,053 [INFO] ThirdParty:978 - Integrity check success = true
2026-02-12 16:57:54,053 [INFO] IntegrityCheckThread:100 - exiting critical section [integrity check]
2026-02-12 16:57:54,053 [INFO] IntegrityCheckThread:103 - End integrity checks thread
2026-02-12 16:58:42,893 [INFO] Activator:176 - 


2026-02-12 16:58:42,894 [INFO] Activator:177 - !SESSION log4j initialized
2026-02-12 16:58:47,377 [INFO] LogOutputStream:77 - [STDOUT_REDIRECT] 
2026-02-12 16:58:48,922 [INFO] ApplicationProperties:184 - Using Application install path: C:\ST\STM32CubeIDE_1.16.1\STM32CubeIDE\plugins\com.st.stm32cube.common.mx_6.12.1.202409122256
2026-02-12 16:58:48,933 [INFO] DbMcusXml:78 - Set database path to: C:\ST\STM32CubeIDE_1.16.1\STM32CubeIDE\plugins\com.st.stm32cube.common.mx_6.12.1.202409122256\\db\/mcu/
2026-02-12 16:58:48,933 [INFO] ApiDb:274 - Set plugin database path to: C:\ST\STM32CubeIDE_1.16.1\STM32CubeIDE\plugins\com.st.stm32cube.common.mx_6.12.1.202409122256\\db\/plugins/boardmanager/
2026-02-12 16:58:48,933 [WARN] ApiDb:259 - Overriding images path with different value:  => C:\ST\STM32CubeIDE_1.16.1\STM32CubeIDE\plugins\com.st.stm32cube.common.mx_6.12.1.202409122256\\db\/plugins/mcufinder/images/
2026-02-12 16:58:48,937 [INFO] ApiDb:250 - Set database path to: C:\Users\RND1\.stmcufinder\plugins\mcufinder//mcu/
2026-02-12 16:58:48,938 [INFO] DbMcusAds:125 - Set database path to: C:\Users\RND1\.stmcufinder\plugins\mcufinder//mcu/
2026-02-12 16:58:48,939 [INFO] CrossReferenceDbSqlite:203 - Set database path to: C:\Users\RND1\.stmcufinder\plugins\mcufinder//mcu/cs/
2026-02-12 16:58:49,014 [INFO] RulesReader:64 - Compatibility file has been processed (297 Rules)
2026-02-12 16:58:49,096 [INFO] DbMcusXml:78 - Set database path to: C:\ST\STM32CubeIDE_1.16.1\STM32CubeIDE\plugins\com.st.stm32cube.common.mx_6.12.1.202409122256\\db\/mcu/
2026-02-12 16:58:49,096 [INFO] ApiDb:274 - Set plugin database path to: C:\ST\STM32CubeIDE_1.16.1\STM32CubeIDE\plugins\com.st.stm32cube.common.mx_6.12.1.202409122256\\db\/plugins/boardmanager/
2026-02-12 16:58:49,097 [INFO] ApiDb:261 - Set plugin images path to: C:\ST\STM32CubeIDE_1.16.1\STM32CubeIDE\plugins\com.st.stm32cube.common.mx_6.12.1.202409122256\\db\/plugins/mcufinder/images/
2026-02-12 16:58:49,097 [WARN] DbFile:41 - Overriding database path with different value: C:\Users\RND1\.stmcufinder\plugins\mcufinder/ => C:\Users\RND1\.stmcufinder\plugins\mcufinder
2026-02-12 16:58:49,097 [INFO] ApiDb:250 - Set database path to: C:\Users\RND1\.stmcufinder\plugins\mcufinder//mcu/
2026-02-12 16:58:49,097 [WARN] DbFile:41 - Overriding database path with different value: C:\Users\RND1\.stmcufinder\plugins\mcufinder/ => C:\Users\RND1\.stmcufinder\plugins\mcufinder
2026-02-12 16:58:49,097 [INFO] DbMcusAds:125 - Set database path to: C:\Users\RND1\.stmcufinder\plugins\mcufinder//mcu/
2026-02-12 16:58:49,097 [WARN] DbFile:41 - Overriding database path with different value: C:\Users\RND1\.stmcufinder\plugins\mcufinder/ => C:\Users\RND1\.stmcufinder\plugins\mcufinder
2026-02-12 16:58:49,097 [WARN] DbFile:41 - Overriding database path with different value: C:\Users\RND1\.stmcufinder\plugins\mcufinder/ => C:\Users\RND1\.stmcufinder\plugins\mcufinder
2026-02-12 16:58:49,098 [INFO] CrossReferenceDbSqlite:203 - Set database path to: C:\Users\RND1\.stmcufinder\plugins\mcufinder//mcu/cs/
2026-02-12 16:58:49,155 [INFO] MainPanel:268 - HeapMemory: 268435456
2026-02-12 16:58:49,207 [INFO] DbMcusXml:78 - Set database path to: C:\ST\STM32CubeIDE_1.16.1\STM32CubeIDE\plugins\com.st.stm32cube.common.mx_6.12.1.202409122256\\db\/mcu/
2026-02-12 16:58:49,207 [INFO] ApiDb:274 - Set plugin database path to: C:\ST\STM32CubeIDE_1.16.1\STM32CubeIDE\plugins\com.st.stm32cube.common.mx_6.12.1.202409122256\\db\/plugins/boardmanager/
2026-02-12 16:58:49,207 [INFO] ApiDb:261 - Set plugin images path to: C:\ST\STM32CubeIDE_1.16.1\STM32CubeIDE\plugins\com.st.stm32cube.common.mx_6.12.1.202409122256\\db\/plugins/mcufinder/images/
2026-02-12 16:58:49,207 [WARN] DbFile:41 - Overriding database path with different value: C:\Users\RND1\.stmcufinder\plugins\mcufinder/ => C:\Users\RND1\.stmcufinder\plugins\mcufinder
2026-02-12 16:58:49,208 [INFO] ApiDb:250 - Set database path to: C:\Users\RND1\.stmcufinder\plugins\mcufinder//mcu/
2026-02-12 16:58:49,208 [WARN] DbFile:41 - Overriding database path with different value: C:\Users\RND1\.stmcufinder\plugins\mcufinder/ => C:\Users\RND1\.stmcufinder\plugins\mcufinder
2026-02-12 16:58:49,208 [INFO] DbMcusAds:125 - Set database path to: C:\Users\RND1\.stmcufinder\plugins\mcufinder//mcu/
2026-02-12 16:58:49,208 [WARN] DbFile:41 - Overriding database path with different value: C:\Users\RND1\.stmcufinder\plugins\mcufinder/ => C:\Users\RND1\.stmcufinder\plugins\mcufinder
2026-02-12 16:58:49,208 [WARN] DbFile:41 - Overriding database path with different value: C:\Users\RND1\.stmcufinder\plugins\mcufinder/ => C:\Users\RND1\.stmcufinder\plugins\mcufinder
2026-02-12 16:58:49,208 [INFO] CrossReferenceDbSqlite:203 - Set database path to: C:\Users\RND1\.stmcufinder\plugins\mcufinder//mcu/cs/
2026-02-12 16:58:49,221 [INFO] ApplicationProperties:184 - Using Application install path: C:\ST\STM32CubeIDE_1.16.1\STM32CubeIDE\plugins\com.st.stm32cube.common.mx_6.12.1.202409122256
2026-02-12 16:58:49,222 [INFO] PluginManage:196 - Search for loadable plugins [exclusion list=, ]
2026-02-12 16:58:49,223 [INFO] PluginManage:310 - Check plugin analytics
2026-02-12 16:58:49,365 [INFO] AnalyticsPlugin:253 - Accepted Software Licenses: STM32CubeMX.6.10.0
2026-02-12 16:58:49,366 [INFO] AnalyticsPlugin:255 - Accepted CMSIS Pack Licenses: 
2026-02-12 16:58:49,366 [INFO] AnalyticsPlugin:257 - Accepted Firmware Licenses: FW.G4.1.5.0,FW.G4.1.6.0,FW.F4.1.28.0,FW.H7.1.11.0,FW.H7.1.12.0
2026-02-12 16:58:49,368 [INFO] PluginManage:359 - Loaded plugin analytics (category:tool,tabindex:-1)
2026-02-12 16:58:49,368 [INFO] PluginManage:310 - Check plugin cadmodel
2026-02-12 16:58:49,373 [INFO] CADModel:105 - Init CAD model plugin
2026-02-12 16:58:49,373 [INFO] PluginManage:359 - Loaded plugin cadmodel (category:power,tabindex:5)
2026-02-12 16:58:49,373 [INFO] PluginManage:310 - Check plugin clock
2026-02-12 16:58:49,383 [INFO] PluginManage:359 - Loaded plugin clock (category:base,tabindex:2)
2026-02-12 16:58:49,384 [INFO] PluginManage:310 - Check plugin ddr
2026-02-12 16:58:49,386 [INFO] PluginManage:359 - Loaded plugin ddr (category:tool,tabindex:6)
2026-02-12 16:58:49,386 [INFO] PluginManage:310 - Check plugin filemanager
2026-02-12 16:58:49,495 [INFO] PluginManage:359 - Loaded plugin filemanager (category:base,tabindex:10)
2026-02-12 16:58:49,496 [INFO] PluginManage:310 - Check plugin ipmanager
2026-02-12 16:58:49,501 [INFO] PluginManage:359 - Loaded plugin ipmanager (category:base,tabindex:5)
2026-02-12 16:58:49,502 [INFO] PluginManage:310 - Check plugin lpbam
2026-02-12 16:58:49,509 [INFO] PluginManage:359 - Loaded plugin lpbam (category:base,tabindex:0)
2026-02-12 16:58:49,509 [INFO] PluginManage:310 - Check plugin memorymap
2026-02-12 16:58:49,516 [INFO] PluginManage:359 - Loaded plugin memorymap (category:base,tabindex:4)
2026-02-12 16:58:49,517 [INFO] PluginManage:310 - Check plugin pinoutandconfiguration
2026-02-12 16:58:49,521 [INFO] PluginManage:359 - Loaded plugin pinoutandconfiguration (category:base,tabindex:1)
2026-02-12 16:58:49,521 [INFO] PluginManage:310 - Check plugin pinoutconfig
2026-02-12 16:58:49,577 [WARN] SupportedApi:132 - Cannot load RTOS API schema: s4s-elt-must-match.1: The content of 'definitions' must match (annotation?, (simpleType | complexType)?, (unique | key | keyref)*)). A problem was found starting at: attribute.
2026-02-12 16:58:49,657 [INFO] PluginManage:359 - Loaded plugin pinoutconfig (category:base,tabindex:0)
2026-02-12 16:58:49,657 [INFO] PluginManage:310 - Check plugin power
2026-02-12 16:58:49,662 [INFO] PluginManage:359 - Loaded plugin power (category:power,tabindex:4)
2026-02-12 16:58:49,662 [INFO] PluginManage:310 - Check plugin projectmanager
2026-02-12 16:58:49,673 [INFO] PluginManage:359 - Loaded plugin projectmanager (category:projectmanager,tabindex:4)
2026-02-12 16:58:49,673 [INFO] PluginManage:310 - Check plugin rif
2026-02-12 16:58:49,676 [INFO] PluginManage:359 - Loaded plugin rif (category:base,tabindex:3)
2026-02-12 16:58:49,676 [INFO] PluginManage:310 - Check plugin thirdparty
2026-02-12 16:58:49,768 [WARN] IntegrityCheckThread:84 - waiting for thirdparty lock release [integrity check]
2026-02-12 16:58:49,768 [INFO] IntegrityCheckThread:86 - entering critical section [integrity check]
2026-02-12 16:58:49,769 [INFO] PluginManage:359 - Loaded plugin thirdparty (category:base,tabindex:-1)
2026-02-12 16:58:49,769 [INFO] PluginManage:310 - Check plugin tools
2026-02-12 16:58:49,769 [INFO] ThirdPartyUpdaterWithRetryManager:70 - Updater plugin not ready yet. [1/15]
2026-02-12 16:58:49,772 [INFO] PluginManage:359 - Loaded plugin tools (category:base,tabindex:7)
2026-02-12 16:58:49,772 [INFO] PluginManage:310 - Check plugin tutovideos
2026-02-12 16:58:49,889 [INFO] PluginManage:359 - Loaded plugin tutovideos (category:base,tabindex:-1)
2026-02-12 16:58:49,889 [INFO] PluginManage:310 - Check plugin updater
2026-02-12 16:58:49,900 [INFO] PluginManage:359 - Loaded plugin updater (category:base,tabindex:12)
2026-02-12 16:58:49,900 [INFO] PluginManage:310 - Check plugin userauth
2026-02-12 16:58:49,904 [INFO] UserAuth:113 - Init User Auth plugin
2026-02-12 16:58:49,904 [INFO] PluginManage:359 - Loaded plugin userauth (category:base,tabindex:14)
2026-02-12 16:58:49,904 [INFO] PluginManage:283 - PluginManage : Loaded plugins [18]
2026-02-12 16:58:50,063 [INFO] PinOutPanel:1561 - setPackage(No Configuration,No Configuration)
2026-02-12 16:58:50,132 [INFO] CADModel:165 - CPN selected for project level
2026-02-12 16:58:50,132 [INFO] CADModel:114 - Register for checkConnection events
2026-02-12 16:58:50,149 [INFO] IPUIPlugin:80 - create IPUIPlugin
2026-02-12 16:58:50,149 [INFO] PluginManager:220 - loadIPPluginJar : add adc
2026-02-12 16:58:50,152 [INFO] IPUIPlugin:80 - create IPUIPlugin
2026-02-12 16:58:50,152 [INFO] PluginManager:220 - loadIPPluginJar : add aes
2026-02-12 16:58:50,154 [INFO] IPUIPlugin:80 - create IPUIPlugin
2026-02-12 16:58:50,155 [INFO] PluginManager:220 - loadIPPluginJar : add can
2026-02-12 16:58:50,156 [INFO] IPUIPlugin:80 - create IPUIPlugin
2026-02-12 16:58:50,156 [INFO] PluginManager:220 - loadIPPluginJar : add comp
2026-02-12 16:58:50,158 [INFO] IPUIPlugin:80 - create IPUIPlugin
2026-02-12 16:58:50,158 [INFO] PluginManager:220 - loadIPPluginJar : add cryp
2026-02-12 16:58:50,160 [INFO] IPUIPlugin:80 - create IPUIPlugin
2026-02-12 16:58:50,160 [INFO] PluginManager:220 - loadIPPluginJar : add ddr_ctrl_phy
2026-02-12 16:58:50,161 [INFO] IPUIPlugin:80 - create IPUIPlugin
2026-02-12 16:58:50,161 [INFO] PluginManager:220 - loadIPPluginJar : add dfsdm
2026-02-12 16:58:50,165 [INFO] IPUIPlugin:80 - create IPUIPlugin
2026-02-12 16:58:50,166 [INFO] PluginManager:220 - loadIPPluginJar : add dma
2026-02-12 16:58:50,168 [INFO] IPUIPlugin:80 - create IPUIPlugin
2026-02-12 16:58:50,168 [INFO] PluginManager:220 - loadIPPluginJar : add dma3
2026-02-12 16:58:50,170 [INFO] IPUIPlugin:80 - create IPUIPlugin
2026-02-12 16:58:50,170 [INFO] PluginManager:220 - loadIPPluginJar : add extmemmanager
2026-02-12 16:58:50,171 [INFO] IPUIPlugin:80 - create IPUIPlugin
2026-02-12 16:58:50,171 [INFO] PluginManager:220 - loadIPPluginJar : add fatfs
2026-02-12 16:58:50,185 [INFO] IPUIPlugin:80 - create IPUIPlugin
2026-02-12 16:58:50,185 [INFO] PluginManager:220 - loadIPPluginJar : add fmc
2026-02-12 16:58:50,188 [INFO] IPUIPlugin:80 - create IPUIPlugin
2026-02-12 16:58:50,189 [INFO] PluginManager:220 - loadIPPluginJar : add freertos
2026-02-12 16:58:50,190 [INFO] IPUIPlugin:80 - create IPUIPlugin
2026-02-12 16:58:50,190 [INFO] PluginManager:220 - loadIPPluginJar : add genericplugin
2026-02-12 16:58:50,191 [INFO] IPUIPlugin:80 - create IPUIPlugin
2026-02-12 16:58:50,191 [INFO] PluginManager:220 - loadIPPluginJar : add gfxmmu
2026-02-12 16:58:50,194 [INFO] IPUIPlugin:80 - create IPUIPlugin
2026-02-12 16:58:50,194 [INFO] PluginManager:220 - loadIPPluginJar : add gic
2026-02-12 16:58:50,197 [INFO] IPUIPlugin:80 - create IPUIPlugin
2026-02-12 16:58:50,197 [INFO] PluginManager:220 - loadIPPluginJar : add gpio
2026-02-12 16:58:50,199 [INFO] IPUIPlugin:80 - create IPUIPlugin
2026-02-12 16:58:50,199 [INFO] PluginManager:220 - loadIPPluginJar : add gtzc
2026-02-12 16:58:50,207 [INFO] IPUIPlugin:80 - create IPUIPlugin
2026-02-12 16:58:50,207 [INFO] PluginManager:220 - loadIPPluginJar : add hash
2026-02-12 16:58:50,209 [INFO] IPUIPlugin:80 - create IPUIPlugin
2026-02-12 16:58:50,209 [INFO] PluginManager:220 - loadIPPluginJar : add i2c
2026-02-12 16:58:50,211 [INFO] IPUIPlugin:80 - create IPUIPlugin
2026-02-12 16:58:50,211 [INFO] PluginManager:220 - loadIPPluginJar : add i2s
2026-02-12 16:58:50,214 [INFO] IPUIPlugin:80 - create IPUIPlugin
2026-02-12 16:58:50,214 [INFO] PluginManager:220 - loadIPPluginJar : add i3c
2026-02-12 16:58:50,216 [INFO] IPUIPlugin:80 - create IPUIPlugin
2026-02-12 16:58:50,216 [INFO] PluginManager:220 - loadIPPluginJar : add ipddr
2026-02-12 16:58:50,221 [INFO] IPUIPlugin:80 - create IPUIPlugin
2026-02-12 16:58:50,221 [INFO] PluginManager:220 - loadIPPluginJar : add linkedlist
2026-02-12 16:58:50,223 [INFO] IPUIPlugin:80 - create IPUIPlugin
2026-02-12 16:58:50,223 [INFO] PluginManager:220 - loadIPPluginJar : add lorawan
2026-02-12 16:58:50,224 [INFO] IPUIPlugin:80 - create IPUIPlugin
2026-02-12 16:58:50,224 [INFO] PluginManager:220 - loadIPPluginJar : add ltdc
2026-02-12 16:58:50,228 [INFO] IPUIPlugin:80 - create IPUIPlugin
2026-02-12 16:58:50,228 [INFO] PluginManager:220 - loadIPPluginJar : add mdma
2026-02-12 16:58:50,230 [INFO] IPUIPlugin:80 - create IPUIPlugin
2026-02-12 16:58:50,230 [INFO] PluginManager:220 - loadIPPluginJar : add nvic
2026-02-12 16:58:50,232 [INFO] IPUIPlugin:80 - create IPUIPlugin
2026-02-12 16:58:50,232 [INFO] PluginManager:220 - loadIPPluginJar : add opamp
2026-02-12 16:58:50,235 [INFO] IPUIPlugin:80 - create IPUIPlugin
2026-02-12 16:58:50,235 [INFO] PluginManager:220 - loadIPPluginJar : add openamp
2026-02-12 16:58:50,237 [INFO] IPUIPlugin:80 - create IPUIPlugin
2026-02-12 16:58:50,237 [INFO] PluginManager:220 - loadIPPluginJar : add pdm2pcm
2026-02-12 16:58:50,241 [INFO] IPUIPlugin:80 - create IPUIPlugin
2026-02-12 16:58:50,242 [INFO] PluginManager:220 - loadIPPluginJar : add plateformsettings
2026-02-12 16:58:50,243 [INFO] IPUIPlugin:80 - create IPUIPlugin
2026-02-12 16:58:50,243 [INFO] PluginManager:220 - loadIPPluginJar : add quadspi
2026-02-12 16:58:50,245 [INFO] IPUIPlugin:80 - create IPUIPlugin
2026-02-12 16:58:50,245 [INFO] PluginManager:220 - loadIPPluginJar : add radio
2026-02-12 16:58:50,247 [INFO] IPUIPlugin:80 - create IPUIPlugin
2026-02-12 16:58:50,247 [INFO] PluginManager:220 - loadIPPluginJar : add resmgrutility
2026-02-12 16:58:50,249 [INFO] IPUIPlugin:80 - create IPUIPlugin
2026-02-12 16:58:50,249 [INFO] PluginManager:220 - loadIPPluginJar : add sai
2026-02-12 16:58:50,252 [INFO] IPUIPlugin:80 - create IPUIPlugin
2026-02-12 16:58:50,252 [INFO] PluginManager:220 - loadIPPluginJar : add spi
2026-02-12 16:58:50,255 [INFO] IPUIPlugin:80 - create IPUIPlugin
2026-02-12 16:58:50,255 [INFO] PluginManager:220 - loadIPPluginJar : add stm32_wpan
2026-02-12 16:58:50,256 [INFO] IPUIPlugin:80 - create IPUIPlugin
2026-02-12 16:58:50,256 [INFO] PluginManager:220 - loadIPPluginJar : add tim
2026-02-12 16:58:50,259 [INFO] IPUIPlugin:80 - create IPUIPlugin
2026-02-12 16:58:50,259 [INFO] PluginManager:220 - loadIPPluginJar : add touchsensing
2026-02-12 16:58:50,260 [INFO] IPUIPlugin:80 - create IPUIPlugin
2026-02-12 16:58:50,260 [INFO] PluginManager:220 - loadIPPluginJar : add tracer_emb
2026-02-12 16:58:50,262 [INFO] IPUIPlugin:80 - create IPUIPlugin
2026-02-12 16:58:50,262 [INFO] PluginManager:220 - loadIPPluginJar : add ts
2026-02-12 16:58:50,263 [INFO] IPUIPlugin:80 - create IPUIPlugin
2026-02-12 16:58:50,263 [INFO] PluginManager:220 - loadIPPluginJar : add tsc
2026-02-12 16:58:50,264 [INFO] IPUIPlugin:80 - create IPUIPlugin
2026-02-12 16:58:50,264 [INFO] PluginManager:220 - loadIPPluginJar : add ucpd
2026-02-12 16:58:50,266 [INFO] IPUIPlugin:80 - create IPUIPlugin
2026-02-12 16:58:50,266 [INFO] PluginManager:220 - loadIPPluginJar : add usart
2026-02-12 16:58:50,267 [INFO] IPUIPlugin:80 - create IPUIPlugin
2026-02-12 16:58:50,267 [INFO] PluginManager:220 - loadIPPluginJar : add usbx
2026-02-12 16:58:50,377 [INFO] CADModel:165 - CPN selected for project level
2026-02-12 16:58:50,377 [INFO] CADModel:114 - Register for checkConnection events
2026-02-12 16:58:50,377 [FATAL] Updater:334 - Updater called before beeing initialized
2026-02-12 16:58:50,377 [ERROR] CADModel:125 - Updater not yet initialized, retry later 
2026-02-12 16:58:50,454 [INFO] CADModel:165 - CPN selected for project level
2026-02-12 16:58:50,455 [INFO] CADModel:114 - Register for checkConnection events
2026-02-12 16:58:50,455 [FATAL] Updater:334 - Updater called before beeing initialized
2026-02-12 16:58:50,455 [ERROR] CADModel:125 - Updater not yet initialized, retry later 
2026-02-12 16:58:50,457 [FATAL] Updater:334 - Updater called before beeing initialized
2026-02-12 16:58:50,535 [FATAL] Updater:334 - Updater called before beeing initialized
2026-02-12 16:58:50,538 [INFO] DbMcusAds:53 - JSON generation date=Fri Jan 09 00:56:32 KST 2026 (1767887792457)
2026-02-12 16:58:50,538 [FATAL] Updater:334 - Updater called before beeing initialized
2026-02-12 16:58:50,561 [WARN] DetailPanel:346 - Failed to get advertising image, set to default
2026-02-12 16:58:50,627 [FATAL] Updater:334 - Updater called before beeing initialized
2026-02-12 16:58:50,628 [FATAL] Updater:334 - Updater called before beeing initialized
2026-02-12 16:58:50,628 [FATAL] Updater:334 - Updater called before beeing initialized
2026-02-12 16:58:50,628 [WARN] DetailPanel:346 - Failed to get advertising image, set to default
2026-02-12 16:58:50,628 [FATAL] Updater:334 - Updater called before beeing initialized
2026-02-12 16:58:50,662 [ERROR] Updater:1164 - MainUpdater not yet initialized. External WinMGr cannot be set.
2026-02-12 16:58:50,663 [INFO] Updater:1100 - Updater Version found : 6.12.1
2026-02-12 16:58:50,674 [INFO] ApplicationProperties:184 - Using Application install path: C:\ST\STM32CubeIDE_1.16.1\STM32CubeIDE\plugins\com.st.stm32cube.common.mx_6.12.1.202409122256
2026-02-12 16:58:51,317 [INFO] MainUpdater:2873 - connection check result : 10
2026-02-12 16:58:51,317 [INFO] MainUpdater:290 - Updater Check For Update Now.
2026-02-12 16:58:51,318 [INFO] MicroXplorer:498 - Change Database Version : DB.6.0.121
2026-02-12 16:58:51,321 [INFO] McuFinderGlobals:63 - Set McuFinder mode to 2 (CubeIDE integrated)
2026-02-12 16:58:51,321 [INFO] UserAuth:417 - Internet connection configuration mode: 1
2026-02-12 16:58:51,350 [INFO] JxBrowserEngine:152 - Initiate JxBrowser Engine with user profile folder
2026-02-12 16:58:51,496 [INFO] CheckServerUpdateThread:120 - End of CheckServer Thread
2026-02-12 16:58:51,778 [INFO] WebApp:167 - Instantiating new browser for Auth
2026-02-12 16:58:52,252 [INFO] WebApp:448 - Apply proxy settings
2026-02-12 16:58:52,256 [INFO] WebApp:493 - Chromium authenticates against Manually configured proxy
2026-02-12 16:58:52,261 [INFO] WebApp:501 - Username used for proxy authentication: 
2026-02-12 16:58:52,275 [INFO] WebApp:869 - Register for checkConnection events
2026-02-12 16:58:52,275 [INFO] WebApp:448 - Apply proxy settings
2026-02-12 16:58:52,278 [INFO] WebApp:493 - Chromium authenticates against Manually configured proxy
2026-02-12 16:58:52,278 [INFO] WebApp:501 - Username used for proxy authentication: 
2026-02-12 16:58:52,364 [INFO] WebApp:220 - Starting web application
2026-02-12 16:58:52,364 [INFO] WebApp:578 - Web application path used C:\ST\STM32CubeIDE_1.16.1\STM32CubeIDE\plugins\com.st.stm32cube.common.mx_6.12.1.202409122256\db\plugins\mcufinder\reactClient1\index.html
2026-02-12 16:58:52,417 [INFO] UserAuth:417 - Internet connection configuration mode: 1
2026-02-12 16:58:52,544 [INFO] WebApp:186 - Connection restablished
2026-02-12 16:58:53,011 [WARN] PackLoader:240 - Cannot read IP mode file for STMicroelectronics.FP-SNS-MOTENVWB1.1.4.0
2026-02-12 16:58:53,018 [WARN] PackLoader:240 - Cannot read IP mode file for STMicroelectronics.FP-ATR-ASTRA1.2.0.2
2026-02-12 16:58:53,020 [WARN] PackLoader:240 - Cannot read IP mode file for STMicroelectronics.FP-ATR-ASTRA1.2.0.1
2026-02-12 16:58:53,025 [WARN] PackLoader:240 - Cannot read IP mode file for STMicroelectronics.X-CUBE-SMBUS.2.1.0
2026-02-12 16:58:53,031 [WARN] PackLoader:240 - Cannot read IP mode file for STMicroelectronics.X-CUBE-WB05N.1.1.0
2026-02-12 16:58:53,033 [ERROR] Engine:466 - C:\Users\RND1\.stm32cubemx\thirdparties\pdsc\STMicroelectronics.X-CUBE-ST60.1.0.0.pdsc: PDSC version is not supported
2026-02-12 16:58:53,036 [WARN] PackLoader:240 - Cannot read IP mode file for STMicroelectronics.X-CUBE-TOUCHGFX.4.23.0
2026-02-12 16:58:53,038 [WARN] PackLoader:240 - Cannot read IP mode file for STMicroelectronics.X-CUBE-TOUCHGFX.4.23.2
2026-02-12 16:58:53,053 [WARN] PackLoader:240 - Cannot read IP mode file for STMicroelectronics.X-CUBE-AZRTOS-F7.1.1.0
2026-02-12 16:58:53,059 [WARN] PackLoader:240 - Cannot read IP mode file for STMicroelectronics.FP-SNS-MOTENV1.4.3.2
2026-02-12 16:58:53,096 [WARN] PackLoader:240 - Cannot read IP mode file for STMicroelectronics.X-CUBE-MEMS1.11.0.0
2026-02-12 16:58:53,192 [ERROR] Engine:466 - C:\Users\RND1\.stm32cubemx\thirdparties\pdsc\STMicroelectronics.FP-SNS-MOTENV1.5.1.0.pdsc: PDSC version is not supported
2026-02-12 16:58:53,196 [WARN] PackLoader:240 - Cannot read IP mode file for STMicroelectronics.FP-SNS-FLIGHT1.5.0.2
2026-02-12 16:58:53,207 [WARN] PackLoader:240 - Cannot read IP mode file for STMicroelectronics.X-CUBE-AZRTOS-H7.3.4.0
2026-02-12 16:58:53,215 [WARN] PackLoader:240 - Cannot read IP mode file for STMicroelectronics.X-CUBE-DISPLAY.3.0.0
2026-02-12 16:58:53,223 [WARN] PackLoader:240 - Cannot read IP mode file for STMicroelectronics.X-CUBE-BLE1.7.0.0
2026-02-12 16:58:53,227 [WARN] PackLoader:240 - Cannot read IP mode file for STMicroelectronics.X-CUBE-NFC10.1.0.0
2026-02-12 16:58:53,234 [WARN] PackLoader:240 - Cannot read IP mode file for STMicroelectronics.X-CUBE-BLEMGR.4.0.0
2026-02-12 16:58:53,237 [ERROR] Engine:466 - C:\Users\RND1\.stm32cubemx\thirdparties\pdsc\STMicroelectronics.X-CUBE-ST60.1.1.0.pdsc: PDSC version is not supported
2026-02-12 16:58:53,241 [WARN] PackLoader:240 - Cannot read IP mode file for emotas.I-CUBE-CANOPEN.1.3.0
2026-02-12 16:58:53,249 [WARN] PackLoader:240 - Cannot read IP mode file for STMicroelectronics.X-CUBE-GNSS1.7.1.0
2026-02-12 16:58:53,256 [WARN] PackLoader:240 - Cannot read IP mode file for STMicroelectronics.X-CUBE-BLEMGR.3.1.0
2026-02-12 16:58:53,261 [WARN] PackLoader:240 - Cannot read IP mode file for STMicroelectronics.X-CUBE-AI.10.0.0
2026-02-12 16:58:53,265 [ERROR] Engine:466 - C:\Users\RND1\.stm32cubemx\thirdparties\pdsc\STMicroelectronics.FP-SNS-STBOX1.2.1.0.pdsc: PDSC version is not supported
2026-02-12 16:58:53,269 [WARN] PackLoader:240 - Cannot read IP mode file for STMicroelectronics.FP-SNS-SMARTAG2.1.2.0
2026-02-12 16:58:53,270 [ERROR] Engine:466 - C:\Users\RND1\.stm32cubemx\thirdparties\pdsc\STMicroelectronics.FP-SNS-FLIGHT1.5.1.0.pdsc: PDSC version is not supported
2026-02-12 16:58:53,297 [WARN] PackLoader:240 - Cannot read IP mode file for STMicroelectronics.X-CUBE-MEMS1.11.1.0
2026-02-12 16:58:53,371 [INFO] LogOutputStream:77 - [STDOUT_REDIRECT] 1 : Invalid condition id : UX_CORESTACK_Condition cause : null
2026-02-12 16:58:53,372 [INFO] LogOutputStream:77 - [STDOUT_REDIRECT] 1 : Invalid condition id : UX_CORESTACK_Condition cause : null
2026-02-12 16:58:53,373 [INFO] LogOutputStream:77 - [STDOUT_REDIRECT] 1 : Invalid condition id : UX_CORESTACK_Condition cause : null
2026-02-12 16:58:53,376 [INFO] LogOutputStream:77 - [STDOUT_REDIRECT] 1 : Invalid condition id : UX_CORESTACK_Condition cause : null
2026-02-12 16:58:53,378 [INFO] LogOutputStream:77 - [STDOUT_REDIRECT] 1 : Invalid condition id : UX_CORESTACK_Condition cause : null
2026-02-12 16:58:53,382 [WARN] PackLoader:240 - Cannot read IP mode file for STMicroelectronics.X-CUBE-AZRTOS-WL.2.0.0
2026-02-12 16:58:53,386 [WARN] PackLoader:240 - Cannot read IP mode file for STMicroelectronics.FP-SNS-MOTENV1.5.0.0
2026-02-12 16:58:53,405 [WARN] PackLoader:240 - Cannot read IP mode file for STMicroelectronics.X-CUBE-AZRTOS-H7RS.1.2.0
2026-02-12 16:58:53,413 [WARN] PackLoader:240 - Cannot read IP mode file for wolfSSL.I-CUBE-wolfMQTT.1.19.0
2026-02-12 16:58:53,433 [WARN] PackLoader:240 - Cannot read IP mode file for WES.I-CUBE-Cesium.1.3.0
2026-02-12 16:58:53,438 [WARN] PackLoader:240 - Cannot read IP mode file for STMicroelectronics.X-CUBE-BLE2.3.3.0
2026-02-12 16:58:53,440 [ERROR] Engine:466 - C:\Users\RND1\.stm32cubemx\thirdparties\pdsc\Avnet-IOTCONNECT.X-CUBE-iotc-st67-sdk.1.0.0.pdsc: PDSC version is not supported
2026-02-12 16:58:53,446 [WARN] PackLoader:240 - Cannot read IP mode file for STMicroelectronics.X-CUBE-NFC9.1.0.0
2026-02-12 16:58:53,452 [WARN] PackLoader:240 - Cannot read IP mode file for STMicroelectronics.X-CUBE-BLE1.7.1.0
2026-02-12 16:58:53,456 [WARN] PackLoader:240 - Cannot read IP mode file for STMicroelectronics.X-CUBE-TCPP.4.1.0
2026-02-12 16:58:53,459 [ERROR] Engine:466 - C:\Users\RND1\.stm32cubemx\thirdparties\pdsc\STMicroelectronics.X-CUBE-FREERTOS.1.4.0.pdsc: PDSC version is not supported
2026-02-12 16:58:53,465 [WARN] PackLoader:240 - Cannot read IP mode file for STMicroelectronics.X-CUBE-EEPRMA1.5.2.0
2026-02-12 16:58:53,469 [ERROR] Engine:466 - C:\Users\RND1\.stm32cubemx\thirdparties\pdsc\STMicroelectronics.X-CUBE-ST67W61.1.1.0.pdsc: PDSC version is not supported
2026-02-12 16:58:53,473 [WARN] PackLoader:240 - Cannot read IP mode file for STMicroelectronics.X-CUBE-AI.10.1.0
2026-02-12 16:58:53,495 [WARN] PackLoader:240 - Cannot read IP mode file for STMicroelectronics.X-CUBE-MEMS1.12.0.0
2026-02-12 16:58:53,539 [WARN] PackLoader:240 - Cannot read IP mode file for STMicroelectronics.X-CUBE-ALGOBUILD.1.3.0
2026-02-12 16:58:53,572 [WARN] PackLoader:240 - Cannot read IP mode file for STMicroelectronics.X-CUBE-MEMS1.11.2.0
2026-02-12 16:58:53,651 [WARN] PackLoader:240 - Cannot read IP mode file for STMicroelectronics.X-CUBE-AZRTOS-G0.1.1.0
2026-02-12 16:58:53,657 [WARN] PackLoader:240 - Cannot read IP mode file for STMicroelectronics.X-CUBE-SAFEA1.1.2.2
2026-02-12 16:58:53,665 [WARN] PackLoader:240 - Cannot read IP mode file for STMicroelectronics.X-CUBE-NFC4.3.0.0
2026-02-12 16:58:53,668 [WARN] PackLoader:240 - Cannot read IP mode file for wolfSSL.I-CUBE-wolfMQTT.1.18.0
2026-02-12 16:58:53,675 [WARN] PackLoader:240 - Cannot read IP mode file for EmbeddedOffice.I-CUBE-FS-RTOS.1.0.1
2026-02-12 16:58:53,676 [ERROR] ConditionMgr:805 - Attr not supported : Dmpu
2026-02-12 16:58:53,676 [ERROR] ConditionMgr:805 - Attr not supported : Dmpu
2026-02-12 16:58:53,676 [ERROR] ConditionMgr:805 - Attr not supported : Dmpu
2026-02-12 16:58:53,676 [ERROR] ConditionMgr:805 - Attr not supported : Dmpu
2026-02-12 16:58:53,676 [ERROR] ConditionMgr:805 - Attr not supported : Dmpu
2026-02-12 16:58:53,676 [ERROR] ConditionMgr:805 - Attr not supported : Dmpu
2026-02-12 16:58:53,676 [ERROR] ConditionMgr:805 - Attr not supported : Dmpu
2026-02-12 16:58:53,676 [ERROR] ConditionMgr:805 - Attr not supported : Dmpu
2026-02-12 16:58:53,676 [ERROR] ConditionMgr:805 - Attr not supported : Dmpu
2026-02-12 16:58:53,676 [ERROR] ConditionMgr:805 - Attr not supported : Dmpu
2026-02-12 16:58:53,676 [ERROR] ConditionMgr:805 - Attr not supported : Dmpu
2026-02-12 16:58:53,676 [ERROR] ConditionMgr:805 - Attr not supported : Dmpu
2026-02-12 16:58:53,676 [ERROR] ConditionMgr:805 - Attr not supported : Dmpu
2026-02-12 16:58:53,676 [ERROR] ConditionMgr:805 - Attr not supported : Dmpu
2026-02-12 16:58:53,676 [ERROR] ConditionMgr:805 - Attr not supported : Dmpu
2026-02-12 16:58:53,676 [ERROR] ConditionMgr:805 - Attr not supported : Dmpu
2026-02-12 16:58:53,676 [ERROR] ConditionMgr:805 - Attr not supported : Dmpu
2026-02-12 16:58:53,676 [ERROR] ConditionMgr:805 - Attr not supported : Dmpu
2026-02-12 16:58:53,676 [ERROR] ConditionMgr:805 - Attr not supported : Dmpu
2026-02-12 16:58:53,676 [ERROR] ConditionMgr:805 - Attr not supported : Dmpu
2026-02-12 16:58:53,676 [ERROR] ConditionMgr:805 - Attr not supported : Dmpu
2026-02-12 16:58:53,676 [ERROR] ConditionMgr:805 - Attr not supported : Dmpu
2026-02-12 16:58:53,676 [ERROR] ConditionMgr:805 - Attr not supported : Dmpu
2026-02-12 16:58:53,676 [ERROR] ConditionMgr:805 - Attr not supported : Dmpu
2026-02-12 16:58:53,677 [ERROR] ConditionMgr:805 - Attr not supported : Dmpu
2026-02-12 16:58:53,677 [ERROR] ConditionMgr:805 - Attr not supported : Dmpu
2026-02-12 16:58:53,677 [ERROR] ConditionMgr:805 - Attr not supported : Dmpu
2026-02-12 16:58:53,677 [ERROR] ConditionMgr:805 - Attr not supported : Dmpu
2026-02-12 16:58:53,677 [ERROR] ConditionMgr:805 - Attr not supported : Dmpu
2026-02-12 16:58:53,677 [ERROR] ConditionMgr:805 - Attr not supported : Dmpu
2026-02-12 16:58:53,677 [ERROR] ConditionMgr:805 - Attr not supported : Dmpu
2026-02-12 16:58:53,677 [ERROR] ConditionMgr:805 - Attr not supported : Dmpu
2026-02-12 16:58:53,677 [ERROR] ConditionMgr:805 - Attr not supported : Dmpu
2026-02-12 16:58:53,677 [ERROR] ConditionMgr:805 - Attr not supported : Dmpu
2026-02-12 16:58:53,677 [ERROR] ConditionMgr:805 - Attr not supported : Dmpu
2026-02-12 16:58:53,677 [ERROR] ConditionMgr:805 - Attr not supported : Dmpu
2026-02-12 16:58:53,677 [ERROR] ConditionMgr:805 - Attr not supported : Dmpu
2026-02-12 16:58:53,677 [ERROR] ConditionMgr:805 - Attr not supported : Dmpu
2026-02-12 16:58:53,677 [ERROR] ConditionMgr:805 - Attr not supported : Dmpu
2026-02-12 16:58:53,677 [ERROR] ConditionMgr:805 - Attr not supported : Dmpu
2026-02-12 16:58:53,677 [ERROR] ConditionMgr:805 - Attr not supported : Dmpu
2026-02-12 16:58:53,677 [ERROR] ConditionMgr:805 - Attr not supported : Dmpu
2026-02-12 16:58:53,677 [ERROR] ConditionMgr:805 - Attr not supported : Dmpu
2026-02-12 16:58:53,677 [ERROR] ConditionMgr:805 - Attr not supported : Dmpu
2026-02-12 16:58:53,677 [ERROR] ConditionMgr:805 - Attr not supported : Dmpu
2026-02-12 16:58:53,677 [ERROR] ConditionMgr:805 - Attr not supported : Dmpu
2026-02-12 16:58:53,677 [ERROR] ConditionMgr:805 - Attr not supported : Dmpu
2026-02-12 16:58:53,677 [ERROR] ConditionMgr:805 - Attr not supported : Dmpu
2026-02-12 16:58:53,677 [ERROR] ConditionMgr:805 - Attr not supported : Dmpu
2026-02-12 16:58:53,677 [ERROR] ConditionMgr:805 - Attr not supported : Dmpu
2026-02-12 16:58:53,677 [ERROR] ConditionMgr:805 - Attr not supported : Dmpu
2026-02-12 16:58:53,677 [ERROR] ConditionMgr:805 - Attr not supported : Dmpu
2026-02-12 16:58:53,677 [ERROR] ConditionMgr:805 - Attr not supported : Dmpu
2026-02-12 16:58:53,677 [ERROR] ConditionMgr:805 - Attr not supported : Dmpu
2026-02-12 16:58:53,678 [ERROR] ConditionMgr:805 - Attr not supported : Dmpu
2026-02-12 16:58:53,678 [ERROR] ConditionMgr:805 - Attr not supported : Dmpu
2026-02-12 16:58:53,678 [ERROR] ConditionMgr:805 - Attr not supported : Dmpu
2026-02-12 16:58:53,678 [ERROR] ConditionMgr:805 - Attr not supported : Dmpu
2026-02-12 16:58:53,678 [ERROR] ConditionMgr:805 - Attr not supported : Dmpu
2026-02-12 16:58:53,678 [ERROR] ConditionMgr:805 - Attr not supported : Dmpu
2026-02-12 16:58:53,678 [ERROR] ConditionMgr:805 - Attr not supported : Dmpu
2026-02-12 16:58:53,678 [ERROR] ConditionMgr:805 - Attr not supported : Dmpu
2026-02-12 16:58:53,678 [ERROR] ConditionMgr:805 - Attr not supported : Dmpu
2026-02-12 16:58:53,678 [ERROR] ConditionMgr:805 - Attr not supported : Dmpu
2026-02-12 16:58:53,682 [WARN] PackLoader:240 - Cannot read IP mode file for STMicroelectronics.X-CUBE-WB05N.2.0.0
2026-02-12 16:58:53,692 [WARN] PackLoader:240 - Cannot read IP mode file for STMicroelectronics.X-CUBE-BLEMGR.3.0.0
2026-02-12 16:58:53,696 [ERROR] Engine:466 - C:\Users\RND1\.stm32cubemx\thirdparties\pdsc\STMicroelectronics.X-CUBE-TCPP.4.2.0.pdsc: PDSC version is not supported
2026-02-12 16:58:53,700 [WARN] PackLoader:240 - Cannot read IP mode file for RealThread.X-CUBE-RT-Thread_Nano.4.1.1
2026-02-12 16:58:53,704 [WARN] PackLoader:240 - Cannot read IP mode file for STMicroelectronics.FP-ATR-SIGFOX1.3.2.0
2026-02-12 16:58:53,708 [WARN] ConditionMgr:438 - getConditionDescription Invalid condition id : Cortex-A Device cause : null
2026-02-12 16:58:53,724 [WARN] ConditionMgr:1039 - genDependencies : Invalid condition id : Cortex-A Device cause : null
2026-02-12 16:58:53,724 [WARN] ConditionMgr:1039 - genDependencies : Invalid condition id : Cortex-A Device cause : null
2026-02-12 16:58:53,724 [WARN] ConditionMgr:1039 - genDependencies : Invalid condition id : Cortex-A Device cause : null
2026-02-12 16:58:53,728 [WARN] PackLoader:240 - Cannot read IP mode file for STMicroelectronics.X-CUBE-EEPRMA1.5.1.0
2026-02-12 16:58:53,734 [WARN] PackLoader:240 - Cannot read IP mode file for STMicroelectronics.X-CUBE-NFC6.3.2.0
2026-02-12 16:58:53,737 [ERROR] Engine:466 - C:\Users\RND1\.stm32cubemx\thirdparties\pdsc\STMicroelectronics.X-CUBE-ST67W61.1.0.0.pdsc: PDSC version is not supported
2026-02-12 16:58:53,739 [WARN] PackLoader:240 - Cannot read IP mode file for STMicroelectronics.X-CUBE-AI.10.2.0
2026-02-12 16:58:53,763 [WARN] PackLoader:240 - Cannot read IP mode file for SEGGER.I-CUBE-embOS.1.3.1
2026-02-12 16:58:53,790 [WARN] PackLoader:240 - Cannot read IP mode file for STMicroelectronics.X-CUBE-ALGOBUILD.1.4.0
2026-02-12 16:58:53,815 [WARN] PackLoader:240 - Cannot read IP mode file for STMicroelectronics.X-CUBE-MEMS1.11.3.0
2026-02-12 16:58:53,875 [WARN] PackLoader:240 - Cannot read IP mode file for STMicroelectronics.X-CUBE-AI.9.1.0
2026-02-12 16:58:53,880 [WARN] PackLoader:240 - Cannot read IP mode file for STMicroelectronics.X-CUBE-PM33A1.1.0.0
2026-02-12 16:58:53,882 [WARN] PackLoader:240 - Cannot read IP mode file for STMicroelectronics.X-CUBE-GNSS1.6.0.0
2026-02-12 16:58:53,891 [WARN] PackLoader:240 - Cannot read IP mode file for STMicroelectronics.X-CUBE-AZRTOS-F4.1.1.0
2026-02-12 16:58:53,897 [WARN] PackLoader:240 - Cannot read IP mode file for wolfSSL.I-CUBE-wolfSSL.5.6.4
2026-02-12 16:58:53,899 [ERROR] Engine:466 - C:\Users\RND1\.stm32cubemx\thirdparties\pdsc\Avnet-IotConnect.X-CUBE-IoTC-DA16k-PMOD.1.0.0.pdsc: PDSC version is not supported
2026-02-12 16:58:53,929 [WARN] PackLoader:240 - Cannot read IP mode file for STMicroelectronics.X-CUBE-ISPU.2.1.0
2026-02-12 16:58:53,932 [ERROR] Engine:466 - C:\Users\RND1\.stm32cubemx\thirdparties\pdsc\STMicroelectronics.X-CUBE-IPS.3.2.0.pdsc: PDSC version is not supported
2026-02-12 16:58:53,936 [WARN] PackLoader:240 - Cannot read IP mode file for STMicroelectronics.X-CUBE-FREERTOS.1.2.0
2026-02-12 16:58:53,940 [WARN] PackLoader:240 - Cannot read IP mode file for STMicroelectronics.X-CUBE-NFC12.1.0.0
2026-02-12 16:58:53,950 [WARN] PackLoader:240 - Cannot read IP mode file for STMicroelectronics.X-CUBE-AZRTOS-L5.2.0.0
2026-02-12 16:58:53,954 [WARN] PackLoader:240 - Cannot read IP mode file for STMicroelectronics.X-CUBE-EEPRMA1.4.2.0
2026-02-12 16:58:53,959 [WARN] PackLoader:240 - Cannot read IP mode file for STMicroelectronics.X-CUBE-NFC6.3.1.0
2026-02-12 16:58:53,966 [WARN] PackLoader:240 - Cannot read IP mode file for ITTIA_DB.I-CUBE-ITTIADB.8.8.0
2026-02-12 16:58:53,970 [WARN] PackLoader:240 - Cannot read IP mode file for STMicroelectronics.X-CUBE-DPower.1.2.0
2026-02-12 16:58:53,972 [WARN] PackLoader:240 - Cannot read IP mode file for STMicroelectronics.X-CUBE-AI.9.0.0
2026-02-12 16:58:53,975 [WARN] PackLoader:240 - Cannot read IP mode file for STMicroelectronics.X-CUBE-FREERTOS.1.3.1
2026-02-12 16:58:53,979 [WARN] PackLoader:240 - Cannot read IP mode file for STMicroelectronics.X-CUBE-FREERTOS.1.3.0
2026-02-12 16:58:53,982 [WARN] PackLoader:240 - Cannot read IP mode file for STMicroelectronics.X-CUBE-NFC7.1.0.1
2026-02-12 16:58:53,986 [WARN] PackLoader:240 - Cannot read IP mode file for STMicroelectronics.X-CUBE-TOUCHGFX.4.26.0
2026-02-12 16:58:53,989 [WARN] PackLoader:240 - Cannot read IP mode file for STMicroelectronics.X-CUBE-NFC6.3.0.0
2026-02-12 16:58:53,991 [ERROR] Engine:466 - C:\Users\RND1\.stm32cubemx\thirdparties\pdsc\STMicroelectronics.FP-SNS-STAIOTCFT.1.0.0.pdsc: PDSC version is not supported
2026-02-12 16:58:53,994 [WARN] PackLoader:240 - Cannot read IP mode file for STMicroelectronics.X-CUBE-DPower.1.3.0
2026-02-12 16:58:53,997 [WARN] PackLoader:240 - Cannot read IP mode file for STMicroelectronics.X-CUBE-AI.8.1.0
2026-02-12 16:58:54,006 [WARN] ConditionMgr:438 - getConditionDescription Invalid condition id : LAN8742 Phy interface Condition cause : null
2026-02-12 16:58:54,007 [WARN] PackLoader:240 - Cannot read IP mode file for STMicroelectronics.X-CUBE-AZRTOS-L4.2.0.0
2026-02-12 16:58:54,007 [WARN] ConditionMgr:1039 - genDependencies : Invalid condition id : LAN8742 Phy interface Condition cause : null
2026-02-12 16:58:54,007 [WARN] ConditionMgr:1039 - genDependencies : Invalid condition id : LAN8742 Phy interface Condition cause : null
2026-02-12 16:58:54,008 [WARN] ConditionMgr:1039 - genDependencies : Invalid condition id : LAN8742 Phy interface Condition cause : null
2026-02-12 16:58:54,013 [WARN] PackLoader:240 - Cannot read IP mode file for STMicroelectronics.X-CUBE-SFXS2LP1.4.0.0
2026-02-12 16:58:54,015 [ERROR] Engine:466 - C:\Users\RND1\.stm32cubemx\thirdparties\pdsc\STMicroelectronics.X-CUBE-ST67W61.1.2.0.pdsc: PDSC version is not supported
2026-02-12 16:58:54,023 [WARN] PackLoader:240 - Cannot read IP mode file for STMicroelectronics.X-CUBE-AZRTOS-H7.3.3.0
2026-02-12 16:58:54,028 [ERROR] Engine:466 - C:\Users\RND1\.stm32cubemx\thirdparties\pdsc\STMicroelectronics.X-CUBE-BLEMGR.4.1.0.pdsc: PDSC version is not supported
2026-02-12 16:58:54,034 [WARN] PackLoader:240 - Cannot read IP mode file for STMicroelectronics.X-CUBE-IPS.3.0.0
2026-02-12 16:58:54,042 [WARN] ConditionMgr:438 - getConditionDescription Invalid condition id : UX DEVICE CLASS RTOS Condition cause : null
2026-02-12 16:58:54,042 [WARN] ConditionMgr:438 - getConditionDescription Invalid condition id : UX DEVICE CLASS RTOS Condition cause : null
2026-02-12 16:58:54,043 [WARN] PackLoader:240 - Cannot read IP mode file for STMicroelectronics.X-CUBE-AZRTOS-WB.2.0.0
2026-02-12 16:58:54,043 [WARN] ConditionMgr:1039 - genDependencies : Invalid condition id : UX DEVICE CLASS RTOS Condition cause : null
2026-02-12 16:58:54,043 [WARN] ConditionMgr:1039 - genDependencies : Invalid condition id : UX DEVICE CLASS RTOS Condition cause : null
2026-02-12 16:58:54,044 [WARN] ConditionMgr:1039 - genDependencies : Invalid condition id : UX DEVICE CLASS RTOS Condition cause : null
2026-02-12 16:58:54,044 [WARN] ConditionMgr:1039 - genDependencies : Invalid condition id : UX DEVICE CLASS RTOS Condition cause : null
2026-02-12 16:58:54,044 [WARN] ConditionMgr:1039 - genDependencies : Invalid condition id : UX DEVICE CLASS RTOS Condition cause : null
2026-02-12 16:58:54,049 [WARN] PackLoader:240 - Cannot read IP mode file for STMicroelectronics.X-CUBE-GNSS1.7.0.0
2026-02-12 16:58:54,052 [WARN] PackLoader:240 - Cannot read IP mode file for STMicroelectronics.X-CUBE-GNSS1.7.0.1
2026-02-12 16:58:54,054 [WARN] PackLoader:240 - Cannot read IP mode file for STMicroelectronics.X-CUBE-TOUCHGFX.4.25.0
2026-02-12 16:58:54,059 [WARN] PackLoader:240 - Cannot read IP mode file for STMicroelectronics.FP-SNS-STBOX1.2.0.0
2026-02-12 16:58:54,065 [WARN] PackLoader:240 - Cannot read IP mode file for STMicroelectronics.X-CUBE-STSE01.2.0.0
2026-02-12 16:58:54,071 [WARN] PackLoader:240 - Cannot read IP mode file for STMicroelectronics.X-CUBE-SUBG2.5.0.0
2026-02-12 16:58:54,086 [WARN] PackLoader:240 - Cannot read IP mode file for STMicroelectronics.X-CUBE-AZRTOS-H7RS.1.1.0
2026-02-12 16:58:54,098 [WARN] PackLoader:240 - Cannot read IP mode file for STMicroelectronics.X-CUBE-AZRTOS-G4.2.0.0
2026-02-12 16:58:54,109 [WARN] PackLoader:240 - Cannot read IP mode file for Infineon.AIROC-Wi-Fi-Bluetooth-STM32.1.5.1
2026-02-12 16:58:54,115 [WARN] PackLoader:240 - Cannot read IP mode file for STMicroelectronics.X-CUBE-NFC7.2.0.0
2026-02-12 16:58:54,120 [WARN] PackLoader:240 - Cannot read IP mode file for STMicroelectronics.FP-SNS-MOTENVWB1.1.3.1
2026-02-12 16:58:54,124 [WARN] PackLoader:240 - Cannot read IP mode file for STMicroelectronics.X-CUBE-ISPU.2.0.0
2026-02-12 16:58:54,129 [ERROR] Engine:466 - C:\Users\RND1\.stm32cubemx\thirdparties\pdsc\STMicroelectronics.X-CUBE-IPS.3.1.0.pdsc: PDSC version is not supported
2026-02-12 16:58:54,134 [WARN] PackLoader:240 - Cannot read IP mode file for STMicroelectronics.X-CUBE-ALS.1.0.2
2026-02-12 16:58:54,158 [WARN] PackLoader:240 - Cannot read IP mode file for STMicroelectronics.X-CUBE-MEMS1.10.0.0
2026-02-12 16:58:54,215 [WARN] PackLoader:240 - Cannot read IP mode file for STMicroelectronics.X-CUBE-FREERTOS.1.1.0
2026-02-12 16:58:54,217 [WARN] PackLoader:240 - Cannot read IP mode file for STMicroelectronics.X-CUBE-TOUCHGFX.4.24.0
2026-02-12 16:58:54,220 [WARN] PackLoader:240 - Cannot read IP mode file for STMicroelectronics.X-CUBE-TOUCHGFX.4.24.2
2026-02-12 16:58:54,222 [WARN] PackLoader:240 - Cannot read IP mode file for STMicroelectronics.X-CUBE-TOUCHGFX.4.24.1
2026-02-12 16:58:54,225 [WARN] PackLoader:240 - Cannot read IP mode file for STMicroelectronics.X-CUBE-STSE01.1.0.0
2026-02-12 16:58:54,230 [WARN] PackLoader:240 - Cannot read IP mode file for wolfSSL.I-CUBE-wolfTPM.3.4.0
2026-02-12 16:58:54,234 [WARN] PackLoader:240 - Cannot read IP mode file for portGmbH.I-Cube-SoM-uGOAL.1.1.0
2026-02-12 16:58:54,236 [WARN] PackLoader:240 - Cannot read IP mode file for STMicroelectronics.X-CUBE-ALS.1.0.1
2026-02-12 16:58:54,244 [WARN] PackLoader:240 - Cannot read IP mode file for STMicroelectronics.X-CUBE-AZRTOS-H7RS.1.0.0
2026-02-12 16:58:54,248 [WARN] PackLoader:240 - Cannot read IP mode file for STMicroelectronics.FP-ATR-ASTRA1.2.0.0
2026-02-12 16:58:54,253 [WARN] PackLoader:240 - Cannot read IP mode file for STMicroelectronics.X-CUBE-TOF1.3.4.2
2026-02-12 16:58:54,260 [ERROR] Engine:466 - C:\Users\RND1\.stm32cubemx\thirdparties\pdsc\STMicroelectronics.X-CUBE-TOF1.3.4.3.pdsc: PDSC version is not supported
2026-02-12 16:58:54,266 [WARN] PackLoader:240 - Cannot read IP mode file for STMicroelectronics.X-CUBE-TOF1.3.4.0
2026-02-12 16:58:54,286 [WARN] PackLoader:240 - Cannot read IP mode file for STMicroelectronics.X-CUBE-TOF1.3.4.1
2026-02-12 16:58:54,301 [WARN] PackLoader:240 - Cannot read IP mode file for STMicroelectronics.X-CUBE-AZRTOS-H7.3.2.0
2026-02-12 16:58:54,307 [WARN] PackLoader:240 - Cannot read IP mode file for wolfSSL.I-CUBE-wolfSSH.1.4.17
2026-02-12 16:58:54,308 [INFO] ThirdParty:978 - Integrity check success = true
2026-02-12 16:58:54,308 [INFO] IntegrityCheckThread:100 - exiting critical section [integrity check]
2026-02-12 16:58:54,308 [INFO] IntegrityCheckThread:103 - End integrity checks thread
2026-02-12 16:59:26,414 [ERROR] LogOutputStream:75 - [STDERR_REDIRECT] 
2026-02-12 16:59:30,581 [INFO] Activator:176 - 


2026-02-12 16:59:30,582 [INFO] Activator:177 - !SESSION log4j initialized
2026-02-12 16:59:35,009 [INFO] LogOutputStream:77 - [STDOUT_REDIRECT] 
2026-02-12 16:59:36,646 [INFO] ApplicationProperties:184 - Using Application install path: C:\ST\STM32CubeIDE_1.16.1\STM32CubeIDE\plugins\com.st.stm32cube.common.mx_6.12.1.202409122256
2026-02-12 16:59:36,658 [INFO] DbMcusXml:78 - Set database path to: C:\ST\STM32CubeIDE_1.16.1\STM32CubeIDE\plugins\com.st.stm32cube.common.mx_6.12.1.202409122256\\db\/mcu/
2026-02-12 16:59:36,658 [INFO] ApiDb:274 - Set plugin database path to: C:\ST\STM32CubeIDE_1.16.1\STM32CubeIDE\plugins\com.st.stm32cube.common.mx_6.12.1.202409122256\\db\/plugins/boardmanager/
2026-02-12 16:59:36,658 [WARN] ApiDb:259 - Overriding images path with different value:  => C:\ST\STM32CubeIDE_1.16.1\STM32CubeIDE\plugins\com.st.stm32cube.common.mx_6.12.1.202409122256\\db\/plugins/mcufinder/images/
2026-02-12 16:59:36,664 [INFO] ApiDb:250 - Set database path to: C:\Users\RND1\.stmcufinder\plugins\mcufinder//mcu/
2026-02-12 16:59:36,665 [INFO] DbMcusAds:125 - Set database path to: C:\Users\RND1\.stmcufinder\plugins\mcufinder//mcu/
2026-02-12 16:59:36,667 [INFO] CrossReferenceDbSqlite:203 - Set database path to: C:\Users\RND1\.stmcufinder\plugins\mcufinder//mcu/cs/
2026-02-12 16:59:36,747 [INFO] RulesReader:64 - Compatibility file has been processed (297 Rules)
2026-02-12 16:59:36,828 [INFO] DbMcusXml:78 - Set database path to: C:\ST\STM32CubeIDE_1.16.1\STM32CubeIDE\plugins\com.st.stm32cube.common.mx_6.12.1.202409122256\\db\/mcu/
2026-02-12 16:59:36,828 [INFO] ApiDb:274 - Set plugin database path to: C:\ST\STM32CubeIDE_1.16.1\STM32CubeIDE\plugins\com.st.stm32cube.common.mx_6.12.1.202409122256\\db\/plugins/boardmanager/
2026-02-12 16:59:36,829 [INFO] ApiDb:261 - Set plugin images path to: C:\ST\STM32CubeIDE_1.16.1\STM32CubeIDE\plugins\com.st.stm32cube.common.mx_6.12.1.202409122256\\db\/plugins/mcufinder/images/
2026-02-12 16:59:36,829 [WARN] DbFile:41 - Overriding database path with different value: C:\Users\RND1\.stmcufinder\plugins\mcufinder/ => C:\Users\RND1\.stmcufinder\plugins\mcufinder
2026-02-12 16:59:36,829 [INFO] ApiDb:250 - Set database path to: C:\Users\RND1\.stmcufinder\plugins\mcufinder//mcu/
2026-02-12 16:59:36,829 [WARN] DbFile:41 - Overriding database path with different value: C:\Users\RND1\.stmcufinder\plugins\mcufinder/ => C:\Users\RND1\.stmcufinder\plugins\mcufinder
2026-02-12 16:59:36,829 [INFO] DbMcusAds:125 - Set database path to: C:\Users\RND1\.stmcufinder\plugins\mcufinder//mcu/
2026-02-12 16:59:36,829 [WARN] DbFile:41 - Overriding database path with different value: C:\Users\RND1\.stmcufinder\plugins\mcufinder/ => C:\Users\RND1\.stmcufinder\plugins\mcufinder
2026-02-12 16:59:36,829 [WARN] DbFile:41 - Overriding database path with different value: C:\Users\RND1\.stmcufinder\plugins\mcufinder/ => C:\Users\RND1\.stmcufinder\plugins\mcufinder
2026-02-12 16:59:36,829 [INFO] CrossReferenceDbSqlite:203 - Set database path to: C:\Users\RND1\.stmcufinder\plugins\mcufinder//mcu/cs/
2026-02-12 16:59:36,884 [INFO] MainPanel:268 - HeapMemory: 268435456
2026-02-12 16:59:36,934 [INFO] DbMcusXml:78 - Set database path to: C:\ST\STM32CubeIDE_1.16.1\STM32CubeIDE\plugins\com.st.stm32cube.common.mx_6.12.1.202409122256\\db\/mcu/
2026-02-12 16:59:36,934 [INFO] ApiDb:274 - Set plugin database path to: C:\ST\STM32CubeIDE_1.16.1\STM32CubeIDE\plugins\com.st.stm32cube.common.mx_6.12.1.202409122256\\db\/plugins/boardmanager/
2026-02-12 16:59:36,934 [INFO] ApiDb:261 - Set plugin images path to: C:\ST\STM32CubeIDE_1.16.1\STM32CubeIDE\plugins\com.st.stm32cube.common.mx_6.12.1.202409122256\\db\/plugins/mcufinder/images/
2026-02-12 16:59:36,936 [WARN] DbFile:41 - Overriding database path with different value: C:\Users\RND1\.stmcufinder\plugins\mcufinder/ => C:\Users\RND1\.stmcufinder\plugins\mcufinder
2026-02-12 16:59:36,936 [INFO] ApiDb:250 - Set database path to: C:\Users\RND1\.stmcufinder\plugins\mcufinder//mcu/
2026-02-12 16:59:36,936 [WARN] DbFile:41 - Overriding database path with different value: C:\Users\RND1\.stmcufinder\plugins\mcufinder/ => C:\Users\RND1\.stmcufinder\plugins\mcufinder
2026-02-12 16:59:36,936 [INFO] DbMcusAds:125 - Set database path to: C:\Users\RND1\.stmcufinder\plugins\mcufinder//mcu/
2026-02-12 16:59:36,936 [WARN] DbFile:41 - Overriding database path with different value: C:\Users\RND1\.stmcufinder\plugins\mcufinder/ => C:\Users\RND1\.stmcufinder\plugins\mcufinder
2026-02-12 16:59:36,936 [WARN] DbFile:41 - Overriding database path with different value: C:\Users\RND1\.stmcufinder\plugins\mcufinder/ => C:\Users\RND1\.stmcufinder\plugins\mcufinder
2026-02-12 16:59:36,936 [INFO] CrossReferenceDbSqlite:203 - Set database path to: C:\Users\RND1\.stmcufinder\plugins\mcufinder//mcu/cs/
2026-02-12 16:59:36,949 [INFO] ApplicationProperties:184 - Using Application install path: C:\ST\STM32CubeIDE_1.16.1\STM32CubeIDE\plugins\com.st.stm32cube.common.mx_6.12.1.202409122256
2026-02-12 16:59:36,950 [INFO] PluginManage:196 - Search for loadable plugins [exclusion list=, ]
2026-02-12 16:59:36,951 [INFO] PluginManage:310 - Check plugin analytics
2026-02-12 16:59:37,100 [INFO] AnalyticsPlugin:253 - Accepted Software Licenses: STM32CubeMX.6.10.0
2026-02-12 16:59:37,100 [INFO] AnalyticsPlugin:255 - Accepted CMSIS Pack Licenses: 
2026-02-12 16:59:37,100 [INFO] AnalyticsPlugin:257 - Accepted Firmware Licenses: FW.G4.1.5.0,FW.G4.1.6.0,FW.F4.1.28.0,FW.H7.1.11.0,FW.H7.1.12.0
2026-02-12 16:59:37,102 [INFO] PluginManage:359 - Loaded plugin analytics (category:tool,tabindex:-1)
2026-02-12 16:59:37,102 [INFO] PluginManage:310 - Check plugin cadmodel
2026-02-12 16:59:37,107 [INFO] CADModel:105 - Init CAD model plugin
2026-02-12 16:59:37,107 [INFO] PluginManage:359 - Loaded plugin cadmodel (category:power,tabindex:5)
2026-02-12 16:59:37,107 [INFO] PluginManage:310 - Check plugin clock
2026-02-12 16:59:37,117 [INFO] PluginManage:359 - Loaded plugin clock (category:base,tabindex:2)
2026-02-12 16:59:37,117 [INFO] PluginManage:310 - Check plugin ddr
2026-02-12 16:59:37,119 [INFO] PluginManage:359 - Loaded plugin ddr (category:tool,tabindex:6)
2026-02-12 16:59:37,119 [INFO] PluginManage:310 - Check plugin filemanager
2026-02-12 16:59:37,234 [INFO] PluginManage:359 - Loaded plugin filemanager (category:base,tabindex:10)
2026-02-12 16:59:37,234 [INFO] PluginManage:310 - Check plugin ipmanager
2026-02-12 16:59:37,239 [INFO] PluginManage:359 - Loaded plugin ipmanager (category:base,tabindex:5)
2026-02-12 16:59:37,240 [INFO] PluginManage:310 - Check plugin lpbam
2026-02-12 16:59:37,246 [INFO] PluginManage:359 - Loaded plugin lpbam (category:base,tabindex:0)
2026-02-12 16:59:37,246 [INFO] PluginManage:310 - Check plugin memorymap
2026-02-12 16:59:37,255 [INFO] PluginManage:359 - Loaded plugin memorymap (category:base,tabindex:4)
2026-02-12 16:59:37,255 [INFO] PluginManage:310 - Check plugin pinoutandconfiguration
2026-02-12 16:59:37,259 [INFO] PluginManage:359 - Loaded plugin pinoutandconfiguration (category:base,tabindex:1)
2026-02-12 16:59:37,259 [INFO] PluginManage:310 - Check plugin pinoutconfig
2026-02-12 16:59:37,316 [WARN] SupportedApi:132 - Cannot load RTOS API schema: s4s-elt-must-match.1: The content of 'definitions' must match (annotation?, (simpleType | complexType)?, (unique | key | keyref)*)). A problem was found starting at: attribute.
2026-02-12 16:59:37,402 [INFO] PluginManage:359 - Loaded plugin pinoutconfig (category:base,tabindex:0)
2026-02-12 16:59:37,402 [INFO] PluginManage:310 - Check plugin power
2026-02-12 16:59:37,407 [INFO] PluginManage:359 - Loaded plugin power (category:power,tabindex:4)
2026-02-12 16:59:37,408 [INFO] PluginManage:310 - Check plugin projectmanager
2026-02-12 16:59:37,419 [INFO] PluginManage:359 - Loaded plugin projectmanager (category:projectmanager,tabindex:4)
2026-02-12 16:59:37,419 [INFO] PluginManage:310 - Check plugin rif
2026-02-12 16:59:37,422 [INFO] PluginManage:359 - Loaded plugin rif (category:base,tabindex:3)
2026-02-12 16:59:37,423 [INFO] PluginManage:310 - Check plugin thirdparty
2026-02-12 16:59:37,515 [INFO] PluginManage:359 - Loaded plugin thirdparty (category:base,tabindex:-1)
2026-02-12 16:59:37,515 [WARN] IntegrityCheckThread:84 - waiting for thirdparty lock release [integrity check]
2026-02-12 16:59:37,516 [INFO] PluginManage:310 - Check plugin tools
2026-02-12 16:59:37,516 [INFO] IntegrityCheckThread:86 - entering critical section [integrity check]
2026-02-12 16:59:37,516 [INFO] ThirdPartyUpdaterWithRetryManager:70 - Updater plugin not ready yet. [1/15]
2026-02-12 16:59:37,518 [INFO] PluginManage:359 - Loaded plugin tools (category:base,tabindex:7)
2026-02-12 16:59:37,519 [INFO] PluginManage:310 - Check plugin tutovideos
2026-02-12 16:59:37,636 [INFO] PluginManage:359 - Loaded plugin tutovideos (category:base,tabindex:-1)
2026-02-12 16:59:37,636 [INFO] PluginManage:310 - Check plugin updater
2026-02-12 16:59:37,648 [INFO] PluginManage:359 - Loaded plugin updater (category:base,tabindex:12)
2026-02-12 16:59:37,648 [INFO] PluginManage:310 - Check plugin userauth
2026-02-12 16:59:37,652 [INFO] UserAuth:113 - Init User Auth plugin
2026-02-12 16:59:37,652 [INFO] PluginManage:359 - Loaded plugin userauth (category:base,tabindex:14)
2026-02-12 16:59:37,652 [INFO] PluginManage:283 - PluginManage : Loaded plugins [18]
2026-02-12 16:59:37,811 [INFO] PinOutPanel:1561 - setPackage(No Configuration,No Configuration)
2026-02-12 16:59:37,881 [INFO] CADModel:165 - CPN selected for project level
2026-02-12 16:59:37,881 [INFO] CADModel:114 - Register for checkConnection events
2026-02-12 16:59:37,893 [INFO] IPUIPlugin:80 - create IPUIPlugin
2026-02-12 16:59:37,893 [INFO] PluginManager:220 - loadIPPluginJar : add adc
2026-02-12 16:59:37,895 [INFO] IPUIPlugin:80 - create IPUIPlugin
2026-02-12 16:59:37,895 [INFO] PluginManager:220 - loadIPPluginJar : add aes
2026-02-12 16:59:37,898 [INFO] IPUIPlugin:80 - create IPUIPlugin
2026-02-12 16:59:37,898 [INFO] PluginManager:220 - loadIPPluginJar : add can
2026-02-12 16:59:37,899 [INFO] IPUIPlugin:80 - create IPUIPlugin
2026-02-12 16:59:37,899 [INFO] PluginManager:220 - loadIPPluginJar : add comp
2026-02-12 16:59:37,901 [INFO] IPUIPlugin:80 - create IPUIPlugin
2026-02-12 16:59:37,901 [INFO] PluginManager:220 - loadIPPluginJar : add cryp
2026-02-12 16:59:37,903 [INFO] IPUIPlugin:80 - create IPUIPlugin
2026-02-12 16:59:37,903 [INFO] PluginManager:220 - loadIPPluginJar : add ddr_ctrl_phy
2026-02-12 16:59:37,905 [INFO] IPUIPlugin:80 - create IPUIPlugin
2026-02-12 16:59:37,905 [INFO] PluginManager:220 - loadIPPluginJar : add dfsdm
2026-02-12 16:59:37,908 [INFO] IPUIPlugin:80 - create IPUIPlugin
2026-02-12 16:59:37,909 [INFO] PluginManager:220 - loadIPPluginJar : add dma
2026-02-12 16:59:37,911 [INFO] IPUIPlugin:80 - create IPUIPlugin
2026-02-12 16:59:37,911 [INFO] PluginManager:220 - loadIPPluginJar : add dma3
2026-02-12 16:59:37,913 [INFO] IPUIPlugin:80 - create IPUIPlugin
2026-02-12 16:59:37,913 [INFO] PluginManager:220 - loadIPPluginJar : add extmemmanager
2026-02-12 16:59:37,914 [INFO] IPUIPlugin:80 - create IPUIPlugin
2026-02-12 16:59:37,914 [INFO] PluginManager:220 - loadIPPluginJar : add fatfs
2026-02-12 16:59:37,917 [INFO] IPUIPlugin:80 - create IPUIPlugin
2026-02-12 16:59:37,917 [INFO] PluginManager:220 - loadIPPluginJar : add fmc
2026-02-12 16:59:37,921 [INFO] IPUIPlugin:80 - create IPUIPlugin
2026-02-12 16:59:37,921 [INFO] PluginManager:220 - loadIPPluginJar : add freertos
2026-02-12 16:59:37,922 [INFO] IPUIPlugin:80 - create IPUIPlugin
2026-02-12 16:59:37,922 [INFO] PluginManager:220 - loadIPPluginJar : add genericplugin
2026-02-12 16:59:37,923 [INFO] IPUIPlugin:80 - create IPUIPlugin
2026-02-12 16:59:37,923 [INFO] PluginManager:220 - loadIPPluginJar : add gfxmmu
2026-02-12 16:59:37,926 [INFO] IPUIPlugin:80 - create IPUIPlugin
2026-02-12 16:59:37,927 [INFO] PluginManager:220 - loadIPPluginJar : add gic
2026-02-12 16:59:37,929 [INFO] IPUIPlugin:80 - create IPUIPlugin
2026-02-12 16:59:37,929 [INFO] PluginManager:220 - loadIPPluginJar : add gpio
2026-02-12 16:59:37,931 [INFO] IPUIPlugin:80 - create IPUIPlugin
2026-02-12 16:59:37,931 [INFO] PluginManager:220 - loadIPPluginJar : add gtzc
2026-02-12 16:59:37,932 [INFO] IPUIPlugin:80 - create IPUIPlugin
2026-02-12 16:59:37,933 [INFO] PluginManager:220 - loadIPPluginJar : add hash
2026-02-12 16:59:37,934 [INFO] IPUIPlugin:80 - create IPUIPlugin
2026-02-12 16:59:37,934 [INFO] PluginManager:220 - loadIPPluginJar : add i2c
2026-02-12 16:59:37,936 [INFO] IPUIPlugin:80 - create IPUIPlugin
2026-02-12 16:59:37,936 [INFO] PluginManager:220 - loadIPPluginJar : add i2s
2026-02-12 16:59:37,938 [INFO] IPUIPlugin:80 - create IPUIPlugin
2026-02-12 16:59:37,938 [INFO] PluginManager:220 - loadIPPluginJar : add i3c
2026-02-12 16:59:37,940 [INFO] IPUIPlugin:80 - create IPUIPlugin
2026-02-12 16:59:37,941 [INFO] PluginManager:220 - loadIPPluginJar : add ipddr
2026-02-12 16:59:37,946 [INFO] IPUIPlugin:80 - create IPUIPlugin
2026-02-12 16:59:37,946 [INFO] PluginManager:220 - loadIPPluginJar : add linkedlist
2026-02-12 16:59:37,949 [INFO] IPUIPlugin:80 - create IPUIPlugin
2026-02-12 16:59:37,950 [INFO] PluginManager:220 - loadIPPluginJar : add lorawan
2026-02-12 16:59:37,951 [INFO] IPUIPlugin:80 - create IPUIPlugin
2026-02-12 16:59:37,951 [INFO] PluginManager:220 - loadIPPluginJar : add ltdc
2026-02-12 16:59:37,956 [INFO] IPUIPlugin:80 - create IPUIPlugin
2026-02-12 16:59:37,956 [INFO] PluginManager:220 - loadIPPluginJar : add mdma
2026-02-12 16:59:37,959 [INFO] IPUIPlugin:80 - create IPUIPlugin
2026-02-12 16:59:37,959 [INFO] PluginManager:220 - loadIPPluginJar : add nvic
2026-02-12 16:59:37,961 [INFO] IPUIPlugin:80 - create IPUIPlugin
2026-02-12 16:59:37,961 [INFO] PluginManager:220 - loadIPPluginJar : add opamp
2026-02-12 16:59:37,963 [INFO] IPUIPlugin:80 - create IPUIPlugin
2026-02-12 16:59:37,963 [INFO] PluginManager:220 - loadIPPluginJar : add openamp
2026-02-12 16:59:37,965 [INFO] IPUIPlugin:80 - create IPUIPlugin
2026-02-12 16:59:37,965 [INFO] PluginManager:220 - loadIPPluginJar : add pdm2pcm
2026-02-12 16:59:37,969 [INFO] IPUIPlugin:80 - create IPUIPlugin
2026-02-12 16:59:37,977 [INFO] PluginManager:220 - loadIPPluginJar : add plateformsettings
2026-02-12 16:59:37,979 [INFO] IPUIPlugin:80 - create IPUIPlugin
2026-02-12 16:59:37,979 [INFO] PluginManager:220 - loadIPPluginJar : add quadspi
2026-02-12 16:59:37,982 [INFO] IPUIPlugin:80 - create IPUIPlugin
2026-02-12 16:59:37,982 [INFO] PluginManager:220 - loadIPPluginJar : add radio
2026-02-12 16:59:37,984 [INFO] IPUIPlugin:80 - create IPUIPlugin
2026-02-12 16:59:37,984 [INFO] PluginManager:220 - loadIPPluginJar : add resmgrutility
2026-02-12 16:59:37,986 [INFO] IPUIPlugin:80 - create IPUIPlugin
2026-02-12 16:59:37,986 [INFO] PluginManager:220 - loadIPPluginJar : add sai
2026-02-12 16:59:37,988 [INFO] IPUIPlugin:80 - create IPUIPlugin
2026-02-12 16:59:37,988 [INFO] PluginManager:220 - loadIPPluginJar : add spi
2026-02-12 16:59:37,992 [INFO] IPUIPlugin:80 - create IPUIPlugin
2026-02-12 16:59:37,992 [INFO] PluginManager:220 - loadIPPluginJar : add stm32_wpan
2026-02-12 16:59:37,994 [INFO] IPUIPlugin:80 - create IPUIPlugin
2026-02-12 16:59:37,995 [INFO] PluginManager:220 - loadIPPluginJar : add tim
2026-02-12 16:59:37,997 [INFO] IPUIPlugin:80 - create IPUIPlugin
2026-02-12 16:59:37,997 [INFO] PluginManager:220 - loadIPPluginJar : add touchsensing
2026-02-12 16:59:37,999 [INFO] IPUIPlugin:80 - create IPUIPlugin
2026-02-12 16:59:37,999 [INFO] PluginManager:220 - loadIPPluginJar : add tracer_emb
2026-02-12 16:59:38,000 [INFO] IPUIPlugin:80 - create IPUIPlugin
2026-02-12 16:59:38,000 [INFO] PluginManager:220 - loadIPPluginJar : add ts
2026-02-12 16:59:38,001 [INFO] IPUIPlugin:80 - create IPUIPlugin
2026-02-12 16:59:38,001 [INFO] PluginManager:220 - loadIPPluginJar : add tsc
2026-02-12 16:59:38,014 [INFO] IPUIPlugin:80 - create IPUIPlugin
2026-02-12 16:59:38,014 [INFO] PluginManager:220 - loadIPPluginJar : add ucpd
2026-02-12 16:59:38,016 [INFO] IPUIPlugin:80 - create IPUIPlugin
2026-02-12 16:59:38,017 [INFO] PluginManager:220 - loadIPPluginJar : add usart
2026-02-12 16:59:38,019 [INFO] IPUIPlugin:80 - create IPUIPlugin
2026-02-12 16:59:38,019 [INFO] PluginManager:220 - loadIPPluginJar : add usbx
2026-02-12 16:59:38,142 [INFO] CADModel:165 - CPN selected for project level
2026-02-12 16:59:38,142 [INFO] CADModel:114 - Register for checkConnection events
2026-02-12 16:59:38,143 [FATAL] Updater:334 - Updater called before beeing initialized
2026-02-12 16:59:38,143 [ERROR] CADModel:125 - Updater not yet initialized, retry later 
2026-02-12 16:59:38,217 [INFO] CADModel:165 - CPN selected for project level
2026-02-12 16:59:38,217 [INFO] CADModel:114 - Register for checkConnection events
2026-02-12 16:59:38,217 [FATAL] Updater:334 - Updater called before beeing initialized
2026-02-12 16:59:38,217 [ERROR] CADModel:125 - Updater not yet initialized, retry later 
2026-02-12 16:59:38,219 [FATAL] Updater:334 - Updater called before beeing initialized
2026-02-12 16:59:38,308 [FATAL] Updater:334 - Updater called before beeing initialized
2026-02-12 16:59:38,311 [INFO] DbMcusAds:53 - JSON generation date=Fri Jan 09 00:56:32 KST 2026 (1767887792457)
2026-02-12 16:59:38,311 [FATAL] Updater:334 - Updater called before beeing initialized
2026-02-12 16:59:38,334 [WARN] DetailPanel:346 - Failed to get advertising image, set to default
2026-02-12 16:59:38,400 [FATAL] Updater:334 - Updater called before beeing initialized
2026-02-12 16:59:38,401 [FATAL] Updater:334 - Updater called before beeing initialized
2026-02-12 16:59:38,401 [FATAL] Updater:334 - Updater called before beeing initialized
2026-02-12 16:59:38,401 [WARN] DetailPanel:346 - Failed to get advertising image, set to default
2026-02-12 16:59:38,402 [FATAL] Updater:334 - Updater called before beeing initialized
2026-02-12 16:59:38,432 [ERROR] Updater:1164 - MainUpdater not yet initialized. External WinMGr cannot be set.
2026-02-12 16:59:38,434 [INFO] Updater:1100 - Updater Version found : 6.12.1
2026-02-12 16:59:38,444 [INFO] ApplicationProperties:184 - Using Application install path: C:\ST\STM32CubeIDE_1.16.1\STM32CubeIDE\plugins\com.st.stm32cube.common.mx_6.12.1.202409122256
2026-02-12 16:59:39,070 [INFO] MainUpdater:2873 - connection check result : 10
2026-02-12 16:59:39,071 [INFO] MainUpdater:290 - Updater Check For Update Now.
2026-02-12 16:59:39,071 [INFO] MicroXplorer:498 - Change Database Version : DB.6.0.121
2026-02-12 16:59:39,076 [INFO] McuFinderGlobals:63 - Set McuFinder mode to 2 (CubeIDE integrated)
2026-02-12 16:59:39,078 [INFO] UserAuth:417 - Internet connection configuration mode: 1
2026-02-12 16:59:39,103 [INFO] JxBrowserEngine:152 - Initiate JxBrowser Engine with user profile folder
2026-02-12 16:59:39,239 [INFO] CheckServerUpdateThread:120 - End of CheckServer Thread
2026-02-12 16:59:39,589 [INFO] WebApp:167 - Instantiating new browser for Auth
2026-02-12 16:59:40,070 [INFO] WebApp:448 - Apply proxy settings
2026-02-12 16:59:40,075 [INFO] WebApp:493 - Chromium authenticates against Manually configured proxy
2026-02-12 16:59:40,078 [INFO] WebApp:501 - Username used for proxy authentication: 
2026-02-12 16:59:40,094 [INFO] WebApp:869 - Register for checkConnection events
2026-02-12 16:59:40,094 [INFO] WebApp:448 - Apply proxy settings
2026-02-12 16:59:40,097 [INFO] WebApp:493 - Chromium authenticates against Manually configured proxy
2026-02-12 16:59:40,097 [INFO] WebApp:501 - Username used for proxy authentication: 
2026-02-12 16:59:40,187 [INFO] WebApp:220 - Starting web application
2026-02-12 16:59:40,187 [INFO] WebApp:578 - Web application path used C:\ST\STM32CubeIDE_1.16.1\STM32CubeIDE\plugins\com.st.stm32cube.common.mx_6.12.1.202409122256\db\plugins\mcufinder\reactClient1\index.html
2026-02-12 16:59:40,243 [INFO] UserAuth:417 - Internet connection configuration mode: 1
2026-02-12 16:59:40,360 [INFO] WebApp:186 - Connection restablished
2026-02-12 16:59:40,783 [WARN] PackLoader:240 - Cannot read IP mode file for STMicroelectronics.FP-SNS-MOTENVWB1.1.4.0
2026-02-12 16:59:40,792 [WARN] PackLoader:240 - Cannot read IP mode file for STMicroelectronics.FP-ATR-ASTRA1.2.0.2
2026-02-12 16:59:40,796 [WARN] PackLoader:240 - Cannot read IP mode file for STMicroelectronics.FP-ATR-ASTRA1.2.0.1
2026-02-12 16:59:40,802 [WARN] PackLoader:240 - Cannot read IP mode file for STMicroelectronics.X-CUBE-SMBUS.2.1.0
2026-02-12 16:59:40,809 [WARN] PackLoader:240 - Cannot read IP mode file for STMicroelectronics.X-CUBE-WB05N.1.1.0
2026-02-12 16:59:40,812 [ERROR] Engine:466 - C:\Users\RND1\.stm32cubemx\thirdparties\pdsc\STMicroelectronics.X-CUBE-ST60.1.0.0.pdsc: PDSC version is not supported
2026-02-12 16:59:40,815 [WARN] PackLoader:240 - Cannot read IP mode file for STMicroelectronics.X-CUBE-TOUCHGFX.4.23.0
2026-02-12 16:59:40,817 [WARN] PackLoader:240 - Cannot read IP mode file for STMicroelectronics.X-CUBE-TOUCHGFX.4.23.2
2026-02-12 16:59:40,832 [WARN] PackLoader:240 - Cannot read IP mode file for STMicroelectronics.X-CUBE-AZRTOS-F7.1.1.0
2026-02-12 16:59:40,840 [WARN] PackLoader:240 - Cannot read IP mode file for STMicroelectronics.FP-SNS-MOTENV1.4.3.2
2026-02-12 16:59:40,874 [WARN] PackLoader:240 - Cannot read IP mode file for STMicroelectronics.X-CUBE-MEMS1.11.0.0
2026-02-12 16:59:40,982 [ERROR] Engine:466 - C:\Users\RND1\.stm32cubemx\thirdparties\pdsc\STMicroelectronics.FP-SNS-MOTENV1.5.1.0.pdsc: PDSC version is not supported
2026-02-12 16:59:40,985 [WARN] PackLoader:240 - Cannot read IP mode file for STMicroelectronics.FP-SNS-FLIGHT1.5.0.2
2026-02-12 16:59:40,997 [WARN] PackLoader:240 - Cannot read IP mode file for STMicroelectronics.X-CUBE-AZRTOS-H7.3.4.0
2026-02-12 16:59:41,003 [WARN] PackLoader:240 - Cannot read IP mode file for STMicroelectronics.X-CUBE-DISPLAY.3.0.0
2026-02-12 16:59:41,012 [WARN] PackLoader:240 - Cannot read IP mode file for STMicroelectronics.X-CUBE-BLE1.7.0.0
2026-02-12 16:59:41,016 [WARN] PackLoader:240 - Cannot read IP mode file for STMicroelectronics.X-CUBE-NFC10.1.0.0
2026-02-12 16:59:41,024 [WARN] PackLoader:240 - Cannot read IP mode file for STMicroelectronics.X-CUBE-BLEMGR.4.0.0
2026-02-12 16:59:41,027 [ERROR] Engine:466 - C:\Users\RND1\.stm32cubemx\thirdparties\pdsc\STMicroelectronics.X-CUBE-ST60.1.1.0.pdsc: PDSC version is not supported
2026-02-12 16:59:41,031 [WARN] PackLoader:240 - Cannot read IP mode file for emotas.I-CUBE-CANOPEN.1.3.0
2026-02-12 16:59:41,035 [WARN] PackLoader:240 - Cannot read IP mode file for STMicroelectronics.X-CUBE-GNSS1.7.1.0
2026-02-12 16:59:41,045 [WARN] PackLoader:240 - Cannot read IP mode file for STMicroelectronics.X-CUBE-BLEMGR.3.1.0
2026-02-12 16:59:41,051 [WARN] PackLoader:240 - Cannot read IP mode file for STMicroelectronics.X-CUBE-AI.10.0.0
2026-02-12 16:59:41,054 [ERROR] Engine:466 - C:\Users\RND1\.stm32cubemx\thirdparties\pdsc\STMicroelectronics.FP-SNS-STBOX1.2.1.0.pdsc: PDSC version is not supported
2026-02-12 16:59:41,058 [WARN] PackLoader:240 - Cannot read IP mode file for STMicroelectronics.FP-SNS-SMARTAG2.1.2.0
2026-02-12 16:59:41,061 [ERROR] Engine:466 - C:\Users\RND1\.stm32cubemx\thirdparties\pdsc\STMicroelectronics.FP-SNS-FLIGHT1.5.1.0.pdsc: PDSC version is not supported
2026-02-12 16:59:41,086 [WARN] PackLoader:240 - Cannot read IP mode file for STMicroelectronics.X-CUBE-MEMS1.11.1.0
2026-02-12 16:59:41,160 [INFO] LogOutputStream:77 - [STDOUT_REDIRECT] 1 : Invalid condition id : UX_CORESTACK_Condition cause : null
2026-02-12 16:59:41,161 [INFO] LogOutputStream:77 - [STDOUT_REDIRECT] 1 : Invalid condition id : UX_CORESTACK_Condition cause : null
2026-02-12 16:59:41,162 [INFO] LogOutputStream:77 - [STDOUT_REDIRECT] 1 : Invalid condition id : UX_CORESTACK_Condition cause : null
2026-02-12 16:59:41,163 [INFO] LogOutputStream:77 - [STDOUT_REDIRECT] 1 : Invalid condition id : UX_CORESTACK_Condition cause : null
2026-02-12 16:59:41,165 [INFO] LogOutputStream:77 - [STDOUT_REDIRECT] 1 : Invalid condition id : UX_CORESTACK_Condition cause : null
2026-02-12 16:59:41,168 [WARN] PackLoader:240 - Cannot read IP mode file for STMicroelectronics.X-CUBE-AZRTOS-WL.2.0.0
2026-02-12 16:59:41,172 [WARN] PackLoader:240 - Cannot read IP mode file for STMicroelectronics.FP-SNS-MOTENV1.5.0.0
2026-02-12 16:59:41,186 [WARN] PackLoader:240 - Cannot read IP mode file for STMicroelectronics.X-CUBE-AZRTOS-H7RS.1.2.0
2026-02-12 16:59:41,199 [WARN] PackLoader:240 - Cannot read IP mode file for wolfSSL.I-CUBE-wolfMQTT.1.19.0
2026-02-12 16:59:41,211 [WARN] PackLoader:240 - Cannot read IP mode file for WES.I-CUBE-Cesium.1.3.0
2026-02-12 16:59:41,216 [WARN] PackLoader:240 - Cannot read IP mode file for STMicroelectronics.X-CUBE-BLE2.3.3.0
2026-02-12 16:59:41,219 [ERROR] Engine:466 - C:\Users\RND1\.stm32cubemx\thirdparties\pdsc\Avnet-IOTCONNECT.X-CUBE-iotc-st67-sdk.1.0.0.pdsc: PDSC version is not supported
2026-02-12 16:59:41,227 [WARN] PackLoader:240 - Cannot read IP mode file for STMicroelectronics.X-CUBE-NFC9.1.0.0
2026-02-12 16:59:41,233 [WARN] PackLoader:240 - Cannot read IP mode file for STMicroelectronics.X-CUBE-BLE1.7.1.0
2026-02-12 16:59:41,239 [WARN] PackLoader:240 - Cannot read IP mode file for STMicroelectronics.X-CUBE-TCPP.4.1.0
2026-02-12 16:59:41,242 [ERROR] Engine:466 - C:\Users\RND1\.stm32cubemx\thirdparties\pdsc\STMicroelectronics.X-CUBE-FREERTOS.1.4.0.pdsc: PDSC version is not supported
2026-02-12 16:59:41,248 [WARN] PackLoader:240 - Cannot read IP mode file for STMicroelectronics.X-CUBE-EEPRMA1.5.2.0
2026-02-12 16:59:41,251 [ERROR] Engine:466 - C:\Users\RND1\.stm32cubemx\thirdparties\pdsc\STMicroelectronics.X-CUBE-ST67W61.1.1.0.pdsc: PDSC version is not supported
2026-02-12 16:59:41,254 [WARN] PackLoader:240 - Cannot read IP mode file for STMicroelectronics.X-CUBE-AI.10.1.0
2026-02-12 16:59:41,278 [WARN] PackLoader:240 - Cannot read IP mode file for STMicroelectronics.X-CUBE-MEMS1.12.0.0
2026-02-12 16:59:41,341 [WARN] PackLoader:240 - Cannot read IP mode file for STMicroelectronics.X-CUBE-ALGOBUILD.1.3.0
2026-02-12 16:59:41,371 [WARN] PackLoader:240 - Cannot read IP mode file for STMicroelectronics.X-CUBE-MEMS1.11.2.0
2026-02-12 16:59:41,447 [WARN] PackLoader:240 - Cannot read IP mode file for STMicroelectronics.X-CUBE-AZRTOS-G0.1.1.0
2026-02-12 16:59:41,453 [WARN] PackLoader:240 - Cannot read IP mode file for STMicroelectronics.X-CUBE-SAFEA1.1.2.2
2026-02-12 16:59:41,459 [WARN] PackLoader:240 - Cannot read IP mode file for STMicroelectronics.X-CUBE-NFC4.3.0.0
2026-02-12 16:59:41,464 [WARN] PackLoader:240 - Cannot read IP mode file for wolfSSL.I-CUBE-wolfMQTT.1.18.0
2026-02-12 16:59:41,472 [WARN] PackLoader:240 - Cannot read IP mode file for EmbeddedOffice.I-CUBE-FS-RTOS.1.0.1
2026-02-12 16:59:41,472 [ERROR] ConditionMgr:805 - Attr not supported : Dmpu
2026-02-12 16:59:41,473 [ERROR] ConditionMgr:805 - Attr not supported : Dmpu
2026-02-12 16:59:41,473 [ERROR] ConditionMgr:805 - Attr not supported : Dmpu
2026-02-12 16:59:41,473 [ERROR] ConditionMgr:805 - Attr not supported : Dmpu
2026-02-12 16:59:41,473 [ERROR] ConditionMgr:805 - Attr not supported : Dmpu
2026-02-12 16:59:41,473 [ERROR] ConditionMgr:805 - Attr not supported : Dmpu
2026-02-12 16:59:41,473 [ERROR] ConditionMgr:805 - Attr not supported : Dmpu
2026-02-12 16:59:41,473 [ERROR] ConditionMgr:805 - Attr not supported : Dmpu
2026-02-12 16:59:41,473 [ERROR] ConditionMgr:805 - Attr not supported : Dmpu
2026-02-12 16:59:41,473 [ERROR] ConditionMgr:805 - Attr not supported : Dmpu
2026-02-12 16:59:41,473 [ERROR] ConditionMgr:805 - Attr not supported : Dmpu
2026-02-12 16:59:41,473 [ERROR] ConditionMgr:805 - Attr not supported : Dmpu
2026-02-12 16:59:41,473 [ERROR] ConditionMgr:805 - Attr not supported : Dmpu
2026-02-12 16:59:41,473 [ERROR] ConditionMgr:805 - Attr not supported : Dmpu
2026-02-12 16:59:41,473 [ERROR] ConditionMgr:805 - Attr not supported : Dmpu
2026-02-12 16:59:41,473 [ERROR] ConditionMgr:805 - Attr not supported : Dmpu
2026-02-12 16:59:41,473 [ERROR] ConditionMgr:805 - Attr not supported : Dmpu
2026-02-12 16:59:41,473 [ERROR] ConditionMgr:805 - Attr not supported : Dmpu
2026-02-12 16:59:41,473 [ERROR] ConditionMgr:805 - Attr not supported : Dmpu
2026-02-12 16:59:41,473 [ERROR] ConditionMgr:805 - Attr not supported : Dmpu
2026-02-12 16:59:41,474 [ERROR] ConditionMgr:805 - Attr not supported : Dmpu
2026-02-12 16:59:41,474 [ERROR] ConditionMgr:805 - Attr not supported : Dmpu
2026-02-12 16:59:41,474 [ERROR] ConditionMgr:805 - Attr not supported : Dmpu
2026-02-12 16:59:41,474 [ERROR] ConditionMgr:805 - Attr not supported : Dmpu
2026-02-12 16:59:41,474 [ERROR] ConditionMgr:805 - Attr not supported : Dmpu
2026-02-12 16:59:41,474 [ERROR] ConditionMgr:805 - Attr not supported : Dmpu
2026-02-12 16:59:41,474 [ERROR] ConditionMgr:805 - Attr not supported : Dmpu
2026-02-12 16:59:41,474 [ERROR] ConditionMgr:805 - Attr not supported : Dmpu
2026-02-12 16:59:41,474 [ERROR] ConditionMgr:805 - Attr not supported : Dmpu
2026-02-12 16:59:41,474 [ERROR] ConditionMgr:805 - Attr not supported : Dmpu
2026-02-12 16:59:41,474 [ERROR] ConditionMgr:805 - Attr not supported : Dmpu
2026-02-12 16:59:41,474 [ERROR] ConditionMgr:805 - Attr not supported : Dmpu
2026-02-12 16:59:41,474 [ERROR] ConditionMgr:805 - Attr not supported : Dmpu
2026-02-12 16:59:41,474 [ERROR] ConditionMgr:805 - Attr not supported : Dmpu
2026-02-12 16:59:41,474 [ERROR] ConditionMgr:805 - Attr not supported : Dmpu
2026-02-12 16:59:41,474 [ERROR] ConditionMgr:805 - Attr not supported : Dmpu
2026-02-12 16:59:41,474 [ERROR] ConditionMgr:805 - Attr not supported : Dmpu
2026-02-12 16:59:41,474 [ERROR] ConditionMgr:805 - Attr not supported : Dmpu
2026-02-12 16:59:41,474 [ERROR] ConditionMgr:805 - Attr not supported : Dmpu
2026-02-12 16:59:41,474 [ERROR] ConditionMgr:805 - Attr not supported : Dmpu
2026-02-12 16:59:41,474 [ERROR] ConditionMgr:805 - Attr not supported : Dmpu
2026-02-12 16:59:41,474 [ERROR] ConditionMgr:805 - Attr not supported : Dmpu
2026-02-12 16:59:41,474 [ERROR] ConditionMgr:805 - Attr not supported : Dmpu
2026-02-12 16:59:41,474 [ERROR] ConditionMgr:805 - Attr not supported : Dmpu
2026-02-12 16:59:41,474 [ERROR] ConditionMgr:805 - Attr not supported : Dmpu
2026-02-12 16:59:41,475 [ERROR] ConditionMgr:805 - Attr not supported : Dmpu
2026-02-12 16:59:41,475 [ERROR] ConditionMgr:805 - Attr not supported : Dmpu
2026-02-12 16:59:41,475 [ERROR] ConditionMgr:805 - Attr not supported : Dmpu
2026-02-12 16:59:41,475 [ERROR] ConditionMgr:805 - Attr not supported : Dmpu
2026-02-12 16:59:41,475 [ERROR] ConditionMgr:805 - Attr not supported : Dmpu
2026-02-12 16:59:41,475 [ERROR] ConditionMgr:805 - Attr not supported : Dmpu
2026-02-12 16:59:41,475 [ERROR] ConditionMgr:805 - Attr not supported : Dmpu
2026-02-12 16:59:41,475 [ERROR] ConditionMgr:805 - Attr not supported : Dmpu
2026-02-12 16:59:41,475 [ERROR] ConditionMgr:805 - Attr not supported : Dmpu
2026-02-12 16:59:41,475 [ERROR] ConditionMgr:805 - Attr not supported : Dmpu
2026-02-12 16:59:41,475 [ERROR] ConditionMgr:805 - Attr not supported : Dmpu
2026-02-12 16:59:41,475 [ERROR] ConditionMgr:805 - Attr not supported : Dmpu
2026-02-12 16:59:41,475 [ERROR] ConditionMgr:805 - Attr not supported : Dmpu
2026-02-12 16:59:41,475 [ERROR] ConditionMgr:805 - Attr not supported : Dmpu
2026-02-12 16:59:41,475 [ERROR] ConditionMgr:805 - Attr not supported : Dmpu
2026-02-12 16:59:41,475 [ERROR] ConditionMgr:805 - Attr not supported : Dmpu
2026-02-12 16:59:41,475 [ERROR] ConditionMgr:805 - Attr not supported : Dmpu
2026-02-12 16:59:41,475 [ERROR] ConditionMgr:805 - Attr not supported : Dmpu
2026-02-12 16:59:41,475 [ERROR] ConditionMgr:805 - Attr not supported : Dmpu
2026-02-12 16:59:41,480 [WARN] PackLoader:240 - Cannot read IP mode file for STMicroelectronics.X-CUBE-WB05N.2.0.0
2026-02-12 16:59:41,493 [WARN] PackLoader:240 - Cannot read IP mode file for STMicroelectronics.X-CUBE-BLEMGR.3.0.0
2026-02-12 16:59:41,498 [ERROR] Engine:466 - C:\Users\RND1\.stm32cubemx\thirdparties\pdsc\STMicroelectronics.X-CUBE-TCPP.4.2.0.pdsc: PDSC version is not supported
2026-02-12 16:59:41,503 [WARN] PackLoader:240 - Cannot read IP mode file for RealThread.X-CUBE-RT-Thread_Nano.4.1.1
2026-02-12 16:59:41,507 [WARN] PackLoader:240 - Cannot read IP mode file for STMicroelectronics.FP-ATR-SIGFOX1.3.2.0
2026-02-12 16:59:41,513 [WARN] ConditionMgr:438 - getConditionDescription Invalid condition id : Cortex-A Device cause : null
2026-02-12 16:59:41,526 [WARN] ConditionMgr:1039 - genDependencies : Invalid condition id : Cortex-A Device cause : null
2026-02-12 16:59:41,526 [WARN] ConditionMgr:1039 - genDependencies : Invalid condition id : Cortex-A Device cause : null
2026-02-12 16:59:41,526 [WARN] ConditionMgr:1039 - genDependencies : Invalid condition id : Cortex-A Device cause : null
2026-02-12 16:59:41,531 [WARN] PackLoader:240 - Cannot read IP mode file for STMicroelectronics.X-CUBE-EEPRMA1.5.1.0
2026-02-12 16:59:41,538 [WARN] PackLoader:240 - Cannot read IP mode file for STMicroelectronics.X-CUBE-NFC6.3.2.0
2026-02-12 16:59:41,542 [ERROR] Engine:466 - C:\Users\RND1\.stm32cubemx\thirdparties\pdsc\STMicroelectronics.X-CUBE-ST67W61.1.0.0.pdsc: PDSC version is not supported
2026-02-12 16:59:41,545 [WARN] PackLoader:240 - Cannot read IP mode file for STMicroelectronics.X-CUBE-AI.10.2.0
2026-02-12 16:59:41,566 [WARN] PackLoader:240 - Cannot read IP mode file for SEGGER.I-CUBE-embOS.1.3.1
2026-02-12 16:59:41,589 [WARN] PackLoader:240 - Cannot read IP mode file for STMicroelectronics.X-CUBE-ALGOBUILD.1.4.0
2026-02-12 16:59:41,619 [WARN] PackLoader:240 - Cannot read IP mode file for STMicroelectronics.X-CUBE-MEMS1.11.3.0
2026-02-12 16:59:41,697 [WARN] PackLoader:240 - Cannot read IP mode file for STMicroelectronics.X-CUBE-AI.9.1.0
2026-02-12 16:59:41,700 [WARN] PackLoader:240 - Cannot read IP mode file for STMicroelectronics.X-CUBE-PM33A1.1.0.0
2026-02-12 16:59:41,703 [WARN] PackLoader:240 - Cannot read IP mode file for STMicroelectronics.X-CUBE-GNSS1.6.0.0
2026-02-12 16:59:41,712 [WARN] PackLoader:240 - Cannot read IP mode file for STMicroelectronics.X-CUBE-AZRTOS-F4.1.1.0
2026-02-12 16:59:41,716 [WARN] PackLoader:240 - Cannot read IP mode file for wolfSSL.I-CUBE-wolfSSL.5.6.4
2026-02-12 16:59:41,717 [ERROR] Engine:466 - C:\Users\RND1\.stm32cubemx\thirdparties\pdsc\Avnet-IotConnect.X-CUBE-IoTC-DA16k-PMOD.1.0.0.pdsc: PDSC version is not supported
2026-02-12 16:59:41,720 [WARN] PackLoader:240 - Cannot read IP mode file for STMicroelectronics.X-CUBE-ISPU.2.1.0
2026-02-12 16:59:41,722 [ERROR] Engine:466 - C:\Users\RND1\.stm32cubemx\thirdparties\pdsc\STMicroelectronics.X-CUBE-IPS.3.2.0.pdsc: PDSC version is not supported
2026-02-12 16:59:41,726 [WARN] PackLoader:240 - Cannot read IP mode file for STMicroelectronics.X-CUBE-FREERTOS.1.2.0
2026-02-12 16:59:41,731 [WARN] PackLoader:240 - Cannot read IP mode file for STMicroelectronics.X-CUBE-NFC12.1.0.0
2026-02-12 16:59:41,738 [WARN] PackLoader:240 - Cannot read IP mode file for STMicroelectronics.X-CUBE-AZRTOS-L5.2.0.0
2026-02-12 16:59:41,744 [WARN] PackLoader:240 - Cannot read IP mode file for STMicroelectronics.X-CUBE-EEPRMA1.4.2.0
2026-02-12 16:59:41,749 [WARN] PackLoader:240 - Cannot read IP mode file for STMicroelectronics.X-CUBE-NFC6.3.1.0
2026-02-12 16:59:41,754 [WARN] PackLoader:240 - Cannot read IP mode file for ITTIA_DB.I-CUBE-ITTIADB.8.8.0
2026-02-12 16:59:41,758 [WARN] PackLoader:240 - Cannot read IP mode file for STMicroelectronics.X-CUBE-DPower.1.2.0
2026-02-12 16:59:41,762 [WARN] PackLoader:240 - Cannot read IP mode file for STMicroelectronics.X-CUBE-AI.9.0.0
2026-02-12 16:59:41,765 [WARN] PackLoader:240 - Cannot read IP mode file for STMicroelectronics.X-CUBE-FREERTOS.1.3.1
2026-02-12 16:59:41,769 [WARN] PackLoader:240 - Cannot read IP mode file for STMicroelectronics.X-CUBE-FREERTOS.1.3.0
2026-02-12 16:59:41,774 [WARN] PackLoader:240 - Cannot read IP mode file for STMicroelectronics.X-CUBE-NFC7.1.0.1
2026-02-12 16:59:41,778 [WARN] PackLoader:240 - Cannot read IP mode file for STMicroelectronics.X-CUBE-TOUCHGFX.4.26.0
2026-02-12 16:59:41,782 [WARN] PackLoader:240 - Cannot read IP mode file for STMicroelectronics.X-CUBE-NFC6.3.0.0
2026-02-12 16:59:41,784 [ERROR] Engine:466 - C:\Users\RND1\.stm32cubemx\thirdparties\pdsc\STMicroelectronics.FP-SNS-STAIOTCFT.1.0.0.pdsc: PDSC version is not supported
2026-02-12 16:59:41,787 [WARN] PackLoader:240 - Cannot read IP mode file for STMicroelectronics.X-CUBE-DPower.1.3.0
2026-02-12 16:59:41,790 [WARN] PackLoader:240 - Cannot read IP mode file for STMicroelectronics.X-CUBE-AI.8.1.0
2026-02-12 16:59:41,799 [WARN] ConditionMgr:438 - getConditionDescription Invalid condition id : LAN8742 Phy interface Condition cause : null
2026-02-12 16:59:41,799 [WARN] PackLoader:240 - Cannot read IP mode file for STMicroelectronics.X-CUBE-AZRTOS-L4.2.0.0
2026-02-12 16:59:41,800 [WARN] ConditionMgr:1039 - genDependencies : Invalid condition id : LAN8742 Phy interface Condition cause : null
2026-02-12 16:59:41,800 [WARN] ConditionMgr:1039 - genDependencies : Invalid condition id : LAN8742 Phy interface Condition cause : null
2026-02-12 16:59:41,800 [WARN] ConditionMgr:1039 - genDependencies : Invalid condition id : LAN8742 Phy interface Condition cause : null
2026-02-12 16:59:41,804 [WARN] PackLoader:240 - Cannot read IP mode file for STMicroelectronics.X-CUBE-SFXS2LP1.4.0.0
2026-02-12 16:59:41,806 [ERROR] Engine:466 - C:\Users\RND1\.stm32cubemx\thirdparties\pdsc\STMicroelectronics.X-CUBE-ST67W61.1.2.0.pdsc: PDSC version is not supported
2026-02-12 16:59:41,815 [WARN] PackLoader:240 - Cannot read IP mode file for STMicroelectronics.X-CUBE-AZRTOS-H7.3.3.0
2026-02-12 16:59:41,818 [ERROR] Engine:466 - C:\Users\RND1\.stm32cubemx\thirdparties\pdsc\STMicroelectronics.X-CUBE-BLEMGR.4.1.0.pdsc: PDSC version is not supported
2026-02-12 16:59:41,823 [WARN] PackLoader:240 - Cannot read IP mode file for STMicroelectronics.X-CUBE-IPS.3.0.0
2026-02-12 16:59:41,831 [WARN] ConditionMgr:438 - getConditionDescription Invalid condition id : UX DEVICE CLASS RTOS Condition cause : null
2026-02-12 16:59:41,832 [WARN] ConditionMgr:438 - getConditionDescription Invalid condition id : UX DEVICE CLASS RTOS Condition cause : null
2026-02-12 16:59:41,833 [WARN] PackLoader:240 - Cannot read IP mode file for STMicroelectronics.X-CUBE-AZRTOS-WB.2.0.0
2026-02-12 16:59:41,833 [WARN] ConditionMgr:1039 - genDependencies : Invalid condition id : UX DEVICE CLASS RTOS Condition cause : null
2026-02-12 16:59:41,833 [WARN] ConditionMgr:1039 - genDependencies : Invalid condition id : UX DEVICE CLASS RTOS Condition cause : null
2026-02-12 16:59:41,833 [WARN] ConditionMgr:1039 - genDependencies : Invalid condition id : UX DEVICE CLASS RTOS Condition cause : null
2026-02-12 16:59:41,833 [WARN] ConditionMgr:1039 - genDependencies : Invalid condition id : UX DEVICE CLASS RTOS Condition cause : null
2026-02-12 16:59:41,833 [WARN] ConditionMgr:1039 - genDependencies : Invalid condition id : UX DEVICE CLASS RTOS Condition cause : null
2026-02-12 16:59:41,837 [WARN] PackLoader:240 - Cannot read IP mode file for STMicroelectronics.X-CUBE-GNSS1.7.0.0
2026-02-12 16:59:41,841 [WARN] PackLoader:240 - Cannot read IP mode file for STMicroelectronics.X-CUBE-GNSS1.7.0.1
2026-02-12 16:59:41,844 [WARN] PackLoader:240 - Cannot read IP mode file for STMicroelectronics.X-CUBE-TOUCHGFX.4.25.0
2026-02-12 16:59:41,847 [WARN] PackLoader:240 - Cannot read IP mode file for STMicroelectronics.FP-SNS-STBOX1.2.0.0
2026-02-12 16:59:41,853 [WARN] PackLoader:240 - Cannot read IP mode file for STMicroelectronics.X-CUBE-STSE01.2.0.0
2026-02-12 16:59:41,859 [WARN] PackLoader:240 - Cannot read IP mode file for STMicroelectronics.X-CUBE-SUBG2.5.0.0
2026-02-12 16:59:41,870 [WARN] PackLoader:240 - Cannot read IP mode file for STMicroelectronics.X-CUBE-AZRTOS-H7RS.1.1.0
2026-02-12 16:59:41,878 [WARN] PackLoader:240 - Cannot read IP mode file for STMicroelectronics.X-CUBE-AZRTOS-G4.2.0.0
2026-02-12 16:59:41,889 [WARN] PackLoader:240 - Cannot read IP mode file for Infineon.AIROC-Wi-Fi-Bluetooth-STM32.1.5.1
2026-02-12 16:59:41,896 [WARN] PackLoader:240 - Cannot read IP mode file for STMicroelectronics.X-CUBE-NFC7.2.0.0
2026-02-12 16:59:41,900 [WARN] PackLoader:240 - Cannot read IP mode file for STMicroelectronics.FP-SNS-MOTENVWB1.1.3.1
2026-02-12 16:59:41,903 [WARN] PackLoader:240 - Cannot read IP mode file for STMicroelectronics.X-CUBE-ISPU.2.0.0
2026-02-12 16:59:41,908 [ERROR] Engine:466 - C:\Users\RND1\.stm32cubemx\thirdparties\pdsc\STMicroelectronics.X-CUBE-IPS.3.1.0.pdsc: PDSC version is not supported
2026-02-12 16:59:41,913 [WARN] PackLoader:240 - Cannot read IP mode file for STMicroelectronics.X-CUBE-ALS.1.0.2
2026-02-12 16:59:41,935 [WARN] PackLoader:240 - Cannot read IP mode file for STMicroelectronics.X-CUBE-MEMS1.10.0.0
2026-02-12 16:59:41,995 [WARN] PackLoader:240 - Cannot read IP mode file for STMicroelectronics.X-CUBE-FREERTOS.1.1.0
2026-02-12 16:59:41,998 [WARN] PackLoader:240 - Cannot read IP mode file for STMicroelectronics.X-CUBE-TOUCHGFX.4.24.0
2026-02-12 16:59:42,000 [WARN] PackLoader:240 - Cannot read IP mode file for STMicroelectronics.X-CUBE-TOUCHGFX.4.24.2
2026-02-12 16:59:42,002 [WARN] PackLoader:240 - Cannot read IP mode file for STMicroelectronics.X-CUBE-TOUCHGFX.4.24.1
2026-02-12 16:59:42,005 [WARN] PackLoader:240 - Cannot read IP mode file for STMicroelectronics.X-CUBE-STSE01.1.0.0
2026-02-12 16:59:42,009 [WARN] PackLoader:240 - Cannot read IP mode file for wolfSSL.I-CUBE-wolfTPM.3.4.0
2026-02-12 16:59:42,014 [WARN] PackLoader:240 - Cannot read IP mode file for portGmbH.I-Cube-SoM-uGOAL.1.1.0
2026-02-12 16:59:42,016 [WARN] PackLoader:240 - Cannot read IP mode file for STMicroelectronics.X-CUBE-ALS.1.0.1
2026-02-12 16:59:42,025 [WARN] PackLoader:240 - Cannot read IP mode file for STMicroelectronics.X-CUBE-AZRTOS-H7RS.1.0.0
2026-02-12 16:59:42,031 [WARN] PackLoader:240 - Cannot read IP mode file for STMicroelectronics.FP-ATR-ASTRA1.2.0.0
2026-02-12 16:59:42,039 [WARN] PackLoader:240 - Cannot read IP mode file for STMicroelectronics.X-CUBE-TOF1.3.4.2
2026-02-12 16:59:42,047 [ERROR] Engine:466 - C:\Users\RND1\.stm32cubemx\thirdparties\pdsc\STMicroelectronics.X-CUBE-TOF1.3.4.3.pdsc: PDSC version is not supported
2026-02-12 16:59:42,052 [WARN] PackLoader:240 - Cannot read IP mode file for STMicroelectronics.X-CUBE-TOF1.3.4.0
2026-02-12 16:59:42,062 [WARN] PackLoader:240 - Cannot read IP mode file for STMicroelectronics.X-CUBE-TOF1.3.4.1
2026-02-12 16:59:42,075 [WARN] PackLoader:240 - Cannot read IP mode file for STMicroelectronics.X-CUBE-AZRTOS-H7.3.2.0
2026-02-12 16:59:42,081 [WARN] PackLoader:240 - Cannot read IP mode file for wolfSSL.I-CUBE-wolfSSH.1.4.17
2026-02-12 16:59:42,082 [INFO] ThirdParty:978 - Integrity check success = true
2026-02-12 16:59:42,082 [INFO] IntegrityCheckThread:100 - exiting critical section [integrity check]
2026-02-12 16:59:42,082 [INFO] IntegrityCheckThread:103 - End integrity checks thread
2026-02-12 16:59:55,817 [ERROR] LogOutputStream:75 - [STDERR_REDIRECT] 
2026-02-12 17:00:00,067 [INFO] Activator:176 - 


2026-02-12 17:00:00,068 [INFO] Activator:177 - !SESSION log4j initialized
2026-02-12 17:00:04,477 [INFO] LogOutputStream:77 - [STDOUT_REDIRECT] 
2026-02-12 17:00:06,060 [INFO] ApplicationProperties:184 - Using Application install path: C:\ST\STM32CubeIDE_1.16.1\STM32CubeIDE\plugins\com.st.stm32cube.common.mx_6.12.1.202409122256
2026-02-12 17:00:06,072 [INFO] DbMcusXml:78 - Set database path to: C:\ST\STM32CubeIDE_1.16.1\STM32CubeIDE\plugins\com.st.stm32cube.common.mx_6.12.1.202409122256\\db\/mcu/
2026-02-12 17:00:06,073 [INFO] ApiDb:274 - Set plugin database path to: C:\ST\STM32CubeIDE_1.16.1\STM32CubeIDE\plugins\com.st.stm32cube.common.mx_6.12.1.202409122256\\db\/plugins/boardmanager/
2026-02-12 17:00:06,073 [WARN] ApiDb:259 - Overriding images path with different value:  => C:\ST\STM32CubeIDE_1.16.1\STM32CubeIDE\plugins\com.st.stm32cube.common.mx_6.12.1.202409122256\\db\/plugins/mcufinder/images/
2026-02-12 17:00:06,079 [INFO] ApiDb:250 - Set database path to: C:\Users\RND1\.stmcufinder\plugins\mcufinder//mcu/
2026-02-12 17:00:06,080 [INFO] DbMcusAds:125 - Set database path to: C:\Users\RND1\.stmcufinder\plugins\mcufinder//mcu/
2026-02-12 17:00:06,081 [INFO] CrossReferenceDbSqlite:203 - Set database path to: C:\Users\RND1\.stmcufinder\plugins\mcufinder//mcu/cs/
2026-02-12 17:00:06,161 [INFO] RulesReader:64 - Compatibility file has been processed (297 Rules)
2026-02-12 17:00:06,243 [INFO] DbMcusXml:78 - Set database path to: C:\ST\STM32CubeIDE_1.16.1\STM32CubeIDE\plugins\com.st.stm32cube.common.mx_6.12.1.202409122256\\db\/mcu/
2026-02-12 17:00:06,243 [INFO] ApiDb:274 - Set plugin database path to: C:\ST\STM32CubeIDE_1.16.1\STM32CubeIDE\plugins\com.st.stm32cube.common.mx_6.12.1.202409122256\\db\/plugins/boardmanager/
2026-02-12 17:00:06,243 [INFO] ApiDb:261 - Set plugin images path to: C:\ST\STM32CubeIDE_1.16.1\STM32CubeIDE\plugins\com.st.stm32cube.common.mx_6.12.1.202409122256\\db\/plugins/mcufinder/images/
2026-02-12 17:00:06,243 [WARN] DbFile:41 - Overriding database path with different value: C:\Users\RND1\.stmcufinder\plugins\mcufinder/ => C:\Users\RND1\.stmcufinder\plugins\mcufinder
2026-02-12 17:00:06,243 [INFO] ApiDb:250 - Set database path to: C:\Users\RND1\.stmcufinder\plugins\mcufinder//mcu/
2026-02-12 17:00:06,244 [WARN] DbFile:41 - Overriding database path with different value: C:\Users\RND1\.stmcufinder\plugins\mcufinder/ => C:\Users\RND1\.stmcufinder\plugins\mcufinder
2026-02-12 17:00:06,244 [INFO] DbMcusAds:125 - Set database path to: C:\Users\RND1\.stmcufinder\plugins\mcufinder//mcu/
2026-02-12 17:00:06,244 [WARN] DbFile:41 - Overriding database path with different value: C:\Users\RND1\.stmcufinder\plugins\mcufinder/ => C:\Users\RND1\.stmcufinder\plugins\mcufinder
2026-02-12 17:00:06,244 [WARN] DbFile:41 - Overriding database path with different value: C:\Users\RND1\.stmcufinder\plugins\mcufinder/ => C:\Users\RND1\.stmcufinder\plugins\mcufinder
2026-02-12 17:00:06,244 [INFO] CrossReferenceDbSqlite:203 - Set database path to: C:\Users\RND1\.stmcufinder\plugins\mcufinder//mcu/cs/
2026-02-12 17:00:06,299 [INFO] MainPanel:268 - HeapMemory: 268435456
2026-02-12 17:00:06,357 [INFO] DbMcusXml:78 - Set database path to: C:\ST\STM32CubeIDE_1.16.1\STM32CubeIDE\plugins\com.st.stm32cube.common.mx_6.12.1.202409122256\\db\/mcu/
2026-02-12 17:00:06,357 [INFO] ApiDb:274 - Set plugin database path to: C:\ST\STM32CubeIDE_1.16.1\STM32CubeIDE\plugins\com.st.stm32cube.common.mx_6.12.1.202409122256\\db\/plugins/boardmanager/
2026-02-12 17:00:06,357 [INFO] ApiDb:261 - Set plugin images path to: C:\ST\STM32CubeIDE_1.16.1\STM32CubeIDE\plugins\com.st.stm32cube.common.mx_6.12.1.202409122256\\db\/plugins/mcufinder/images/
2026-02-12 17:00:06,357 [WARN] DbFile:41 - Overriding database path with different value: C:\Users\RND1\.stmcufinder\plugins\mcufinder/ => C:\Users\RND1\.stmcufinder\plugins\mcufinder
2026-02-12 17:00:06,357 [INFO] ApiDb:250 - Set database path to: C:\Users\RND1\.stmcufinder\plugins\mcufinder//mcu/
2026-02-12 17:00:06,357 [WARN] DbFile:41 - Overriding database path with different value: C:\Users\RND1\.stmcufinder\plugins\mcufinder/ => C:\Users\RND1\.stmcufinder\plugins\mcufinder
2026-02-12 17:00:06,358 [INFO] DbMcusAds:125 - Set database path to: C:\Users\RND1\.stmcufinder\plugins\mcufinder//mcu/
2026-02-12 17:00:06,358 [WARN] DbFile:41 - Overriding database path with different value: C:\Users\RND1\.stmcufinder\plugins\mcufinder/ => C:\Users\RND1\.stmcufinder\plugins\mcufinder
2026-02-12 17:00:06,358 [WARN] DbFile:41 - Overriding database path with different value: C:\Users\RND1\.stmcufinder\plugins\mcufinder/ => C:\Users\RND1\.stmcufinder\plugins\mcufinder
2026-02-12 17:00:06,358 [INFO] CrossReferenceDbSqlite:203 - Set database path to: C:\Users\RND1\.stmcufinder\plugins\mcufinder//mcu/cs/
2026-02-12 17:00:06,373 [INFO] ApplicationProperties:184 - Using Application install path: C:\ST\STM32CubeIDE_1.16.1\STM32CubeIDE\plugins\com.st.stm32cube.common.mx_6.12.1.202409122256
2026-02-12 17:00:06,374 [INFO] PluginManage:196 - Search for loadable plugins [exclusion list=, ]
2026-02-12 17:00:06,374 [INFO] PluginManage:310 - Check plugin analytics
2026-02-12 17:00:06,516 [INFO] AnalyticsPlugin:253 - Accepted Software Licenses: STM32CubeMX.6.10.0
2026-02-12 17:00:06,516 [INFO] AnalyticsPlugin:255 - Accepted CMSIS Pack Licenses: 
2026-02-12 17:00:06,517 [INFO] AnalyticsPlugin:257 - Accepted Firmware Licenses: FW.G4.1.5.0,FW.G4.1.6.0,FW.F4.1.28.0,FW.H7.1.11.0,FW.H7.1.12.0
2026-02-12 17:00:06,519 [INFO] PluginManage:359 - Loaded plugin analytics (category:tool,tabindex:-1)
2026-02-12 17:00:06,520 [INFO] PluginManage:310 - Check plugin cadmodel
2026-02-12 17:00:06,525 [INFO] CADModel:105 - Init CAD model plugin
2026-02-12 17:00:06,525 [INFO] PluginManage:359 - Loaded plugin cadmodel (category:power,tabindex:5)
2026-02-12 17:00:06,525 [INFO] PluginManage:310 - Check plugin clock
2026-02-12 17:00:06,537 [INFO] PluginManage:359 - Loaded plugin clock (category:base,tabindex:2)
2026-02-12 17:00:06,537 [INFO] PluginManage:310 - Check plugin ddr
2026-02-12 17:00:06,539 [INFO] PluginManage:359 - Loaded plugin ddr (category:tool,tabindex:6)
2026-02-12 17:00:06,539 [INFO] PluginManage:310 - Check plugin filemanager
2026-02-12 17:00:06,655 [INFO] PluginManage:359 - Loaded plugin filemanager (category:base,tabindex:10)
2026-02-12 17:00:06,655 [INFO] PluginManage:310 - Check plugin ipmanager
2026-02-12 17:00:06,661 [INFO] PluginManage:359 - Loaded plugin ipmanager (category:base,tabindex:5)
2026-02-12 17:00:06,661 [INFO] PluginManage:310 - Check plugin lpbam
2026-02-12 17:00:06,667 [INFO] PluginManage:359 - Loaded plugin lpbam (category:base,tabindex:0)
2026-02-12 17:00:06,667 [INFO] PluginManage:310 - Check plugin memorymap
2026-02-12 17:00:06,675 [INFO] PluginManage:359 - Loaded plugin memorymap (category:base,tabindex:4)
2026-02-12 17:00:06,675 [INFO] PluginManage:310 - Check plugin pinoutandconfiguration
2026-02-12 17:00:06,680 [INFO] PluginManage:359 - Loaded plugin pinoutandconfiguration (category:base,tabindex:1)
2026-02-12 17:00:06,680 [INFO] PluginManage:310 - Check plugin pinoutconfig
2026-02-12 17:00:06,735 [WARN] SupportedApi:132 - Cannot load RTOS API schema: s4s-elt-must-match.1: The content of 'definitions' must match (annotation?, (simpleType | complexType)?, (unique | key | keyref)*)). A problem was found starting at: attribute.
2026-02-12 17:00:06,820 [INFO] PluginManage:359 - Loaded plugin pinoutconfig (category:base,tabindex:0)
2026-02-12 17:00:06,820 [INFO] PluginManage:310 - Check plugin power
2026-02-12 17:00:06,826 [INFO] PluginManage:359 - Loaded plugin power (category:power,tabindex:4)
2026-02-12 17:00:06,826 [INFO] PluginManage:310 - Check plugin projectmanager
2026-02-12 17:00:06,838 [INFO] PluginManage:359 - Loaded plugin projectmanager (category:projectmanager,tabindex:4)
2026-02-12 17:00:06,838 [INFO] PluginManage:310 - Check plugin rif
2026-02-12 17:00:06,843 [INFO] PluginManage:359 - Loaded plugin rif (category:base,tabindex:3)
2026-02-12 17:00:06,844 [INFO] PluginManage:310 - Check plugin thirdparty
2026-02-12 17:00:06,948 [WARN] IntegrityCheckThread:84 - waiting for thirdparty lock release [integrity check]
2026-02-12 17:00:06,948 [INFO] IntegrityCheckThread:86 - entering critical section [integrity check]
2026-02-12 17:00:06,949 [INFO] PluginManage:359 - Loaded plugin thirdparty (category:base,tabindex:-1)
2026-02-12 17:00:06,949 [INFO] PluginManage:310 - Check plugin tools
2026-02-12 17:00:06,949 [INFO] ThirdPartyUpdaterWithRetryManager:70 - Updater plugin not ready yet. [1/15]
2026-02-12 17:00:06,953 [INFO] PluginManage:359 - Loaded plugin tools (category:base,tabindex:7)
2026-02-12 17:00:06,953 [INFO] PluginManage:310 - Check plugin tutovideos
2026-02-12 17:00:07,078 [INFO] PluginManage:359 - Loaded plugin tutovideos (category:base,tabindex:-1)
2026-02-12 17:00:07,078 [INFO] PluginManage:310 - Check plugin updater
2026-02-12 17:00:07,089 [INFO] PluginManage:359 - Loaded plugin updater (category:base,tabindex:12)
2026-02-12 17:00:07,089 [INFO] PluginManage:310 - Check plugin userauth
2026-02-12 17:00:07,093 [INFO] UserAuth:113 - Init User Auth plugin
2026-02-12 17:00:07,093 [INFO] PluginManage:359 - Loaded plugin userauth (category:base,tabindex:14)
2026-02-12 17:00:07,094 [INFO] PluginManage:283 - PluginManage : Loaded plugins [18]
2026-02-12 17:00:07,252 [INFO] PinOutPanel:1561 - setPackage(No Configuration,No Configuration)
2026-02-12 17:00:07,320 [INFO] CADModel:165 - CPN selected for project level
2026-02-12 17:00:07,320 [INFO] CADModel:114 - Register for checkConnection events
2026-02-12 17:00:07,332 [INFO] IPUIPlugin:80 - create IPUIPlugin
2026-02-12 17:00:07,333 [INFO] PluginManager:220 - loadIPPluginJar : add adc
2026-02-12 17:00:07,335 [INFO] IPUIPlugin:80 - create IPUIPlugin
2026-02-12 17:00:07,335 [INFO] PluginManager:220 - loadIPPluginJar : add aes
2026-02-12 17:00:07,337 [INFO] IPUIPlugin:80 - create IPUIPlugin
2026-02-12 17:00:07,337 [INFO] PluginManager:220 - loadIPPluginJar : add can
2026-02-12 17:00:07,338 [INFO] IPUIPlugin:80 - create IPUIPlugin
2026-02-12 17:00:07,338 [INFO] PluginManager:220 - loadIPPluginJar : add comp
2026-02-12 17:00:07,340 [INFO] IPUIPlugin:80 - create IPUIPlugin
2026-02-12 17:00:07,341 [INFO] PluginManager:220 - loadIPPluginJar : add cryp
2026-02-12 17:00:07,343 [INFO] IPUIPlugin:80 - create IPUIPlugin
2026-02-12 17:00:07,343 [INFO] PluginManager:220 - loadIPPluginJar : add ddr_ctrl_phy
2026-02-12 17:00:07,345 [INFO] IPUIPlugin:80 - create IPUIPlugin
2026-02-12 17:00:07,345 [INFO] PluginManager:220 - loadIPPluginJar : add dfsdm
2026-02-12 17:00:07,349 [INFO] IPUIPlugin:80 - create IPUIPlugin
2026-02-12 17:00:07,350 [INFO] PluginManager:220 - loadIPPluginJar : add dma
2026-02-12 17:00:07,352 [INFO] IPUIPlugin:80 - create IPUIPlugin
2026-02-12 17:00:07,352 [INFO] PluginManager:220 - loadIPPluginJar : add dma3
2026-02-12 17:00:07,359 [INFO] IPUIPlugin:80 - create IPUIPlugin
2026-02-12 17:00:07,359 [INFO] PluginManager:220 - loadIPPluginJar : add extmemmanager
2026-02-12 17:00:07,361 [INFO] IPUIPlugin:80 - create IPUIPlugin
2026-02-12 17:00:07,361 [INFO] PluginManager:220 - loadIPPluginJar : add fatfs
2026-02-12 17:00:07,365 [INFO] IPUIPlugin:80 - create IPUIPlugin
2026-02-12 17:00:07,365 [INFO] PluginManager:220 - loadIPPluginJar : add fmc
2026-02-12 17:00:07,370 [INFO] IPUIPlugin:80 - create IPUIPlugin
2026-02-12 17:00:07,371 [INFO] PluginManager:220 - loadIPPluginJar : add freertos
2026-02-12 17:00:07,372 [INFO] IPUIPlugin:80 - create IPUIPlugin
2026-02-12 17:00:07,372 [INFO] PluginManager:220 - loadIPPluginJar : add genericplugin
2026-02-12 17:00:07,374 [INFO] IPUIPlugin:80 - create IPUIPlugin
2026-02-12 17:00:07,374 [INFO] PluginManager:220 - loadIPPluginJar : add gfxmmu
2026-02-12 17:00:07,378 [INFO] IPUIPlugin:80 - create IPUIPlugin
2026-02-12 17:00:07,378 [INFO] PluginManager:220 - loadIPPluginJar : add gic
2026-02-12 17:00:07,382 [INFO] IPUIPlugin:80 - create IPUIPlugin
2026-02-12 17:00:07,382 [INFO] PluginManager:220 - loadIPPluginJar : add gpio
2026-02-12 17:00:07,395 [INFO] IPUIPlugin:80 - create IPUIPlugin
2026-02-12 17:00:07,395 [INFO] PluginManager:220 - loadIPPluginJar : add gtzc
2026-02-12 17:00:07,397 [INFO] IPUIPlugin:80 - create IPUIPlugin
2026-02-12 17:00:07,397 [INFO] PluginManager:220 - loadIPPluginJar : add hash
2026-02-12 17:00:07,399 [INFO] IPUIPlugin:80 - create IPUIPlugin
2026-02-12 17:00:07,399 [INFO] PluginManager:220 - loadIPPluginJar : add i2c
2026-02-12 17:00:07,401 [INFO] IPUIPlugin:80 - create IPUIPlugin
2026-02-12 17:00:07,401 [INFO] PluginManager:220 - loadIPPluginJar : add i2s
2026-02-12 17:00:07,404 [INFO] IPUIPlugin:80 - create IPUIPlugin
2026-02-12 17:00:07,404 [INFO] PluginManager:220 - loadIPPluginJar : add i3c
2026-02-12 17:00:07,406 [INFO] IPUIPlugin:80 - create IPUIPlugin
2026-02-12 17:00:07,406 [INFO] PluginManager:220 - loadIPPluginJar : add ipddr
2026-02-12 17:00:07,420 [INFO] IPUIPlugin:80 - create IPUIPlugin
2026-02-12 17:00:07,420 [INFO] PluginManager:220 - loadIPPluginJar : add linkedlist
2026-02-12 17:00:07,423 [INFO] IPUIPlugin:80 - create IPUIPlugin
2026-02-12 17:00:07,423 [INFO] PluginManager:220 - loadIPPluginJar : add lorawan
2026-02-12 17:00:07,424 [INFO] IPUIPlugin:80 - create IPUIPlugin
2026-02-12 17:00:07,424 [INFO] PluginManager:220 - loadIPPluginJar : add ltdc
2026-02-12 17:00:07,428 [INFO] IPUIPlugin:80 - create IPUIPlugin
2026-02-12 17:00:07,428 [INFO] PluginManager:220 - loadIPPluginJar : add mdma
2026-02-12 17:00:07,431 [INFO] IPUIPlugin:80 - create IPUIPlugin
2026-02-12 17:00:07,431 [INFO] PluginManager:220 - loadIPPluginJar : add nvic
2026-02-12 17:00:07,433 [INFO] IPUIPlugin:80 - create IPUIPlugin
2026-02-12 17:00:07,433 [INFO] PluginManager:220 - loadIPPluginJar : add opamp
2026-02-12 17:00:07,435 [INFO] IPUIPlugin:80 - create IPUIPlugin
2026-02-12 17:00:07,435 [INFO] PluginManager:220 - loadIPPluginJar : add openamp
2026-02-12 17:00:07,437 [INFO] IPUIPlugin:80 - create IPUIPlugin
2026-02-12 17:00:07,437 [INFO] PluginManager:220 - loadIPPluginJar : add pdm2pcm
2026-02-12 17:00:07,441 [INFO] IPUIPlugin:80 - create IPUIPlugin
2026-02-12 17:00:07,442 [INFO] PluginManager:220 - loadIPPluginJar : add plateformsettings
2026-02-12 17:00:07,443 [INFO] IPUIPlugin:80 - create IPUIPlugin
2026-02-12 17:00:07,443 [INFO] PluginManager:220 - loadIPPluginJar : add quadspi
2026-02-12 17:00:07,445 [INFO] IPUIPlugin:80 - create IPUIPlugin
2026-02-12 17:00:07,445 [INFO] PluginManager:220 - loadIPPluginJar : add radio
2026-02-12 17:00:07,447 [INFO] IPUIPlugin:80 - create IPUIPlugin
2026-02-12 17:00:07,447 [INFO] PluginManager:220 - loadIPPluginJar : add resmgrutility
2026-02-12 17:00:07,449 [INFO] IPUIPlugin:80 - create IPUIPlugin
2026-02-12 17:00:07,449 [INFO] PluginManager:220 - loadIPPluginJar : add sai
2026-02-12 17:00:07,451 [INFO] IPUIPlugin:80 - create IPUIPlugin
2026-02-12 17:00:07,451 [INFO] PluginManager:220 - loadIPPluginJar : add spi
2026-02-12 17:00:07,454 [INFO] IPUIPlugin:80 - create IPUIPlugin
2026-02-12 17:00:07,454 [INFO] PluginManager:220 - loadIPPluginJar : add stm32_wpan
2026-02-12 17:00:07,455 [INFO] IPUIPlugin:80 - create IPUIPlugin
2026-02-12 17:00:07,455 [INFO] PluginManager:220 - loadIPPluginJar : add tim
2026-02-12 17:00:07,457 [INFO] IPUIPlugin:80 - create IPUIPlugin
2026-02-12 17:00:07,457 [INFO] PluginManager:220 - loadIPPluginJar : add touchsensing
2026-02-12 17:00:07,458 [INFO] IPUIPlugin:80 - create IPUIPlugin
2026-02-12 17:00:07,459 [INFO] PluginManager:220 - loadIPPluginJar : add tracer_emb
2026-02-12 17:00:07,460 [INFO] IPUIPlugin:80 - create IPUIPlugin
2026-02-12 17:00:07,460 [INFO] PluginManager:220 - loadIPPluginJar : add ts
2026-02-12 17:00:07,461 [INFO] IPUIPlugin:80 - create IPUIPlugin
2026-02-12 17:00:07,461 [INFO] PluginManager:220 - loadIPPluginJar : add tsc
2026-02-12 17:00:07,463 [INFO] IPUIPlugin:80 - create IPUIPlugin
2026-02-12 17:00:07,463 [INFO] PluginManager:220 - loadIPPluginJar : add ucpd
2026-02-12 17:00:07,465 [INFO] IPUIPlugin:80 - create IPUIPlugin
2026-02-12 17:00:07,465 [INFO] PluginManager:220 - loadIPPluginJar : add usart
2026-02-12 17:00:07,466 [INFO] IPUIPlugin:80 - create IPUIPlugin
2026-02-12 17:00:07,467 [INFO] PluginManager:220 - loadIPPluginJar : add usbx
2026-02-12 17:00:07,578 [INFO] CADModel:165 - CPN selected for project level
2026-02-12 17:00:07,579 [INFO] CADModel:114 - Register for checkConnection events
2026-02-12 17:00:07,579 [FATAL] Updater:334 - Updater called before beeing initialized
2026-02-12 17:00:07,579 [ERROR] CADModel:125 - Updater not yet initialized, retry later 
2026-02-12 17:00:07,662 [INFO] CADModel:165 - CPN selected for project level
2026-02-12 17:00:07,662 [INFO] CADModel:114 - Register for checkConnection events
2026-02-12 17:00:07,662 [FATAL] Updater:334 - Updater called before beeing initialized
2026-02-12 17:00:07,662 [ERROR] CADModel:125 - Updater not yet initialized, retry later 
2026-02-12 17:00:07,664 [FATAL] Updater:334 - Updater called before beeing initialized
2026-02-12 17:00:07,753 [FATAL] Updater:334 - Updater called before beeing initialized
2026-02-12 17:00:07,755 [INFO] DbMcusAds:53 - JSON generation date=Fri Jan 09 00:56:32 KST 2026 (1767887792457)
2026-02-12 17:00:07,755 [FATAL] Updater:334 - Updater called before beeing initialized
2026-02-12 17:00:07,779 [WARN] DetailPanel:346 - Failed to get advertising image, set to default
2026-02-12 17:00:07,846 [FATAL] Updater:334 - Updater called before beeing initialized
2026-02-12 17:00:07,848 [FATAL] Updater:334 - Updater called before beeing initialized
2026-02-12 17:00:07,848 [FATAL] Updater:334 - Updater called before beeing initialized
2026-02-12 17:00:07,848 [WARN] DetailPanel:346 - Failed to get advertising image, set to default
2026-02-12 17:00:07,849 [FATAL] Updater:334 - Updater called before beeing initialized
2026-02-12 17:00:07,880 [ERROR] Updater:1164 - MainUpdater not yet initialized. External WinMGr cannot be set.
2026-02-12 17:00:07,882 [INFO] Updater:1100 - Updater Version found : 6.12.1
2026-02-12 17:00:07,893 [INFO] ApplicationProperties:184 - Using Application install path: C:\ST\STM32CubeIDE_1.16.1\STM32CubeIDE\plugins\com.st.stm32cube.common.mx_6.12.1.202409122256
2026-02-12 17:00:08,522 [INFO] MainUpdater:2873 - connection check result : 10
2026-02-12 17:00:08,523 [INFO] MainUpdater:290 - Updater Check For Update Now.
2026-02-12 17:00:08,523 [INFO] MicroXplorer:498 - Change Database Version : DB.6.0.121
2026-02-12 17:00:08,530 [INFO] McuFinderGlobals:63 - Set McuFinder mode to 2 (CubeIDE integrated)
2026-02-12 17:00:08,531 [INFO] UserAuth:417 - Internet connection configuration mode: 1
2026-02-12 17:00:08,568 [INFO] JxBrowserEngine:152 - Initiate JxBrowser Engine with user profile folder
2026-02-12 17:00:08,709 [INFO] CheckServerUpdateThread:120 - End of CheckServer Thread
2026-02-12 17:00:09,052 [INFO] WebApp:167 - Instantiating new browser for Auth
2026-02-12 17:00:09,567 [INFO] WebApp:448 - Apply proxy settings
2026-02-12 17:00:09,572 [INFO] WebApp:493 - Chromium authenticates against Manually configured proxy
2026-02-12 17:00:09,576 [INFO] WebApp:501 - Username used for proxy authentication: 
2026-02-12 17:00:09,591 [INFO] WebApp:869 - Register for checkConnection events
2026-02-12 17:00:09,591 [INFO] WebApp:448 - Apply proxy settings
2026-02-12 17:00:09,594 [INFO] WebApp:493 - Chromium authenticates against Manually configured proxy
2026-02-12 17:00:09,595 [INFO] WebApp:501 - Username used for proxy authentication: 
2026-02-12 17:00:09,677 [INFO] WebApp:220 - Starting web application
2026-02-12 17:00:09,678 [INFO] WebApp:578 - Web application path used C:\ST\STM32CubeIDE_1.16.1\STM32CubeIDE\plugins\com.st.stm32cube.common.mx_6.12.1.202409122256\db\plugins\mcufinder\reactClient1\index.html
2026-02-12 17:00:09,729 [INFO] UserAuth:417 - Internet connection configuration mode: 1
2026-02-12 17:00:09,875 [INFO] WebApp:186 - Connection restablished
2026-02-12 17:00:10,203 [WARN] PackLoader:240 - Cannot read IP mode file for STMicroelectronics.FP-SNS-MOTENVWB1.1.4.0
2026-02-12 17:00:10,209 [WARN] PackLoader:240 - Cannot read IP mode file for STMicroelectronics.FP-ATR-ASTRA1.2.0.2
2026-02-12 17:00:10,211 [WARN] PackLoader:240 - Cannot read IP mode file for STMicroelectronics.FP-ATR-ASTRA1.2.0.1
2026-02-12 17:00:10,216 [WARN] PackLoader:240 - Cannot read IP mode file for STMicroelectronics.X-CUBE-SMBUS.2.1.0
2026-02-12 17:00:10,221 [WARN] PackLoader:240 - Cannot read IP mode file for STMicroelectronics.X-CUBE-WB05N.1.1.0
2026-02-12 17:00:10,223 [ERROR] Engine:466 - C:\Users\RND1\.stm32cubemx\thirdparties\pdsc\STMicroelectronics.X-CUBE-ST60.1.0.0.pdsc: PDSC version is not supported
2026-02-12 17:00:10,227 [WARN] PackLoader:240 - Cannot read IP mode file for STMicroelectronics.X-CUBE-TOUCHGFX.4.23.0
2026-02-12 17:00:10,229 [WARN] PackLoader:240 - Cannot read IP mode file for STMicroelectronics.X-CUBE-TOUCHGFX.4.23.2
2026-02-12 17:00:10,247 [WARN] PackLoader:240 - Cannot read IP mode file for STMicroelectronics.X-CUBE-AZRTOS-F7.1.1.0
2026-02-12 17:00:10,255 [WARN] PackLoader:240 - Cannot read IP mode file for STMicroelectronics.FP-SNS-MOTENV1.4.3.2
2026-02-12 17:00:10,296 [WARN] PackLoader:240 - Cannot read IP mode file for STMicroelectronics.X-CUBE-MEMS1.11.0.0
2026-02-12 17:00:10,403 [ERROR] Engine:466 - C:\Users\RND1\.stm32cubemx\thirdparties\pdsc\STMicroelectronics.FP-SNS-MOTENV1.5.1.0.pdsc: PDSC version is not supported
2026-02-12 17:00:10,406 [WARN] PackLoader:240 - Cannot read IP mode file for STMicroelectronics.FP-SNS-FLIGHT1.5.0.2
2026-02-12 17:00:10,417 [WARN] PackLoader:240 - Cannot read IP mode file for STMicroelectronics.X-CUBE-AZRTOS-H7.3.4.0
2026-02-12 17:00:10,423 [WARN] PackLoader:240 - Cannot read IP mode file for STMicroelectronics.X-CUBE-DISPLAY.3.0.0
2026-02-12 17:00:10,428 [WARN] PackLoader:240 - Cannot read IP mode file for STMicroelectronics.X-CUBE-BLE1.7.0.0
2026-02-12 17:00:10,433 [WARN] PackLoader:240 - Cannot read IP mode file for STMicroelectronics.X-CUBE-NFC10.1.0.0
2026-02-12 17:00:10,443 [WARN] PackLoader:240 - Cannot read IP mode file for STMicroelectronics.X-CUBE-BLEMGR.4.0.0
2026-02-12 17:00:10,446 [ERROR] Engine:466 - C:\Users\RND1\.stm32cubemx\thirdparties\pdsc\STMicroelectronics.X-CUBE-ST60.1.1.0.pdsc: PDSC version is not supported
2026-02-12 17:00:10,450 [WARN] PackLoader:240 - Cannot read IP mode file for emotas.I-CUBE-CANOPEN.1.3.0
2026-02-12 17:00:10,454 [WARN] PackLoader:240 - Cannot read IP mode file for STMicroelectronics.X-CUBE-GNSS1.7.1.0
2026-02-12 17:00:10,460 [WARN] PackLoader:240 - Cannot read IP mode file for STMicroelectronics.X-CUBE-BLEMGR.3.1.0
2026-02-12 17:00:10,467 [WARN] PackLoader:240 - Cannot read IP mode file for STMicroelectronics.X-CUBE-AI.10.0.0
2026-02-12 17:00:10,470 [ERROR] Engine:466 - C:\Users\RND1\.stm32cubemx\thirdparties\pdsc\STMicroelectronics.FP-SNS-STBOX1.2.1.0.pdsc: PDSC version is not supported
2026-02-12 17:00:10,473 [WARN] PackLoader:240 - Cannot read IP mode file for STMicroelectronics.FP-SNS-SMARTAG2.1.2.0
2026-02-12 17:00:10,476 [ERROR] Engine:466 - C:\Users\RND1\.stm32cubemx\thirdparties\pdsc\STMicroelectronics.FP-SNS-FLIGHT1.5.1.0.pdsc: PDSC version is not supported
2026-02-12 17:00:10,501 [WARN] PackLoader:240 - Cannot read IP mode file for STMicroelectronics.X-CUBE-MEMS1.11.1.0
2026-02-12 17:00:10,572 [INFO] LogOutputStream:77 - [STDOUT_REDIRECT] 1 : Invalid condition id : UX_CORESTACK_Condition cause : null
2026-02-12 17:00:10,573 [INFO] LogOutputStream:77 - [STDOUT_REDIRECT] 1 : Invalid condition id : UX_CORESTACK_Condition cause : null
2026-02-12 17:00:10,575 [INFO] LogOutputStream:77 - [STDOUT_REDIRECT] 1 : Invalid condition id : UX_CORESTACK_Condition cause : null
2026-02-12 17:00:10,577 [INFO] LogOutputStream:77 - [STDOUT_REDIRECT] 1 : Invalid condition id : UX_CORESTACK_Condition cause : null
2026-02-12 17:00:10,578 [INFO] LogOutputStream:77 - [STDOUT_REDIRECT] 1 : Invalid condition id : UX_CORESTACK_Condition cause : null
2026-02-12 17:00:10,581 [WARN] PackLoader:240 - Cannot read IP mode file for STMicroelectronics.X-CUBE-AZRTOS-WL.2.0.0
2026-02-12 17:00:10,585 [WARN] PackLoader:240 - Cannot read IP mode file for STMicroelectronics.FP-SNS-MOTENV1.5.0.0
2026-02-12 17:00:10,600 [WARN] PackLoader:240 - Cannot read IP mode file for STMicroelectronics.X-CUBE-AZRTOS-H7RS.1.2.0
2026-02-12 17:00:10,605 [WARN] PackLoader:240 - Cannot read IP mode file for wolfSSL.I-CUBE-wolfMQTT.1.19.0
2026-02-12 17:00:10,622 [WARN] PackLoader:240 - Cannot read IP mode file for WES.I-CUBE-Cesium.1.3.0
2026-02-12 17:00:10,628 [WARN] PackLoader:240 - Cannot read IP mode file for STMicroelectronics.X-CUBE-BLE2.3.3.0
2026-02-12 17:00:10,631 [ERROR] Engine:466 - C:\Users\RND1\.stm32cubemx\thirdparties\pdsc\Avnet-IOTCONNECT.X-CUBE-iotc-st67-sdk.1.0.0.pdsc: PDSC version is not supported
2026-02-12 17:00:10,636 [WARN] PackLoader:240 - Cannot read IP mode file for STMicroelectronics.X-CUBE-NFC9.1.0.0
2026-02-12 17:00:10,642 [WARN] PackLoader:240 - Cannot read IP mode file for STMicroelectronics.X-CUBE-BLE1.7.1.0
2026-02-12 17:00:10,649 [WARN] PackLoader:240 - Cannot read IP mode file for STMicroelectronics.X-CUBE-TCPP.4.1.0
2026-02-12 17:00:10,651 [ERROR] Engine:466 - C:\Users\RND1\.stm32cubemx\thirdparties\pdsc\STMicroelectronics.X-CUBE-FREERTOS.1.4.0.pdsc: PDSC version is not supported
2026-02-12 17:00:10,655 [WARN] PackLoader:240 - Cannot read IP mode file for STMicroelectronics.X-CUBE-EEPRMA1.5.2.0
2026-02-12 17:00:10,659 [ERROR] Engine:466 - C:\Users\RND1\.stm32cubemx\thirdparties\pdsc\STMicroelectronics.X-CUBE-ST67W61.1.1.0.pdsc: PDSC version is not supported
2026-02-12 17:00:10,662 [WARN] PackLoader:240 - Cannot read IP mode file for STMicroelectronics.X-CUBE-AI.10.1.0
2026-02-12 17:00:10,684 [WARN] PackLoader:240 - Cannot read IP mode file for STMicroelectronics.X-CUBE-MEMS1.12.0.0
2026-02-12 17:00:10,732 [WARN] PackLoader:240 - Cannot read IP mode file for STMicroelectronics.X-CUBE-ALGOBUILD.1.3.0
2026-02-12 17:00:10,754 [WARN] PackLoader:240 - Cannot read IP mode file for STMicroelectronics.X-CUBE-MEMS1.11.2.0
2026-02-12 17:00:10,825 [WARN] PackLoader:240 - Cannot read IP mode file for STMicroelectronics.X-CUBE-AZRTOS-G0.1.1.0
2026-02-12 17:00:10,831 [WARN] PackLoader:240 - Cannot read IP mode file for STMicroelectronics.X-CUBE-SAFEA1.1.2.2
2026-02-12 17:00:10,836 [WARN] PackLoader:240 - Cannot read IP mode file for STMicroelectronics.X-CUBE-NFC4.3.0.0
2026-02-12 17:00:10,840 [WARN] PackLoader:240 - Cannot read IP mode file for wolfSSL.I-CUBE-wolfMQTT.1.18.0
2026-02-12 17:00:10,848 [WARN] PackLoader:240 - Cannot read IP mode file for EmbeddedOffice.I-CUBE-FS-RTOS.1.0.1
2026-02-12 17:00:10,848 [ERROR] ConditionMgr:805 - Attr not supported : Dmpu
2026-02-12 17:00:10,848 [ERROR] ConditionMgr:805 - Attr not supported : Dmpu
2026-02-12 17:00:10,848 [ERROR] ConditionMgr:805 - Attr not supported : Dmpu
2026-02-12 17:00:10,848 [ERROR] ConditionMgr:805 - Attr not supported : Dmpu
2026-02-12 17:00:10,848 [ERROR] ConditionMgr:805 - Attr not supported : Dmpu
2026-02-12 17:00:10,849 [ERROR] ConditionMgr:805 - Attr not supported : Dmpu
2026-02-12 17:00:10,849 [ERROR] ConditionMgr:805 - Attr not supported : Dmpu
2026-02-12 17:00:10,849 [ERROR] ConditionMgr:805 - Attr not supported : Dmpu
2026-02-12 17:00:10,849 [ERROR] ConditionMgr:805 - Attr not supported : Dmpu
2026-02-12 17:00:10,849 [ERROR] ConditionMgr:805 - Attr not supported : Dmpu
2026-02-12 17:00:10,849 [ERROR] ConditionMgr:805 - Attr not supported : Dmpu
2026-02-12 17:00:10,849 [ERROR] ConditionMgr:805 - Attr not supported : Dmpu
2026-02-12 17:00:10,849 [ERROR] ConditionMgr:805 - Attr not supported : Dmpu
2026-02-12 17:00:10,849 [ERROR] ConditionMgr:805 - Attr not supported : Dmpu
2026-02-12 17:00:10,849 [ERROR] ConditionMgr:805 - Attr not supported : Dmpu
2026-02-12 17:00:10,849 [ERROR] ConditionMgr:805 - Attr not supported : Dmpu
2026-02-12 17:00:10,849 [ERROR] ConditionMgr:805 - Attr not supported : Dmpu
2026-02-12 17:00:10,849 [ERROR] ConditionMgr:805 - Attr not supported : Dmpu
2026-02-12 17:00:10,849 [ERROR] ConditionMgr:805 - Attr not supported : Dmpu
2026-02-12 17:00:10,849 [ERROR] ConditionMgr:805 - Attr not supported : Dmpu
2026-02-12 17:00:10,849 [ERROR] ConditionMgr:805 - Attr not supported : Dmpu
2026-02-12 17:00:10,849 [ERROR] ConditionMgr:805 - Attr not supported : Dmpu
2026-02-12 17:00:10,849 [ERROR] ConditionMgr:805 - Attr not supported : Dmpu
2026-02-12 17:00:10,849 [ERROR] ConditionMgr:805 - Attr not supported : Dmpu
2026-02-12 17:00:10,849 [ERROR] ConditionMgr:805 - Attr not supported : Dmpu
2026-02-12 17:00:10,849 [ERROR] ConditionMgr:805 - Attr not supported : Dmpu
2026-02-12 17:00:10,849 [ERROR] ConditionMgr:805 - Attr not supported : Dmpu
2026-02-12 17:00:10,849 [ERROR] ConditionMgr:805 - Attr not supported : Dmpu
2026-02-12 17:00:10,849 [ERROR] ConditionMgr:805 - Attr not supported : Dmpu
2026-02-12 17:00:10,849 [ERROR] ConditionMgr:805 - Attr not supported : Dmpu
2026-02-12 17:00:10,849 [ERROR] ConditionMgr:805 - Attr not supported : Dmpu
2026-02-12 17:00:10,849 [ERROR] ConditionMgr:805 - Attr not supported : Dmpu
2026-02-12 17:00:10,849 [ERROR] ConditionMgr:805 - Attr not supported : Dmpu
2026-02-12 17:00:10,849 [ERROR] ConditionMgr:805 - Attr not supported : Dmpu
2026-02-12 17:00:10,849 [ERROR] ConditionMgr:805 - Attr not supported : Dmpu
2026-02-12 17:00:10,849 [ERROR] ConditionMgr:805 - Attr not supported : Dmpu
2026-02-12 17:00:10,849 [ERROR] ConditionMgr:805 - Attr not supported : Dmpu
2026-02-12 17:00:10,849 [ERROR] ConditionMgr:805 - Attr not supported : Dmpu
2026-02-12 17:00:10,849 [ERROR] ConditionMgr:805 - Attr not supported : Dmpu
2026-02-12 17:00:10,849 [ERROR] ConditionMgr:805 - Attr not supported : Dmpu
2026-02-12 17:00:10,849 [ERROR] ConditionMgr:805 - Attr not supported : Dmpu
2026-02-12 17:00:10,849 [ERROR] ConditionMgr:805 - Attr not supported : Dmpu
2026-02-12 17:00:10,849 [ERROR] ConditionMgr:805 - Attr not supported : Dmpu
2026-02-12 17:00:10,849 [ERROR] ConditionMgr:805 - Attr not supported : Dmpu
2026-02-12 17:00:10,850 [ERROR] ConditionMgr:805 - Attr not supported : Dmpu
2026-02-12 17:00:10,850 [ERROR] ConditionMgr:805 - Attr not supported : Dmpu
2026-02-12 17:00:10,850 [ERROR] ConditionMgr:805 - Attr not supported : Dmpu
2026-02-12 17:00:10,850 [ERROR] ConditionMgr:805 - Attr not supported : Dmpu
2026-02-12 17:00:10,850 [ERROR] ConditionMgr:805 - Attr not supported : Dmpu
2026-02-12 17:00:10,850 [ERROR] ConditionMgr:805 - Attr not supported : Dmpu
2026-02-12 17:00:10,850 [ERROR] ConditionMgr:805 - Attr not supported : Dmpu
2026-02-12 17:00:10,850 [ERROR] ConditionMgr:805 - Attr not supported : Dmpu
2026-02-12 17:00:10,850 [ERROR] ConditionMgr:805 - Attr not supported : Dmpu
2026-02-12 17:00:10,850 [ERROR] ConditionMgr:805 - Attr not supported : Dmpu
2026-02-12 17:00:10,850 [ERROR] ConditionMgr:805 - Attr not supported : Dmpu
2026-02-12 17:00:10,850 [ERROR] ConditionMgr:805 - Attr not supported : Dmpu
2026-02-12 17:00:10,850 [ERROR] ConditionMgr:805 - Attr not supported : Dmpu
2026-02-12 17:00:10,850 [ERROR] ConditionMgr:805 - Attr not supported : Dmpu
2026-02-12 17:00:10,850 [ERROR] ConditionMgr:805 - Attr not supported : Dmpu
2026-02-12 17:00:10,850 [ERROR] ConditionMgr:805 - Attr not supported : Dmpu
2026-02-12 17:00:10,850 [ERROR] ConditionMgr:805 - Attr not supported : Dmpu
2026-02-12 17:00:10,850 [ERROR] ConditionMgr:805 - Attr not supported : Dmpu
2026-02-12 17:00:10,850 [ERROR] ConditionMgr:805 - Attr not supported : Dmpu
2026-02-12 17:00:10,850 [ERROR] ConditionMgr:805 - Attr not supported : Dmpu
2026-02-12 17:00:10,855 [WARN] PackLoader:240 - Cannot read IP mode file for STMicroelectronics.X-CUBE-WB05N.2.0.0
2026-02-12 17:00:10,861 [WARN] PackLoader:240 - Cannot read IP mode file for STMicroelectronics.X-CUBE-BLEMGR.3.0.0
2026-02-12 17:00:10,865 [ERROR] Engine:466 - C:\Users\RND1\.stm32cubemx\thirdparties\pdsc\STMicroelectronics.X-CUBE-TCPP.4.2.0.pdsc: PDSC version is not supported
2026-02-12 17:00:10,870 [WARN] PackLoader:240 - Cannot read IP mode file for RealThread.X-CUBE-RT-Thread_Nano.4.1.1
2026-02-12 17:00:10,873 [WARN] PackLoader:240 - Cannot read IP mode file for STMicroelectronics.FP-ATR-SIGFOX1.3.2.0
2026-02-12 17:00:10,878 [WARN] ConditionMgr:438 - getConditionDescription Invalid condition id : Cortex-A Device cause : null
2026-02-12 17:00:10,892 [WARN] ConditionMgr:1039 - genDependencies : Invalid condition id : Cortex-A Device cause : null
2026-02-12 17:00:10,893 [WARN] ConditionMgr:1039 - genDependencies : Invalid condition id : Cortex-A Device cause : null
2026-02-12 17:00:10,893 [WARN] ConditionMgr:1039 - genDependencies : Invalid condition id : Cortex-A Device cause : null
2026-02-12 17:00:10,896 [WARN] PackLoader:240 - Cannot read IP mode file for STMicroelectronics.X-CUBE-EEPRMA1.5.1.0
2026-02-12 17:00:10,903 [WARN] PackLoader:240 - Cannot read IP mode file for STMicroelectronics.X-CUBE-NFC6.3.2.0
2026-02-12 17:00:10,907 [ERROR] Engine:466 - C:\Users\RND1\.stm32cubemx\thirdparties\pdsc\STMicroelectronics.X-CUBE-ST67W61.1.0.0.pdsc: PDSC version is not supported
2026-02-12 17:00:10,912 [WARN] PackLoader:240 - Cannot read IP mode file for STMicroelectronics.X-CUBE-AI.10.2.0
2026-02-12 17:00:10,933 [WARN] PackLoader:240 - Cannot read IP mode file for SEGGER.I-CUBE-embOS.1.3.1
2026-02-12 17:00:10,955 [WARN] PackLoader:240 - Cannot read IP mode file for STMicroelectronics.X-CUBE-ALGOBUILD.1.4.0
2026-02-12 17:00:10,983 [WARN] PackLoader:240 - Cannot read IP mode file for STMicroelectronics.X-CUBE-MEMS1.11.3.0
2026-02-12 17:00:11,063 [WARN] PackLoader:240 - Cannot read IP mode file for STMicroelectronics.X-CUBE-AI.9.1.0
2026-02-12 17:00:11,067 [WARN] PackLoader:240 - Cannot read IP mode file for STMicroelectronics.X-CUBE-PM33A1.1.0.0
2026-02-12 17:00:11,070 [WARN] PackLoader:240 - Cannot read IP mode file for STMicroelectronics.X-CUBE-GNSS1.6.0.0
2026-02-12 17:00:11,081 [WARN] PackLoader:240 - Cannot read IP mode file for STMicroelectronics.X-CUBE-AZRTOS-F4.1.1.0
2026-02-12 17:00:11,086 [WARN] PackLoader:240 - Cannot read IP mode file for wolfSSL.I-CUBE-wolfSSL.5.6.4
2026-02-12 17:00:11,087 [ERROR] Engine:466 - C:\Users\RND1\.stm32cubemx\thirdparties\pdsc\Avnet-IotConnect.X-CUBE-IoTC-DA16k-PMOD.1.0.0.pdsc: PDSC version is not supported
2026-02-12 17:00:11,092 [WARN] PackLoader:240 - Cannot read IP mode file for STMicroelectronics.X-CUBE-ISPU.2.1.0
2026-02-12 17:00:11,096 [ERROR] Engine:466 - C:\Users\RND1\.stm32cubemx\thirdparties\pdsc\STMicroelectronics.X-CUBE-IPS.3.2.0.pdsc: PDSC version is not supported
2026-02-12 17:00:11,099 [WARN] PackLoader:240 - Cannot read IP mode file for STMicroelectronics.X-CUBE-FREERTOS.1.2.0
2026-02-12 17:00:11,104 [WARN] PackLoader:240 - Cannot read IP mode file for STMicroelectronics.X-CUBE-NFC12.1.0.0
2026-02-12 17:00:11,116 [WARN] PackLoader:240 - Cannot read IP mode file for STMicroelectronics.X-CUBE-AZRTOS-L5.2.0.0
2026-02-12 17:00:11,121 [WARN] PackLoader:240 - Cannot read IP mode file for STMicroelectronics.X-CUBE-EEPRMA1.4.2.0
2026-02-12 17:00:11,128 [WARN] PackLoader:240 - Cannot read IP mode file for STMicroelectronics.X-CUBE-NFC6.3.1.0
2026-02-12 17:00:11,135 [WARN] PackLoader:240 - Cannot read IP mode file for ITTIA_DB.I-CUBE-ITTIADB.8.8.0
2026-02-12 17:00:11,139 [WARN] PackLoader:240 - Cannot read IP mode file for STMicroelectronics.X-CUBE-DPower.1.2.0
2026-02-12 17:00:11,144 [WARN] PackLoader:240 - Cannot read IP mode file for STMicroelectronics.X-CUBE-AI.9.0.0
2026-02-12 17:00:11,148 [WARN] PackLoader:240 - Cannot read IP mode file for STMicroelectronics.X-CUBE-FREERTOS.1.3.1
2026-02-12 17:00:11,152 [WARN] PackLoader:240 - Cannot read IP mode file for STMicroelectronics.X-CUBE-FREERTOS.1.3.0
2026-02-12 17:00:11,157 [WARN] PackLoader:240 - Cannot read IP mode file for STMicroelectronics.X-CUBE-NFC7.1.0.1
2026-02-12 17:00:11,161 [WARN] PackLoader:240 - Cannot read IP mode file for STMicroelectronics.X-CUBE-TOUCHGFX.4.26.0
2026-02-12 17:00:11,165 [WARN] PackLoader:240 - Cannot read IP mode file for STMicroelectronics.X-CUBE-NFC6.3.0.0
2026-02-12 17:00:11,167 [ERROR] Engine:466 - C:\Users\RND1\.stm32cubemx\thirdparties\pdsc\STMicroelectronics.FP-SNS-STAIOTCFT.1.0.0.pdsc: PDSC version is not supported
2026-02-12 17:00:11,170 [WARN] PackLoader:240 - Cannot read IP mode file for STMicroelectronics.X-CUBE-DPower.1.3.0
2026-02-12 17:00:11,173 [WARN] PackLoader:240 - Cannot read IP mode file for STMicroelectronics.X-CUBE-AI.8.1.0
2026-02-12 17:00:11,184 [WARN] ConditionMgr:438 - getConditionDescription Invalid condition id : LAN8742 Phy interface Condition cause : null
2026-02-12 17:00:11,184 [WARN] PackLoader:240 - Cannot read IP mode file for STMicroelectronics.X-CUBE-AZRTOS-L4.2.0.0
2026-02-12 17:00:11,185 [WARN] ConditionMgr:1039 - genDependencies : Invalid condition id : LAN8742 Phy interface Condition cause : null
2026-02-12 17:00:11,185 [WARN] ConditionMgr:1039 - genDependencies : Invalid condition id : LAN8742 Phy interface Condition cause : null
2026-02-12 17:00:11,186 [WARN] ConditionMgr:1039 - genDependencies : Invalid condition id : LAN8742 Phy interface Condition cause : null
2026-02-12 17:00:11,191 [WARN] PackLoader:240 - Cannot read IP mode file for STMicroelectronics.X-CUBE-SFXS2LP1.4.0.0
2026-02-12 17:00:11,194 [ERROR] Engine:466 - C:\Users\RND1\.stm32cubemx\thirdparties\pdsc\STMicroelectronics.X-CUBE-ST67W61.1.2.0.pdsc: PDSC version is not supported
2026-02-12 17:00:11,205 [WARN] PackLoader:240 - Cannot read IP mode file for STMicroelectronics.X-CUBE-AZRTOS-H7.3.3.0
2026-02-12 17:00:11,210 [ERROR] Engine:466 - C:\Users\RND1\.stm32cubemx\thirdparties\pdsc\STMicroelectronics.X-CUBE-BLEMGR.4.1.0.pdsc: PDSC version is not supported
2026-02-12 17:00:11,216 [WARN] PackLoader:240 - Cannot read IP mode file for STMicroelectronics.X-CUBE-IPS.3.0.0
2026-02-12 17:00:11,226 [WARN] ConditionMgr:438 - getConditionDescription Invalid condition id : UX DEVICE CLASS RTOS Condition cause : null
2026-02-12 17:00:11,226 [WARN] ConditionMgr:438 - getConditionDescription Invalid condition id : UX DEVICE CLASS RTOS Condition cause : null
2026-02-12 17:00:11,228 [WARN] PackLoader:240 - Cannot read IP mode file for STMicroelectronics.X-CUBE-AZRTOS-WB.2.0.0
2026-02-12 17:00:11,228 [WARN] ConditionMgr:1039 - genDependencies : Invalid condition id : UX DEVICE CLASS RTOS Condition cause : null
2026-02-12 17:00:11,228 [WARN] ConditionMgr:1039 - genDependencies : Invalid condition id : UX DEVICE CLASS RTOS Condition cause : null
2026-02-12 17:00:11,228 [WARN] ConditionMgr:1039 - genDependencies : Invalid condition id : UX DEVICE CLASS RTOS Condition cause : null
2026-02-12 17:00:11,229 [WARN] ConditionMgr:1039 - genDependencies : Invalid condition id : UX DEVICE CLASS RTOS Condition cause : null
2026-02-12 17:00:11,229 [WARN] ConditionMgr:1039 - genDependencies : Invalid condition id : UX DEVICE CLASS RTOS Condition cause : null
2026-02-12 17:00:11,233 [WARN] PackLoader:240 - Cannot read IP mode file for STMicroelectronics.X-CUBE-GNSS1.7.0.0
2026-02-12 17:00:11,236 [WARN] PackLoader:240 - Cannot read IP mode file for STMicroelectronics.X-CUBE-GNSS1.7.0.1
2026-02-12 17:00:11,239 [WARN] PackLoader:240 - Cannot read IP mode file for STMicroelectronics.X-CUBE-TOUCHGFX.4.25.0
2026-02-12 17:00:11,244 [WARN] PackLoader:240 - Cannot read IP mode file for STMicroelectronics.FP-SNS-STBOX1.2.0.0
2026-02-12 17:00:11,252 [WARN] PackLoader:240 - Cannot read IP mode file for STMicroelectronics.X-CUBE-STSE01.2.0.0
2026-02-12 17:00:11,259 [WARN] PackLoader:240 - Cannot read IP mode file for STMicroelectronics.X-CUBE-SUBG2.5.0.0
2026-02-12 17:00:11,270 [WARN] PackLoader:240 - Cannot read IP mode file for STMicroelectronics.X-CUBE-AZRTOS-H7RS.1.1.0
2026-02-12 17:00:11,279 [WARN] PackLoader:240 - Cannot read IP mode file for STMicroelectronics.X-CUBE-AZRTOS-G4.2.0.0
2026-02-12 17:00:11,286 [WARN] PackLoader:240 - Cannot read IP mode file for Infineon.AIROC-Wi-Fi-Bluetooth-STM32.1.5.1
2026-02-12 17:00:11,290 [WARN] PackLoader:240 - Cannot read IP mode file for STMicroelectronics.X-CUBE-NFC7.2.0.0
2026-02-12 17:00:11,294 [WARN] PackLoader:240 - Cannot read IP mode file for STMicroelectronics.FP-SNS-MOTENVWB1.1.3.1
2026-02-12 17:00:11,296 [WARN] PackLoader:240 - Cannot read IP mode file for STMicroelectronics.X-CUBE-ISPU.2.0.0
2026-02-12 17:00:11,299 [ERROR] Engine:466 - C:\Users\RND1\.stm32cubemx\thirdparties\pdsc\STMicroelectronics.X-CUBE-IPS.3.1.0.pdsc: PDSC version is not supported
2026-02-12 17:00:11,302 [WARN] PackLoader:240 - Cannot read IP mode file for STMicroelectronics.X-CUBE-ALS.1.0.2
2026-02-12 17:00:11,318 [WARN] PackLoader:240 - Cannot read IP mode file for STMicroelectronics.X-CUBE-MEMS1.10.0.0
2026-02-12 17:00:11,372 [ERROR] LogOutputStream:75 - [STDERR_REDIRECT] SLF4J: Failed to load class "org.slf4j.impl.StaticLoggerBinder".
2026-02-12 17:00:11,373 [ERROR] LogOutputStream:75 - [STDERR_REDIRECT] SLF4J: Defaulting to no-operation (NOP) logger implementation
2026-02-12 17:00:11,377 [WARN] PackLoader:240 - Cannot read IP mode file for STMicroelectronics.X-CUBE-FREERTOS.1.1.0
2026-02-12 17:00:11,379 [WARN] PackLoader:240 - Cannot read IP mode file for STMicroelectronics.X-CUBE-TOUCHGFX.4.24.0
2026-02-12 17:00:11,382 [WARN] PackLoader:240 - Cannot read IP mode file for STMicroelectronics.X-CUBE-TOUCHGFX.4.24.2
2026-02-12 17:00:11,384 [ERROR] LogOutputStream:75 - [STDERR_REDIRECT] SLF4J: See http://www.slf4j.org/codes.html#StaticLoggerBinder for further details.
2026-02-12 17:00:11,384 [WARN] PackLoader:240 - Cannot read IP mode file for STMicroelectronics.X-CUBE-TOUCHGFX.4.24.1
2026-02-12 17:00:11,389 [WARN] PackLoader:240 - Cannot read IP mode file for STMicroelectronics.X-CUBE-STSE01.1.0.0
2026-02-12 17:00:11,395 [WARN] PackLoader:240 - Cannot read IP mode file for wolfSSL.I-CUBE-wolfTPM.3.4.0
2026-02-12 17:00:11,401 [WARN] PackLoader:240 - Cannot read IP mode file for portGmbH.I-Cube-SoM-uGOAL.1.1.0
2026-02-12 17:00:11,405 [WARN] PackLoader:240 - Cannot read IP mode file for STMicroelectronics.X-CUBE-ALS.1.0.1
2026-02-12 17:00:11,418 [WARN] PackLoader:240 - Cannot read IP mode file for STMicroelectronics.X-CUBE-AZRTOS-H7RS.1.0.0
2026-02-12 17:00:11,425 [WARN] PackLoader:240 - Cannot read IP mode file for STMicroelectronics.FP-ATR-ASTRA1.2.0.0
2026-02-12 17:00:11,435 [WARN] PackLoader:240 - Cannot read IP mode file for STMicroelectronics.X-CUBE-TOF1.3.4.2
2026-02-12 17:00:11,447 [ERROR] Engine:466 - C:\Users\RND1\.stm32cubemx\thirdparties\pdsc\STMicroelectronics.X-CUBE-TOF1.3.4.3.pdsc: PDSC version is not supported
2026-02-12 17:00:11,454 [WARN] PackLoader:240 - Cannot read IP mode file for STMicroelectronics.X-CUBE-TOF1.3.4.0
2026-02-12 17:00:11,465 [WARN] PackLoader:240 - Cannot read IP mode file for STMicroelectronics.X-CUBE-TOF1.3.4.1
2026-02-12 17:00:11,478 [WARN] PackLoader:240 - Cannot read IP mode file for STMicroelectronics.X-CUBE-AZRTOS-H7.3.2.0
2026-02-12 17:00:11,483 [WARN] PackLoader:240 - Cannot read IP mode file for wolfSSL.I-CUBE-wolfSSH.1.4.17
2026-02-12 17:00:11,484 [INFO] ThirdParty:978 - Integrity check success = true
2026-02-12 17:00:11,484 [INFO] IntegrityCheckThread:100 - exiting critical section [integrity check]
2026-02-12 17:00:11,484 [INFO] IntegrityCheckThread:103 - End integrity checks thread
2026-02-12 17:01:20,732 [INFO] Activator:176 - 


2026-02-12 17:01:20,733 [INFO] Activator:177 - !SESSION log4j initialized
2026-02-12 17:01:25,946 [INFO] LogOutputStream:77 - [STDOUT_REDIRECT] 
2026-02-12 17:01:27,717 [INFO] ApplicationProperties:184 - Using Application install path: C:\ST\STM32CubeIDE_1.16.1\STM32CubeIDE\plugins\com.st.stm32cube.common.mx_6.12.1.202409122256
2026-02-12 17:01:27,758 [INFO] DbMcusXml:78 - Set database path to: C:\ST\STM32CubeIDE_1.16.1\STM32CubeIDE\plugins\com.st.stm32cube.common.mx_6.12.1.202409122256\\db\/mcu/
2026-02-12 17:01:27,759 [INFO] ApiDb:274 - Set plugin database path to: C:\ST\STM32CubeIDE_1.16.1\STM32CubeIDE\plugins\com.st.stm32cube.common.mx_6.12.1.202409122256\\db\/plugins/boardmanager/
2026-02-12 17:01:27,759 [WARN] ApiDb:259 - Overriding images path with different value:  => C:\ST\STM32CubeIDE_1.16.1\STM32CubeIDE\plugins\com.st.stm32cube.common.mx_6.12.1.202409122256\\db\/plugins/mcufinder/images/
2026-02-12 17:01:27,769 [INFO] ApiDb:250 - Set database path to: C:\Users\RND1\.stmcufinder\plugins\mcufinder//mcu/
2026-02-12 17:01:27,771 [INFO] DbMcusAds:125 - Set database path to: C:\Users\RND1\.stmcufinder\plugins\mcufinder//mcu/
2026-02-12 17:01:27,776 [INFO] CrossReferenceDbSqlite:203 - Set database path to: C:\Users\RND1\.stmcufinder\plugins\mcufinder//mcu/cs/
2026-02-12 17:01:27,979 [INFO] RulesReader:64 - Compatibility file has been processed (297 Rules)
2026-02-12 17:01:28,104 [INFO] DbMcusXml:78 - Set database path to: C:\ST\STM32CubeIDE_1.16.1\STM32CubeIDE\plugins\com.st.stm32cube.common.mx_6.12.1.202409122256\\db\/mcu/
2026-02-12 17:01:28,104 [INFO] ApiDb:274 - Set plugin database path to: C:\ST\STM32CubeIDE_1.16.1\STM32CubeIDE\plugins\com.st.stm32cube.common.mx_6.12.1.202409122256\\db\/plugins/boardmanager/
2026-02-12 17:01:28,104 [INFO] ApiDb:261 - Set plugin images path to: C:\ST\STM32CubeIDE_1.16.1\STM32CubeIDE\plugins\com.st.stm32cube.common.mx_6.12.1.202409122256\\db\/plugins/mcufinder/images/
2026-02-12 17:01:28,104 [WARN] DbFile:41 - Overriding database path with different value: C:\Users\RND1\.stmcufinder\plugins\mcufinder/ => C:\Users\RND1\.stmcufinder\plugins\mcufinder
2026-02-12 17:01:28,104 [INFO] ApiDb:250 - Set database path to: C:\Users\RND1\.stmcufinder\plugins\mcufinder//mcu/
2026-02-12 17:01:28,104 [WARN] DbFile:41 - Overriding database path with different value: C:\Users\RND1\.stmcufinder\plugins\mcufinder/ => C:\Users\RND1\.stmcufinder\plugins\mcufinder
2026-02-12 17:01:28,104 [INFO] DbMcusAds:125 - Set database path to: C:\Users\RND1\.stmcufinder\plugins\mcufinder//mcu/
2026-02-12 17:01:28,105 [WARN] DbFile:41 - Overriding database path with different value: C:\Users\RND1\.stmcufinder\plugins\mcufinder/ => C:\Users\RND1\.stmcufinder\plugins\mcufinder
2026-02-12 17:01:28,105 [WARN] DbFile:41 - Overriding database path with different value: C:\Users\RND1\.stmcufinder\plugins\mcufinder/ => C:\Users\RND1\.stmcufinder\plugins\mcufinder
2026-02-12 17:01:28,105 [INFO] CrossReferenceDbSqlite:203 - Set database path to: C:\Users\RND1\.stmcufinder\plugins\mcufinder//mcu/cs/
2026-02-12 17:01:28,160 [INFO] MainPanel:268 - HeapMemory: 268435456
2026-02-12 17:01:28,214 [INFO] DbMcusXml:78 - Set database path to: C:\ST\STM32CubeIDE_1.16.1\STM32CubeIDE\plugins\com.st.stm32cube.common.mx_6.12.1.202409122256\\db\/mcu/
2026-02-12 17:01:28,214 [INFO] ApiDb:274 - Set plugin database path to: C:\ST\STM32CubeIDE_1.16.1\STM32CubeIDE\plugins\com.st.stm32cube.common.mx_6.12.1.202409122256\\db\/plugins/boardmanager/
2026-02-12 17:01:28,215 [INFO] ApiDb:261 - Set plugin images path to: C:\ST\STM32CubeIDE_1.16.1\STM32CubeIDE\plugins\com.st.stm32cube.common.mx_6.12.1.202409122256\\db\/plugins/mcufinder/images/
2026-02-12 17:01:28,215 [WARN] DbFile:41 - Overriding database path with different value: C:\Users\RND1\.stmcufinder\plugins\mcufinder/ => C:\Users\RND1\.stmcufinder\plugins\mcufinder
2026-02-12 17:01:28,215 [INFO] ApiDb:250 - Set database path to: C:\Users\RND1\.stmcufinder\plugins\mcufinder//mcu/
2026-02-12 17:01:28,215 [WARN] DbFile:41 - Overriding database path with different value: C:\Users\RND1\.stmcufinder\plugins\mcufinder/ => C:\Users\RND1\.stmcufinder\plugins\mcufinder
2026-02-12 17:01:28,215 [INFO] DbMcusAds:125 - Set database path to: C:\Users\RND1\.stmcufinder\plugins\mcufinder//mcu/
2026-02-12 17:01:28,215 [WARN] DbFile:41 - Overriding database path with different value: C:\Users\RND1\.stmcufinder\plugins\mcufinder/ => C:\Users\RND1\.stmcufinder\plugins\mcufinder
2026-02-12 17:01:28,216 [WARN] DbFile:41 - Overriding database path with different value: C:\Users\RND1\.stmcufinder\plugins\mcufinder/ => C:\Users\RND1\.stmcufinder\plugins\mcufinder
2026-02-12 17:01:28,216 [INFO] CrossReferenceDbSqlite:203 - Set database path to: C:\Users\RND1\.stmcufinder\plugins\mcufinder//mcu/cs/
2026-02-12 17:01:28,229 [INFO] ApplicationProperties:184 - Using Application install path: C:\ST\STM32CubeIDE_1.16.1\STM32CubeIDE\plugins\com.st.stm32cube.common.mx_6.12.1.202409122256
2026-02-12 17:01:28,230 [INFO] PluginManage:196 - Search for loadable plugins [exclusion list=, ]
2026-02-12 17:01:28,231 [INFO] PluginManage:310 - Check plugin analytics
2026-02-12 17:01:28,368 [INFO] AnalyticsPlugin:253 - Accepted Software Licenses: STM32CubeMX.6.10.0
2026-02-12 17:01:28,368 [INFO] AnalyticsPlugin:255 - Accepted CMSIS Pack Licenses: 
2026-02-12 17:01:28,368 [INFO] AnalyticsPlugin:257 - Accepted Firmware Licenses: FW.G4.1.5.0,FW.G4.1.6.0,FW.F4.1.28.0,FW.H7.1.11.0,FW.H7.1.12.0
2026-02-12 17:01:28,371 [INFO] PluginManage:359 - Loaded plugin analytics (category:tool,tabindex:-1)
2026-02-12 17:01:28,371 [INFO] PluginManage:310 - Check plugin cadmodel
2026-02-12 17:01:28,375 [INFO] CADModel:105 - Init CAD model plugin
2026-02-12 17:01:28,376 [INFO] PluginManage:359 - Loaded plugin cadmodel (category:power,tabindex:5)
2026-02-12 17:01:28,376 [INFO] PluginManage:310 - Check plugin clock
2026-02-12 17:01:28,384 [INFO] PluginManage:359 - Loaded plugin clock (category:base,tabindex:2)
2026-02-12 17:01:28,384 [INFO] PluginManage:310 - Check plugin ddr
2026-02-12 17:01:28,385 [INFO] PluginManage:359 - Loaded plugin ddr (category:tool,tabindex:6)
2026-02-12 17:01:28,386 [INFO] PluginManage:310 - Check plugin filemanager
2026-02-12 17:01:28,510 [INFO] PluginManage:359 - Loaded plugin filemanager (category:base,tabindex:10)
2026-02-12 17:01:28,510 [INFO] PluginManage:310 - Check plugin ipmanager
2026-02-12 17:01:28,517 [INFO] PluginManage:359 - Loaded plugin ipmanager (category:base,tabindex:5)
2026-02-12 17:01:28,517 [INFO] PluginManage:310 - Check plugin lpbam
2026-02-12 17:01:28,524 [INFO] PluginManage:359 - Loaded plugin lpbam (category:base,tabindex:0)
2026-02-12 17:01:28,524 [INFO] PluginManage:310 - Check plugin memorymap
2026-02-12 17:01:28,532 [INFO] PluginManage:359 - Loaded plugin memorymap (category:base,tabindex:4)
2026-02-12 17:01:28,532 [INFO] PluginManage:310 - Check plugin pinoutandconfiguration
2026-02-12 17:01:28,538 [INFO] PluginManage:359 - Loaded plugin pinoutandconfiguration (category:base,tabindex:1)
2026-02-12 17:01:28,538 [INFO] PluginManage:310 - Check plugin pinoutconfig
2026-02-12 17:01:28,603 [WARN] SupportedApi:132 - Cannot load RTOS API schema: s4s-elt-must-match.1: The content of 'definitions' must match (annotation?, (simpleType | complexType)?, (unique | key | keyref)*)). A problem was found starting at: attribute.
2026-02-12 17:01:28,687 [INFO] PluginManage:359 - Loaded plugin pinoutconfig (category:base,tabindex:0)
2026-02-12 17:01:28,687 [INFO] PluginManage:310 - Check plugin power
2026-02-12 17:01:28,693 [INFO] PluginManage:359 - Loaded plugin power (category:power,tabindex:4)
2026-02-12 17:01:28,693 [INFO] PluginManage:310 - Check plugin projectmanager
2026-02-12 17:01:28,705 [INFO] PluginManage:359 - Loaded plugin projectmanager (category:projectmanager,tabindex:4)
2026-02-12 17:01:28,705 [INFO] PluginManage:310 - Check plugin rif
2026-02-12 17:01:28,709 [INFO] PluginManage:359 - Loaded plugin rif (category:base,tabindex:3)
2026-02-12 17:01:28,709 [INFO] PluginManage:310 - Check plugin thirdparty
2026-02-12 17:01:28,804 [WARN] IntegrityCheckThread:84 - waiting for thirdparty lock release [integrity check]
2026-02-12 17:01:28,805 [INFO] PluginManage:359 - Loaded plugin thirdparty (category:base,tabindex:-1)
2026-02-12 17:01:28,805 [INFO] IntegrityCheckThread:86 - entering critical section [integrity check]
2026-02-12 17:01:28,805 [INFO] PluginManage:310 - Check plugin tools
2026-02-12 17:01:28,806 [INFO] ThirdPartyUpdaterWithRetryManager:70 - Updater plugin not ready yet. [1/15]
2026-02-12 17:01:28,808 [INFO] PluginManage:359 - Loaded plugin tools (category:base,tabindex:7)
2026-02-12 17:01:28,808 [INFO] PluginManage:310 - Check plugin tutovideos
2026-02-12 17:01:28,942 [INFO] PluginManage:359 - Loaded plugin tutovideos (category:base,tabindex:-1)
2026-02-12 17:01:28,942 [INFO] PluginManage:310 - Check plugin updater
2026-02-12 17:01:28,954 [INFO] PluginManage:359 - Loaded plugin updater (category:base,tabindex:12)
2026-02-12 17:01:28,954 [INFO] PluginManage:310 - Check plugin userauth
2026-02-12 17:01:28,959 [INFO] UserAuth:113 - Init User Auth plugin
2026-02-12 17:01:28,959 [INFO] PluginManage:359 - Loaded plugin userauth (category:base,tabindex:14)
2026-02-12 17:01:28,959 [INFO] PluginManage:283 - PluginManage : Loaded plugins [18]
2026-02-12 17:01:29,124 [INFO] PinOutPanel:1561 - setPackage(No Configuration,No Configuration)
2026-02-12 17:01:29,217 [INFO] CADModel:165 - CPN selected for project level
2026-02-12 17:01:29,218 [INFO] CADModel:114 - Register for checkConnection events
2026-02-12 17:01:29,231 [INFO] IPUIPlugin:80 - create IPUIPlugin
2026-02-12 17:01:29,232 [INFO] PluginManager:220 - loadIPPluginJar : add adc
2026-02-12 17:01:29,234 [INFO] IPUIPlugin:80 - create IPUIPlugin
2026-02-12 17:01:29,234 [INFO] PluginManager:220 - loadIPPluginJar : add aes
2026-02-12 17:01:29,236 [INFO] IPUIPlugin:80 - create IPUIPlugin
2026-02-12 17:01:29,236 [INFO] PluginManager:220 - loadIPPluginJar : add can
2026-02-12 17:01:29,238 [INFO] IPUIPlugin:80 - create IPUIPlugin
2026-02-12 17:01:29,238 [INFO] PluginManager:220 - loadIPPluginJar : add comp
2026-02-12 17:01:29,241 [INFO] IPUIPlugin:80 - create IPUIPlugin
2026-02-12 17:01:29,241 [INFO] PluginManager:220 - loadIPPluginJar : add cryp
2026-02-12 17:01:29,243 [INFO] IPUIPlugin:80 - create IPUIPlugin
2026-02-12 17:01:29,243 [INFO] PluginManager:220 - loadIPPluginJar : add ddr_ctrl_phy
2026-02-12 17:01:29,245 [INFO] IPUIPlugin:80 - create IPUIPlugin
2026-02-12 17:01:29,245 [INFO] PluginManager:220 - loadIPPluginJar : add dfsdm
2026-02-12 17:01:29,248 [INFO] IPUIPlugin:80 - create IPUIPlugin
2026-02-12 17:01:29,249 [INFO] PluginManager:220 - loadIPPluginJar : add dma
2026-02-12 17:01:29,250 [INFO] IPUIPlugin:80 - create IPUIPlugin
2026-02-12 17:01:29,250 [INFO] PluginManager:220 - loadIPPluginJar : add dma3
2026-02-12 17:01:29,253 [INFO] IPUIPlugin:80 - create IPUIPlugin
2026-02-12 17:01:29,253 [INFO] PluginManager:220 - loadIPPluginJar : add extmemmanager
2026-02-12 17:01:29,255 [INFO] IPUIPlugin:80 - create IPUIPlugin
2026-02-12 17:01:29,255 [INFO] PluginManager:220 - loadIPPluginJar : add fatfs
2026-02-12 17:01:29,258 [INFO] IPUIPlugin:80 - create IPUIPlugin
2026-02-12 17:01:29,258 [INFO] PluginManager:220 - loadIPPluginJar : add fmc
2026-02-12 17:01:29,262 [INFO] IPUIPlugin:80 - create IPUIPlugin
2026-02-12 17:01:29,262 [INFO] PluginManager:220 - loadIPPluginJar : add freertos
2026-02-12 17:01:29,263 [INFO] IPUIPlugin:80 - create IPUIPlugin
2026-02-12 17:01:29,263 [INFO] PluginManager:220 - loadIPPluginJar : add genericplugin
2026-02-12 17:01:29,265 [INFO] IPUIPlugin:80 - create IPUIPlugin
2026-02-12 17:01:29,265 [INFO] PluginManager:220 - loadIPPluginJar : add gfxmmu
2026-02-12 17:01:29,268 [INFO] IPUIPlugin:80 - create IPUIPlugin
2026-02-12 17:01:29,268 [INFO] PluginManager:220 - loadIPPluginJar : add gic
2026-02-12 17:01:29,271 [INFO] IPUIPlugin:80 - create IPUIPlugin
2026-02-12 17:01:29,271 [INFO] PluginManager:220 - loadIPPluginJar : add gpio
2026-02-12 17:01:29,274 [INFO] IPUIPlugin:80 - create IPUIPlugin
2026-02-12 17:01:29,274 [INFO] PluginManager:220 - loadIPPluginJar : add gtzc
2026-02-12 17:01:29,275 [INFO] IPUIPlugin:80 - create IPUIPlugin
2026-02-12 17:01:29,275 [INFO] PluginManager:220 - loadIPPluginJar : add hash
2026-02-12 17:01:29,277 [INFO] IPUIPlugin:80 - create IPUIPlugin
2026-02-12 17:01:29,277 [INFO] PluginManager:220 - loadIPPluginJar : add i2c
2026-02-12 17:01:29,280 [INFO] IPUIPlugin:80 - create IPUIPlugin
2026-02-12 17:01:29,280 [INFO] PluginManager:220 - loadIPPluginJar : add i2s
2026-02-12 17:01:29,281 [INFO] IPUIPlugin:80 - create IPUIPlugin
2026-02-12 17:01:29,282 [INFO] PluginManager:220 - loadIPPluginJar : add i3c
2026-02-12 17:01:29,283 [INFO] IPUIPlugin:80 - create IPUIPlugin
2026-02-12 17:01:29,284 [INFO] PluginManager:220 - loadIPPluginJar : add ipddr
2026-02-12 17:01:29,288 [INFO] IPUIPlugin:80 - create IPUIPlugin
2026-02-12 17:01:29,288 [INFO] PluginManager:220 - loadIPPluginJar : add linkedlist
2026-02-12 17:01:29,290 [INFO] IPUIPlugin:80 - create IPUIPlugin
2026-02-12 17:01:29,290 [INFO] PluginManager:220 - loadIPPluginJar : add lorawan
2026-02-12 17:01:29,291 [INFO] IPUIPlugin:80 - create IPUIPlugin
2026-02-12 17:01:29,291 [INFO] PluginManager:220 - loadIPPluginJar : add ltdc
2026-02-12 17:01:29,294 [INFO] IPUIPlugin:80 - create IPUIPlugin
2026-02-12 17:01:29,294 [INFO] PluginManager:220 - loadIPPluginJar : add mdma
2026-02-12 17:01:29,296 [INFO] IPUIPlugin:80 - create IPUIPlugin
2026-02-12 17:01:29,296 [INFO] PluginManager:220 - loadIPPluginJar : add nvic
2026-02-12 17:01:29,298 [INFO] IPUIPlugin:80 - create IPUIPlugin
2026-02-12 17:01:29,298 [INFO] PluginManager:220 - loadIPPluginJar : add opamp
2026-02-12 17:01:29,300 [INFO] IPUIPlugin:80 - create IPUIPlugin
2026-02-12 17:01:29,300 [INFO] PluginManager:220 - loadIPPluginJar : add openamp
2026-02-12 17:01:29,301 [INFO] IPUIPlugin:80 - create IPUIPlugin
2026-02-12 17:01:29,301 [INFO] PluginManager:220 - loadIPPluginJar : add pdm2pcm
2026-02-12 17:01:29,305 [INFO] IPUIPlugin:80 - create IPUIPlugin
2026-02-12 17:01:29,307 [INFO] PluginManager:220 - loadIPPluginJar : add plateformsettings
2026-02-12 17:01:29,308 [INFO] IPUIPlugin:80 - create IPUIPlugin
2026-02-12 17:01:29,308 [INFO] PluginManager:220 - loadIPPluginJar : add quadspi
2026-02-12 17:01:29,309 [INFO] IPUIPlugin:80 - create IPUIPlugin
2026-02-12 17:01:29,309 [INFO] PluginManager:220 - loadIPPluginJar : add radio
2026-02-12 17:01:29,311 [INFO] IPUIPlugin:80 - create IPUIPlugin
2026-02-12 17:01:29,311 [INFO] PluginManager:220 - loadIPPluginJar : add resmgrutility
2026-02-12 17:01:29,313 [INFO] IPUIPlugin:80 - create IPUIPlugin
2026-02-12 17:01:29,313 [INFO] PluginManager:220 - loadIPPluginJar : add sai
2026-02-12 17:01:29,315 [INFO] IPUIPlugin:80 - create IPUIPlugin
2026-02-12 17:01:29,315 [INFO] PluginManager:220 - loadIPPluginJar : add spi
2026-02-12 17:01:29,318 [INFO] IPUIPlugin:80 - create IPUIPlugin
2026-02-12 17:01:29,318 [INFO] PluginManager:220 - loadIPPluginJar : add stm32_wpan
2026-02-12 17:01:29,319 [INFO] IPUIPlugin:80 - create IPUIPlugin
2026-02-12 17:01:29,319 [INFO] PluginManager:220 - loadIPPluginJar : add tim
2026-02-12 17:01:29,322 [INFO] IPUIPlugin:80 - create IPUIPlugin
2026-02-12 17:01:29,322 [INFO] PluginManager:220 - loadIPPluginJar : add touchsensing
2026-02-12 17:01:29,323 [INFO] IPUIPlugin:80 - create IPUIPlugin
2026-02-12 17:01:29,323 [INFO] PluginManager:220 - loadIPPluginJar : add tracer_emb
2026-02-12 17:01:29,325 [INFO] IPUIPlugin:80 - create IPUIPlugin
2026-02-12 17:01:29,325 [INFO] PluginManager:220 - loadIPPluginJar : add ts
2026-02-12 17:01:29,326 [INFO] IPUIPlugin:80 - create IPUIPlugin
2026-02-12 17:01:29,326 [INFO] PluginManager:220 - loadIPPluginJar : add tsc
2026-02-12 17:01:29,327 [INFO] IPUIPlugin:80 - create IPUIPlugin
2026-02-12 17:01:29,327 [INFO] PluginManager:220 - loadIPPluginJar : add ucpd
2026-02-12 17:01:29,328 [INFO] IPUIPlugin:80 - create IPUIPlugin
2026-02-12 17:01:29,329 [INFO] PluginManager:220 - loadIPPluginJar : add usart
2026-02-12 17:01:29,330 [INFO] IPUIPlugin:80 - create IPUIPlugin
2026-02-12 17:01:29,331 [INFO] PluginManager:220 - loadIPPluginJar : add usbx
2026-02-12 17:01:29,439 [INFO] CADModel:165 - CPN selected for project level
2026-02-12 17:01:29,439 [INFO] CADModel:114 - Register for checkConnection events
2026-02-12 17:01:29,439 [FATAL] Updater:334 - Updater called before beeing initialized
2026-02-12 17:01:29,439 [ERROR] CADModel:125 - Updater not yet initialized, retry later 
2026-02-12 17:01:29,520 [INFO] CADModel:165 - CPN selected for project level
2026-02-12 17:01:29,520 [INFO] CADModel:114 - Register for checkConnection events
2026-02-12 17:01:29,520 [FATAL] Updater:334 - Updater called before beeing initialized
2026-02-12 17:01:29,520 [ERROR] CADModel:125 - Updater not yet initialized, retry later 
2026-02-12 17:01:29,522 [FATAL] Updater:334 - Updater called before beeing initialized
2026-02-12 17:01:29,593 [FATAL] Updater:334 - Updater called before beeing initialized
2026-02-12 17:01:29,596 [INFO] DbMcusAds:53 - JSON generation date=Fri Jan 09 00:56:32 KST 2026 (1767887792457)
2026-02-12 17:01:29,596 [FATAL] Updater:334 - Updater called before beeing initialized
2026-02-12 17:01:29,618 [WARN] DetailPanel:346 - Failed to get advertising image, set to default
2026-02-12 17:01:29,685 [FATAL] Updater:334 - Updater called before beeing initialized
2026-02-12 17:01:29,687 [FATAL] Updater:334 - Updater called before beeing initialized
2026-02-12 17:01:29,687 [FATAL] Updater:334 - Updater called before beeing initialized
2026-02-12 17:01:29,687 [WARN] DetailPanel:346 - Failed to get advertising image, set to default
2026-02-12 17:01:29,688 [FATAL] Updater:334 - Updater called before beeing initialized
2026-02-12 17:01:29,721 [ERROR] Updater:1164 - MainUpdater not yet initialized. External WinMGr cannot be set.
2026-02-12 17:01:29,723 [INFO] Updater:1100 - Updater Version found : 6.12.1
2026-02-12 17:01:29,735 [INFO] ApplicationProperties:184 - Using Application install path: C:\ST\STM32CubeIDE_1.16.1\STM32CubeIDE\plugins\com.st.stm32cube.common.mx_6.12.1.202409122256
2026-02-12 17:01:30,463 [INFO] MainUpdater:2873 - connection check result : 10
2026-02-12 17:01:30,464 [INFO] MainUpdater:290 - Updater Check For Update Now.
2026-02-12 17:01:30,464 [INFO] MicroXplorer:498 - Change Database Version : DB.6.0.121
2026-02-12 17:01:30,468 [INFO] McuFinderGlobals:63 - Set McuFinder mode to 2 (CubeIDE integrated)
2026-02-12 17:01:30,469 [INFO] UserAuth:417 - Internet connection configuration mode: 1
2026-02-12 17:01:30,488 [INFO] JxBrowserEngine:152 - Initiate JxBrowser Engine with user profile folder
2026-02-12 17:01:30,630 [INFO] CheckServerUpdateThread:120 - End of CheckServer Thread
2026-02-12 17:01:30,958 [INFO] WebApp:167 - Instantiating new browser for Auth
2026-02-12 17:01:31,441 [INFO] WebApp:448 - Apply proxy settings
2026-02-12 17:01:31,445 [INFO] WebApp:493 - Chromium authenticates against Manually configured proxy
2026-02-12 17:01:31,449 [INFO] WebApp:501 - Username used for proxy authentication: 
2026-02-12 17:01:31,466 [INFO] WebApp:869 - Register for checkConnection events
2026-02-12 17:01:31,466 [INFO] WebApp:448 - Apply proxy settings
2026-02-12 17:01:31,469 [INFO] WebApp:493 - Chromium authenticates against Manually configured proxy
2026-02-12 17:01:31,470 [INFO] WebApp:501 - Username used for proxy authentication: 
2026-02-12 17:01:31,563 [INFO] WebApp:220 - Starting web application
2026-02-12 17:01:31,564 [INFO] WebApp:578 - Web application path used C:\ST\STM32CubeIDE_1.16.1\STM32CubeIDE\plugins\com.st.stm32cube.common.mx_6.12.1.202409122256\db\plugins\mcufinder\reactClient1\index.html
2026-02-12 17:01:31,617 [INFO] UserAuth:417 - Internet connection configuration mode: 1
2026-02-12 17:01:31,742 [INFO] WebApp:186 - Connection restablished
2026-02-12 17:01:32,146 [WARN] PackLoader:240 - Cannot read IP mode file for STMicroelectronics.FP-SNS-MOTENVWB1.1.4.0
2026-02-12 17:01:32,152 [WARN] PackLoader:240 - Cannot read IP mode file for STMicroelectronics.FP-ATR-ASTRA1.2.0.2
2026-02-12 17:01:32,156 [WARN] PackLoader:240 - Cannot read IP mode file for STMicroelectronics.FP-ATR-ASTRA1.2.0.1
2026-02-12 17:01:32,161 [WARN] PackLoader:240 - Cannot read IP mode file for STMicroelectronics.X-CUBE-SMBUS.2.1.0
2026-02-12 17:01:32,167 [WARN] PackLoader:240 - Cannot read IP mode file for STMicroelectronics.X-CUBE-WB05N.1.1.0
2026-02-12 17:01:32,171 [ERROR] Engine:466 - C:\Users\RND1\.stm32cubemx\thirdparties\pdsc\STMicroelectronics.X-CUBE-ST60.1.0.0.pdsc: PDSC version is not supported
2026-02-12 17:01:32,177 [WARN] PackLoader:240 - Cannot read IP mode file for STMicroelectronics.X-CUBE-TOUCHGFX.4.23.0
2026-02-12 17:01:32,180 [WARN] PackLoader:240 - Cannot read IP mode file for STMicroelectronics.X-CUBE-TOUCHGFX.4.23.2
2026-02-12 17:01:32,201 [WARN] PackLoader:240 - Cannot read IP mode file for STMicroelectronics.X-CUBE-AZRTOS-F7.1.1.0
2026-02-12 17:01:32,211 [WARN] PackLoader:240 - Cannot read IP mode file for STMicroelectronics.FP-SNS-MOTENV1.4.3.2
2026-02-12 17:01:32,267 [WARN] PackLoader:240 - Cannot read IP mode file for STMicroelectronics.X-CUBE-MEMS1.11.0.0
2026-02-12 17:01:32,364 [ERROR] Engine:466 - C:\Users\RND1\.stm32cubemx\thirdparties\pdsc\STMicroelectronics.FP-SNS-MOTENV1.5.1.0.pdsc: PDSC version is not supported
2026-02-12 17:01:32,367 [WARN] PackLoader:240 - Cannot read IP mode file for STMicroelectronics.FP-SNS-FLIGHT1.5.0.2
2026-02-12 17:01:32,382 [WARN] PackLoader:240 - Cannot read IP mode file for STMicroelectronics.X-CUBE-AZRTOS-H7.3.4.0
2026-02-12 17:01:32,392 [WARN] PackLoader:240 - Cannot read IP mode file for STMicroelectronics.X-CUBE-DISPLAY.3.0.0
2026-02-12 17:01:32,400 [WARN] PackLoader:240 - Cannot read IP mode file for STMicroelectronics.X-CUBE-BLE1.7.0.0
2026-02-12 17:01:32,407 [WARN] PackLoader:240 - Cannot read IP mode file for STMicroelectronics.X-CUBE-NFC10.1.0.0
2026-02-12 17:01:32,418 [WARN] PackLoader:240 - Cannot read IP mode file for STMicroelectronics.X-CUBE-BLEMGR.4.0.0
2026-02-12 17:01:32,425 [ERROR] Engine:466 - C:\Users\RND1\.stm32cubemx\thirdparties\pdsc\STMicroelectronics.X-CUBE-ST60.1.1.0.pdsc: PDSC version is not supported
2026-02-12 17:01:32,433 [WARN] PackLoader:240 - Cannot read IP mode file for emotas.I-CUBE-CANOPEN.1.3.0
2026-02-12 17:01:32,441 [WARN] PackLoader:240 - Cannot read IP mode file for STMicroelectronics.X-CUBE-GNSS1.7.1.0
2026-02-12 17:01:32,447 [WARN] PackLoader:240 - Cannot read IP mode file for STMicroelectronics.X-CUBE-BLEMGR.3.1.0
2026-02-12 17:01:32,454 [WARN] PackLoader:240 - Cannot read IP mode file for STMicroelectronics.X-CUBE-AI.10.0.0
2026-02-12 17:01:32,457 [ERROR] Engine:466 - C:\Users\RND1\.stm32cubemx\thirdparties\pdsc\STMicroelectronics.FP-SNS-STBOX1.2.1.0.pdsc: PDSC version is not supported
2026-02-12 17:01:32,462 [WARN] PackLoader:240 - Cannot read IP mode file for STMicroelectronics.FP-SNS-SMARTAG2.1.2.0
2026-02-12 17:01:32,464 [ERROR] Engine:466 - C:\Users\RND1\.stm32cubemx\thirdparties\pdsc\STMicroelectronics.FP-SNS-FLIGHT1.5.1.0.pdsc: PDSC version is not supported
2026-02-12 17:01:32,495 [WARN] PackLoader:240 - Cannot read IP mode file for STMicroelectronics.X-CUBE-MEMS1.11.1.0
2026-02-12 17:01:32,642 [INFO] LogOutputStream:77 - [STDOUT_REDIRECT] 1 : Invalid condition id : UX_CORESTACK_Condition cause : null
2026-02-12 17:01:32,643 [INFO] LogOutputStream:77 - [STDOUT_REDIRECT] 1 : Invalid condition id : UX_CORESTACK_Condition cause : null
2026-02-12 17:01:32,644 [INFO] LogOutputStream:77 - [STDOUT_REDIRECT] 1 : Invalid condition id : UX_CORESTACK_Condition cause : null
2026-02-12 17:01:32,645 [INFO] LogOutputStream:77 - [STDOUT_REDIRECT] 1 : Invalid condition id : UX_CORESTACK_Condition cause : null
2026-02-12 17:01:32,646 [INFO] LogOutputStream:77 - [STDOUT_REDIRECT] 1 : Invalid condition id : UX_CORESTACK_Condition cause : null
2026-02-12 17:01:32,649 [WARN] PackLoader:240 - Cannot read IP mode file for STMicroelectronics.X-CUBE-AZRTOS-WL.2.0.0
2026-02-12 17:01:32,654 [WARN] PackLoader:240 - Cannot read IP mode file for STMicroelectronics.FP-SNS-MOTENV1.5.0.0
2026-02-12 17:01:32,665 [WARN] PackLoader:240 - Cannot read IP mode file for STMicroelectronics.X-CUBE-AZRTOS-H7RS.1.2.0
2026-02-12 17:01:32,676 [WARN] PackLoader:240 - Cannot read IP mode file for wolfSSL.I-CUBE-wolfMQTT.1.19.0
2026-02-12 17:01:32,684 [WARN] PackLoader:240 - Cannot read IP mode file for WES.I-CUBE-Cesium.1.3.0
2026-02-12 17:01:32,692 [WARN] PackLoader:240 - Cannot read IP mode file for STMicroelectronics.X-CUBE-BLE2.3.3.0
2026-02-12 17:01:32,695 [ERROR] Engine:466 - C:\Users\RND1\.stm32cubemx\thirdparties\pdsc\Avnet-IOTCONNECT.X-CUBE-iotc-st67-sdk.1.0.0.pdsc: PDSC version is not supported
2026-02-12 17:01:32,700 [WARN] PackLoader:240 - Cannot read IP mode file for STMicroelectronics.X-CUBE-NFC9.1.0.0
2026-02-12 17:01:32,704 [WARN] PackLoader:240 - Cannot read IP mode file for STMicroelectronics.X-CUBE-BLE1.7.1.0
2026-02-12 17:01:32,708 [WARN] PackLoader:240 - Cannot read IP mode file for STMicroelectronics.X-CUBE-TCPP.4.1.0
2026-02-12 17:01:32,711 [ERROR] Engine:466 - C:\Users\RND1\.stm32cubemx\thirdparties\pdsc\STMicroelectronics.X-CUBE-FREERTOS.1.4.0.pdsc: PDSC version is not supported
2026-02-12 17:01:32,715 [WARN] PackLoader:240 - Cannot read IP mode file for STMicroelectronics.X-CUBE-EEPRMA1.5.2.0
2026-02-12 17:01:32,718 [ERROR] Engine:466 - C:\Users\RND1\.stm32cubemx\thirdparties\pdsc\STMicroelectronics.X-CUBE-ST67W61.1.1.0.pdsc: PDSC version is not supported
2026-02-12 17:01:32,723 [WARN] PackLoader:240 - Cannot read IP mode file for STMicroelectronics.X-CUBE-AI.10.1.0
2026-02-12 17:01:32,753 [WARN] PackLoader:240 - Cannot read IP mode file for STMicroelectronics.X-CUBE-MEMS1.12.0.0
2026-02-12 17:01:32,799 [WARN] PackLoader:240 - Cannot read IP mode file for STMicroelectronics.X-CUBE-ALGOBUILD.1.3.0
2026-02-12 17:01:32,832 [WARN] PackLoader:240 - Cannot read IP mode file for STMicroelectronics.X-CUBE-MEMS1.11.2.0
2026-02-12 17:01:32,901 [WARN] PackLoader:240 - Cannot read IP mode file for STMicroelectronics.X-CUBE-AZRTOS-G0.1.1.0
2026-02-12 17:01:32,909 [WARN] PackLoader:240 - Cannot read IP mode file for STMicroelectronics.X-CUBE-SAFEA1.1.2.2
2026-02-12 17:01:32,914 [WARN] PackLoader:240 - Cannot read IP mode file for STMicroelectronics.X-CUBE-NFC4.3.0.0
2026-02-12 17:01:32,917 [WARN] PackLoader:240 - Cannot read IP mode file for wolfSSL.I-CUBE-wolfMQTT.1.18.0
2026-02-12 17:01:32,925 [WARN] PackLoader:240 - Cannot read IP mode file for EmbeddedOffice.I-CUBE-FS-RTOS.1.0.1
2026-02-12 17:01:32,925 [ERROR] ConditionMgr:805 - Attr not supported : Dmpu
2026-02-12 17:01:32,926 [ERROR] ConditionMgr:805 - Attr not supported : Dmpu
2026-02-12 17:01:32,926 [ERROR] ConditionMgr:805 - Attr not supported : Dmpu
2026-02-12 17:01:32,926 [ERROR] ConditionMgr:805 - Attr not supported : Dmpu
2026-02-12 17:01:32,926 [ERROR] ConditionMgr:805 - Attr not supported : Dmpu
2026-02-12 17:01:32,926 [ERROR] ConditionMgr:805 - Attr not supported : Dmpu
2026-02-12 17:01:32,926 [ERROR] ConditionMgr:805 - Attr not supported : Dmpu
2026-02-12 17:01:32,926 [ERROR] ConditionMgr:805 - Attr not supported : Dmpu
2026-02-12 17:01:32,926 [ERROR] ConditionMgr:805 - Attr not supported : Dmpu
2026-02-12 17:01:32,926 [ERROR] ConditionMgr:805 - Attr not supported : Dmpu
2026-02-12 17:01:32,926 [ERROR] ConditionMgr:805 - Attr not supported : Dmpu
2026-02-12 17:01:32,926 [ERROR] ConditionMgr:805 - Attr not supported : Dmpu
2026-02-12 17:01:32,926 [ERROR] ConditionMgr:805 - Attr not supported : Dmpu
2026-02-12 17:01:32,926 [ERROR] ConditionMgr:805 - Attr not supported : Dmpu
2026-02-12 17:01:32,926 [ERROR] ConditionMgr:805 - Attr not supported : Dmpu
2026-02-12 17:01:32,926 [ERROR] ConditionMgr:805 - Attr not supported : Dmpu
2026-02-12 17:01:32,926 [ERROR] ConditionMgr:805 - Attr not supported : Dmpu
2026-02-12 17:01:32,926 [ERROR] ConditionMgr:805 - Attr not supported : Dmpu
2026-02-12 17:01:32,926 [ERROR] ConditionMgr:805 - Attr not supported : Dmpu
2026-02-12 17:01:32,926 [ERROR] ConditionMgr:805 - Attr not supported : Dmpu
2026-02-12 17:01:32,926 [ERROR] ConditionMgr:805 - Attr not supported : Dmpu
2026-02-12 17:01:32,927 [ERROR] ConditionMgr:805 - Attr not supported : Dmpu
2026-02-12 17:01:32,927 [ERROR] ConditionMgr:805 - Attr not supported : Dmpu
2026-02-12 17:01:32,927 [ERROR] ConditionMgr:805 - Attr not supported : Dmpu
2026-02-12 17:01:32,927 [ERROR] ConditionMgr:805 - Attr not supported : Dmpu
2026-02-12 17:01:32,927 [ERROR] ConditionMgr:805 - Attr not supported : Dmpu
2026-02-12 17:01:32,927 [ERROR] ConditionMgr:805 - Attr not supported : Dmpu
2026-02-12 17:01:32,927 [ERROR] ConditionMgr:805 - Attr not supported : Dmpu
2026-02-12 17:01:32,927 [ERROR] ConditionMgr:805 - Attr not supported : Dmpu
2026-02-12 17:01:32,927 [ERROR] ConditionMgr:805 - Attr not supported : Dmpu
2026-02-12 17:01:32,927 [ERROR] ConditionMgr:805 - Attr not supported : Dmpu
2026-02-12 17:01:32,927 [ERROR] ConditionMgr:805 - Attr not supported : Dmpu
2026-02-12 17:01:32,927 [ERROR] ConditionMgr:805 - Attr not supported : Dmpu
2026-02-12 17:01:32,927 [ERROR] ConditionMgr:805 - Attr not supported : Dmpu
2026-02-12 17:01:32,927 [ERROR] ConditionMgr:805 - Attr not supported : Dmpu
2026-02-12 17:01:32,927 [ERROR] ConditionMgr:805 - Attr not supported : Dmpu
2026-02-12 17:01:32,927 [ERROR] ConditionMgr:805 - Attr not supported : Dmpu
2026-02-12 17:01:32,927 [ERROR] ConditionMgr:805 - Attr not supported : Dmpu
2026-02-12 17:01:32,927 [ERROR] ConditionMgr:805 - Attr not supported : Dmpu
2026-02-12 17:01:32,927 [ERROR] ConditionMgr:805 - Attr not supported : Dmpu
2026-02-12 17:01:32,927 [ERROR] ConditionMgr:805 - Attr not supported : Dmpu
2026-02-12 17:01:32,927 [ERROR] ConditionMgr:805 - Attr not supported : Dmpu
2026-02-12 17:01:32,927 [ERROR] ConditionMgr:805 - Attr not supported : Dmpu
2026-02-12 17:01:32,927 [ERROR] ConditionMgr:805 - Attr not supported : Dmpu
2026-02-12 17:01:32,928 [ERROR] ConditionMgr:805 - Attr not supported : Dmpu
2026-02-12 17:01:32,928 [ERROR] ConditionMgr:805 - Attr not supported : Dmpu
2026-02-12 17:01:32,928 [ERROR] ConditionMgr:805 - Attr not supported : Dmpu
2026-02-12 17:01:32,928 [ERROR] ConditionMgr:805 - Attr not supported : Dmpu
2026-02-12 17:01:32,928 [ERROR] ConditionMgr:805 - Attr not supported : Dmpu
2026-02-12 17:01:32,928 [ERROR] ConditionMgr:805 - Attr not supported : Dmpu
2026-02-12 17:01:32,928 [ERROR] ConditionMgr:805 - Attr not supported : Dmpu
2026-02-12 17:01:32,928 [ERROR] ConditionMgr:805 - Attr not supported : Dmpu
2026-02-12 17:01:32,928 [ERROR] ConditionMgr:805 - Attr not supported : Dmpu
2026-02-12 17:01:32,928 [ERROR] ConditionMgr:805 - Attr not supported : Dmpu
2026-02-12 17:01:32,928 [ERROR] ConditionMgr:805 - Attr not supported : Dmpu
2026-02-12 17:01:32,928 [ERROR] ConditionMgr:805 - Attr not supported : Dmpu
2026-02-12 17:01:32,928 [ERROR] ConditionMgr:805 - Attr not supported : Dmpu
2026-02-12 17:01:32,928 [ERROR] ConditionMgr:805 - Attr not supported : Dmpu
2026-02-12 17:01:32,928 [ERROR] ConditionMgr:805 - Attr not supported : Dmpu
2026-02-12 17:01:32,928 [ERROR] ConditionMgr:805 - Attr not supported : Dmpu
2026-02-12 17:01:32,928 [ERROR] ConditionMgr:805 - Attr not supported : Dmpu
2026-02-12 17:01:32,928 [ERROR] ConditionMgr:805 - Attr not supported : Dmpu
2026-02-12 17:01:32,928 [ERROR] ConditionMgr:805 - Attr not supported : Dmpu
2026-02-12 17:01:32,928 [ERROR] ConditionMgr:805 - Attr not supported : Dmpu
2026-02-12 17:01:32,931 [WARN] PackLoader:240 - Cannot read IP mode file for STMicroelectronics.X-CUBE-WB05N.2.0.0
2026-02-12 17:01:32,937 [WARN] PackLoader:240 - Cannot read IP mode file for STMicroelectronics.X-CUBE-BLEMGR.3.0.0
2026-02-12 17:01:32,941 [ERROR] Engine:466 - C:\Users\RND1\.stm32cubemx\thirdparties\pdsc\STMicroelectronics.X-CUBE-TCPP.4.2.0.pdsc: PDSC version is not supported
2026-02-12 17:01:32,945 [WARN] PackLoader:240 - Cannot read IP mode file for RealThread.X-CUBE-RT-Thread_Nano.4.1.1
2026-02-12 17:01:32,948 [WARN] PackLoader:240 - Cannot read IP mode file for STMicroelectronics.FP-ATR-SIGFOX1.3.2.0
2026-02-12 17:01:32,952 [WARN] ConditionMgr:438 - getConditionDescription Invalid condition id : Cortex-A Device cause : null
2026-02-12 17:01:32,968 [WARN] ConditionMgr:1039 - genDependencies : Invalid condition id : Cortex-A Device cause : null
2026-02-12 17:01:32,968 [WARN] ConditionMgr:1039 - genDependencies : Invalid condition id : Cortex-A Device cause : null
2026-02-12 17:01:32,968 [WARN] ConditionMgr:1039 - genDependencies : Invalid condition id : Cortex-A Device cause : null
2026-02-12 17:01:32,975 [WARN] PackLoader:240 - Cannot read IP mode file for STMicroelectronics.X-CUBE-EEPRMA1.5.1.0
2026-02-12 17:01:32,981 [WARN] PackLoader:240 - Cannot read IP mode file for STMicroelectronics.X-CUBE-NFC6.3.2.0
2026-02-12 17:01:32,984 [ERROR] Engine:466 - C:\Users\RND1\.stm32cubemx\thirdparties\pdsc\STMicroelectronics.X-CUBE-ST67W61.1.0.0.pdsc: PDSC version is not supported
2026-02-12 17:01:32,987 [WARN] PackLoader:240 - Cannot read IP mode file for STMicroelectronics.X-CUBE-AI.10.2.0
2026-02-12 17:01:33,003 [WARN] PackLoader:240 - Cannot read IP mode file for SEGGER.I-CUBE-embOS.1.3.1
2026-02-12 17:01:33,024 [WARN] PackLoader:240 - Cannot read IP mode file for STMicroelectronics.X-CUBE-ALGOBUILD.1.4.0
2026-02-12 17:01:33,045 [WARN] PackLoader:240 - Cannot read IP mode file for STMicroelectronics.X-CUBE-MEMS1.11.3.0
2026-02-12 17:01:33,158 [WARN] PackLoader:240 - Cannot read IP mode file for STMicroelectronics.X-CUBE-AI.9.1.0
2026-02-12 17:01:33,163 [WARN] PackLoader:240 - Cannot read IP mode file for STMicroelectronics.X-CUBE-PM33A1.1.0.0
2026-02-12 17:01:33,166 [WARN] PackLoader:240 - Cannot read IP mode file for STMicroelectronics.X-CUBE-GNSS1.6.0.0
2026-02-12 17:01:33,176 [WARN] PackLoader:240 - Cannot read IP mode file for STMicroelectronics.X-CUBE-AZRTOS-F4.1.1.0
2026-02-12 17:01:33,180 [WARN] PackLoader:240 - Cannot read IP mode file for wolfSSL.I-CUBE-wolfSSL.5.6.4
2026-02-12 17:01:33,182 [ERROR] Engine:466 - C:\Users\RND1\.stm32cubemx\thirdparties\pdsc\Avnet-IotConnect.X-CUBE-IoTC-DA16k-PMOD.1.0.0.pdsc: PDSC version is not supported
2026-02-12 17:01:33,185 [WARN] PackLoader:240 - Cannot read IP mode file for STMicroelectronics.X-CUBE-ISPU.2.1.0
2026-02-12 17:01:33,189 [ERROR] Engine:466 - C:\Users\RND1\.stm32cubemx\thirdparties\pdsc\STMicroelectronics.X-CUBE-IPS.3.2.0.pdsc: PDSC version is not supported
2026-02-12 17:01:33,193 [WARN] PackLoader:240 - Cannot read IP mode file for STMicroelectronics.X-CUBE-FREERTOS.1.2.0
2026-02-12 17:01:33,197 [WARN] PackLoader:240 - Cannot read IP mode file for STMicroelectronics.X-CUBE-NFC12.1.0.0
2026-02-12 17:01:33,207 [WARN] PackLoader:240 - Cannot read IP mode file for STMicroelectronics.X-CUBE-AZRTOS-L5.2.0.0
2026-02-12 17:01:33,233 [WARN] PackLoader:240 - Cannot read IP mode file for STMicroelectronics.X-CUBE-EEPRMA1.4.2.0
2026-02-12 17:01:33,240 [WARN] PackLoader:240 - Cannot read IP mode file for STMicroelectronics.X-CUBE-NFC6.3.1.0
2026-02-12 17:01:33,245 [WARN] PackLoader:240 - Cannot read IP mode file for ITTIA_DB.I-CUBE-ITTIADB.8.8.0
2026-02-12 17:01:33,249 [WARN] PackLoader:240 - Cannot read IP mode file for STMicroelectronics.X-CUBE-DPower.1.2.0
2026-02-12 17:01:33,257 [WARN] PackLoader:240 - Cannot read IP mode file for STMicroelectronics.X-CUBE-AI.9.0.0
2026-02-12 17:01:33,262 [WARN] PackLoader:240 - Cannot read IP mode file for STMicroelectronics.X-CUBE-FREERTOS.1.3.1
2026-02-12 17:01:33,265 [WARN] PackLoader:240 - Cannot read IP mode file for STMicroelectronics.X-CUBE-FREERTOS.1.3.0
2026-02-12 17:01:33,272 [WARN] PackLoader:240 - Cannot read IP mode file for STMicroelectronics.X-CUBE-NFC7.1.0.1
2026-02-12 17:01:33,275 [WARN] PackLoader:240 - Cannot read IP mode file for STMicroelectronics.X-CUBE-TOUCHGFX.4.26.0
2026-02-12 17:01:33,279 [WARN] PackLoader:240 - Cannot read IP mode file for STMicroelectronics.X-CUBE-NFC6.3.0.0
2026-02-12 17:01:33,282 [ERROR] Engine:466 - C:\Users\RND1\.stm32cubemx\thirdparties\pdsc\STMicroelectronics.FP-SNS-STAIOTCFT.1.0.0.pdsc: PDSC version is not supported
2026-02-12 17:01:33,285 [WARN] PackLoader:240 - Cannot read IP mode file for STMicroelectronics.X-CUBE-DPower.1.3.0
2026-02-12 17:01:33,288 [WARN] PackLoader:240 - Cannot read IP mode file for STMicroelectronics.X-CUBE-AI.8.1.0
2026-02-12 17:01:33,301 [WARN] ConditionMgr:438 - getConditionDescription Invalid condition id : LAN8742 Phy interface Condition cause : null
2026-02-12 17:01:33,301 [WARN] PackLoader:240 - Cannot read IP mode file for STMicroelectronics.X-CUBE-AZRTOS-L4.2.0.0
2026-02-12 17:01:33,302 [WARN] ConditionMgr:1039 - genDependencies : Invalid condition id : LAN8742 Phy interface Condition cause : null
2026-02-12 17:01:33,302 [WARN] ConditionMgr:1039 - genDependencies : Invalid condition id : LAN8742 Phy interface Condition cause : null
2026-02-12 17:01:33,303 [WARN] ConditionMgr:1039 - genDependencies : Invalid condition id : LAN8742 Phy interface Condition cause : null
2026-02-12 17:01:33,310 [WARN] PackLoader:240 - Cannot read IP mode file for STMicroelectronics.X-CUBE-SFXS2LP1.4.0.0
2026-02-12 17:01:33,314 [ERROR] Engine:466 - C:\Users\RND1\.stm32cubemx\thirdparties\pdsc\STMicroelectronics.X-CUBE-ST67W61.1.2.0.pdsc: PDSC version is not supported
2026-02-12 17:01:33,327 [WARN] PackLoader:240 - Cannot read IP mode file for STMicroelectronics.X-CUBE-AZRTOS-H7.3.3.0
2026-02-12 17:01:33,332 [ERROR] Engine:466 - C:\Users\RND1\.stm32cubemx\thirdparties\pdsc\STMicroelectronics.X-CUBE-BLEMGR.4.1.0.pdsc: PDSC version is not supported
2026-02-12 17:01:33,339 [WARN] PackLoader:240 - Cannot read IP mode file for STMicroelectronics.X-CUBE-IPS.3.0.0
2026-02-12 17:01:33,349 [WARN] ConditionMgr:438 - getConditionDescription Invalid condition id : UX DEVICE CLASS RTOS Condition cause : null
2026-02-12 17:01:33,349 [WARN] ConditionMgr:438 - getConditionDescription Invalid condition id : UX DEVICE CLASS RTOS Condition cause : null
2026-02-12 17:01:33,350 [WARN] PackLoader:240 - Cannot read IP mode file for STMicroelectronics.X-CUBE-AZRTOS-WB.2.0.0
2026-02-12 17:01:33,351 [WARN] ConditionMgr:1039 - genDependencies : Invalid condition id : UX DEVICE CLASS RTOS Condition cause : null
2026-02-12 17:01:33,351 [WARN] ConditionMgr:1039 - genDependencies : Invalid condition id : UX DEVICE CLASS RTOS Condition cause : null
2026-02-12 17:01:33,351 [WARN] ConditionMgr:1039 - genDependencies : Invalid condition id : UX DEVICE CLASS RTOS Condition cause : null
2026-02-12 17:01:33,351 [WARN] ConditionMgr:1039 - genDependencies : Invalid condition id : UX DEVICE CLASS RTOS Condition cause : null
2026-02-12 17:01:33,351 [WARN] ConditionMgr:1039 - genDependencies : Invalid condition id : UX DEVICE CLASS RTOS Condition cause : null
2026-02-12 17:01:33,357 [WARN] PackLoader:240 - Cannot read IP mode file for STMicroelectronics.X-CUBE-GNSS1.7.0.0
2026-02-12 17:01:33,361 [WARN] PackLoader:240 - Cannot read IP mode file for STMicroelectronics.X-CUBE-GNSS1.7.0.1
2026-02-12 17:01:33,364 [WARN] PackLoader:240 - Cannot read IP mode file for STMicroelectronics.X-CUBE-TOUCHGFX.4.25.0
2026-02-12 17:01:33,370 [WARN] PackLoader:240 - Cannot read IP mode file for STMicroelectronics.FP-SNS-STBOX1.2.0.0
2026-02-12 17:01:33,378 [WARN] PackLoader:240 - Cannot read IP mode file for STMicroelectronics.X-CUBE-STSE01.2.0.0
2026-02-12 17:01:33,385 [WARN] PackLoader:240 - Cannot read IP mode file for STMicroelectronics.X-CUBE-SUBG2.5.0.0
2026-02-12 17:01:33,398 [WARN] PackLoader:240 - Cannot read IP mode file for STMicroelectronics.X-CUBE-AZRTOS-H7RS.1.1.0
2026-02-12 17:01:33,409 [WARN] PackLoader:240 - Cannot read IP mode file for STMicroelectronics.X-CUBE-AZRTOS-G4.2.0.0
2026-02-12 17:01:33,419 [WARN] PackLoader:240 - Cannot read IP mode file for Infineon.AIROC-Wi-Fi-Bluetooth-STM32.1.5.1
2026-02-12 17:01:33,426 [WARN] PackLoader:240 - Cannot read IP mode file for STMicroelectronics.X-CUBE-NFC7.2.0.0
2026-02-12 17:01:33,431 [WARN] PackLoader:240 - Cannot read IP mode file for STMicroelectronics.FP-SNS-MOTENVWB1.1.3.1
2026-02-12 17:01:33,435 [WARN] PackLoader:240 - Cannot read IP mode file for STMicroelectronics.X-CUBE-ISPU.2.0.0
2026-02-12 17:01:33,441 [ERROR] Engine:466 - C:\Users\RND1\.stm32cubemx\thirdparties\pdsc\STMicroelectronics.X-CUBE-IPS.3.1.0.pdsc: PDSC version is not supported
2026-02-12 17:01:33,447 [WARN] PackLoader:240 - Cannot read IP mode file for STMicroelectronics.X-CUBE-ALS.1.0.2
2026-02-12 17:01:33,467 [WARN] PackLoader:240 - Cannot read IP mode file for STMicroelectronics.X-CUBE-MEMS1.10.0.0
2026-02-12 17:01:33,525 [WARN] PackLoader:240 - Cannot read IP mode file for STMicroelectronics.X-CUBE-FREERTOS.1.1.0
2026-02-12 17:01:33,529 [WARN] PackLoader:240 - Cannot read IP mode file for STMicroelectronics.X-CUBE-TOUCHGFX.4.24.0
2026-02-12 17:01:33,532 [WARN] PackLoader:240 - Cannot read IP mode file for STMicroelectronics.X-CUBE-TOUCHGFX.4.24.2
2026-02-12 17:01:33,535 [WARN] PackLoader:240 - Cannot read IP mode file for STMicroelectronics.X-CUBE-TOUCHGFX.4.24.1
2026-02-12 17:01:33,540 [WARN] PackLoader:240 - Cannot read IP mode file for STMicroelectronics.X-CUBE-STSE01.1.0.0
2026-02-12 17:01:33,545 [WARN] PackLoader:240 - Cannot read IP mode file for wolfSSL.I-CUBE-wolfTPM.3.4.0
2026-02-12 17:01:33,550 [WARN] PackLoader:240 - Cannot read IP mode file for portGmbH.I-Cube-SoM-uGOAL.1.1.0
2026-02-12 17:01:33,553 [WARN] PackLoader:240 - Cannot read IP mode file for STMicroelectronics.X-CUBE-ALS.1.0.1
2026-02-12 17:01:33,563 [WARN] PackLoader:240 - Cannot read IP mode file for STMicroelectronics.X-CUBE-AZRTOS-H7RS.1.0.0
2026-02-12 17:01:33,566 [WARN] PackLoader:240 - Cannot read IP mode file for STMicroelectronics.FP-ATR-ASTRA1.2.0.0
2026-02-12 17:01:33,573 [WARN] PackLoader:240 - Cannot read IP mode file for STMicroelectronics.X-CUBE-TOF1.3.4.2
2026-02-12 17:01:33,582 [ERROR] Engine:466 - C:\Users\RND1\.stm32cubemx\thirdparties\pdsc\STMicroelectronics.X-CUBE-TOF1.3.4.3.pdsc: PDSC version is not supported
2026-02-12 17:01:33,589 [WARN] PackLoader:240 - Cannot read IP mode file for STMicroelectronics.X-CUBE-TOF1.3.4.0
2026-02-12 17:01:33,601 [WARN] PackLoader:240 - Cannot read IP mode file for STMicroelectronics.X-CUBE-TOF1.3.4.1
2026-02-12 17:01:33,616 [WARN] PackLoader:240 - Cannot read IP mode file for STMicroelectronics.X-CUBE-AZRTOS-H7.3.2.0
2026-02-12 17:01:33,624 [WARN] PackLoader:240 - Cannot read IP mode file for wolfSSL.I-CUBE-wolfSSH.1.4.17
2026-02-12 17:01:33,624 [INFO] ThirdParty:978 - Integrity check success = true
2026-02-12 17:01:33,625 [INFO] IntegrityCheckThread:100 - exiting critical section [integrity check]
2026-02-12 17:01:33,625 [INFO] IntegrityCheckThread:103 - End integrity checks thread
2026-02-12 17:04:23,007 [ERROR] LogOutputStream:75 - [STDERR_REDIRECT] SLF4J: Failed to load class "org.slf4j.impl.StaticLoggerBinder".
2026-02-12 17:04:23,008 [ERROR] LogOutputStream:75 - [STDERR_REDIRECT] SLF4J: Defaulting to no-operation (NOP) logger implementation
2026-02-12 17:04:23,009 [ERROR] LogOutputStream:75 - [STDERR_REDIRECT] SLF4J: See http://www.slf4j.org/codes.html#StaticLoggerBinder for further details.
2026-02-12 17:06:34,768 [ERROR] LogOutputStream:75 - [STDERR_REDIRECT] 
2026-02-12 17:06:39,292 [INFO] Activator:176 - 


2026-02-12 17:06:39,294 [INFO] Activator:177 - !SESSION log4j initialized
2026-02-12 17:06:43,884 [INFO] LogOutputStream:77 - [STDOUT_REDIRECT] 
2026-02-12 17:06:45,592 [INFO] ApplicationProperties:184 - Using Application install path: C:\ST\STM32CubeIDE_1.16.1\STM32CubeIDE\plugins\com.st.stm32cube.common.mx_6.12.1.202409122256
2026-02-12 17:06:45,604 [INFO] DbMcusXml:78 - Set database path to: C:\ST\STM32CubeIDE_1.16.1\STM32CubeIDE\plugins\com.st.stm32cube.common.mx_6.12.1.202409122256\\db\/mcu/
2026-02-12 17:06:45,604 [INFO] ApiDb:274 - Set plugin database path to: C:\ST\STM32CubeIDE_1.16.1\STM32CubeIDE\plugins\com.st.stm32cube.common.mx_6.12.1.202409122256\\db\/plugins/boardmanager/
2026-02-12 17:06:45,605 [WARN] ApiDb:259 - Overriding images path with different value:  => C:\ST\STM32CubeIDE_1.16.1\STM32CubeIDE\plugins\com.st.stm32cube.common.mx_6.12.1.202409122256\\db\/plugins/mcufinder/images/
2026-02-12 17:06:45,610 [INFO] ApiDb:250 - Set database path to: C:\Users\RND1\.stmcufinder\plugins\mcufinder//mcu/
2026-02-12 17:06:45,611 [INFO] DbMcusAds:125 - Set database path to: C:\Users\RND1\.stmcufinder\plugins\mcufinder//mcu/
2026-02-12 17:06:45,613 [INFO] CrossReferenceDbSqlite:203 - Set database path to: C:\Users\RND1\.stmcufinder\plugins\mcufinder//mcu/cs/
2026-02-12 17:06:45,696 [INFO] RulesReader:64 - Compatibility file has been processed (297 Rules)
2026-02-12 17:06:45,761 [INFO] DbMcusXml:78 - Set database path to: C:\ST\STM32CubeIDE_1.16.1\STM32CubeIDE\plugins\com.st.stm32cube.common.mx_6.12.1.202409122256\\db\/mcu/
2026-02-12 17:06:45,761 [INFO] ApiDb:274 - Set plugin database path to: C:\ST\STM32CubeIDE_1.16.1\STM32CubeIDE\plugins\com.st.stm32cube.common.mx_6.12.1.202409122256\\db\/plugins/boardmanager/
2026-02-12 17:06:45,761 [INFO] ApiDb:261 - Set plugin images path to: C:\ST\STM32CubeIDE_1.16.1\STM32CubeIDE\plugins\com.st.stm32cube.common.mx_6.12.1.202409122256\\db\/plugins/mcufinder/images/
2026-02-12 17:06:45,761 [WARN] DbFile:41 - Overriding database path with different value: C:\Users\RND1\.stmcufinder\plugins\mcufinder/ => C:\Users\RND1\.stmcufinder\plugins\mcufinder
2026-02-12 17:06:45,761 [INFO] ApiDb:250 - Set database path to: C:\Users\RND1\.stmcufinder\plugins\mcufinder//mcu/
2026-02-12 17:06:45,761 [WARN] DbFile:41 - Overriding database path with different value: C:\Users\RND1\.stmcufinder\plugins\mcufinder/ => C:\Users\RND1\.stmcufinder\plugins\mcufinder
2026-02-12 17:06:45,762 [INFO] DbMcusAds:125 - Set database path to: C:\Users\RND1\.stmcufinder\plugins\mcufinder//mcu/
2026-02-12 17:06:45,762 [WARN] DbFile:41 - Overriding database path with different value: C:\Users\RND1\.stmcufinder\plugins\mcufinder/ => C:\Users\RND1\.stmcufinder\plugins\mcufinder
2026-02-12 17:06:45,762 [WARN] DbFile:41 - Overriding database path with different value: C:\Users\RND1\.stmcufinder\plugins\mcufinder/ => C:\Users\RND1\.stmcufinder\plugins\mcufinder
2026-02-12 17:06:45,762 [INFO] CrossReferenceDbSqlite:203 - Set database path to: C:\Users\RND1\.stmcufinder\plugins\mcufinder//mcu/cs/
2026-02-12 17:06:45,816 [INFO] MainPanel:268 - HeapMemory: 268435456
2026-02-12 17:06:45,869 [INFO] DbMcusXml:78 - Set database path to: C:\ST\STM32CubeIDE_1.16.1\STM32CubeIDE\plugins\com.st.stm32cube.common.mx_6.12.1.202409122256\\db\/mcu/
2026-02-12 17:06:45,869 [INFO] ApiDb:274 - Set plugin database path to: C:\ST\STM32CubeIDE_1.16.1\STM32CubeIDE\plugins\com.st.stm32cube.common.mx_6.12.1.202409122256\\db\/plugins/boardmanager/
2026-02-12 17:06:45,869 [INFO] ApiDb:261 - Set plugin images path to: C:\ST\STM32CubeIDE_1.16.1\STM32CubeIDE\plugins\com.st.stm32cube.common.mx_6.12.1.202409122256\\db\/plugins/mcufinder/images/
2026-02-12 17:06:45,869 [WARN] DbFile:41 - Overriding database path with different value: C:\Users\RND1\.stmcufinder\plugins\mcufinder/ => C:\Users\RND1\.stmcufinder\plugins\mcufinder
2026-02-12 17:06:45,869 [INFO] ApiDb:250 - Set database path to: C:\Users\RND1\.stmcufinder\plugins\mcufinder//mcu/
2026-02-12 17:06:45,869 [WARN] DbFile:41 - Overriding database path with different value: C:\Users\RND1\.stmcufinder\plugins\mcufinder/ => C:\Users\RND1\.stmcufinder\plugins\mcufinder
2026-02-12 17:06:45,870 [INFO] DbMcusAds:125 - Set database path to: C:\Users\RND1\.stmcufinder\plugins\mcufinder//mcu/
2026-02-12 17:06:45,870 [WARN] DbFile:41 - Overriding database path with different value: C:\Users\RND1\.stmcufinder\plugins\mcufinder/ => C:\Users\RND1\.stmcufinder\plugins\mcufinder
2026-02-12 17:06:45,870 [WARN] DbFile:41 - Overriding database path with different value: C:\Users\RND1\.stmcufinder\plugins\mcufinder/ => C:\Users\RND1\.stmcufinder\plugins\mcufinder
2026-02-12 17:06:45,870 [INFO] CrossReferenceDbSqlite:203 - Set database path to: C:\Users\RND1\.stmcufinder\plugins\mcufinder//mcu/cs/
2026-02-12 17:06:45,883 [INFO] ApplicationProperties:184 - Using Application install path: C:\ST\STM32CubeIDE_1.16.1\STM32CubeIDE\plugins\com.st.stm32cube.common.mx_6.12.1.202409122256
2026-02-12 17:06:45,884 [INFO] PluginManage:196 - Search for loadable plugins [exclusion list=, ]
2026-02-12 17:06:45,884 [INFO] PluginManage:310 - Check plugin analytics
2026-02-12 17:06:46,012 [INFO] AnalyticsPlugin:253 - Accepted Software Licenses: STM32CubeMX.6.10.0
2026-02-12 17:06:46,012 [INFO] AnalyticsPlugin:255 - Accepted CMSIS Pack Licenses: 
2026-02-12 17:06:46,012 [INFO] AnalyticsPlugin:257 - Accepted Firmware Licenses: FW.G4.1.5.0,FW.G4.1.6.0,FW.F4.1.28.0,FW.H7.1.11.0,FW.H7.1.12.0
2026-02-12 17:06:46,015 [INFO] PluginManage:359 - Loaded plugin analytics (category:tool,tabindex:-1)
2026-02-12 17:06:46,015 [INFO] PluginManage:310 - Check plugin cadmodel
2026-02-12 17:06:46,018 [INFO] CADModel:105 - Init CAD model plugin
2026-02-12 17:06:46,019 [INFO] PluginManage:359 - Loaded plugin cadmodel (category:power,tabindex:5)
2026-02-12 17:06:46,019 [INFO] PluginManage:310 - Check plugin clock
2026-02-12 17:06:46,029 [INFO] PluginManage:359 - Loaded plugin clock (category:base,tabindex:2)
2026-02-12 17:06:46,030 [INFO] PluginManage:310 - Check plugin ddr
2026-02-12 17:06:46,031 [INFO] PluginManage:359 - Loaded plugin ddr (category:tool,tabindex:6)
2026-02-12 17:06:46,032 [INFO] PluginManage:310 - Check plugin filemanager
2026-02-12 17:06:46,144 [INFO] PluginManage:359 - Loaded plugin filemanager (category:base,tabindex:10)
2026-02-12 17:06:46,144 [INFO] PluginManage:310 - Check plugin ipmanager
2026-02-12 17:06:46,150 [INFO] PluginManage:359 - Loaded plugin ipmanager (category:base,tabindex:5)
2026-02-12 17:06:46,151 [INFO] PluginManage:310 - Check plugin lpbam
2026-02-12 17:06:46,159 [INFO] PluginManage:359 - Loaded plugin lpbam (category:base,tabindex:0)
2026-02-12 17:06:46,159 [INFO] PluginManage:310 - Check plugin memorymap
2026-02-12 17:06:46,167 [INFO] PluginManage:359 - Loaded plugin memorymap (category:base,tabindex:4)
2026-02-12 17:06:46,167 [INFO] PluginManage:310 - Check plugin pinoutandconfiguration
2026-02-12 17:06:46,173 [INFO] PluginManage:359 - Loaded plugin pinoutandconfiguration (category:base,tabindex:1)
2026-02-12 17:06:46,173 [INFO] PluginManage:310 - Check plugin pinoutconfig
2026-02-12 17:06:46,233 [WARN] SupportedApi:132 - Cannot load RTOS API schema: s4s-elt-must-match.1: The content of 'definitions' must match (annotation?, (simpleType | complexType)?, (unique | key | keyref)*)). A problem was found starting at: attribute.
2026-02-12 17:06:46,318 [INFO] PluginManage:359 - Loaded plugin pinoutconfig (category:base,tabindex:0)
2026-02-12 17:06:46,318 [INFO] PluginManage:310 - Check plugin power
2026-02-12 17:06:46,324 [INFO] PluginManage:359 - Loaded plugin power (category:power,tabindex:4)
2026-02-12 17:06:46,324 [INFO] PluginManage:310 - Check plugin projectmanager
2026-02-12 17:06:46,334 [INFO] PluginManage:359 - Loaded plugin projectmanager (category:projectmanager,tabindex:4)
2026-02-12 17:06:46,334 [INFO] PluginManage:310 - Check plugin rif
2026-02-12 17:06:46,338 [INFO] PluginManage:359 - Loaded plugin rif (category:base,tabindex:3)
2026-02-12 17:06:46,338 [INFO] PluginManage:310 - Check plugin thirdparty
2026-02-12 17:06:46,427 [INFO] PluginManage:359 - Loaded plugin thirdparty (category:base,tabindex:-1)
2026-02-12 17:06:46,427 [WARN] IntegrityCheckThread:84 - waiting for thirdparty lock release [integrity check]
2026-02-12 17:06:46,427 [INFO] IntegrityCheckThread:86 - entering critical section [integrity check]
2026-02-12 17:06:46,427 [INFO] PluginManage:310 - Check plugin tools
2026-02-12 17:06:46,427 [INFO] ThirdPartyUpdaterWithRetryManager:70 - Updater plugin not ready yet. [1/15]
2026-02-12 17:06:46,430 [INFO] PluginManage:359 - Loaded plugin tools (category:base,tabindex:7)
2026-02-12 17:06:46,430 [INFO] PluginManage:310 - Check plugin tutovideos
2026-02-12 17:06:46,549 [INFO] PluginManage:359 - Loaded plugin tutovideos (category:base,tabindex:-1)
2026-02-12 17:06:46,549 [INFO] PluginManage:310 - Check plugin updater
2026-02-12 17:06:46,561 [INFO] PluginManage:359 - Loaded plugin updater (category:base,tabindex:12)
2026-02-12 17:06:46,561 [INFO] PluginManage:310 - Check plugin userauth
2026-02-12 17:06:46,564 [INFO] UserAuth:113 - Init User Auth plugin
2026-02-12 17:06:46,565 [INFO] PluginManage:359 - Loaded plugin userauth (category:base,tabindex:14)
2026-02-12 17:06:46,565 [INFO] PluginManage:283 - PluginManage : Loaded plugins [18]
2026-02-12 17:06:46,738 [INFO] PinOutPanel:1561 - setPackage(No Configuration,No Configuration)
2026-02-12 17:06:46,809 [INFO] CADModel:165 - CPN selected for project level
2026-02-12 17:06:46,809 [INFO] CADModel:114 - Register for checkConnection events
2026-02-12 17:06:46,821 [INFO] IPUIPlugin:80 - create IPUIPlugin
2026-02-12 17:06:46,821 [INFO] PluginManager:220 - loadIPPluginJar : add adc
2026-02-12 17:06:46,823 [INFO] IPUIPlugin:80 - create IPUIPlugin
2026-02-12 17:06:46,823 [INFO] PluginManager:220 - loadIPPluginJar : add aes
2026-02-12 17:06:46,825 [INFO] IPUIPlugin:80 - create IPUIPlugin
2026-02-12 17:06:46,825 [INFO] PluginManager:220 - loadIPPluginJar : add can
2026-02-12 17:06:46,826 [INFO] IPUIPlugin:80 - create IPUIPlugin
2026-02-12 17:06:46,826 [INFO] PluginManager:220 - loadIPPluginJar : add comp
2026-02-12 17:06:46,832 [INFO] IPUIPlugin:80 - create IPUIPlugin
2026-02-12 17:06:46,833 [INFO] PluginManager:220 - loadIPPluginJar : add cryp
2026-02-12 17:06:46,835 [INFO] IPUIPlugin:80 - create IPUIPlugin
2026-02-12 17:06:46,835 [INFO] PluginManager:220 - loadIPPluginJar : add ddr_ctrl_phy
2026-02-12 17:06:46,836 [INFO] IPUIPlugin:80 - create IPUIPlugin
2026-02-12 17:06:46,836 [INFO] PluginManager:220 - loadIPPluginJar : add dfsdm
2026-02-12 17:06:46,840 [INFO] IPUIPlugin:80 - create IPUIPlugin
2026-02-12 17:06:46,841 [INFO] PluginManager:220 - loadIPPluginJar : add dma
2026-02-12 17:06:46,842 [INFO] IPUIPlugin:80 - create IPUIPlugin
2026-02-12 17:06:46,842 [INFO] PluginManager:220 - loadIPPluginJar : add dma3
2026-02-12 17:06:46,844 [INFO] IPUIPlugin:80 - create IPUIPlugin
2026-02-12 17:06:46,844 [INFO] PluginManager:220 - loadIPPluginJar : add extmemmanager
2026-02-12 17:06:46,845 [INFO] IPUIPlugin:80 - create IPUIPlugin
2026-02-12 17:06:46,846 [INFO] PluginManager:220 - loadIPPluginJar : add fatfs
2026-02-12 17:06:46,848 [INFO] IPUIPlugin:80 - create IPUIPlugin
2026-02-12 17:06:46,848 [INFO] PluginManager:220 - loadIPPluginJar : add fmc
2026-02-12 17:06:46,852 [INFO] IPUIPlugin:80 - create IPUIPlugin
2026-02-12 17:06:46,852 [INFO] PluginManager:220 - loadIPPluginJar : add freertos
2026-02-12 17:06:46,853 [INFO] IPUIPlugin:80 - create IPUIPlugin
2026-02-12 17:06:46,853 [INFO] PluginManager:220 - loadIPPluginJar : add genericplugin
2026-02-12 17:06:46,855 [INFO] IPUIPlugin:80 - create IPUIPlugin
2026-02-12 17:06:46,855 [INFO] PluginManager:220 - loadIPPluginJar : add gfxmmu
2026-02-12 17:06:46,858 [INFO] IPUIPlugin:80 - create IPUIPlugin
2026-02-12 17:06:46,858 [INFO] PluginManager:220 - loadIPPluginJar : add gic
2026-02-12 17:06:46,860 [INFO] IPUIPlugin:80 - create IPUIPlugin
2026-02-12 17:06:46,860 [INFO] PluginManager:220 - loadIPPluginJar : add gpio
2026-02-12 17:06:46,862 [INFO] IPUIPlugin:80 - create IPUIPlugin
2026-02-12 17:06:46,862 [INFO] PluginManager:220 - loadIPPluginJar : add gtzc
2026-02-12 17:06:46,864 [INFO] IPUIPlugin:80 - create IPUIPlugin
2026-02-12 17:06:46,864 [INFO] PluginManager:220 - loadIPPluginJar : add hash
2026-02-12 17:06:46,866 [INFO] IPUIPlugin:80 - create IPUIPlugin
2026-02-12 17:06:46,866 [INFO] PluginManager:220 - loadIPPluginJar : add i2c
2026-02-12 17:06:46,867 [INFO] IPUIPlugin:80 - create IPUIPlugin
2026-02-12 17:06:46,867 [INFO] PluginManager:220 - loadIPPluginJar : add i2s
2026-02-12 17:06:46,869 [INFO] IPUIPlugin:80 - create IPUIPlugin
2026-02-12 17:06:46,869 [INFO] PluginManager:220 - loadIPPluginJar : add i3c
2026-02-12 17:06:46,871 [INFO] IPUIPlugin:80 - create IPUIPlugin
2026-02-12 17:06:46,871 [INFO] PluginManager:220 - loadIPPluginJar : add ipddr
2026-02-12 17:06:46,877 [INFO] IPUIPlugin:80 - create IPUIPlugin
2026-02-12 17:06:46,878 [INFO] PluginManager:220 - loadIPPluginJar : add linkedlist
2026-02-12 17:06:46,880 [INFO] IPUIPlugin:80 - create IPUIPlugin
2026-02-12 17:06:46,880 [INFO] PluginManager:220 - loadIPPluginJar : add lorawan
2026-02-12 17:06:46,881 [INFO] IPUIPlugin:80 - create IPUIPlugin
2026-02-12 17:06:46,881 [INFO] PluginManager:220 - loadIPPluginJar : add ltdc
2026-02-12 17:06:46,884 [INFO] IPUIPlugin:80 - create IPUIPlugin
2026-02-12 17:06:46,884 [INFO] PluginManager:220 - loadIPPluginJar : add mdma
2026-02-12 17:06:46,887 [INFO] IPUIPlugin:80 - create IPUIPlugin
2026-02-12 17:06:46,887 [INFO] PluginManager:220 - loadIPPluginJar : add nvic
2026-02-12 17:06:46,890 [INFO] IPUIPlugin:80 - create IPUIPlugin
2026-02-12 17:06:46,890 [INFO] PluginManager:220 - loadIPPluginJar : add opamp
2026-02-12 17:06:46,893 [INFO] IPUIPlugin:80 - create IPUIPlugin
2026-02-12 17:06:46,893 [INFO] PluginManager:220 - loadIPPluginJar : add openamp
2026-02-12 17:06:46,895 [INFO] IPUIPlugin:80 - create IPUIPlugin
2026-02-12 17:06:46,895 [INFO] PluginManager:220 - loadIPPluginJar : add pdm2pcm
2026-02-12 17:06:46,899 [INFO] IPUIPlugin:80 - create IPUIPlugin
2026-02-12 17:06:46,900 [INFO] PluginManager:220 - loadIPPluginJar : add plateformsettings
2026-02-12 17:06:46,901 [INFO] IPUIPlugin:80 - create IPUIPlugin
2026-02-12 17:06:46,901 [INFO] PluginManager:220 - loadIPPluginJar : add quadspi
2026-02-12 17:06:46,902 [INFO] IPUIPlugin:80 - create IPUIPlugin
2026-02-12 17:06:46,902 [INFO] PluginManager:220 - loadIPPluginJar : add radio
2026-02-12 17:06:46,904 [INFO] IPUIPlugin:80 - create IPUIPlugin
2026-02-12 17:06:46,905 [INFO] PluginManager:220 - loadIPPluginJar : add resmgrutility
2026-02-12 17:06:46,907 [INFO] IPUIPlugin:80 - create IPUIPlugin
2026-02-12 17:06:46,907 [INFO] PluginManager:220 - loadIPPluginJar : add sai
2026-02-12 17:06:46,908 [INFO] IPUIPlugin:80 - create IPUIPlugin
2026-02-12 17:06:46,908 [INFO] PluginManager:220 - loadIPPluginJar : add spi
2026-02-12 17:06:46,911 [INFO] IPUIPlugin:80 - create IPUIPlugin
2026-02-12 17:06:46,911 [INFO] PluginManager:220 - loadIPPluginJar : add stm32_wpan
2026-02-12 17:06:46,913 [INFO] IPUIPlugin:80 - create IPUIPlugin
2026-02-12 17:06:46,913 [INFO] PluginManager:220 - loadIPPluginJar : add tim
2026-02-12 17:06:46,915 [INFO] IPUIPlugin:80 - create IPUIPlugin
2026-02-12 17:06:46,915 [INFO] PluginManager:220 - loadIPPluginJar : add touchsensing
2026-02-12 17:06:46,916 [INFO] IPUIPlugin:80 - create IPUIPlugin
2026-02-12 17:06:46,916 [INFO] PluginManager:220 - loadIPPluginJar : add tracer_emb
2026-02-12 17:06:46,917 [INFO] IPUIPlugin:80 - create IPUIPlugin
2026-02-12 17:06:46,917 [INFO] PluginManager:220 - loadIPPluginJar : add ts
2026-02-12 17:06:46,918 [INFO] IPUIPlugin:80 - create IPUIPlugin
2026-02-12 17:06:46,918 [INFO] PluginManager:220 - loadIPPluginJar : add tsc
2026-02-12 17:06:46,919 [INFO] IPUIPlugin:80 - create IPUIPlugin
2026-02-12 17:06:46,920 [INFO] PluginManager:220 - loadIPPluginJar : add ucpd
2026-02-12 17:06:46,922 [INFO] IPUIPlugin:80 - create IPUIPlugin
2026-02-12 17:06:46,922 [INFO] PluginManager:220 - loadIPPluginJar : add usart
2026-02-12 17:06:46,924 [INFO] IPUIPlugin:80 - create IPUIPlugin
2026-02-12 17:06:46,924 [INFO] PluginManager:220 - loadIPPluginJar : add usbx
2026-02-12 17:06:47,038 [INFO] CADModel:165 - CPN selected for project level
2026-02-12 17:06:47,038 [INFO] CADModel:114 - Register for checkConnection events
2026-02-12 17:06:47,039 [FATAL] Updater:334 - Updater called before beeing initialized
2026-02-12 17:06:47,039 [ERROR] CADModel:125 - Updater not yet initialized, retry later 
2026-02-12 17:06:47,120 [INFO] CADModel:165 - CPN selected for project level
2026-02-12 17:06:47,121 [INFO] CADModel:114 - Register for checkConnection events
2026-02-12 17:06:47,121 [FATAL] Updater:334 - Updater called before beeing initialized
2026-02-12 17:06:47,121 [ERROR] CADModel:125 - Updater not yet initialized, retry later 
2026-02-12 17:06:47,123 [FATAL] Updater:334 - Updater called before beeing initialized
2026-02-12 17:06:47,217 [FATAL] Updater:334 - Updater called before beeing initialized
2026-02-12 17:06:47,220 [INFO] DbMcusAds:53 - JSON generation date=Fri Jan 09 00:56:32 KST 2026 (1767887792457)
2026-02-12 17:06:47,220 [FATAL] Updater:334 - Updater called before beeing initialized
2026-02-12 17:06:47,244 [WARN] DetailPanel:346 - Failed to get advertising image, set to default
2026-02-12 17:06:47,331 [FATAL] Updater:334 - Updater called before beeing initialized
2026-02-12 17:06:47,332 [FATAL] Updater:334 - Updater called before beeing initialized
2026-02-12 17:06:47,332 [FATAL] Updater:334 - Updater called before beeing initialized
2026-02-12 17:06:47,332 [WARN] DetailPanel:346 - Failed to get advertising image, set to default
2026-02-12 17:06:47,333 [FATAL] Updater:334 - Updater called before beeing initialized
2026-02-12 17:06:47,373 [ERROR] Updater:1164 - MainUpdater not yet initialized. External WinMGr cannot be set.
2026-02-12 17:06:47,375 [INFO] Updater:1100 - Updater Version found : 6.12.1
2026-02-12 17:06:47,386 [INFO] ApplicationProperties:184 - Using Application install path: C:\ST\STM32CubeIDE_1.16.1\STM32CubeIDE\plugins\com.st.stm32cube.common.mx_6.12.1.202409122256
2026-02-12 17:06:48,081 [INFO] MainUpdater:2873 - connection check result : 10
2026-02-12 17:06:48,082 [INFO] MainUpdater:290 - Updater Check For Update Now.
2026-02-12 17:06:48,082 [INFO] MicroXplorer:498 - Change Database Version : DB.6.0.121
2026-02-12 17:06:48,088 [INFO] McuFinderGlobals:63 - Set McuFinder mode to 2 (CubeIDE integrated)
2026-02-12 17:06:48,089 [INFO] UserAuth:417 - Internet connection configuration mode: 1
2026-02-12 17:06:48,116 [INFO] JxBrowserEngine:152 - Initiate JxBrowser Engine with user profile folder
2026-02-12 17:06:48,259 [INFO] CheckServerUpdateThread:120 - End of CheckServer Thread
2026-02-12 17:06:48,554 [INFO] WebApp:167 - Instantiating new browser for Auth
2026-02-12 17:06:49,035 [INFO] WebApp:448 - Apply proxy settings
2026-02-12 17:06:49,040 [INFO] WebApp:493 - Chromium authenticates against Manually configured proxy
2026-02-12 17:06:49,044 [INFO] WebApp:501 - Username used for proxy authentication: 
2026-02-12 17:06:49,061 [INFO] WebApp:869 - Register for checkConnection events
2026-02-12 17:06:49,061 [INFO] WebApp:448 - Apply proxy settings
2026-02-12 17:06:49,064 [INFO] WebApp:493 - Chromium authenticates against Manually configured proxy
2026-02-12 17:06:49,064 [INFO] WebApp:501 - Username used for proxy authentication: 
2026-02-12 17:06:49,159 [INFO] WebApp:220 - Starting web application
2026-02-12 17:06:49,159 [INFO] WebApp:578 - Web application path used C:\ST\STM32CubeIDE_1.16.1\STM32CubeIDE\plugins\com.st.stm32cube.common.mx_6.12.1.202409122256\db\plugins\mcufinder\reactClient1\index.html
2026-02-12 17:06:49,209 [INFO] UserAuth:417 - Internet connection configuration mode: 1
2026-02-12 17:06:49,351 [INFO] WebApp:186 - Connection restablished
2026-02-12 17:06:49,725 [WARN] PackLoader:240 - Cannot read IP mode file for STMicroelectronics.FP-SNS-MOTENVWB1.1.4.0
2026-02-12 17:06:49,731 [WARN] PackLoader:240 - Cannot read IP mode file for STMicroelectronics.FP-ATR-ASTRA1.2.0.2
2026-02-12 17:06:49,734 [WARN] PackLoader:240 - Cannot read IP mode file for STMicroelectronics.FP-ATR-ASTRA1.2.0.1
2026-02-12 17:06:49,740 [WARN] PackLoader:240 - Cannot read IP mode file for STMicroelectronics.X-CUBE-SMBUS.2.1.0
2026-02-12 17:06:49,747 [WARN] PackLoader:240 - Cannot read IP mode file for STMicroelectronics.X-CUBE-WB05N.1.1.0
2026-02-12 17:06:49,749 [ERROR] Engine:466 - C:\Users\RND1\.stm32cubemx\thirdparties\pdsc\STMicroelectronics.X-CUBE-ST60.1.0.0.pdsc: PDSC version is not supported
2026-02-12 17:06:49,753 [WARN] PackLoader:240 - Cannot read IP mode file for STMicroelectronics.X-CUBE-TOUCHGFX.4.23.0
2026-02-12 17:06:49,756 [WARN] PackLoader:240 - Cannot read IP mode file for STMicroelectronics.X-CUBE-TOUCHGFX.4.23.2
2026-02-12 17:06:49,776 [WARN] PackLoader:240 - Cannot read IP mode file for STMicroelectronics.X-CUBE-AZRTOS-F7.1.1.0
2026-02-12 17:06:49,783 [WARN] PackLoader:240 - Cannot read IP mode file for STMicroelectronics.FP-SNS-MOTENV1.4.3.2
2026-02-12 17:06:49,816 [WARN] PackLoader:240 - Cannot read IP mode file for STMicroelectronics.X-CUBE-MEMS1.11.0.0
2026-02-12 17:06:49,942 [ERROR] Engine:466 - C:\Users\RND1\.stm32cubemx\thirdparties\pdsc\STMicroelectronics.FP-SNS-MOTENV1.5.1.0.pdsc: PDSC version is not supported
2026-02-12 17:06:49,946 [WARN] PackLoader:240 - Cannot read IP mode file for STMicroelectronics.FP-SNS-FLIGHT1.5.0.2
2026-02-12 17:06:49,959 [WARN] PackLoader:240 - Cannot read IP mode file for STMicroelectronics.X-CUBE-AZRTOS-H7.3.4.0
2026-02-12 17:06:49,966 [WARN] PackLoader:240 - Cannot read IP mode file for STMicroelectronics.X-CUBE-DISPLAY.3.0.0
2026-02-12 17:06:49,973 [WARN] PackLoader:240 - Cannot read IP mode file for STMicroelectronics.X-CUBE-BLE1.7.0.0
2026-02-12 17:06:49,978 [WARN] PackLoader:240 - Cannot read IP mode file for STMicroelectronics.X-CUBE-NFC10.1.0.0
2026-02-12 17:06:49,985 [WARN] PackLoader:240 - Cannot read IP mode file for STMicroelectronics.X-CUBE-BLEMGR.4.0.0
2026-02-12 17:06:49,992 [ERROR] Engine:466 - C:\Users\RND1\.stm32cubemx\thirdparties\pdsc\STMicroelectronics.X-CUBE-ST60.1.1.0.pdsc: PDSC version is not supported
2026-02-12 17:06:49,996 [WARN] PackLoader:240 - Cannot read IP mode file for emotas.I-CUBE-CANOPEN.1.3.0
2026-02-12 17:06:50,000 [WARN] PackLoader:240 - Cannot read IP mode file for STMicroelectronics.X-CUBE-GNSS1.7.1.0
2026-02-12 17:06:50,006 [WARN] PackLoader:240 - Cannot read IP mode file for STMicroelectronics.X-CUBE-BLEMGR.3.1.0
2026-02-12 17:06:50,016 [WARN] PackLoader:240 - Cannot read IP mode file for STMicroelectronics.X-CUBE-AI.10.0.0
2026-02-12 17:06:50,018 [ERROR] Engine:466 - C:\Users\RND1\.stm32cubemx\thirdparties\pdsc\STMicroelectronics.FP-SNS-STBOX1.2.1.0.pdsc: PDSC version is not supported
2026-02-12 17:06:50,023 [WARN] PackLoader:240 - Cannot read IP mode file for STMicroelectronics.FP-SNS-SMARTAG2.1.2.0
2026-02-12 17:06:50,025 [ERROR] Engine:466 - C:\Users\RND1\.stm32cubemx\thirdparties\pdsc\STMicroelectronics.FP-SNS-FLIGHT1.5.1.0.pdsc: PDSC version is not supported
2026-02-12 17:06:50,048 [WARN] PackLoader:240 - Cannot read IP mode file for STMicroelectronics.X-CUBE-MEMS1.11.1.0
2026-02-12 17:06:50,124 [INFO] LogOutputStream:77 - [STDOUT_REDIRECT] 1 : Invalid condition id : UX_CORESTACK_Condition cause : null
2026-02-12 17:06:50,125 [INFO] LogOutputStream:77 - [STDOUT_REDIRECT] 1 : Invalid condition id : UX_CORESTACK_Condition cause : null
2026-02-12 17:06:50,126 [INFO] LogOutputStream:77 - [STDOUT_REDIRECT] 1 : Invalid condition id : UX_CORESTACK_Condition cause : null
2026-02-12 17:06:50,128 [INFO] LogOutputStream:77 - [STDOUT_REDIRECT] 1 : Invalid condition id : UX_CORESTACK_Condition cause : null
2026-02-12 17:06:50,129 [INFO] LogOutputStream:77 - [STDOUT_REDIRECT] 1 : Invalid condition id : UX_CORESTACK_Condition cause : null
2026-02-12 17:06:50,132 [WARN] PackLoader:240 - Cannot read IP mode file for STMicroelectronics.X-CUBE-AZRTOS-WL.2.0.0
2026-02-12 17:06:50,137 [WARN] PackLoader:240 - Cannot read IP mode file for STMicroelectronics.FP-SNS-MOTENV1.5.0.0
2026-02-12 17:06:50,164 [WARN] PackLoader:240 - Cannot read IP mode file for STMicroelectronics.X-CUBE-AZRTOS-H7RS.1.2.0
2026-02-12 17:06:50,169 [WARN] PackLoader:240 - Cannot read IP mode file for wolfSSL.I-CUBE-wolfMQTT.1.19.0
2026-02-12 17:06:50,180 [WARN] PackLoader:240 - Cannot read IP mode file for WES.I-CUBE-Cesium.1.3.0
2026-02-12 17:06:50,185 [WARN] PackLoader:240 - Cannot read IP mode file for STMicroelectronics.X-CUBE-BLE2.3.3.0
2026-02-12 17:06:50,188 [ERROR] Engine:466 - C:\Users\RND1\.stm32cubemx\thirdparties\pdsc\Avnet-IOTCONNECT.X-CUBE-iotc-st67-sdk.1.0.0.pdsc: PDSC version is not supported
2026-02-12 17:06:50,193 [WARN] PackLoader:240 - Cannot read IP mode file for STMicroelectronics.X-CUBE-NFC9.1.0.0
2026-02-12 17:06:50,197 [WARN] PackLoader:240 - Cannot read IP mode file for STMicroelectronics.X-CUBE-BLE1.7.1.0
2026-02-12 17:06:50,202 [WARN] PackLoader:240 - Cannot read IP mode file for STMicroelectronics.X-CUBE-TCPP.4.1.0
2026-02-12 17:06:50,206 [ERROR] Engine:466 - C:\Users\RND1\.stm32cubemx\thirdparties\pdsc\STMicroelectronics.X-CUBE-FREERTOS.1.4.0.pdsc: PDSC version is not supported
2026-02-12 17:06:50,211 [WARN] PackLoader:240 - Cannot read IP mode file for STMicroelectronics.X-CUBE-EEPRMA1.5.2.0
2026-02-12 17:06:50,215 [ERROR] Engine:466 - C:\Users\RND1\.stm32cubemx\thirdparties\pdsc\STMicroelectronics.X-CUBE-ST67W61.1.1.0.pdsc: PDSC version is not supported
2026-02-12 17:06:50,217 [WARN] PackLoader:240 - Cannot read IP mode file for STMicroelectronics.X-CUBE-AI.10.1.0
2026-02-12 17:06:50,249 [WARN] PackLoader:240 - Cannot read IP mode file for STMicroelectronics.X-CUBE-MEMS1.12.0.0
2026-02-12 17:06:50,309 [WARN] PackLoader:240 - Cannot read IP mode file for STMicroelectronics.X-CUBE-ALGOBUILD.1.3.0
2026-02-12 17:06:50,344 [WARN] PackLoader:240 - Cannot read IP mode file for STMicroelectronics.X-CUBE-MEMS1.11.2.0
2026-02-12 17:06:50,429 [WARN] PackLoader:240 - Cannot read IP mode file for STMicroelectronics.X-CUBE-AZRTOS-G0.1.1.0
2026-02-12 17:06:50,434 [WARN] PackLoader:240 - Cannot read IP mode file for STMicroelectronics.X-CUBE-SAFEA1.1.2.2
2026-02-12 17:06:50,439 [WARN] PackLoader:240 - Cannot read IP mode file for STMicroelectronics.X-CUBE-NFC4.3.0.0
2026-02-12 17:06:50,442 [WARN] PackLoader:240 - Cannot read IP mode file for wolfSSL.I-CUBE-wolfMQTT.1.18.0
2026-02-12 17:06:50,450 [WARN] PackLoader:240 - Cannot read IP mode file for EmbeddedOffice.I-CUBE-FS-RTOS.1.0.1
2026-02-12 17:06:50,450 [ERROR] ConditionMgr:805 - Attr not supported : Dmpu
2026-02-12 17:06:50,450 [ERROR] ConditionMgr:805 - Attr not supported : Dmpu
2026-02-12 17:06:50,450 [ERROR] ConditionMgr:805 - Attr not supported : Dmpu
2026-02-12 17:06:50,450 [ERROR] ConditionMgr:805 - Attr not supported : Dmpu
2026-02-12 17:06:50,450 [ERROR] ConditionMgr:805 - Attr not supported : Dmpu
2026-02-12 17:06:50,450 [ERROR] ConditionMgr:805 - Attr not supported : Dmpu
2026-02-12 17:06:50,450 [ERROR] ConditionMgr:805 - Attr not supported : Dmpu
2026-02-12 17:06:50,450 [ERROR] ConditionMgr:805 - Attr not supported : Dmpu
2026-02-12 17:06:50,450 [ERROR] ConditionMgr:805 - Attr not supported : Dmpu
2026-02-12 17:06:50,450 [ERROR] ConditionMgr:805 - Attr not supported : Dmpu
2026-02-12 17:06:50,450 [ERROR] ConditionMgr:805 - Attr not supported : Dmpu
2026-02-12 17:06:50,450 [ERROR] ConditionMgr:805 - Attr not supported : Dmpu
2026-02-12 17:06:50,450 [ERROR] ConditionMgr:805 - Attr not supported : Dmpu
2026-02-12 17:06:50,450 [ERROR] ConditionMgr:805 - Attr not supported : Dmpu
2026-02-12 17:06:50,450 [ERROR] ConditionMgr:805 - Attr not supported : Dmpu
2026-02-12 17:06:50,450 [ERROR] ConditionMgr:805 - Attr not supported : Dmpu
2026-02-12 17:06:50,450 [ERROR] ConditionMgr:805 - Attr not supported : Dmpu
2026-02-12 17:06:50,450 [ERROR] ConditionMgr:805 - Attr not supported : Dmpu
2026-02-12 17:06:50,451 [ERROR] ConditionMgr:805 - Attr not supported : Dmpu
2026-02-12 17:06:50,451 [ERROR] ConditionMgr:805 - Attr not supported : Dmpu
2026-02-12 17:06:50,451 [ERROR] ConditionMgr:805 - Attr not supported : Dmpu
2026-02-12 17:06:50,451 [ERROR] ConditionMgr:805 - Attr not supported : Dmpu
2026-02-12 17:06:50,451 [ERROR] ConditionMgr:805 - Attr not supported : Dmpu
2026-02-12 17:06:50,451 [ERROR] ConditionMgr:805 - Attr not supported : Dmpu
2026-02-12 17:06:50,451 [ERROR] ConditionMgr:805 - Attr not supported : Dmpu
2026-02-12 17:06:50,451 [ERROR] ConditionMgr:805 - Attr not supported : Dmpu
2026-02-12 17:06:50,451 [ERROR] ConditionMgr:805 - Attr not supported : Dmpu
2026-02-12 17:06:50,451 [ERROR] ConditionMgr:805 - Attr not supported : Dmpu
2026-02-12 17:06:50,451 [ERROR] ConditionMgr:805 - Attr not supported : Dmpu
2026-02-12 17:06:50,451 [ERROR] ConditionMgr:805 - Attr not supported : Dmpu
2026-02-12 17:06:50,451 [ERROR] ConditionMgr:805 - Attr not supported : Dmpu
2026-02-12 17:06:50,451 [ERROR] ConditionMgr:805 - Attr not supported : Dmpu
2026-02-12 17:06:50,451 [ERROR] ConditionMgr:805 - Attr not supported : Dmpu
2026-02-12 17:06:50,451 [ERROR] ConditionMgr:805 - Attr not supported : Dmpu
2026-02-12 17:06:50,451 [ERROR] ConditionMgr:805 - Attr not supported : Dmpu
2026-02-12 17:06:50,451 [ERROR] ConditionMgr:805 - Attr not supported : Dmpu
2026-02-12 17:06:50,451 [ERROR] ConditionMgr:805 - Attr not supported : Dmpu
2026-02-12 17:06:50,451 [ERROR] ConditionMgr:805 - Attr not supported : Dmpu
2026-02-12 17:06:50,451 [ERROR] ConditionMgr:805 - Attr not supported : Dmpu
2026-02-12 17:06:50,451 [ERROR] ConditionMgr:805 - Attr not supported : Dmpu
2026-02-12 17:06:50,451 [ERROR] ConditionMgr:805 - Attr not supported : Dmpu
2026-02-12 17:06:50,451 [ERROR] ConditionMgr:805 - Attr not supported : Dmpu
2026-02-12 17:06:50,451 [ERROR] ConditionMgr:805 - Attr not supported : Dmpu
2026-02-12 17:06:50,451 [ERROR] ConditionMgr:805 - Attr not supported : Dmpu
2026-02-12 17:06:50,451 [ERROR] ConditionMgr:805 - Attr not supported : Dmpu
2026-02-12 17:06:50,451 [ERROR] ConditionMgr:805 - Attr not supported : Dmpu
2026-02-12 17:06:50,451 [ERROR] ConditionMgr:805 - Attr not supported : Dmpu
2026-02-12 17:06:50,451 [ERROR] ConditionMgr:805 - Attr not supported : Dmpu
2026-02-12 17:06:50,451 [ERROR] ConditionMgr:805 - Attr not supported : Dmpu
2026-02-12 17:06:50,451 [ERROR] ConditionMgr:805 - Attr not supported : Dmpu
2026-02-12 17:06:50,451 [ERROR] ConditionMgr:805 - Attr not supported : Dmpu
2026-02-12 17:06:50,452 [ERROR] ConditionMgr:805 - Attr not supported : Dmpu
2026-02-12 17:06:50,452 [ERROR] ConditionMgr:805 - Attr not supported : Dmpu
2026-02-12 17:06:50,452 [ERROR] ConditionMgr:805 - Attr not supported : Dmpu
2026-02-12 17:06:50,452 [ERROR] ConditionMgr:805 - Attr not supported : Dmpu
2026-02-12 17:06:50,452 [ERROR] ConditionMgr:805 - Attr not supported : Dmpu
2026-02-12 17:06:50,452 [ERROR] ConditionMgr:805 - Attr not supported : Dmpu
2026-02-12 17:06:50,452 [ERROR] ConditionMgr:805 - Attr not supported : Dmpu
2026-02-12 17:06:50,452 [ERROR] ConditionMgr:805 - Attr not supported : Dmpu
2026-02-12 17:06:50,452 [ERROR] ConditionMgr:805 - Attr not supported : Dmpu
2026-02-12 17:06:50,452 [ERROR] ConditionMgr:805 - Attr not supported : Dmpu
2026-02-12 17:06:50,452 [ERROR] ConditionMgr:805 - Attr not supported : Dmpu
2026-02-12 17:06:50,452 [ERROR] ConditionMgr:805 - Attr not supported : Dmpu
2026-02-12 17:06:50,452 [ERROR] ConditionMgr:805 - Attr not supported : Dmpu
2026-02-12 17:06:50,456 [WARN] PackLoader:240 - Cannot read IP mode file for STMicroelectronics.X-CUBE-WB05N.2.0.0
2026-02-12 17:06:50,462 [WARN] PackLoader:240 - Cannot read IP mode file for STMicroelectronics.X-CUBE-BLEMGR.3.0.0
2026-02-12 17:06:50,465 [ERROR] Engine:466 - C:\Users\RND1\.stm32cubemx\thirdparties\pdsc\STMicroelectronics.X-CUBE-TCPP.4.2.0.pdsc: PDSC version is not supported
2026-02-12 17:06:50,469 [WARN] PackLoader:240 - Cannot read IP mode file for RealThread.X-CUBE-RT-Thread_Nano.4.1.1
2026-02-12 17:06:50,474 [WARN] PackLoader:240 - Cannot read IP mode file for STMicroelectronics.FP-ATR-SIGFOX1.3.2.0
2026-02-12 17:06:50,479 [WARN] ConditionMgr:438 - getConditionDescription Invalid condition id : Cortex-A Device cause : null
2026-02-12 17:06:50,494 [WARN] ConditionMgr:1039 - genDependencies : Invalid condition id : Cortex-A Device cause : null
2026-02-12 17:06:50,494 [WARN] ConditionMgr:1039 - genDependencies : Invalid condition id : Cortex-A Device cause : null
2026-02-12 17:06:50,494 [WARN] ConditionMgr:1039 - genDependencies : Invalid condition id : Cortex-A Device cause : null
2026-02-12 17:06:50,498 [WARN] PackLoader:240 - Cannot read IP mode file for STMicroelectronics.X-CUBE-EEPRMA1.5.1.0
2026-02-12 17:06:50,505 [WARN] PackLoader:240 - Cannot read IP mode file for STMicroelectronics.X-CUBE-NFC6.3.2.0
2026-02-12 17:06:50,508 [ERROR] Engine:466 - C:\Users\RND1\.stm32cubemx\thirdparties\pdsc\STMicroelectronics.X-CUBE-ST67W61.1.0.0.pdsc: PDSC version is not supported
2026-02-12 17:06:50,511 [WARN] PackLoader:240 - Cannot read IP mode file for STMicroelectronics.X-CUBE-AI.10.2.0
2026-02-12 17:06:50,528 [WARN] PackLoader:240 - Cannot read IP mode file for SEGGER.I-CUBE-embOS.1.3.1
2026-02-12 17:06:50,546 [WARN] PackLoader:240 - Cannot read IP mode file for STMicroelectronics.X-CUBE-ALGOBUILD.1.4.0
2026-02-12 17:06:50,567 [WARN] PackLoader:240 - Cannot read IP mode file for STMicroelectronics.X-CUBE-MEMS1.11.3.0
2026-02-12 17:06:50,634 [WARN] PackLoader:240 - Cannot read IP mode file for STMicroelectronics.X-CUBE-AI.9.1.0
2026-02-12 17:06:50,639 [WARN] PackLoader:240 - Cannot read IP mode file for STMicroelectronics.X-CUBE-PM33A1.1.0.0
2026-02-12 17:06:50,642 [WARN] PackLoader:240 - Cannot read IP mode file for STMicroelectronics.X-CUBE-GNSS1.6.0.0
2026-02-12 17:06:50,650 [WARN] PackLoader:240 - Cannot read IP mode file for STMicroelectronics.X-CUBE-AZRTOS-F4.1.1.0
2026-02-12 17:06:50,656 [WARN] PackLoader:240 - Cannot read IP mode file for wolfSSL.I-CUBE-wolfSSL.5.6.4
2026-02-12 17:06:50,658 [ERROR] Engine:466 - C:\Users\RND1\.stm32cubemx\thirdparties\pdsc\Avnet-IotConnect.X-CUBE-IoTC-DA16k-PMOD.1.0.0.pdsc: PDSC version is not supported
2026-02-12 17:06:50,661 [WARN] PackLoader:240 - Cannot read IP mode file for STMicroelectronics.X-CUBE-ISPU.2.1.0
2026-02-12 17:06:50,664 [ERROR] Engine:466 - C:\Users\RND1\.stm32cubemx\thirdparties\pdsc\STMicroelectronics.X-CUBE-IPS.3.2.0.pdsc: PDSC version is not supported
2026-02-12 17:06:50,667 [WARN] PackLoader:240 - Cannot read IP mode file for STMicroelectronics.X-CUBE-FREERTOS.1.2.0
2026-02-12 17:06:50,674 [WARN] PackLoader:240 - Cannot read IP mode file for STMicroelectronics.X-CUBE-NFC12.1.0.0
2026-02-12 17:06:50,685 [WARN] PackLoader:240 - Cannot read IP mode file for STMicroelectronics.X-CUBE-AZRTOS-L5.2.0.0
2026-02-12 17:06:50,693 [WARN] PackLoader:240 - Cannot read IP mode file for STMicroelectronics.X-CUBE-EEPRMA1.4.2.0
2026-02-12 17:06:50,698 [WARN] PackLoader:240 - Cannot read IP mode file for STMicroelectronics.X-CUBE-NFC6.3.1.0
2026-02-12 17:06:50,705 [WARN] PackLoader:240 - Cannot read IP mode file for ITTIA_DB.I-CUBE-ITTIADB.8.8.0
2026-02-12 17:06:50,712 [WARN] PackLoader:240 - Cannot read IP mode file for STMicroelectronics.X-CUBE-DPower.1.2.0
2026-02-12 17:06:50,716 [WARN] PackLoader:240 - Cannot read IP mode file for STMicroelectronics.X-CUBE-AI.9.0.0
2026-02-12 17:06:50,722 [WARN] PackLoader:240 - Cannot read IP mode file for STMicroelectronics.X-CUBE-FREERTOS.1.3.1
2026-02-12 17:06:50,727 [WARN] PackLoader:240 - Cannot read IP mode file for STMicroelectronics.X-CUBE-FREERTOS.1.3.0
2026-02-12 17:06:50,732 [WARN] PackLoader:240 - Cannot read IP mode file for STMicroelectronics.X-CUBE-NFC7.1.0.1
2026-02-12 17:06:50,737 [WARN] PackLoader:240 - Cannot read IP mode file for STMicroelectronics.X-CUBE-TOUCHGFX.4.26.0
2026-02-12 17:06:50,742 [WARN] PackLoader:240 - Cannot read IP mode file for STMicroelectronics.X-CUBE-NFC6.3.0.0
2026-02-12 17:06:50,744 [ERROR] Engine:466 - C:\Users\RND1\.stm32cubemx\thirdparties\pdsc\STMicroelectronics.FP-SNS-STAIOTCFT.1.0.0.pdsc: PDSC version is not supported
2026-02-12 17:06:50,748 [WARN] PackLoader:240 - Cannot read IP mode file for STMicroelectronics.X-CUBE-DPower.1.3.0
2026-02-12 17:06:50,751 [WARN] PackLoader:240 - Cannot read IP mode file for STMicroelectronics.X-CUBE-AI.8.1.0
2026-02-12 17:06:50,760 [WARN] ConditionMgr:438 - getConditionDescription Invalid condition id : LAN8742 Phy interface Condition cause : null
2026-02-12 17:06:50,761 [WARN] PackLoader:240 - Cannot read IP mode file for STMicroelectronics.X-CUBE-AZRTOS-L4.2.0.0
2026-02-12 17:06:50,761 [WARN] ConditionMgr:1039 - genDependencies : Invalid condition id : LAN8742 Phy interface Condition cause : null
2026-02-12 17:06:50,761 [WARN] ConditionMgr:1039 - genDependencies : Invalid condition id : LAN8742 Phy interface Condition cause : null
2026-02-12 17:06:50,761 [WARN] ConditionMgr:1039 - genDependencies : Invalid condition id : LAN8742 Phy interface Condition cause : null
2026-02-12 17:06:50,766 [WARN] PackLoader:240 - Cannot read IP mode file for STMicroelectronics.X-CUBE-SFXS2LP1.4.0.0
2026-02-12 17:06:50,769 [ERROR] Engine:466 - C:\Users\RND1\.stm32cubemx\thirdparties\pdsc\STMicroelectronics.X-CUBE-ST67W61.1.2.0.pdsc: PDSC version is not supported
2026-02-12 17:06:50,778 [WARN] PackLoader:240 - Cannot read IP mode file for STMicroelectronics.X-CUBE-AZRTOS-H7.3.3.0
2026-02-12 17:06:50,781 [ERROR] Engine:466 - C:\Users\RND1\.stm32cubemx\thirdparties\pdsc\STMicroelectronics.X-CUBE-BLEMGR.4.1.0.pdsc: PDSC version is not supported
2026-02-12 17:06:50,786 [WARN] PackLoader:240 - Cannot read IP mode file for STMicroelectronics.X-CUBE-IPS.3.0.0
2026-02-12 17:06:50,794 [WARN] ConditionMgr:438 - getConditionDescription Invalid condition id : UX DEVICE CLASS RTOS Condition cause : null
2026-02-12 17:06:50,794 [WARN] ConditionMgr:438 - getConditionDescription Invalid condition id : UX DEVICE CLASS RTOS Condition cause : null
2026-02-12 17:06:50,795 [WARN] PackLoader:240 - Cannot read IP mode file for STMicroelectronics.X-CUBE-AZRTOS-WB.2.0.0
2026-02-12 17:06:50,795 [WARN] ConditionMgr:1039 - genDependencies : Invalid condition id : UX DEVICE CLASS RTOS Condition cause : null
2026-02-12 17:06:50,795 [WARN] ConditionMgr:1039 - genDependencies : Invalid condition id : UX DEVICE CLASS RTOS Condition cause : null
2026-02-12 17:06:50,795 [WARN] ConditionMgr:1039 - genDependencies : Invalid condition id : UX DEVICE CLASS RTOS Condition cause : null
2026-02-12 17:06:50,795 [WARN] ConditionMgr:1039 - genDependencies : Invalid condition id : UX DEVICE CLASS RTOS Condition cause : null
2026-02-12 17:06:50,795 [WARN] ConditionMgr:1039 - genDependencies : Invalid condition id : UX DEVICE CLASS RTOS Condition cause : null
2026-02-12 17:06:50,800 [WARN] PackLoader:240 - Cannot read IP mode file for STMicroelectronics.X-CUBE-GNSS1.7.0.0
2026-02-12 17:06:50,803 [WARN] PackLoader:240 - Cannot read IP mode file for STMicroelectronics.X-CUBE-GNSS1.7.0.1
2026-02-12 17:06:50,807 [WARN] PackLoader:240 - Cannot read IP mode file for STMicroelectronics.X-CUBE-TOUCHGFX.4.25.0
2026-02-12 17:06:50,811 [WARN] PackLoader:240 - Cannot read IP mode file for STMicroelectronics.FP-SNS-STBOX1.2.0.0
2026-02-12 17:06:50,816 [WARN] PackLoader:240 - Cannot read IP mode file for STMicroelectronics.X-CUBE-STSE01.2.0.0
2026-02-12 17:06:50,823 [WARN] PackLoader:240 - Cannot read IP mode file for STMicroelectronics.X-CUBE-SUBG2.5.0.0
2026-02-12 17:06:50,832 [WARN] PackLoader:240 - Cannot read IP mode file for STMicroelectronics.X-CUBE-AZRTOS-H7RS.1.1.0
2026-02-12 17:06:50,844 [WARN] PackLoader:240 - Cannot read IP mode file for STMicroelectronics.X-CUBE-AZRTOS-G4.2.0.0
2026-02-12 17:06:50,857 [WARN] PackLoader:240 - Cannot read IP mode file for Infineon.AIROC-Wi-Fi-Bluetooth-STM32.1.5.1
2026-02-12 17:06:50,862 [WARN] PackLoader:240 - Cannot read IP mode file for STMicroelectronics.X-CUBE-NFC7.2.0.0
2026-02-12 17:06:50,866 [WARN] PackLoader:240 - Cannot read IP mode file for STMicroelectronics.FP-SNS-MOTENVWB1.1.3.1
2026-02-12 17:06:50,869 [WARN] PackLoader:240 - Cannot read IP mode file for STMicroelectronics.X-CUBE-ISPU.2.0.0
2026-02-12 17:06:50,874 [ERROR] Engine:466 - C:\Users\RND1\.stm32cubemx\thirdparties\pdsc\STMicroelectronics.X-CUBE-IPS.3.1.0.pdsc: PDSC version is not supported
2026-02-12 17:06:50,880 [WARN] PackLoader:240 - Cannot read IP mode file for STMicroelectronics.X-CUBE-ALS.1.0.2
2026-02-12 17:06:50,903 [WARN] PackLoader:240 - Cannot read IP mode file for STMicroelectronics.X-CUBE-MEMS1.10.0.0
2026-02-12 17:06:50,968 [WARN] PackLoader:240 - Cannot read IP mode file for STMicroelectronics.X-CUBE-FREERTOS.1.1.0
2026-02-12 17:06:50,971 [WARN] PackLoader:240 - Cannot read IP mode file for STMicroelectronics.X-CUBE-TOUCHGFX.4.24.0
2026-02-12 17:06:50,976 [WARN] PackLoader:240 - Cannot read IP mode file for STMicroelectronics.X-CUBE-TOUCHGFX.4.24.2
2026-02-12 17:06:50,979 [WARN] PackLoader:240 - Cannot read IP mode file for STMicroelectronics.X-CUBE-TOUCHGFX.4.24.1
2026-02-12 17:06:50,984 [WARN] PackLoader:240 - Cannot read IP mode file for STMicroelectronics.X-CUBE-STSE01.1.0.0
2026-02-12 17:06:50,991 [WARN] PackLoader:240 - Cannot read IP mode file for wolfSSL.I-CUBE-wolfTPM.3.4.0
2026-02-12 17:06:50,996 [WARN] PackLoader:240 - Cannot read IP mode file for portGmbH.I-Cube-SoM-uGOAL.1.1.0
2026-02-12 17:06:50,999 [WARN] PackLoader:240 - Cannot read IP mode file for STMicroelectronics.X-CUBE-ALS.1.0.1
2026-02-12 17:06:51,007 [WARN] PackLoader:240 - Cannot read IP mode file for STMicroelectronics.X-CUBE-AZRTOS-H7RS.1.0.0
2026-02-12 17:06:51,011 [WARN] PackLoader:240 - Cannot read IP mode file for STMicroelectronics.FP-ATR-ASTRA1.2.0.0
2026-02-12 17:06:51,015 [WARN] PackLoader:240 - Cannot read IP mode file for STMicroelectronics.X-CUBE-TOF1.3.4.2
2026-02-12 17:06:51,022 [ERROR] Engine:466 - C:\Users\RND1\.stm32cubemx\thirdparties\pdsc\STMicroelectronics.X-CUBE-TOF1.3.4.3.pdsc: PDSC version is not supported
2026-02-12 17:06:51,027 [WARN] PackLoader:240 - Cannot read IP mode file for STMicroelectronics.X-CUBE-TOF1.3.4.0
2026-02-12 17:06:51,037 [WARN] PackLoader:240 - Cannot read IP mode file for STMicroelectronics.X-CUBE-TOF1.3.4.1
2026-02-12 17:06:51,048 [WARN] PackLoader:240 - Cannot read IP mode file for STMicroelectronics.X-CUBE-AZRTOS-H7.3.2.0
2026-02-12 17:06:51,054 [WARN] PackLoader:240 - Cannot read IP mode file for wolfSSL.I-CUBE-wolfSSH.1.4.17
2026-02-12 17:06:51,055 [INFO] ThirdParty:978 - Integrity check success = true
2026-02-12 17:06:51,055 [INFO] IntegrityCheckThread:100 - exiting critical section [integrity check]
2026-02-12 17:06:51,055 [INFO] IntegrityCheckThread:103 - End integrity checks thread
2026-02-12 17:06:57,972 [ERROR] LogOutputStream:75 - [STDERR_REDIRECT] SLF4J: Failed to load class "org.slf4j.impl.StaticLoggerBinder".
2026-02-12 17:06:57,972 [ERROR] LogOutputStream:75 - [STDERR_REDIRECT] SLF4J: Defaulting to no-operation (NOP) logger implementation
2026-02-12 17:06:57,973 [ERROR] LogOutputStream:75 - [STDERR_REDIRECT] SLF4J: See http://www.slf4j.org/codes.html#StaticLoggerBinder for further details.
2026-02-12 17:08:00,825 [INFO] Activator:176 - 


2026-02-12 17:08:00,828 [INFO] Activator:177 - !SESSION log4j initialized
2026-02-12 17:08:05,395 [INFO] LogOutputStream:77 - [STDOUT_REDIRECT] 
2026-02-12 17:08:07,042 [INFO] ApplicationProperties:184 - Using Application install path: C:\ST\STM32CubeIDE_1.16.1\STM32CubeIDE\plugins\com.st.stm32cube.common.mx_6.12.1.202409122256
2026-02-12 17:08:07,055 [INFO] DbMcusXml:78 - Set database path to: C:\ST\STM32CubeIDE_1.16.1\STM32CubeIDE\plugins\com.st.stm32cube.common.mx_6.12.1.202409122256\\db\/mcu/
2026-02-12 17:08:07,055 [INFO] ApiDb:274 - Set plugin database path to: C:\ST\STM32CubeIDE_1.16.1\STM32CubeIDE\plugins\com.st.stm32cube.common.mx_6.12.1.202409122256\\db\/plugins/boardmanager/
2026-02-12 17:08:07,056 [WARN] ApiDb:259 - Overriding images path with different value:  => C:\ST\STM32CubeIDE_1.16.1\STM32CubeIDE\plugins\com.st.stm32cube.common.mx_6.12.1.202409122256\\db\/plugins/mcufinder/images/
2026-02-12 17:08:07,061 [INFO] ApiDb:250 - Set database path to: C:\Users\RND1\.stmcufinder\plugins\mcufinder//mcu/
2026-02-12 17:08:07,062 [INFO] DbMcusAds:125 - Set database path to: C:\Users\RND1\.stmcufinder\plugins\mcufinder//mcu/
2026-02-12 17:08:07,063 [INFO] CrossReferenceDbSqlite:203 - Set database path to: C:\Users\RND1\.stmcufinder\plugins\mcufinder//mcu/cs/
2026-02-12 17:08:07,147 [INFO] RulesReader:64 - Compatibility file has been processed (297 Rules)
2026-02-12 17:08:07,231 [INFO] DbMcusXml:78 - Set database path to: C:\ST\STM32CubeIDE_1.16.1\STM32CubeIDE\plugins\com.st.stm32cube.common.mx_6.12.1.202409122256\\db\/mcu/
2026-02-12 17:08:07,231 [INFO] ApiDb:274 - Set plugin database path to: C:\ST\STM32CubeIDE_1.16.1\STM32CubeIDE\plugins\com.st.stm32cube.common.mx_6.12.1.202409122256\\db\/plugins/boardmanager/
2026-02-12 17:08:07,231 [INFO] ApiDb:261 - Set plugin images path to: C:\ST\STM32CubeIDE_1.16.1\STM32CubeIDE\plugins\com.st.stm32cube.common.mx_6.12.1.202409122256\\db\/plugins/mcufinder/images/
2026-02-12 17:08:07,231 [WARN] DbFile:41 - Overriding database path with different value: C:\Users\RND1\.stmcufinder\plugins\mcufinder/ => C:\Users\RND1\.stmcufinder\plugins\mcufinder
2026-02-12 17:08:07,231 [INFO] ApiDb:250 - Set database path to: C:\Users\RND1\.stmcufinder\plugins\mcufinder//mcu/
2026-02-12 17:08:07,231 [WARN] DbFile:41 - Overriding database path with different value: C:\Users\RND1\.stmcufinder\plugins\mcufinder/ => C:\Users\RND1\.stmcufinder\plugins\mcufinder
2026-02-12 17:08:07,232 [INFO] DbMcusAds:125 - Set database path to: C:\Users\RND1\.stmcufinder\plugins\mcufinder//mcu/
2026-02-12 17:08:07,232 [WARN] DbFile:41 - Overriding database path with different value: C:\Users\RND1\.stmcufinder\plugins\mcufinder/ => C:\Users\RND1\.stmcufinder\plugins\mcufinder
2026-02-12 17:08:07,232 [WARN] DbFile:41 - Overriding database path with different value: C:\Users\RND1\.stmcufinder\plugins\mcufinder/ => C:\Users\RND1\.stmcufinder\plugins\mcufinder
2026-02-12 17:08:07,232 [INFO] CrossReferenceDbSqlite:203 - Set database path to: C:\Users\RND1\.stmcufinder\plugins\mcufinder//mcu/cs/
2026-02-12 17:08:07,286 [INFO] MainPanel:268 - HeapMemory: 268435456
2026-02-12 17:08:07,339 [INFO] DbMcusXml:78 - Set database path to: C:\ST\STM32CubeIDE_1.16.1\STM32CubeIDE\plugins\com.st.stm32cube.common.mx_6.12.1.202409122256\\db\/mcu/
2026-02-12 17:08:07,339 [INFO] ApiDb:274 - Set plugin database path to: C:\ST\STM32CubeIDE_1.16.1\STM32CubeIDE\plugins\com.st.stm32cube.common.mx_6.12.1.202409122256\\db\/plugins/boardmanager/
2026-02-12 17:08:07,339 [INFO] ApiDb:261 - Set plugin images path to: C:\ST\STM32CubeIDE_1.16.1\STM32CubeIDE\plugins\com.st.stm32cube.common.mx_6.12.1.202409122256\\db\/plugins/mcufinder/images/
2026-02-12 17:08:07,339 [WARN] DbFile:41 - Overriding database path with different value: C:\Users\RND1\.stmcufinder\plugins\mcufinder/ => C:\Users\RND1\.stmcufinder\plugins\mcufinder
2026-02-12 17:08:07,339 [INFO] ApiDb:250 - Set database path to: C:\Users\RND1\.stmcufinder\plugins\mcufinder//mcu/
2026-02-12 17:08:07,339 [WARN] DbFile:41 - Overriding database path with different value: C:\Users\RND1\.stmcufinder\plugins\mcufinder/ => C:\Users\RND1\.stmcufinder\plugins\mcufinder
2026-02-12 17:08:07,339 [INFO] DbMcusAds:125 - Set database path to: C:\Users\RND1\.stmcufinder\plugins\mcufinder//mcu/
2026-02-12 17:08:07,339 [WARN] DbFile:41 - Overriding database path with different value: C:\Users\RND1\.stmcufinder\plugins\mcufinder/ => C:\Users\RND1\.stmcufinder\plugins\mcufinder
2026-02-12 17:08:07,339 [WARN] DbFile:41 - Overriding database path with different value: C:\Users\RND1\.stmcufinder\plugins\mcufinder/ => C:\Users\RND1\.stmcufinder\plugins\mcufinder
2026-02-12 17:08:07,340 [INFO] CrossReferenceDbSqlite:203 - Set database path to: C:\Users\RND1\.stmcufinder\plugins\mcufinder//mcu/cs/
2026-02-12 17:08:07,351 [INFO] ApplicationProperties:184 - Using Application install path: C:\ST\STM32CubeIDE_1.16.1\STM32CubeIDE\plugins\com.st.stm32cube.common.mx_6.12.1.202409122256
2026-02-12 17:08:07,352 [INFO] PluginManage:196 - Search for loadable plugins [exclusion list=, ]
2026-02-12 17:08:07,353 [INFO] PluginManage:310 - Check plugin analytics
2026-02-12 17:08:07,521 [INFO] AnalyticsPlugin:253 - Accepted Software Licenses: STM32CubeMX.6.10.0
2026-02-12 17:08:07,521 [INFO] AnalyticsPlugin:255 - Accepted CMSIS Pack Licenses: 
2026-02-12 17:08:07,521 [INFO] AnalyticsPlugin:257 - Accepted Firmware Licenses: FW.G4.1.5.0,FW.G4.1.6.0,FW.F4.1.28.0,FW.H7.1.11.0,FW.H7.1.12.0
2026-02-12 17:08:07,523 [INFO] PluginManage:359 - Loaded plugin analytics (category:tool,tabindex:-1)
2026-02-12 17:08:07,523 [INFO] PluginManage:310 - Check plugin cadmodel
2026-02-12 17:08:07,527 [INFO] CADModel:105 - Init CAD model plugin
2026-02-12 17:08:07,527 [INFO] PluginManage:359 - Loaded plugin cadmodel (category:power,tabindex:5)
2026-02-12 17:08:07,527 [INFO] PluginManage:310 - Check plugin clock
2026-02-12 17:08:07,533 [INFO] PluginManage:359 - Loaded plugin clock (category:base,tabindex:2)
2026-02-12 17:08:07,533 [INFO] PluginManage:310 - Check plugin ddr
2026-02-12 17:08:07,534 [INFO] PluginManage:359 - Loaded plugin ddr (category:tool,tabindex:6)
2026-02-12 17:08:07,535 [INFO] PluginManage:310 - Check plugin filemanager
2026-02-12 17:08:07,648 [INFO] PluginManage:359 - Loaded plugin filemanager (category:base,tabindex:10)
2026-02-12 17:08:07,648 [INFO] PluginManage:310 - Check plugin ipmanager
2026-02-12 17:08:07,655 [INFO] PluginManage:359 - Loaded plugin ipmanager (category:base,tabindex:5)
2026-02-12 17:08:07,655 [INFO] PluginManage:310 - Check plugin lpbam
2026-02-12 17:08:07,662 [INFO] PluginManage:359 - Loaded plugin lpbam (category:base,tabindex:0)
2026-02-12 17:08:07,662 [INFO] PluginManage:310 - Check plugin memorymap
2026-02-12 17:08:07,671 [INFO] PluginManage:359 - Loaded plugin memorymap (category:base,tabindex:4)
2026-02-12 17:08:07,671 [INFO] PluginManage:310 - Check plugin pinoutandconfiguration
2026-02-12 17:08:07,676 [INFO] PluginManage:359 - Loaded plugin pinoutandconfiguration (category:base,tabindex:1)
2026-02-12 17:08:07,676 [INFO] PluginManage:310 - Check plugin pinoutconfig
2026-02-12 17:08:07,751 [WARN] SupportedApi:132 - Cannot load RTOS API schema: s4s-elt-must-match.1: The content of 'definitions' must match (annotation?, (simpleType | complexType)?, (unique | key | keyref)*)). A problem was found starting at: attribute.
2026-02-12 17:08:07,831 [INFO] PluginManage:359 - Loaded plugin pinoutconfig (category:base,tabindex:0)
2026-02-12 17:08:07,831 [INFO] PluginManage:310 - Check plugin power
2026-02-12 17:08:07,836 [INFO] PluginManage:359 - Loaded plugin power (category:power,tabindex:4)
2026-02-12 17:08:07,836 [INFO] PluginManage:310 - Check plugin projectmanager
2026-02-12 17:08:07,846 [INFO] PluginManage:359 - Loaded plugin projectmanager (category:projectmanager,tabindex:4)
2026-02-12 17:08:07,846 [INFO] PluginManage:310 - Check plugin rif
2026-02-12 17:08:07,850 [INFO] PluginManage:359 - Loaded plugin rif (category:base,tabindex:3)
2026-02-12 17:08:07,850 [INFO] PluginManage:310 - Check plugin thirdparty
2026-02-12 17:08:07,942 [WARN] IntegrityCheckThread:84 - waiting for thirdparty lock release [integrity check]
2026-02-12 17:08:07,942 [INFO] IntegrityCheckThread:86 - entering critical section [integrity check]
2026-02-12 17:08:07,942 [INFO] PluginManage:359 - Loaded plugin thirdparty (category:base,tabindex:-1)
2026-02-12 17:08:07,942 [INFO] PluginManage:310 - Check plugin tools
2026-02-12 17:08:07,942 [INFO] ThirdPartyUpdaterWithRetryManager:70 - Updater plugin not ready yet. [1/15]
2026-02-12 17:08:07,945 [INFO] PluginManage:359 - Loaded plugin tools (category:base,tabindex:7)
2026-02-12 17:08:07,945 [INFO] PluginManage:310 - Check plugin tutovideos
2026-02-12 17:08:08,049 [INFO] PluginManage:359 - Loaded plugin tutovideos (category:base,tabindex:-1)
2026-02-12 17:08:08,050 [INFO] PluginManage:310 - Check plugin updater
2026-02-12 17:08:08,063 [INFO] PluginManage:359 - Loaded plugin updater (category:base,tabindex:12)
2026-02-12 17:08:08,068 [INFO] PluginManage:310 - Check plugin userauth
2026-02-12 17:08:08,071 [INFO] UserAuth:113 - Init User Auth plugin
2026-02-12 17:08:08,071 [INFO] PluginManage:359 - Loaded plugin userauth (category:base,tabindex:14)
2026-02-12 17:08:08,071 [INFO] PluginManage:283 - PluginManage : Loaded plugins [18]
2026-02-12 17:08:08,206 [INFO] PinOutPanel:1561 - setPackage(No Configuration,No Configuration)
2026-02-12 17:08:08,270 [INFO] CADModel:165 - CPN selected for project level
2026-02-12 17:08:08,270 [INFO] CADModel:114 - Register for checkConnection events
2026-02-12 17:08:08,280 [INFO] IPUIPlugin:80 - create IPUIPlugin
2026-02-12 17:08:08,280 [INFO] PluginManager:220 - loadIPPluginJar : add adc
2026-02-12 17:08:08,282 [INFO] IPUIPlugin:80 - create IPUIPlugin
2026-02-12 17:08:08,282 [INFO] PluginManager:220 - loadIPPluginJar : add aes
2026-02-12 17:08:08,284 [INFO] IPUIPlugin:80 - create IPUIPlugin
2026-02-12 17:08:08,284 [INFO] PluginManager:220 - loadIPPluginJar : add can
2026-02-12 17:08:08,285 [INFO] IPUIPlugin:80 - create IPUIPlugin
2026-02-12 17:08:08,285 [INFO] PluginManager:220 - loadIPPluginJar : add comp
2026-02-12 17:08:08,287 [INFO] IPUIPlugin:80 - create IPUIPlugin
2026-02-12 17:08:08,287 [INFO] PluginManager:220 - loadIPPluginJar : add cryp
2026-02-12 17:08:08,288 [INFO] IPUIPlugin:80 - create IPUIPlugin
2026-02-12 17:08:08,289 [INFO] PluginManager:220 - loadIPPluginJar : add ddr_ctrl_phy
2026-02-12 17:08:08,290 [INFO] IPUIPlugin:80 - create IPUIPlugin
2026-02-12 17:08:08,290 [INFO] PluginManager:220 - loadIPPluginJar : add dfsdm
2026-02-12 17:08:08,293 [INFO] IPUIPlugin:80 - create IPUIPlugin
2026-02-12 17:08:08,294 [INFO] PluginManager:220 - loadIPPluginJar : add dma
2026-02-12 17:08:08,295 [INFO] IPUIPlugin:80 - create IPUIPlugin
2026-02-12 17:08:08,295 [INFO] PluginManager:220 - loadIPPluginJar : add dma3
2026-02-12 17:08:08,297 [INFO] IPUIPlugin:80 - create IPUIPlugin
2026-02-12 17:08:08,297 [INFO] PluginManager:220 - loadIPPluginJar : add extmemmanager
2026-02-12 17:08:08,298 [INFO] IPUIPlugin:80 - create IPUIPlugin
2026-02-12 17:08:08,298 [INFO] PluginManager:220 - loadIPPluginJar : add fatfs
2026-02-12 17:08:08,302 [INFO] IPUIPlugin:80 - create IPUIPlugin
2026-02-12 17:08:08,302 [INFO] PluginManager:220 - loadIPPluginJar : add fmc
2026-02-12 17:08:08,305 [INFO] IPUIPlugin:80 - create IPUIPlugin
2026-02-12 17:08:08,305 [INFO] PluginManager:220 - loadIPPluginJar : add freertos
2026-02-12 17:08:08,306 [INFO] IPUIPlugin:80 - create IPUIPlugin
2026-02-12 17:08:08,306 [INFO] PluginManager:220 - loadIPPluginJar : add genericplugin
2026-02-12 17:08:08,308 [INFO] IPUIPlugin:80 - create IPUIPlugin
2026-02-12 17:08:08,308 [INFO] PluginManager:220 - loadIPPluginJar : add gfxmmu
2026-02-12 17:08:08,311 [INFO] IPUIPlugin:80 - create IPUIPlugin
2026-02-12 17:08:08,311 [INFO] PluginManager:220 - loadIPPluginJar : add gic
2026-02-12 17:08:08,313 [INFO] IPUIPlugin:80 - create IPUIPlugin
2026-02-12 17:08:08,314 [INFO] PluginManager:220 - loadIPPluginJar : add gpio
2026-02-12 17:08:08,315 [INFO] IPUIPlugin:80 - create IPUIPlugin
2026-02-12 17:08:08,315 [INFO] PluginManager:220 - loadIPPluginJar : add gtzc
2026-02-12 17:08:08,317 [INFO] IPUIPlugin:80 - create IPUIPlugin
2026-02-12 17:08:08,317 [INFO] PluginManager:220 - loadIPPluginJar : add hash
2026-02-12 17:08:08,319 [INFO] IPUIPlugin:80 - create IPUIPlugin
2026-02-12 17:08:08,319 [INFO] PluginManager:220 - loadIPPluginJar : add i2c
2026-02-12 17:08:08,320 [INFO] IPUIPlugin:80 - create IPUIPlugin
2026-02-12 17:08:08,320 [INFO] PluginManager:220 - loadIPPluginJar : add i2s
2026-02-12 17:08:08,322 [INFO] IPUIPlugin:80 - create IPUIPlugin
2026-02-12 17:08:08,322 [INFO] PluginManager:220 - loadIPPluginJar : add i3c
2026-02-12 17:08:08,325 [INFO] IPUIPlugin:80 - create IPUIPlugin
2026-02-12 17:08:08,325 [INFO] PluginManager:220 - loadIPPluginJar : add ipddr
2026-02-12 17:08:08,329 [INFO] IPUIPlugin:80 - create IPUIPlugin
2026-02-12 17:08:08,330 [INFO] PluginManager:220 - loadIPPluginJar : add linkedlist
2026-02-12 17:08:08,332 [INFO] IPUIPlugin:80 - create IPUIPlugin
2026-02-12 17:08:08,332 [INFO] PluginManager:220 - loadIPPluginJar : add lorawan
2026-02-12 17:08:08,333 [INFO] IPUIPlugin:80 - create IPUIPlugin
2026-02-12 17:08:08,333 [INFO] PluginManager:220 - loadIPPluginJar : add ltdc
2026-02-12 17:08:08,336 [INFO] IPUIPlugin:80 - create IPUIPlugin
2026-02-12 17:08:08,336 [INFO] PluginManager:220 - loadIPPluginJar : add mdma
2026-02-12 17:08:08,338 [INFO] IPUIPlugin:80 - create IPUIPlugin
2026-02-12 17:08:08,338 [INFO] PluginManager:220 - loadIPPluginJar : add nvic
2026-02-12 17:08:08,340 [INFO] IPUIPlugin:80 - create IPUIPlugin
2026-02-12 17:08:08,340 [INFO] PluginManager:220 - loadIPPluginJar : add opamp
2026-02-12 17:08:08,342 [INFO] IPUIPlugin:80 - create IPUIPlugin
2026-02-12 17:08:08,342 [INFO] PluginManager:220 - loadIPPluginJar : add openamp
2026-02-12 17:08:08,344 [INFO] IPUIPlugin:80 - create IPUIPlugin
2026-02-12 17:08:08,344 [INFO] PluginManager:220 - loadIPPluginJar : add pdm2pcm
2026-02-12 17:08:08,348 [INFO] IPUIPlugin:80 - create IPUIPlugin
2026-02-12 17:08:08,349 [INFO] PluginManager:220 - loadIPPluginJar : add plateformsettings
2026-02-12 17:08:08,351 [INFO] IPUIPlugin:80 - create IPUIPlugin
2026-02-12 17:08:08,351 [INFO] PluginManager:220 - loadIPPluginJar : add quadspi
2026-02-12 17:08:08,352 [INFO] IPUIPlugin:80 - create IPUIPlugin
2026-02-12 17:08:08,352 [INFO] PluginManager:220 - loadIPPluginJar : add radio
2026-02-12 17:08:08,354 [INFO] IPUIPlugin:80 - create IPUIPlugin
2026-02-12 17:08:08,354 [INFO] PluginManager:220 - loadIPPluginJar : add resmgrutility
2026-02-12 17:08:08,356 [INFO] IPUIPlugin:80 - create IPUIPlugin
2026-02-12 17:08:08,356 [INFO] PluginManager:220 - loadIPPluginJar : add sai
2026-02-12 17:08:08,357 [INFO] IPUIPlugin:80 - create IPUIPlugin
2026-02-12 17:08:08,357 [INFO] PluginManager:220 - loadIPPluginJar : add spi
2026-02-12 17:08:08,360 [INFO] IPUIPlugin:80 - create IPUIPlugin
2026-02-12 17:08:08,360 [INFO] PluginManager:220 - loadIPPluginJar : add stm32_wpan
2026-02-12 17:08:08,361 [INFO] IPUIPlugin:80 - create IPUIPlugin
2026-02-12 17:08:08,361 [INFO] PluginManager:220 - loadIPPluginJar : add tim
2026-02-12 17:08:08,363 [INFO] IPUIPlugin:80 - create IPUIPlugin
2026-02-12 17:08:08,363 [INFO] PluginManager:220 - loadIPPluginJar : add touchsensing
2026-02-12 17:08:08,364 [INFO] IPUIPlugin:80 - create IPUIPlugin
2026-02-12 17:08:08,365 [INFO] PluginManager:220 - loadIPPluginJar : add tracer_emb
2026-02-12 17:08:08,366 [INFO] IPUIPlugin:80 - create IPUIPlugin
2026-02-12 17:08:08,366 [INFO] PluginManager:220 - loadIPPluginJar : add ts
2026-02-12 17:08:08,367 [INFO] IPUIPlugin:80 - create IPUIPlugin
2026-02-12 17:08:08,367 [INFO] PluginManager:220 - loadIPPluginJar : add tsc
2026-02-12 17:08:08,368 [INFO] IPUIPlugin:80 - create IPUIPlugin
2026-02-12 17:08:08,368 [INFO] PluginManager:220 - loadIPPluginJar : add ucpd
2026-02-12 17:08:08,370 [INFO] IPUIPlugin:80 - create IPUIPlugin
2026-02-12 17:08:08,370 [INFO] PluginManager:220 - loadIPPluginJar : add usart
2026-02-12 17:08:08,371 [INFO] IPUIPlugin:80 - create IPUIPlugin
2026-02-12 17:08:08,372 [INFO] PluginManager:220 - loadIPPluginJar : add usbx
2026-02-12 17:08:08,485 [INFO] CADModel:165 - CPN selected for project level
2026-02-12 17:08:08,485 [INFO] CADModel:114 - Register for checkConnection events
2026-02-12 17:08:08,485 [FATAL] Updater:334 - Updater called before beeing initialized
2026-02-12 17:08:08,485 [ERROR] CADModel:125 - Updater not yet initialized, retry later 
2026-02-12 17:08:08,563 [INFO] CADModel:165 - CPN selected for project level
2026-02-12 17:08:08,563 [INFO] CADModel:114 - Register for checkConnection events
2026-02-12 17:08:08,563 [FATAL] Updater:334 - Updater called before beeing initialized
2026-02-12 17:08:08,563 [ERROR] CADModel:125 - Updater not yet initialized, retry later 
2026-02-12 17:08:08,565 [FATAL] Updater:334 - Updater called before beeing initialized
2026-02-12 17:08:08,655 [FATAL] Updater:334 - Updater called before beeing initialized
2026-02-12 17:08:08,658 [INFO] DbMcusAds:53 - JSON generation date=Fri Jan 09 00:56:32 KST 2026 (1767887792457)
2026-02-12 17:08:08,658 [FATAL] Updater:334 - Updater called before beeing initialized
2026-02-12 17:08:08,680 [WARN] DetailPanel:346 - Failed to get advertising image, set to default
2026-02-12 17:08:08,751 [FATAL] Updater:334 - Updater called before beeing initialized
2026-02-12 17:08:08,752 [FATAL] Updater:334 - Updater called before beeing initialized
2026-02-12 17:08:08,754 [FATAL] Updater:334 - Updater called before beeing initialized
2026-02-12 17:08:08,754 [WARN] DetailPanel:346 - Failed to get advertising image, set to default
2026-02-12 17:08:08,754 [FATAL] Updater:334 - Updater called before beeing initialized
2026-02-12 17:08:08,787 [ERROR] Updater:1164 - MainUpdater not yet initialized. External WinMGr cannot be set.
2026-02-12 17:08:08,788 [INFO] Updater:1100 - Updater Version found : 6.12.1
2026-02-12 17:08:08,799 [INFO] ApplicationProperties:184 - Using Application install path: C:\ST\STM32CubeIDE_1.16.1\STM32CubeIDE\plugins\com.st.stm32cube.common.mx_6.12.1.202409122256
2026-02-12 17:08:09,406 [INFO] MainUpdater:2873 - connection check result : 10
2026-02-12 17:08:09,406 [INFO] MainUpdater:290 - Updater Check For Update Now.
2026-02-12 17:08:09,406 [INFO] MicroXplorer:498 - Change Database Version : DB.6.0.121
2026-02-12 17:08:09,410 [INFO] McuFinderGlobals:63 - Set McuFinder mode to 2 (CubeIDE integrated)
2026-02-12 17:08:09,411 [INFO] UserAuth:417 - Internet connection configuration mode: 1
2026-02-12 17:08:09,438 [INFO] JxBrowserEngine:152 - Initiate JxBrowser Engine with user profile folder
2026-02-12 17:08:09,574 [INFO] CheckServerUpdateThread:120 - End of CheckServer Thread
2026-02-12 17:08:09,884 [INFO] WebApp:167 - Instantiating new browser for Auth
2026-02-12 17:08:10,385 [INFO] WebApp:448 - Apply proxy settings
2026-02-12 17:08:10,389 [INFO] WebApp:493 - Chromium authenticates against Manually configured proxy
2026-02-12 17:08:10,393 [INFO] WebApp:501 - Username used for proxy authentication: 
2026-02-12 17:08:10,410 [INFO] WebApp:869 - Register for checkConnection events
2026-02-12 17:08:10,411 [INFO] WebApp:448 - Apply proxy settings
2026-02-12 17:08:10,414 [INFO] WebApp:493 - Chromium authenticates against Manually configured proxy
2026-02-12 17:08:10,414 [INFO] WebApp:501 - Username used for proxy authentication: 
2026-02-12 17:08:10,509 [INFO] WebApp:220 - Starting web application
2026-02-12 17:08:10,509 [INFO] WebApp:578 - Web application path used C:\ST\STM32CubeIDE_1.16.1\STM32CubeIDE\plugins\com.st.stm32cube.common.mx_6.12.1.202409122256\db\plugins\mcufinder\reactClient1\index.html
2026-02-12 17:08:10,564 [INFO] UserAuth:417 - Internet connection configuration mode: 1
2026-02-12 17:08:10,673 [INFO] WebApp:186 - Connection restablished
2026-02-12 17:08:11,175 [WARN] PackLoader:240 - Cannot read IP mode file for STMicroelectronics.FP-SNS-MOTENVWB1.1.4.0
2026-02-12 17:08:11,180 [WARN] PackLoader:240 - Cannot read IP mode file for STMicroelectronics.FP-ATR-ASTRA1.2.0.2
2026-02-12 17:08:11,183 [WARN] PackLoader:240 - Cannot read IP mode file for STMicroelectronics.FP-ATR-ASTRA1.2.0.1
2026-02-12 17:08:11,188 [WARN] PackLoader:240 - Cannot read IP mode file for STMicroelectronics.X-CUBE-SMBUS.2.1.0
2026-02-12 17:08:11,194 [WARN] PackLoader:240 - Cannot read IP mode file for STMicroelectronics.X-CUBE-WB05N.1.1.0
2026-02-12 17:08:11,196 [ERROR] Engine:466 - C:\Users\RND1\.stm32cubemx\thirdparties\pdsc\STMicroelectronics.X-CUBE-ST60.1.0.0.pdsc: PDSC version is not supported
2026-02-12 17:08:11,200 [WARN] PackLoader:240 - Cannot read IP mode file for STMicroelectronics.X-CUBE-TOUCHGFX.4.23.0
2026-02-12 17:08:11,203 [WARN] PackLoader:240 - Cannot read IP mode file for STMicroelectronics.X-CUBE-TOUCHGFX.4.23.2
2026-02-12 17:08:11,219 [WARN] PackLoader:240 - Cannot read IP mode file for STMicroelectronics.X-CUBE-AZRTOS-F7.1.1.0
2026-02-12 17:08:11,225 [WARN] PackLoader:240 - Cannot read IP mode file for STMicroelectronics.FP-SNS-MOTENV1.4.3.2
2026-02-12 17:08:11,257 [WARN] PackLoader:240 - Cannot read IP mode file for STMicroelectronics.X-CUBE-MEMS1.11.0.0
2026-02-12 17:08:11,331 [ERROR] Engine:466 - C:\Users\RND1\.stm32cubemx\thirdparties\pdsc\STMicroelectronics.FP-SNS-MOTENV1.5.1.0.pdsc: PDSC version is not supported
2026-02-12 17:08:11,335 [WARN] PackLoader:240 - Cannot read IP mode file for STMicroelectronics.FP-SNS-FLIGHT1.5.0.2
2026-02-12 17:08:11,346 [WARN] PackLoader:240 - Cannot read IP mode file for STMicroelectronics.X-CUBE-AZRTOS-H7.3.4.0
2026-02-12 17:08:11,355 [WARN] PackLoader:240 - Cannot read IP mode file for STMicroelectronics.X-CUBE-DISPLAY.3.0.0
2026-02-12 17:08:11,360 [WARN] PackLoader:240 - Cannot read IP mode file for STMicroelectronics.X-CUBE-BLE1.7.0.0
2026-02-12 17:08:11,365 [WARN] PackLoader:240 - Cannot read IP mode file for STMicroelectronics.X-CUBE-NFC10.1.0.0
2026-02-12 17:08:11,373 [WARN] PackLoader:240 - Cannot read IP mode file for STMicroelectronics.X-CUBE-BLEMGR.4.0.0
2026-02-12 17:08:11,376 [ERROR] Engine:466 - C:\Users\RND1\.stm32cubemx\thirdparties\pdsc\STMicroelectronics.X-CUBE-ST60.1.1.0.pdsc: PDSC version is not supported
2026-02-12 17:08:11,380 [WARN] PackLoader:240 - Cannot read IP mode file for emotas.I-CUBE-CANOPEN.1.3.0
2026-02-12 17:08:11,386 [WARN] PackLoader:240 - Cannot read IP mode file for STMicroelectronics.X-CUBE-GNSS1.7.1.0
2026-02-12 17:08:11,392 [WARN] PackLoader:240 - Cannot read IP mode file for STMicroelectronics.X-CUBE-BLEMGR.3.1.0
2026-02-12 17:08:11,397 [WARN] PackLoader:240 - Cannot read IP mode file for STMicroelectronics.X-CUBE-AI.10.0.0
2026-02-12 17:08:11,400 [ERROR] Engine:466 - C:\Users\RND1\.stm32cubemx\thirdparties\pdsc\STMicroelectronics.FP-SNS-STBOX1.2.1.0.pdsc: PDSC version is not supported
2026-02-12 17:08:11,404 [WARN] PackLoader:240 - Cannot read IP mode file for STMicroelectronics.FP-SNS-SMARTAG2.1.2.0
2026-02-12 17:08:11,406 [ERROR] Engine:466 - C:\Users\RND1\.stm32cubemx\thirdparties\pdsc\STMicroelectronics.FP-SNS-FLIGHT1.5.1.0.pdsc: PDSC version is not supported
2026-02-12 17:08:11,434 [WARN] PackLoader:240 - Cannot read IP mode file for STMicroelectronics.X-CUBE-MEMS1.11.1.0
2026-02-12 17:08:11,514 [INFO] LogOutputStream:77 - [STDOUT_REDIRECT] 1 : Invalid condition id : UX_CORESTACK_Condition cause : null
2026-02-12 17:08:11,515 [INFO] LogOutputStream:77 - [STDOUT_REDIRECT] 1 : Invalid condition id : UX_CORESTACK_Condition cause : null
2026-02-12 17:08:11,517 [INFO] LogOutputStream:77 - [STDOUT_REDIRECT] 1 : Invalid condition id : UX_CORESTACK_Condition cause : null
2026-02-12 17:08:11,518 [INFO] LogOutputStream:77 - [STDOUT_REDIRECT] 1 : Invalid condition id : UX_CORESTACK_Condition cause : null
2026-02-12 17:08:11,519 [INFO] LogOutputStream:77 - [STDOUT_REDIRECT] 1 : Invalid condition id : UX_CORESTACK_Condition cause : null
2026-02-12 17:08:11,521 [WARN] PackLoader:240 - Cannot read IP mode file for STMicroelectronics.X-CUBE-AZRTOS-WL.2.0.0
2026-02-12 17:08:11,525 [WARN] PackLoader:240 - Cannot read IP mode file for STMicroelectronics.FP-SNS-MOTENV1.5.0.0
2026-02-12 17:08:11,536 [WARN] PackLoader:240 - Cannot read IP mode file for STMicroelectronics.X-CUBE-AZRTOS-H7RS.1.2.0
2026-02-12 17:08:11,541 [WARN] PackLoader:240 - Cannot read IP mode file for wolfSSL.I-CUBE-wolfMQTT.1.19.0
2026-02-12 17:08:11,550 [WARN] PackLoader:240 - Cannot read IP mode file for WES.I-CUBE-Cesium.1.3.0
2026-02-12 17:08:11,555 [WARN] PackLoader:240 - Cannot read IP mode file for STMicroelectronics.X-CUBE-BLE2.3.3.0
2026-02-12 17:08:11,557 [ERROR] Engine:466 - C:\Users\RND1\.stm32cubemx\thirdparties\pdsc\Avnet-IOTCONNECT.X-CUBE-iotc-st67-sdk.1.0.0.pdsc: PDSC version is not supported
2026-02-12 17:08:11,563 [WARN] PackLoader:240 - Cannot read IP mode file for STMicroelectronics.X-CUBE-NFC9.1.0.0
2026-02-12 17:08:11,569 [WARN] PackLoader:240 - Cannot read IP mode file for STMicroelectronics.X-CUBE-BLE1.7.1.0
2026-02-12 17:08:11,575 [WARN] PackLoader:240 - Cannot read IP mode file for STMicroelectronics.X-CUBE-TCPP.4.1.0
2026-02-12 17:08:11,580 [ERROR] Engine:466 - C:\Users\RND1\.stm32cubemx\thirdparties\pdsc\STMicroelectronics.X-CUBE-FREERTOS.1.4.0.pdsc: PDSC version is not supported
2026-02-12 17:08:11,586 [WARN] PackLoader:240 - Cannot read IP mode file for STMicroelectronics.X-CUBE-EEPRMA1.5.2.0
2026-02-12 17:08:11,589 [ERROR] Engine:466 - C:\Users\RND1\.stm32cubemx\thirdparties\pdsc\STMicroelectronics.X-CUBE-ST67W61.1.1.0.pdsc: PDSC version is not supported
2026-02-12 17:08:11,592 [WARN] PackLoader:240 - Cannot read IP mode file for STMicroelectronics.X-CUBE-AI.10.1.0
2026-02-12 17:08:11,636 [WARN] PackLoader:240 - Cannot read IP mode file for STMicroelectronics.X-CUBE-MEMS1.12.0.0
2026-02-12 17:08:11,689 [WARN] PackLoader:240 - Cannot read IP mode file for STMicroelectronics.X-CUBE-ALGOBUILD.1.3.0
2026-02-12 17:08:11,722 [WARN] PackLoader:240 - Cannot read IP mode file for STMicroelectronics.X-CUBE-MEMS1.11.2.0
2026-02-12 17:08:11,802 [WARN] PackLoader:240 - Cannot read IP mode file for STMicroelectronics.X-CUBE-AZRTOS-G0.1.1.0
2026-02-12 17:08:11,811 [WARN] PackLoader:240 - Cannot read IP mode file for STMicroelectronics.X-CUBE-SAFEA1.1.2.2
2026-02-12 17:08:11,818 [WARN] PackLoader:240 - Cannot read IP mode file for STMicroelectronics.X-CUBE-NFC4.3.0.0
2026-02-12 17:08:11,822 [WARN] PackLoader:240 - Cannot read IP mode file for wolfSSL.I-CUBE-wolfMQTT.1.18.0
2026-02-12 17:08:11,830 [WARN] PackLoader:240 - Cannot read IP mode file for EmbeddedOffice.I-CUBE-FS-RTOS.1.0.1
2026-02-12 17:08:11,831 [ERROR] ConditionMgr:805 - Attr not supported : Dmpu
2026-02-12 17:08:11,831 [ERROR] ConditionMgr:805 - Attr not supported : Dmpu
2026-02-12 17:08:11,831 [ERROR] ConditionMgr:805 - Attr not supported : Dmpu
2026-02-12 17:08:11,831 [ERROR] ConditionMgr:805 - Attr not supported : Dmpu
2026-02-12 17:08:11,831 [ERROR] ConditionMgr:805 - Attr not supported : Dmpu
2026-02-12 17:08:11,831 [ERROR] ConditionMgr:805 - Attr not supported : Dmpu
2026-02-12 17:08:11,831 [ERROR] ConditionMgr:805 - Attr not supported : Dmpu
2026-02-12 17:08:11,831 [ERROR] ConditionMgr:805 - Attr not supported : Dmpu
2026-02-12 17:08:11,831 [ERROR] ConditionMgr:805 - Attr not supported : Dmpu
2026-02-12 17:08:11,831 [ERROR] ConditionMgr:805 - Attr not supported : Dmpu
2026-02-12 17:08:11,831 [ERROR] ConditionMgr:805 - Attr not supported : Dmpu
2026-02-12 17:08:11,831 [ERROR] ConditionMgr:805 - Attr not supported : Dmpu
2026-02-12 17:08:11,831 [ERROR] ConditionMgr:805 - Attr not supported : Dmpu
2026-02-12 17:08:11,831 [ERROR] ConditionMgr:805 - Attr not supported : Dmpu
2026-02-12 17:08:11,832 [ERROR] ConditionMgr:805 - Attr not supported : Dmpu
2026-02-12 17:08:11,832 [ERROR] ConditionMgr:805 - Attr not supported : Dmpu
2026-02-12 17:08:11,832 [ERROR] ConditionMgr:805 - Attr not supported : Dmpu
2026-02-12 17:08:11,832 [ERROR] ConditionMgr:805 - Attr not supported : Dmpu
2026-02-12 17:08:11,832 [ERROR] ConditionMgr:805 - Attr not supported : Dmpu
2026-02-12 17:08:11,832 [ERROR] ConditionMgr:805 - Attr not supported : Dmpu
2026-02-12 17:08:11,832 [ERROR] ConditionMgr:805 - Attr not supported : Dmpu
2026-02-12 17:08:11,832 [ERROR] ConditionMgr:805 - Attr not supported : Dmpu
2026-02-12 17:08:11,832 [ERROR] ConditionMgr:805 - Attr not supported : Dmpu
2026-02-12 17:08:11,832 [ERROR] ConditionMgr:805 - Attr not supported : Dmpu
2026-02-12 17:08:11,832 [ERROR] ConditionMgr:805 - Attr not supported : Dmpu
2026-02-12 17:08:11,832 [ERROR] ConditionMgr:805 - Attr not supported : Dmpu
2026-02-12 17:08:11,832 [ERROR] ConditionMgr:805 - Attr not supported : Dmpu
2026-02-12 17:08:11,832 [ERROR] ConditionMgr:805 - Attr not supported : Dmpu
2026-02-12 17:08:11,833 [ERROR] ConditionMgr:805 - Attr not supported : Dmpu
2026-02-12 17:08:11,833 [ERROR] ConditionMgr:805 - Attr not supported : Dmpu
2026-02-12 17:08:11,833 [ERROR] ConditionMgr:805 - Attr not supported : Dmpu
2026-02-12 17:08:11,833 [ERROR] ConditionMgr:805 - Attr not supported : Dmpu
2026-02-12 17:08:11,833 [ERROR] ConditionMgr:805 - Attr not supported : Dmpu
2026-02-12 17:08:11,833 [ERROR] ConditionMgr:805 - Attr not supported : Dmpu
2026-02-12 17:08:11,833 [ERROR] ConditionMgr:805 - Attr not supported : Dmpu
2026-02-12 17:08:11,833 [ERROR] ConditionMgr:805 - Attr not supported : Dmpu
2026-02-12 17:08:11,834 [ERROR] ConditionMgr:805 - Attr not supported : Dmpu
2026-02-12 17:08:11,834 [ERROR] ConditionMgr:805 - Attr not supported : Dmpu
2026-02-12 17:08:11,834 [ERROR] ConditionMgr:805 - Attr not supported : Dmpu
2026-02-12 17:08:11,834 [ERROR] ConditionMgr:805 - Attr not supported : Dmpu
2026-02-12 17:08:11,834 [ERROR] ConditionMgr:805 - Attr not supported : Dmpu
2026-02-12 17:08:11,834 [ERROR] ConditionMgr:805 - Attr not supported : Dmpu
2026-02-12 17:08:11,834 [ERROR] ConditionMgr:805 - Attr not supported : Dmpu
2026-02-12 17:08:11,834 [ERROR] ConditionMgr:805 - Attr not supported : Dmpu
2026-02-12 17:08:11,834 [ERROR] ConditionMgr:805 - Attr not supported : Dmpu
2026-02-12 17:08:11,834 [ERROR] ConditionMgr:805 - Attr not supported : Dmpu
2026-02-12 17:08:11,835 [ERROR] ConditionMgr:805 - Attr not supported : Dmpu
2026-02-12 17:08:11,835 [ERROR] ConditionMgr:805 - Attr not supported : Dmpu
2026-02-12 17:08:11,835 [ERROR] ConditionMgr:805 - Attr not supported : Dmpu
2026-02-12 17:08:11,835 [ERROR] ConditionMgr:805 - Attr not supported : Dmpu
2026-02-12 17:08:11,835 [ERROR] ConditionMgr:805 - Attr not supported : Dmpu
2026-02-12 17:08:11,835 [ERROR] ConditionMgr:805 - Attr not supported : Dmpu
2026-02-12 17:08:11,835 [ERROR] ConditionMgr:805 - Attr not supported : Dmpu
2026-02-12 17:08:11,835 [ERROR] ConditionMgr:805 - Attr not supported : Dmpu
2026-02-12 17:08:11,835 [ERROR] ConditionMgr:805 - Attr not supported : Dmpu
2026-02-12 17:08:11,835 [ERROR] ConditionMgr:805 - Attr not supported : Dmpu
2026-02-12 17:08:11,835 [ERROR] ConditionMgr:805 - Attr not supported : Dmpu
2026-02-12 17:08:11,835 [ERROR] ConditionMgr:805 - Attr not supported : Dmpu
2026-02-12 17:08:11,835 [ERROR] ConditionMgr:805 - Attr not supported : Dmpu
2026-02-12 17:08:11,835 [ERROR] ConditionMgr:805 - Attr not supported : Dmpu
2026-02-12 17:08:11,835 [ERROR] ConditionMgr:805 - Attr not supported : Dmpu
2026-02-12 17:08:11,835 [ERROR] ConditionMgr:805 - Attr not supported : Dmpu
2026-02-12 17:08:11,835 [ERROR] ConditionMgr:805 - Attr not supported : Dmpu
2026-02-12 17:08:11,835 [ERROR] ConditionMgr:805 - Attr not supported : Dmpu
2026-02-12 17:08:11,839 [WARN] PackLoader:240 - Cannot read IP mode file for STMicroelectronics.X-CUBE-WB05N.2.0.0
2026-02-12 17:08:11,849 [WARN] PackLoader:240 - Cannot read IP mode file for STMicroelectronics.X-CUBE-BLEMGR.3.0.0
2026-02-12 17:08:11,852 [ERROR] Engine:466 - C:\Users\RND1\.stm32cubemx\thirdparties\pdsc\STMicroelectronics.X-CUBE-TCPP.4.2.0.pdsc: PDSC version is not supported
2026-02-12 17:08:11,856 [WARN] PackLoader:240 - Cannot read IP mode file for RealThread.X-CUBE-RT-Thread_Nano.4.1.1
2026-02-12 17:08:11,859 [WARN] PackLoader:240 - Cannot read IP mode file for STMicroelectronics.FP-ATR-SIGFOX1.3.2.0
2026-02-12 17:08:11,862 [WARN] ConditionMgr:438 - getConditionDescription Invalid condition id : Cortex-A Device cause : null
2026-02-12 17:08:11,874 [WARN] ConditionMgr:1039 - genDependencies : Invalid condition id : Cortex-A Device cause : null
2026-02-12 17:08:11,874 [WARN] ConditionMgr:1039 - genDependencies : Invalid condition id : Cortex-A Device cause : null
2026-02-12 17:08:11,874 [WARN] ConditionMgr:1039 - genDependencies : Invalid condition id : Cortex-A Device cause : null
2026-02-12 17:08:11,877 [WARN] PackLoader:240 - Cannot read IP mode file for STMicroelectronics.X-CUBE-EEPRMA1.5.1.0
2026-02-12 17:08:11,883 [WARN] PackLoader:240 - Cannot read IP mode file for STMicroelectronics.X-CUBE-NFC6.3.2.0
2026-02-12 17:08:11,885 [ERROR] Engine:466 - C:\Users\RND1\.stm32cubemx\thirdparties\pdsc\STMicroelectronics.X-CUBE-ST67W61.1.0.0.pdsc: PDSC version is not supported
2026-02-12 17:08:11,888 [WARN] PackLoader:240 - Cannot read IP mode file for STMicroelectronics.X-CUBE-AI.10.2.0
2026-02-12 17:08:11,903 [WARN] PackLoader:240 - Cannot read IP mode file for SEGGER.I-CUBE-embOS.1.3.1
2026-02-12 17:08:11,925 [WARN] PackLoader:240 - Cannot read IP mode file for STMicroelectronics.X-CUBE-ALGOBUILD.1.4.0
2026-02-12 17:08:11,945 [WARN] PackLoader:240 - Cannot read IP mode file for STMicroelectronics.X-CUBE-MEMS1.11.3.0
2026-02-12 17:08:12,009 [WARN] PackLoader:240 - Cannot read IP mode file for STMicroelectronics.X-CUBE-AI.9.1.0
2026-02-12 17:08:12,012 [WARN] PackLoader:240 - Cannot read IP mode file for STMicroelectronics.X-CUBE-PM33A1.1.0.0
2026-02-12 17:08:12,017 [WARN] PackLoader:240 - Cannot read IP mode file for STMicroelectronics.X-CUBE-GNSS1.6.0.0
2026-02-12 17:08:12,026 [WARN] PackLoader:240 - Cannot read IP mode file for STMicroelectronics.X-CUBE-AZRTOS-F4.1.1.0
2026-02-12 17:08:12,030 [WARN] PackLoader:240 - Cannot read IP mode file for wolfSSL.I-CUBE-wolfSSL.5.6.4
2026-02-12 17:08:12,032 [ERROR] Engine:466 - C:\Users\RND1\.stm32cubemx\thirdparties\pdsc\Avnet-IotConnect.X-CUBE-IoTC-DA16k-PMOD.1.0.0.pdsc: PDSC version is not supported
2026-02-12 17:08:12,036 [WARN] PackLoader:240 - Cannot read IP mode file for STMicroelectronics.X-CUBE-ISPU.2.1.0
2026-02-12 17:08:12,039 [ERROR] Engine:466 - C:\Users\RND1\.stm32cubemx\thirdparties\pdsc\STMicroelectronics.X-CUBE-IPS.3.2.0.pdsc: PDSC version is not supported
2026-02-12 17:08:12,042 [WARN] PackLoader:240 - Cannot read IP mode file for STMicroelectronics.X-CUBE-FREERTOS.1.2.0
2026-02-12 17:08:12,047 [WARN] PackLoader:240 - Cannot read IP mode file for STMicroelectronics.X-CUBE-NFC12.1.0.0
2026-02-12 17:08:12,058 [WARN] PackLoader:240 - Cannot read IP mode file for STMicroelectronics.X-CUBE-AZRTOS-L5.2.0.0
2026-02-12 17:08:12,065 [WARN] PackLoader:240 - Cannot read IP mode file for STMicroelectronics.X-CUBE-EEPRMA1.4.2.0
2026-02-12 17:08:12,072 [WARN] PackLoader:240 - Cannot read IP mode file for STMicroelectronics.X-CUBE-NFC6.3.1.0
2026-02-12 17:08:12,078 [WARN] PackLoader:240 - Cannot read IP mode file for ITTIA_DB.I-CUBE-ITTIADB.8.8.0
2026-02-12 17:08:12,083 [WARN] PackLoader:240 - Cannot read IP mode file for STMicroelectronics.X-CUBE-DPower.1.2.0
2026-02-12 17:08:12,086 [WARN] PackLoader:240 - Cannot read IP mode file for STMicroelectronics.X-CUBE-AI.9.0.0
2026-02-12 17:08:12,089 [WARN] PackLoader:240 - Cannot read IP mode file for STMicroelectronics.X-CUBE-FREERTOS.1.3.1
2026-02-12 17:08:12,093 [WARN] PackLoader:240 - Cannot read IP mode file for STMicroelectronics.X-CUBE-FREERTOS.1.3.0
2026-02-12 17:08:12,097 [WARN] PackLoader:240 - Cannot read IP mode file for STMicroelectronics.X-CUBE-NFC7.1.0.1
2026-02-12 17:08:12,102 [WARN] PackLoader:240 - Cannot read IP mode file for STMicroelectronics.X-CUBE-TOUCHGFX.4.26.0
2026-02-12 17:08:12,105 [WARN] PackLoader:240 - Cannot read IP mode file for STMicroelectronics.X-CUBE-NFC6.3.0.0
2026-02-12 17:08:12,108 [ERROR] Engine:466 - C:\Users\RND1\.stm32cubemx\thirdparties\pdsc\STMicroelectronics.FP-SNS-STAIOTCFT.1.0.0.pdsc: PDSC version is not supported
2026-02-12 17:08:12,111 [WARN] PackLoader:240 - Cannot read IP mode file for STMicroelectronics.X-CUBE-DPower.1.3.0
2026-02-12 17:08:12,113 [WARN] PackLoader:240 - Cannot read IP mode file for STMicroelectronics.X-CUBE-AI.8.1.0
2026-02-12 17:08:12,121 [WARN] ConditionMgr:438 - getConditionDescription Invalid condition id : LAN8742 Phy interface Condition cause : null
2026-02-12 17:08:12,122 [WARN] PackLoader:240 - Cannot read IP mode file for STMicroelectronics.X-CUBE-AZRTOS-L4.2.0.0
2026-02-12 17:08:12,123 [WARN] ConditionMgr:1039 - genDependencies : Invalid condition id : LAN8742 Phy interface Condition cause : null
2026-02-12 17:08:12,123 [WARN] ConditionMgr:1039 - genDependencies : Invalid condition id : LAN8742 Phy interface Condition cause : null
2026-02-12 17:08:12,123 [WARN] ConditionMgr:1039 - genDependencies : Invalid condition id : LAN8742 Phy interface Condition cause : null
2026-02-12 17:08:12,127 [WARN] PackLoader:240 - Cannot read IP mode file for STMicroelectronics.X-CUBE-SFXS2LP1.4.0.0
2026-02-12 17:08:12,129 [ERROR] Engine:466 - C:\Users\RND1\.stm32cubemx\thirdparties\pdsc\STMicroelectronics.X-CUBE-ST67W61.1.2.0.pdsc: PDSC version is not supported
2026-02-12 17:08:12,138 [WARN] PackLoader:240 - Cannot read IP mode file for STMicroelectronics.X-CUBE-AZRTOS-H7.3.3.0
2026-02-12 17:08:12,142 [ERROR] Engine:466 - C:\Users\RND1\.stm32cubemx\thirdparties\pdsc\STMicroelectronics.X-CUBE-BLEMGR.4.1.0.pdsc: PDSC version is not supported
2026-02-12 17:08:12,147 [WARN] PackLoader:240 - Cannot read IP mode file for STMicroelectronics.X-CUBE-IPS.3.0.0
2026-02-12 17:08:12,157 [WARN] ConditionMgr:438 - getConditionDescription Invalid condition id : UX DEVICE CLASS RTOS Condition cause : null
2026-02-12 17:08:12,157 [WARN] ConditionMgr:438 - getConditionDescription Invalid condition id : UX DEVICE CLASS RTOS Condition cause : null
2026-02-12 17:08:12,158 [WARN] PackLoader:240 - Cannot read IP mode file for STMicroelectronics.X-CUBE-AZRTOS-WB.2.0.0
2026-02-12 17:08:12,159 [WARN] ConditionMgr:1039 - genDependencies : Invalid condition id : UX DEVICE CLASS RTOS Condition cause : null
2026-02-12 17:08:12,159 [WARN] ConditionMgr:1039 - genDependencies : Invalid condition id : UX DEVICE CLASS RTOS Condition cause : null
2026-02-12 17:08:12,159 [WARN] ConditionMgr:1039 - genDependencies : Invalid condition id : UX DEVICE CLASS RTOS Condition cause : null
2026-02-12 17:08:12,159 [WARN] ConditionMgr:1039 - genDependencies : Invalid condition id : UX DEVICE CLASS RTOS Condition cause : null
2026-02-12 17:08:12,159 [WARN] ConditionMgr:1039 - genDependencies : Invalid condition id : UX DEVICE CLASS RTOS Condition cause : null
2026-02-12 17:08:12,162 [WARN] PackLoader:240 - Cannot read IP mode file for STMicroelectronics.X-CUBE-GNSS1.7.0.0
2026-02-12 17:08:12,166 [WARN] PackLoader:240 - Cannot read IP mode file for STMicroelectronics.X-CUBE-GNSS1.7.0.1
2026-02-12 17:08:12,169 [WARN] PackLoader:240 - Cannot read IP mode file for STMicroelectronics.X-CUBE-TOUCHGFX.4.25.0
2026-02-12 17:08:12,174 [WARN] PackLoader:240 - Cannot read IP mode file for STMicroelectronics.FP-SNS-STBOX1.2.0.0
2026-02-12 17:08:12,179 [WARN] PackLoader:240 - Cannot read IP mode file for STMicroelectronics.X-CUBE-STSE01.2.0.0
2026-02-12 17:08:12,188 [WARN] PackLoader:240 - Cannot read IP mode file for STMicroelectronics.X-CUBE-SUBG2.5.0.0
2026-02-12 17:08:12,202 [WARN] PackLoader:240 - Cannot read IP mode file for STMicroelectronics.X-CUBE-AZRTOS-H7RS.1.1.0
2026-02-12 17:08:12,212 [WARN] PackLoader:240 - Cannot read IP mode file for STMicroelectronics.X-CUBE-AZRTOS-G4.2.0.0
2026-02-12 17:08:12,224 [WARN] PackLoader:240 - Cannot read IP mode file for Infineon.AIROC-Wi-Fi-Bluetooth-STM32.1.5.1
2026-02-12 17:08:12,229 [WARN] PackLoader:240 - Cannot read IP mode file for STMicroelectronics.X-CUBE-NFC7.2.0.0
2026-02-12 17:08:12,233 [WARN] PackLoader:240 - Cannot read IP mode file for STMicroelectronics.FP-SNS-MOTENVWB1.1.3.1
2026-02-12 17:08:12,237 [WARN] PackLoader:240 - Cannot read IP mode file for STMicroelectronics.X-CUBE-ISPU.2.0.0
2026-02-12 17:08:12,240 [ERROR] Engine:466 - C:\Users\RND1\.stm32cubemx\thirdparties\pdsc\STMicroelectronics.X-CUBE-IPS.3.1.0.pdsc: PDSC version is not supported
2026-02-12 17:08:12,245 [WARN] PackLoader:240 - Cannot read IP mode file for STMicroelectronics.X-CUBE-ALS.1.0.2
2026-02-12 17:08:12,262 [WARN] PackLoader:240 - Cannot read IP mode file for STMicroelectronics.X-CUBE-MEMS1.10.0.0
2026-02-12 17:08:12,312 [WARN] PackLoader:240 - Cannot read IP mode file for STMicroelectronics.X-CUBE-FREERTOS.1.1.0
2026-02-12 17:08:12,315 [WARN] PackLoader:240 - Cannot read IP mode file for STMicroelectronics.X-CUBE-TOUCHGFX.4.24.0
2026-02-12 17:08:12,319 [WARN] PackLoader:240 - Cannot read IP mode file for STMicroelectronics.X-CUBE-TOUCHGFX.4.24.2
2026-02-12 17:08:12,322 [WARN] PackLoader:240 - Cannot read IP mode file for STMicroelectronics.X-CUBE-TOUCHGFX.4.24.1
2026-02-12 17:08:12,325 [WARN] PackLoader:240 - Cannot read IP mode file for STMicroelectronics.X-CUBE-STSE01.1.0.0
2026-02-12 17:08:12,330 [WARN] PackLoader:240 - Cannot read IP mode file for wolfSSL.I-CUBE-wolfTPM.3.4.0
2026-02-12 17:08:12,335 [WARN] PackLoader:240 - Cannot read IP mode file for portGmbH.I-Cube-SoM-uGOAL.1.1.0
2026-02-12 17:08:12,337 [WARN] PackLoader:240 - Cannot read IP mode file for STMicroelectronics.X-CUBE-ALS.1.0.1
2026-02-12 17:08:12,345 [WARN] PackLoader:240 - Cannot read IP mode file for STMicroelectronics.X-CUBE-AZRTOS-H7RS.1.0.0
2026-02-12 17:08:12,348 [WARN] PackLoader:240 - Cannot read IP mode file for STMicroelectronics.FP-ATR-ASTRA1.2.0.0
2026-02-12 17:08:12,355 [WARN] PackLoader:240 - Cannot read IP mode file for STMicroelectronics.X-CUBE-TOF1.3.4.2
2026-02-12 17:08:12,362 [ERROR] Engine:466 - C:\Users\RND1\.stm32cubemx\thirdparties\pdsc\STMicroelectronics.X-CUBE-TOF1.3.4.3.pdsc: PDSC version is not supported
2026-02-12 17:08:12,369 [WARN] PackLoader:240 - Cannot read IP mode file for STMicroelectronics.X-CUBE-TOF1.3.4.0
2026-02-12 17:08:12,378 [WARN] PackLoader:240 - Cannot read IP mode file for STMicroelectronics.X-CUBE-TOF1.3.4.1
2026-02-12 17:08:12,394 [WARN] PackLoader:240 - Cannot read IP mode file for STMicroelectronics.X-CUBE-AZRTOS-H7.3.2.0
2026-02-12 17:08:12,400 [WARN] PackLoader:240 - Cannot read IP mode file for wolfSSL.I-CUBE-wolfSSH.1.4.17
2026-02-12 17:08:12,401 [INFO] ThirdParty:978 - Integrity check success = true
2026-02-12 17:08:12,401 [INFO] IntegrityCheckThread:100 - exiting critical section [integrity check]
2026-02-12 17:08:12,401 [INFO] IntegrityCheckThread:103 - End integrity checks thread
2026-02-12 17:08:35,197 [ERROR] LogOutputStream:75 - [STDERR_REDIRECT] SLF4J: Failed to load class "org.slf4j.impl.StaticLoggerBinder".
2026-02-12 17:08:35,197 [ERROR] LogOutputStream:75 - [STDERR_REDIRECT] SLF4J: Defaulting to no-operation (NOP) logger implementation
2026-02-12 17:08:35,205 [ERROR] LogOutputStream:75 - [STDERR_REDIRECT] SLF4J: See http://www.slf4j.org/codes.html#StaticLoggerBinder for further details.
2026-02-12 17:09:03,243 [INFO] Activator:176 - 


2026-02-12 17:09:03,244 [INFO] Activator:177 - !SESSION log4j initialized
2026-02-12 17:09:07,555 [INFO] LogOutputStream:77 - [STDOUT_REDIRECT] 
2026-02-12 17:09:09,133 [INFO] ApplicationProperties:184 - Using Application install path: C:\ST\STM32CubeIDE_1.16.1\STM32CubeIDE\plugins\com.st.stm32cube.common.mx_6.12.1.202409122256
2026-02-12 17:09:09,144 [INFO] DbMcusXml:78 - Set database path to: C:\ST\STM32CubeIDE_1.16.1\STM32CubeIDE\plugins\com.st.stm32cube.common.mx_6.12.1.202409122256\\db\/mcu/
2026-02-12 17:09:09,144 [INFO] ApiDb:274 - Set plugin database path to: C:\ST\STM32CubeIDE_1.16.1\STM32CubeIDE\plugins\com.st.stm32cube.common.mx_6.12.1.202409122256\\db\/plugins/boardmanager/
2026-02-12 17:09:09,144 [WARN] ApiDb:259 - Overriding images path with different value:  => C:\ST\STM32CubeIDE_1.16.1\STM32CubeIDE\plugins\com.st.stm32cube.common.mx_6.12.1.202409122256\\db\/plugins/mcufinder/images/
2026-02-12 17:09:09,149 [INFO] ApiDb:250 - Set database path to: C:\Users\RND1\.stmcufinder\plugins\mcufinder//mcu/
2026-02-12 17:09:09,150 [INFO] DbMcusAds:125 - Set database path to: C:\Users\RND1\.stmcufinder\plugins\mcufinder//mcu/
2026-02-12 17:09:09,152 [INFO] CrossReferenceDbSqlite:203 - Set database path to: C:\Users\RND1\.stmcufinder\plugins\mcufinder//mcu/cs/
2026-02-12 17:09:09,223 [INFO] RulesReader:64 - Compatibility file has been processed (297 Rules)
2026-02-12 17:09:09,306 [INFO] DbMcusXml:78 - Set database path to: C:\ST\STM32CubeIDE_1.16.1\STM32CubeIDE\plugins\com.st.stm32cube.common.mx_6.12.1.202409122256\\db\/mcu/
2026-02-12 17:09:09,306 [INFO] ApiDb:274 - Set plugin database path to: C:\ST\STM32CubeIDE_1.16.1\STM32CubeIDE\plugins\com.st.stm32cube.common.mx_6.12.1.202409122256\\db\/plugins/boardmanager/
2026-02-12 17:09:09,307 [INFO] ApiDb:261 - Set plugin images path to: C:\ST\STM32CubeIDE_1.16.1\STM32CubeIDE\plugins\com.st.stm32cube.common.mx_6.12.1.202409122256\\db\/plugins/mcufinder/images/
2026-02-12 17:09:09,307 [WARN] DbFile:41 - Overriding database path with different value: C:\Users\RND1\.stmcufinder\plugins\mcufinder/ => C:\Users\RND1\.stmcufinder\plugins\mcufinder
2026-02-12 17:09:09,307 [INFO] ApiDb:250 - Set database path to: C:\Users\RND1\.stmcufinder\plugins\mcufinder//mcu/
2026-02-12 17:09:09,307 [WARN] DbFile:41 - Overriding database path with different value: C:\Users\RND1\.stmcufinder\plugins\mcufinder/ => C:\Users\RND1\.stmcufinder\plugins\mcufinder
2026-02-12 17:09:09,307 [INFO] DbMcusAds:125 - Set database path to: C:\Users\RND1\.stmcufinder\plugins\mcufinder//mcu/
2026-02-12 17:09:09,307 [WARN] DbFile:41 - Overriding database path with different value: C:\Users\RND1\.stmcufinder\plugins\mcufinder/ => C:\Users\RND1\.stmcufinder\plugins\mcufinder
2026-02-12 17:09:09,307 [WARN] DbFile:41 - Overriding database path with different value: C:\Users\RND1\.stmcufinder\plugins\mcufinder/ => C:\Users\RND1\.stmcufinder\plugins\mcufinder
2026-02-12 17:09:09,307 [INFO] CrossReferenceDbSqlite:203 - Set database path to: C:\Users\RND1\.stmcufinder\plugins\mcufinder//mcu/cs/
2026-02-12 17:09:09,362 [INFO] MainPanel:268 - HeapMemory: 268435456
2026-02-12 17:09:09,417 [INFO] DbMcusXml:78 - Set database path to: C:\ST\STM32CubeIDE_1.16.1\STM32CubeIDE\plugins\com.st.stm32cube.common.mx_6.12.1.202409122256\\db\/mcu/
2026-02-12 17:09:09,417 [INFO] ApiDb:274 - Set plugin database path to: C:\ST\STM32CubeIDE_1.16.1\STM32CubeIDE\plugins\com.st.stm32cube.common.mx_6.12.1.202409122256\\db\/plugins/boardmanager/
2026-02-12 17:09:09,417 [INFO] ApiDb:261 - Set plugin images path to: C:\ST\STM32CubeIDE_1.16.1\STM32CubeIDE\plugins\com.st.stm32cube.common.mx_6.12.1.202409122256\\db\/plugins/mcufinder/images/
2026-02-12 17:09:09,417 [WARN] DbFile:41 - Overriding database path with different value: C:\Users\RND1\.stmcufinder\plugins\mcufinder/ => C:\Users\RND1\.stmcufinder\plugins\mcufinder
2026-02-12 17:09:09,417 [INFO] ApiDb:250 - Set database path to: C:\Users\RND1\.stmcufinder\plugins\mcufinder//mcu/
2026-02-12 17:09:09,417 [WARN] DbFile:41 - Overriding database path with different value: C:\Users\RND1\.stmcufinder\plugins\mcufinder/ => C:\Users\RND1\.stmcufinder\plugins\mcufinder
2026-02-12 17:09:09,418 [INFO] DbMcusAds:125 - Set database path to: C:\Users\RND1\.stmcufinder\plugins\mcufinder//mcu/
2026-02-12 17:09:09,418 [WARN] DbFile:41 - Overriding database path with different value: C:\Users\RND1\.stmcufinder\plugins\mcufinder/ => C:\Users\RND1\.stmcufinder\plugins\mcufinder
2026-02-12 17:09:09,418 [WARN] DbFile:41 - Overriding database path with different value: C:\Users\RND1\.stmcufinder\plugins\mcufinder/ => C:\Users\RND1\.stmcufinder\plugins\mcufinder
2026-02-12 17:09:09,418 [INFO] CrossReferenceDbSqlite:203 - Set database path to: C:\Users\RND1\.stmcufinder\plugins\mcufinder//mcu/cs/
2026-02-12 17:09:09,429 [INFO] ApplicationProperties:184 - Using Application install path: C:\ST\STM32CubeIDE_1.16.1\STM32CubeIDE\plugins\com.st.stm32cube.common.mx_6.12.1.202409122256
2026-02-12 17:09:09,430 [INFO] PluginManage:196 - Search for loadable plugins [exclusion list=, ]
2026-02-12 17:09:09,431 [INFO] PluginManage:310 - Check plugin analytics
2026-02-12 17:09:09,555 [INFO] AnalyticsPlugin:253 - Accepted Software Licenses: STM32CubeMX.6.10.0
2026-02-12 17:09:09,555 [INFO] AnalyticsPlugin:255 - Accepted CMSIS Pack Licenses: 
2026-02-12 17:09:09,555 [INFO] AnalyticsPlugin:257 - Accepted Firmware Licenses: FW.G4.1.5.0,FW.G4.1.6.0,FW.F4.1.28.0,FW.H7.1.11.0,FW.H7.1.12.0
2026-02-12 17:09:09,558 [INFO] PluginManage:359 - Loaded plugin analytics (category:tool,tabindex:-1)
2026-02-12 17:09:09,558 [INFO] PluginManage:310 - Check plugin cadmodel
2026-02-12 17:09:09,563 [INFO] CADModel:105 - Init CAD model plugin
2026-02-12 17:09:09,563 [INFO] PluginManage:359 - Loaded plugin cadmodel (category:power,tabindex:5)
2026-02-12 17:09:09,563 [INFO] PluginManage:310 - Check plugin clock
2026-02-12 17:09:09,572 [INFO] PluginManage:359 - Loaded plugin clock (category:base,tabindex:2)
2026-02-12 17:09:09,572 [INFO] PluginManage:310 - Check plugin ddr
2026-02-12 17:09:09,574 [INFO] PluginManage:359 - Loaded plugin ddr (category:tool,tabindex:6)
2026-02-12 17:09:09,574 [INFO] PluginManage:310 - Check plugin filemanager
2026-02-12 17:09:09,686 [INFO] PluginManage:359 - Loaded plugin filemanager (category:base,tabindex:10)
2026-02-12 17:09:09,687 [INFO] PluginManage:310 - Check plugin ipmanager
2026-02-12 17:09:09,693 [INFO] PluginManage:359 - Loaded plugin ipmanager (category:base,tabindex:5)
2026-02-12 17:09:09,694 [INFO] PluginManage:310 - Check plugin lpbam
2026-02-12 17:09:09,701 [INFO] PluginManage:359 - Loaded plugin lpbam (category:base,tabindex:0)
2026-02-12 17:09:09,701 [INFO] PluginManage:310 - Check plugin memorymap
2026-02-12 17:09:09,710 [INFO] PluginManage:359 - Loaded plugin memorymap (category:base,tabindex:4)
2026-02-12 17:09:09,710 [INFO] PluginManage:310 - Check plugin pinoutandconfiguration
2026-02-12 17:09:09,717 [INFO] PluginManage:359 - Loaded plugin pinoutandconfiguration (category:base,tabindex:1)
2026-02-12 17:09:09,718 [INFO] PluginManage:310 - Check plugin pinoutconfig
2026-02-12 17:09:09,780 [WARN] SupportedApi:132 - Cannot load RTOS API schema: s4s-elt-must-match.1: The content of 'definitions' must match (annotation?, (simpleType | complexType)?, (unique | key | keyref)*)). A problem was found starting at: attribute.
2026-02-12 17:09:09,866 [INFO] PluginManage:359 - Loaded plugin pinoutconfig (category:base,tabindex:0)
2026-02-12 17:09:09,867 [INFO] PluginManage:310 - Check plugin power
2026-02-12 17:09:09,873 [INFO] PluginManage:359 - Loaded plugin power (category:power,tabindex:4)
2026-02-12 17:09:09,873 [INFO] PluginManage:310 - Check plugin projectmanager
2026-02-12 17:09:09,884 [INFO] PluginManage:359 - Loaded plugin projectmanager (category:projectmanager,tabindex:4)
2026-02-12 17:09:09,884 [INFO] PluginManage:310 - Check plugin rif
2026-02-12 17:09:09,887 [INFO] PluginManage:359 - Loaded plugin rif (category:base,tabindex:3)
2026-02-12 17:09:09,887 [INFO] PluginManage:310 - Check plugin thirdparty
2026-02-12 17:09:09,975 [WARN] IntegrityCheckThread:84 - waiting for thirdparty lock release [integrity check]
2026-02-12 17:09:09,976 [INFO] PluginManage:359 - Loaded plugin thirdparty (category:base,tabindex:-1)
2026-02-12 17:09:09,976 [INFO] IntegrityCheckThread:86 - entering critical section [integrity check]
2026-02-12 17:09:09,976 [INFO] PluginManage:310 - Check plugin tools
2026-02-12 17:09:09,976 [INFO] ThirdPartyUpdaterWithRetryManager:70 - Updater plugin not ready yet. [1/15]
2026-02-12 17:09:09,978 [INFO] PluginManage:359 - Loaded plugin tools (category:base,tabindex:7)
2026-02-12 17:09:09,978 [INFO] PluginManage:310 - Check plugin tutovideos
2026-02-12 17:09:10,089 [INFO] PluginManage:359 - Loaded plugin tutovideos (category:base,tabindex:-1)
2026-02-12 17:09:10,090 [INFO] PluginManage:310 - Check plugin updater
2026-02-12 17:09:10,101 [INFO] PluginManage:359 - Loaded plugin updater (category:base,tabindex:12)
2026-02-12 17:09:10,101 [INFO] PluginManage:310 - Check plugin userauth
2026-02-12 17:09:10,106 [INFO] UserAuth:113 - Init User Auth plugin
2026-02-12 17:09:10,106 [INFO] PluginManage:359 - Loaded plugin userauth (category:base,tabindex:14)
2026-02-12 17:09:10,106 [INFO] PluginManage:283 - PluginManage : Loaded plugins [18]
2026-02-12 17:09:10,259 [INFO] PinOutPanel:1561 - setPackage(No Configuration,No Configuration)
2026-02-12 17:09:10,329 [INFO] CADModel:165 - CPN selected for project level
2026-02-12 17:09:10,330 [INFO] CADModel:114 - Register for checkConnection events
2026-02-12 17:09:10,343 [INFO] IPUIPlugin:80 - create IPUIPlugin
2026-02-12 17:09:10,343 [INFO] PluginManager:220 - loadIPPluginJar : add adc
2026-02-12 17:09:10,345 [INFO] IPUIPlugin:80 - create IPUIPlugin
2026-02-12 17:09:10,345 [INFO] PluginManager:220 - loadIPPluginJar : add aes
2026-02-12 17:09:10,347 [INFO] IPUIPlugin:80 - create IPUIPlugin
2026-02-12 17:09:10,348 [INFO] PluginManager:220 - loadIPPluginJar : add can
2026-02-12 17:09:10,349 [INFO] IPUIPlugin:80 - create IPUIPlugin
2026-02-12 17:09:10,349 [INFO] PluginManager:220 - loadIPPluginJar : add comp
2026-02-12 17:09:10,351 [INFO] IPUIPlugin:80 - create IPUIPlugin
2026-02-12 17:09:10,351 [INFO] PluginManager:220 - loadIPPluginJar : add cryp
2026-02-12 17:09:10,353 [INFO] IPUIPlugin:80 - create IPUIPlugin
2026-02-12 17:09:10,353 [INFO] PluginManager:220 - loadIPPluginJar : add ddr_ctrl_phy
2026-02-12 17:09:10,356 [INFO] IPUIPlugin:80 - create IPUIPlugin
2026-02-12 17:09:10,357 [INFO] PluginManager:220 - loadIPPluginJar : add dfsdm
2026-02-12 17:09:10,361 [INFO] IPUIPlugin:80 - create IPUIPlugin
2026-02-12 17:09:10,361 [INFO] PluginManager:220 - loadIPPluginJar : add dma
2026-02-12 17:09:10,363 [INFO] IPUIPlugin:80 - create IPUIPlugin
2026-02-12 17:09:10,364 [INFO] PluginManager:220 - loadIPPluginJar : add dma3
2026-02-12 17:09:10,366 [INFO] IPUIPlugin:80 - create IPUIPlugin
2026-02-12 17:09:10,366 [INFO] PluginManager:220 - loadIPPluginJar : add extmemmanager
2026-02-12 17:09:10,367 [INFO] IPUIPlugin:80 - create IPUIPlugin
2026-02-12 17:09:10,367 [INFO] PluginManager:220 - loadIPPluginJar : add fatfs
2026-02-12 17:09:10,370 [INFO] IPUIPlugin:80 - create IPUIPlugin
2026-02-12 17:09:10,370 [INFO] PluginManager:220 - loadIPPluginJar : add fmc
2026-02-12 17:09:10,374 [INFO] IPUIPlugin:80 - create IPUIPlugin
2026-02-12 17:09:10,375 [INFO] PluginManager:220 - loadIPPluginJar : add freertos
2026-02-12 17:09:10,376 [INFO] IPUIPlugin:80 - create IPUIPlugin
2026-02-12 17:09:10,376 [INFO] PluginManager:220 - loadIPPluginJar : add genericplugin
2026-02-12 17:09:10,378 [INFO] IPUIPlugin:80 - create IPUIPlugin
2026-02-12 17:09:10,378 [INFO] PluginManager:220 - loadIPPluginJar : add gfxmmu
2026-02-12 17:09:10,385 [INFO] IPUIPlugin:80 - create IPUIPlugin
2026-02-12 17:09:10,386 [INFO] PluginManager:220 - loadIPPluginJar : add gic
2026-02-12 17:09:10,391 [INFO] IPUIPlugin:80 - create IPUIPlugin
2026-02-12 17:09:10,391 [INFO] PluginManager:220 - loadIPPluginJar : add gpio
2026-02-12 17:09:10,394 [INFO] IPUIPlugin:80 - create IPUIPlugin
2026-02-12 17:09:10,394 [INFO] PluginManager:220 - loadIPPluginJar : add gtzc
2026-02-12 17:09:10,397 [INFO] IPUIPlugin:80 - create IPUIPlugin
2026-02-12 17:09:10,397 [INFO] PluginManager:220 - loadIPPluginJar : add hash
2026-02-12 17:09:10,400 [INFO] IPUIPlugin:80 - create IPUIPlugin
2026-02-12 17:09:10,400 [INFO] PluginManager:220 - loadIPPluginJar : add i2c
2026-02-12 17:09:10,403 [INFO] IPUIPlugin:80 - create IPUIPlugin
2026-02-12 17:09:10,403 [INFO] PluginManager:220 - loadIPPluginJar : add i2s
2026-02-12 17:09:10,405 [INFO] IPUIPlugin:80 - create IPUIPlugin
2026-02-12 17:09:10,405 [INFO] PluginManager:220 - loadIPPluginJar : add i3c
2026-02-12 17:09:10,408 [INFO] IPUIPlugin:80 - create IPUIPlugin
2026-02-12 17:09:10,408 [INFO] PluginManager:220 - loadIPPluginJar : add ipddr
2026-02-12 17:09:10,413 [INFO] IPUIPlugin:80 - create IPUIPlugin
2026-02-12 17:09:10,414 [INFO] PluginManager:220 - loadIPPluginJar : add linkedlist
2026-02-12 17:09:10,417 [INFO] IPUIPlugin:80 - create IPUIPlugin
2026-02-12 17:09:10,417 [INFO] PluginManager:220 - loadIPPluginJar : add lorawan
2026-02-12 17:09:10,418 [INFO] IPUIPlugin:80 - create IPUIPlugin
2026-02-12 17:09:10,418 [INFO] PluginManager:220 - loadIPPluginJar : add ltdc
2026-02-12 17:09:10,422 [INFO] IPUIPlugin:80 - create IPUIPlugin
2026-02-12 17:09:10,423 [INFO] PluginManager:220 - loadIPPluginJar : add mdma
2026-02-12 17:09:10,425 [INFO] IPUIPlugin:80 - create IPUIPlugin
2026-02-12 17:09:10,425 [INFO] PluginManager:220 - loadIPPluginJar : add nvic
2026-02-12 17:09:10,428 [INFO] IPUIPlugin:80 - create IPUIPlugin
2026-02-12 17:09:10,428 [INFO] PluginManager:220 - loadIPPluginJar : add opamp
2026-02-12 17:09:10,431 [INFO] IPUIPlugin:80 - create IPUIPlugin
2026-02-12 17:09:10,432 [INFO] PluginManager:220 - loadIPPluginJar : add openamp
2026-02-12 17:09:10,434 [INFO] IPUIPlugin:80 - create IPUIPlugin
2026-02-12 17:09:10,434 [INFO] PluginManager:220 - loadIPPluginJar : add pdm2pcm
2026-02-12 17:09:10,438 [INFO] IPUIPlugin:80 - create IPUIPlugin
2026-02-12 17:09:10,440 [INFO] PluginManager:220 - loadIPPluginJar : add plateformsettings
2026-02-12 17:09:10,441 [INFO] IPUIPlugin:80 - create IPUIPlugin
2026-02-12 17:09:10,441 [INFO] PluginManager:220 - loadIPPluginJar : add quadspi
2026-02-12 17:09:10,442 [INFO] IPUIPlugin:80 - create IPUIPlugin
2026-02-12 17:09:10,443 [INFO] PluginManager:220 - loadIPPluginJar : add radio
2026-02-12 17:09:10,444 [INFO] IPUIPlugin:80 - create IPUIPlugin
2026-02-12 17:09:10,444 [INFO] PluginManager:220 - loadIPPluginJar : add resmgrutility
2026-02-12 17:09:10,448 [INFO] IPUIPlugin:80 - create IPUIPlugin
2026-02-12 17:09:10,448 [INFO] PluginManager:220 - loadIPPluginJar : add sai
2026-02-12 17:09:10,450 [INFO] IPUIPlugin:80 - create IPUIPlugin
2026-02-12 17:09:10,450 [INFO] PluginManager:220 - loadIPPluginJar : add spi
2026-02-12 17:09:10,455 [INFO] IPUIPlugin:80 - create IPUIPlugin
2026-02-12 17:09:10,455 [INFO] PluginManager:220 - loadIPPluginJar : add stm32_wpan
2026-02-12 17:09:10,456 [INFO] IPUIPlugin:80 - create IPUIPlugin
2026-02-12 17:09:10,456 [INFO] PluginManager:220 - loadIPPluginJar : add tim
2026-02-12 17:09:10,459 [INFO] IPUIPlugin:80 - create IPUIPlugin
2026-02-12 17:09:10,459 [INFO] PluginManager:220 - loadIPPluginJar : add touchsensing
2026-02-12 17:09:10,461 [INFO] IPUIPlugin:80 - create IPUIPlugin
2026-02-12 17:09:10,461 [INFO] PluginManager:220 - loadIPPluginJar : add tracer_emb
2026-02-12 17:09:10,462 [INFO] IPUIPlugin:80 - create IPUIPlugin
2026-02-12 17:09:10,462 [INFO] PluginManager:220 - loadIPPluginJar : add ts
2026-02-12 17:09:10,464 [INFO] IPUIPlugin:80 - create IPUIPlugin
2026-02-12 17:09:10,464 [INFO] PluginManager:220 - loadIPPluginJar : add tsc
2026-02-12 17:09:10,465 [INFO] IPUIPlugin:80 - create IPUIPlugin
2026-02-12 17:09:10,465 [INFO] PluginManager:220 - loadIPPluginJar : add ucpd
2026-02-12 17:09:10,467 [INFO] IPUIPlugin:80 - create IPUIPlugin
2026-02-12 17:09:10,467 [INFO] PluginManager:220 - loadIPPluginJar : add usart
2026-02-12 17:09:10,469 [INFO] IPUIPlugin:80 - create IPUIPlugin
2026-02-12 17:09:10,470 [INFO] PluginManager:220 - loadIPPluginJar : add usbx
2026-02-12 17:09:10,578 [INFO] CADModel:165 - CPN selected for project level
2026-02-12 17:09:10,578 [INFO] CADModel:114 - Register for checkConnection events
2026-02-12 17:09:10,578 [FATAL] Updater:334 - Updater called before beeing initialized
2026-02-12 17:09:10,578 [ERROR] CADModel:125 - Updater not yet initialized, retry later 
2026-02-12 17:09:10,663 [INFO] CADModel:165 - CPN selected for project level
2026-02-12 17:09:10,663 [INFO] CADModel:114 - Register for checkConnection events
2026-02-12 17:09:10,663 [FATAL] Updater:334 - Updater called before beeing initialized
2026-02-12 17:09:10,663 [ERROR] CADModel:125 - Updater not yet initialized, retry later 
2026-02-12 17:09:10,666 [FATAL] Updater:334 - Updater called before beeing initialized
2026-02-12 17:09:10,744 [FATAL] Updater:334 - Updater called before beeing initialized
2026-02-12 17:09:10,746 [INFO] DbMcusAds:53 - JSON generation date=Fri Jan 09 00:56:32 KST 2026 (1767887792457)
2026-02-12 17:09:10,747 [FATAL] Updater:334 - Updater called before beeing initialized
2026-02-12 17:09:10,775 [WARN] DetailPanel:346 - Failed to get advertising image, set to default
2026-02-12 17:09:10,860 [FATAL] Updater:334 - Updater called before beeing initialized
2026-02-12 17:09:10,861 [FATAL] Updater:334 - Updater called before beeing initialized
2026-02-12 17:09:10,861 [FATAL] Updater:334 - Updater called before beeing initialized
2026-02-12 17:09:10,861 [WARN] DetailPanel:346 - Failed to get advertising image, set to default
2026-02-12 17:09:10,862 [FATAL] Updater:334 - Updater called before beeing initialized
2026-02-12 17:09:10,895 [ERROR] Updater:1164 - MainUpdater not yet initialized. External WinMGr cannot be set.
2026-02-12 17:09:10,897 [INFO] Updater:1100 - Updater Version found : 6.12.1
2026-02-12 17:09:10,907 [INFO] ApplicationProperties:184 - Using Application install path: C:\ST\STM32CubeIDE_1.16.1\STM32CubeIDE\plugins\com.st.stm32cube.common.mx_6.12.1.202409122256
2026-02-12 17:09:11,582 [INFO] MainUpdater:2873 - connection check result : 10
2026-02-12 17:09:11,586 [INFO] MainUpdater:290 - Updater Check For Update Now.
2026-02-12 17:09:11,586 [INFO] MicroXplorer:498 - Change Database Version : DB.6.0.121
2026-02-12 17:09:11,599 [INFO] McuFinderGlobals:63 - Set McuFinder mode to 2 (CubeIDE integrated)
2026-02-12 17:09:11,601 [INFO] UserAuth:417 - Internet connection configuration mode: 1
2026-02-12 17:09:11,627 [INFO] JxBrowserEngine:152 - Initiate JxBrowser Engine with user profile folder
2026-02-12 17:09:11,773 [INFO] CheckServerUpdateThread:120 - End of CheckServer Thread
2026-02-12 17:09:12,082 [INFO] WebApp:167 - Instantiating new browser for Auth
2026-02-12 17:09:12,573 [INFO] WebApp:448 - Apply proxy settings
2026-02-12 17:09:12,577 [INFO] WebApp:493 - Chromium authenticates against Manually configured proxy
2026-02-12 17:09:12,581 [INFO] WebApp:501 - Username used for proxy authentication: 
2026-02-12 17:09:12,598 [INFO] WebApp:869 - Register for checkConnection events
2026-02-12 17:09:12,598 [INFO] WebApp:448 - Apply proxy settings
2026-02-12 17:09:12,601 [INFO] WebApp:493 - Chromium authenticates against Manually configured proxy
2026-02-12 17:09:12,601 [INFO] WebApp:501 - Username used for proxy authentication: 
2026-02-12 17:09:12,696 [INFO] WebApp:220 - Starting web application
2026-02-12 17:09:12,696 [INFO] WebApp:578 - Web application path used C:\ST\STM32CubeIDE_1.16.1\STM32CubeIDE\plugins\com.st.stm32cube.common.mx_6.12.1.202409122256\db\plugins\mcufinder\reactClient1\index.html
2026-02-12 17:09:12,748 [INFO] UserAuth:417 - Internet connection configuration mode: 1
2026-02-12 17:09:12,879 [INFO] WebApp:186 - Connection restablished
2026-02-12 17:09:13,251 [WARN] PackLoader:240 - Cannot read IP mode file for STMicroelectronics.FP-SNS-MOTENVWB1.1.4.0
2026-02-12 17:09:13,263 [WARN] PackLoader:240 - Cannot read IP mode file for STMicroelectronics.FP-ATR-ASTRA1.2.0.2
2026-02-12 17:09:13,266 [WARN] PackLoader:240 - Cannot read IP mode file for STMicroelectronics.FP-ATR-ASTRA1.2.0.1
2026-02-12 17:09:13,271 [WARN] PackLoader:240 - Cannot read IP mode file for STMicroelectronics.X-CUBE-SMBUS.2.1.0
2026-02-12 17:09:13,276 [WARN] PackLoader:240 - Cannot read IP mode file for STMicroelectronics.X-CUBE-WB05N.1.1.0
2026-02-12 17:09:13,279 [ERROR] Engine:466 - C:\Users\RND1\.stm32cubemx\thirdparties\pdsc\STMicroelectronics.X-CUBE-ST60.1.0.0.pdsc: PDSC version is not supported
2026-02-12 17:09:13,284 [WARN] PackLoader:240 - Cannot read IP mode file for STMicroelectronics.X-CUBE-TOUCHGFX.4.23.0
2026-02-12 17:09:13,286 [WARN] PackLoader:240 - Cannot read IP mode file for STMicroelectronics.X-CUBE-TOUCHGFX.4.23.2
2026-02-12 17:09:13,304 [WARN] PackLoader:240 - Cannot read IP mode file for STMicroelectronics.X-CUBE-AZRTOS-F7.1.1.0
2026-02-12 17:09:13,312 [WARN] PackLoader:240 - Cannot read IP mode file for STMicroelectronics.FP-SNS-MOTENV1.4.3.2
2026-02-12 17:09:13,347 [WARN] PackLoader:240 - Cannot read IP mode file for STMicroelectronics.X-CUBE-MEMS1.11.0.0
2026-02-12 17:09:13,422 [ERROR] Engine:466 - C:\Users\RND1\.stm32cubemx\thirdparties\pdsc\STMicroelectronics.FP-SNS-MOTENV1.5.1.0.pdsc: PDSC version is not supported
2026-02-12 17:09:13,425 [WARN] PackLoader:240 - Cannot read IP mode file for STMicroelectronics.FP-SNS-FLIGHT1.5.0.2
2026-02-12 17:09:13,437 [WARN] PackLoader:240 - Cannot read IP mode file for STMicroelectronics.X-CUBE-AZRTOS-H7.3.4.0
2026-02-12 17:09:13,448 [WARN] PackLoader:240 - Cannot read IP mode file for STMicroelectronics.X-CUBE-DISPLAY.3.0.0
2026-02-12 17:09:13,454 [WARN] PackLoader:240 - Cannot read IP mode file for STMicroelectronics.X-CUBE-BLE1.7.0.0
2026-02-12 17:09:13,458 [WARN] PackLoader:240 - Cannot read IP mode file for STMicroelectronics.X-CUBE-NFC10.1.0.0
2026-02-12 17:09:13,465 [WARN] PackLoader:240 - Cannot read IP mode file for STMicroelectronics.X-CUBE-BLEMGR.4.0.0
2026-02-12 17:09:13,469 [ERROR] Engine:466 - C:\Users\RND1\.stm32cubemx\thirdparties\pdsc\STMicroelectronics.X-CUBE-ST60.1.1.0.pdsc: PDSC version is not supported
2026-02-12 17:09:13,472 [WARN] PackLoader:240 - Cannot read IP mode file for emotas.I-CUBE-CANOPEN.1.3.0
2026-02-12 17:09:13,476 [WARN] PackLoader:240 - Cannot read IP mode file for STMicroelectronics.X-CUBE-GNSS1.7.1.0
2026-02-12 17:09:13,482 [WARN] PackLoader:240 - Cannot read IP mode file for STMicroelectronics.X-CUBE-BLEMGR.3.1.0
2026-02-12 17:09:13,488 [WARN] PackLoader:240 - Cannot read IP mode file for STMicroelectronics.X-CUBE-AI.10.0.0
2026-02-12 17:09:13,490 [ERROR] Engine:466 - C:\Users\RND1\.stm32cubemx\thirdparties\pdsc\STMicroelectronics.FP-SNS-STBOX1.2.1.0.pdsc: PDSC version is not supported
2026-02-12 17:09:13,493 [WARN] PackLoader:240 - Cannot read IP mode file for STMicroelectronics.FP-SNS-SMARTAG2.1.2.0
2026-02-12 17:09:13,496 [ERROR] Engine:466 - C:\Users\RND1\.stm32cubemx\thirdparties\pdsc\STMicroelectronics.FP-SNS-FLIGHT1.5.1.0.pdsc: PDSC version is not supported
2026-02-12 17:09:13,522 [WARN] PackLoader:240 - Cannot read IP mode file for STMicroelectronics.X-CUBE-MEMS1.11.1.0
2026-02-12 17:09:13,590 [INFO] LogOutputStream:77 - [STDOUT_REDIRECT] 1 : Invalid condition id : UX_CORESTACK_Condition cause : null
2026-02-12 17:09:13,591 [INFO] LogOutputStream:77 - [STDOUT_REDIRECT] 1 : Invalid condition id : UX_CORESTACK_Condition cause : null
2026-02-12 17:09:13,592 [INFO] LogOutputStream:77 - [STDOUT_REDIRECT] 1 : Invalid condition id : UX_CORESTACK_Condition cause : null
2026-02-12 17:09:13,594 [INFO] LogOutputStream:77 - [STDOUT_REDIRECT] 1 : Invalid condition id : UX_CORESTACK_Condition cause : null
2026-02-12 17:09:13,611 [INFO] LogOutputStream:77 - [STDOUT_REDIRECT] 1 : Invalid condition id : UX_CORESTACK_Condition cause : null
2026-02-12 17:09:13,617 [WARN] PackLoader:240 - Cannot read IP mode file for STMicroelectronics.X-CUBE-AZRTOS-WL.2.0.0
2026-02-12 17:09:13,622 [WARN] PackLoader:240 - Cannot read IP mode file for STMicroelectronics.FP-SNS-MOTENV1.5.0.0
2026-02-12 17:09:13,642 [WARN] PackLoader:240 - Cannot read IP mode file for STMicroelectronics.X-CUBE-AZRTOS-H7RS.1.2.0
2026-02-12 17:09:13,648 [WARN] PackLoader:240 - Cannot read IP mode file for wolfSSL.I-CUBE-wolfMQTT.1.19.0
2026-02-12 17:09:13,655 [WARN] PackLoader:240 - Cannot read IP mode file for WES.I-CUBE-Cesium.1.3.0
2026-02-12 17:09:13,659 [WARN] PackLoader:240 - Cannot read IP mode file for STMicroelectronics.X-CUBE-BLE2.3.3.0
2026-02-12 17:09:13,664 [ERROR] Engine:466 - C:\Users\RND1\.stm32cubemx\thirdparties\pdsc\Avnet-IOTCONNECT.X-CUBE-iotc-st67-sdk.1.0.0.pdsc: PDSC version is not supported
2026-02-12 17:09:13,668 [WARN] PackLoader:240 - Cannot read IP mode file for STMicroelectronics.X-CUBE-NFC9.1.0.0
2026-02-12 17:09:13,673 [WARN] PackLoader:240 - Cannot read IP mode file for STMicroelectronics.X-CUBE-BLE1.7.1.0
2026-02-12 17:09:13,678 [WARN] PackLoader:240 - Cannot read IP mode file for STMicroelectronics.X-CUBE-TCPP.4.1.0
2026-02-12 17:09:13,682 [ERROR] Engine:466 - C:\Users\RND1\.stm32cubemx\thirdparties\pdsc\STMicroelectronics.X-CUBE-FREERTOS.1.4.0.pdsc: PDSC version is not supported
2026-02-12 17:09:13,686 [WARN] PackLoader:240 - Cannot read IP mode file for STMicroelectronics.X-CUBE-EEPRMA1.5.2.0
2026-02-12 17:09:13,689 [ERROR] Engine:466 - C:\Users\RND1\.stm32cubemx\thirdparties\pdsc\STMicroelectronics.X-CUBE-ST67W61.1.1.0.pdsc: PDSC version is not supported
2026-02-12 17:09:13,692 [WARN] PackLoader:240 - Cannot read IP mode file for STMicroelectronics.X-CUBE-AI.10.1.0
2026-02-12 17:09:13,718 [WARN] PackLoader:240 - Cannot read IP mode file for STMicroelectronics.X-CUBE-MEMS1.12.0.0
2026-02-12 17:09:13,771 [WARN] PackLoader:240 - Cannot read IP mode file for STMicroelectronics.X-CUBE-ALGOBUILD.1.3.0
2026-02-12 17:09:13,797 [WARN] PackLoader:240 - Cannot read IP mode file for STMicroelectronics.X-CUBE-MEMS1.11.2.0
2026-02-12 17:09:13,865 [WARN] PackLoader:240 - Cannot read IP mode file for STMicroelectronics.X-CUBE-AZRTOS-G0.1.1.0
2026-02-12 17:09:13,870 [WARN] PackLoader:240 - Cannot read IP mode file for STMicroelectronics.X-CUBE-SAFEA1.1.2.2
2026-02-12 17:09:13,875 [WARN] PackLoader:240 - Cannot read IP mode file for STMicroelectronics.X-CUBE-NFC4.3.0.0
2026-02-12 17:09:13,877 [WARN] PackLoader:240 - Cannot read IP mode file for wolfSSL.I-CUBE-wolfMQTT.1.18.0
2026-02-12 17:09:13,884 [WARN] PackLoader:240 - Cannot read IP mode file for EmbeddedOffice.I-CUBE-FS-RTOS.1.0.1
2026-02-12 17:09:13,884 [ERROR] ConditionMgr:805 - Attr not supported : Dmpu
2026-02-12 17:09:13,884 [ERROR] ConditionMgr:805 - Attr not supported : Dmpu
2026-02-12 17:09:13,884 [ERROR] ConditionMgr:805 - Attr not supported : Dmpu
2026-02-12 17:09:13,884 [ERROR] ConditionMgr:805 - Attr not supported : Dmpu
2026-02-12 17:09:13,884 [ERROR] ConditionMgr:805 - Attr not supported : Dmpu
2026-02-12 17:09:13,884 [ERROR] ConditionMgr:805 - Attr not supported : Dmpu
2026-02-12 17:09:13,884 [ERROR] ConditionMgr:805 - Attr not supported : Dmpu
2026-02-12 17:09:13,884 [ERROR] ConditionMgr:805 - Attr not supported : Dmpu
2026-02-12 17:09:13,884 [ERROR] ConditionMgr:805 - Attr not supported : Dmpu
2026-02-12 17:09:13,884 [ERROR] ConditionMgr:805 - Attr not supported : Dmpu
2026-02-12 17:09:13,884 [ERROR] ConditionMgr:805 - Attr not supported : Dmpu
2026-02-12 17:09:13,884 [ERROR] ConditionMgr:805 - Attr not supported : Dmpu
2026-02-12 17:09:13,884 [ERROR] ConditionMgr:805 - Attr not supported : Dmpu
2026-02-12 17:09:13,885 [ERROR] ConditionMgr:805 - Attr not supported : Dmpu
2026-02-12 17:09:13,885 [ERROR] ConditionMgr:805 - Attr not supported : Dmpu
2026-02-12 17:09:13,885 [ERROR] ConditionMgr:805 - Attr not supported : Dmpu
2026-02-12 17:09:13,885 [ERROR] ConditionMgr:805 - Attr not supported : Dmpu
2026-02-12 17:09:13,885 [ERROR] ConditionMgr:805 - Attr not supported : Dmpu
2026-02-12 17:09:13,885 [ERROR] ConditionMgr:805 - Attr not supported : Dmpu
2026-02-12 17:09:13,885 [ERROR] ConditionMgr:805 - Attr not supported : Dmpu
2026-02-12 17:09:13,885 [ERROR] ConditionMgr:805 - Attr not supported : Dmpu
2026-02-12 17:09:13,885 [ERROR] ConditionMgr:805 - Attr not supported : Dmpu
2026-02-12 17:09:13,885 [ERROR] ConditionMgr:805 - Attr not supported : Dmpu
2026-02-12 17:09:13,885 [ERROR] ConditionMgr:805 - Attr not supported : Dmpu
2026-02-12 17:09:13,885 [ERROR] ConditionMgr:805 - Attr not supported : Dmpu
2026-02-12 17:09:13,885 [ERROR] ConditionMgr:805 - Attr not supported : Dmpu
2026-02-12 17:09:13,885 [ERROR] ConditionMgr:805 - Attr not supported : Dmpu
2026-02-12 17:09:13,885 [ERROR] ConditionMgr:805 - Attr not supported : Dmpu
2026-02-12 17:09:13,885 [ERROR] ConditionMgr:805 - Attr not supported : Dmpu
2026-02-12 17:09:13,885 [ERROR] ConditionMgr:805 - Attr not supported : Dmpu
2026-02-12 17:09:13,885 [ERROR] ConditionMgr:805 - Attr not supported : Dmpu
2026-02-12 17:09:13,885 [ERROR] ConditionMgr:805 - Attr not supported : Dmpu
2026-02-12 17:09:13,885 [ERROR] ConditionMgr:805 - Attr not supported : Dmpu
2026-02-12 17:09:13,885 [ERROR] ConditionMgr:805 - Attr not supported : Dmpu
2026-02-12 17:09:13,885 [ERROR] ConditionMgr:805 - Attr not supported : Dmpu
2026-02-12 17:09:13,885 [ERROR] ConditionMgr:805 - Attr not supported : Dmpu
2026-02-12 17:09:13,885 [ERROR] ConditionMgr:805 - Attr not supported : Dmpu
2026-02-12 17:09:13,885 [ERROR] ConditionMgr:805 - Attr not supported : Dmpu
2026-02-12 17:09:13,885 [ERROR] ConditionMgr:805 - Attr not supported : Dmpu
2026-02-12 17:09:13,885 [ERROR] ConditionMgr:805 - Attr not supported : Dmpu
2026-02-12 17:09:13,885 [ERROR] ConditionMgr:805 - Attr not supported : Dmpu
2026-02-12 17:09:13,885 [ERROR] ConditionMgr:805 - Attr not supported : Dmpu
2026-02-12 17:09:13,885 [ERROR] ConditionMgr:805 - Attr not supported : Dmpu
2026-02-12 17:09:13,886 [ERROR] ConditionMgr:805 - Attr not supported : Dmpu
2026-02-12 17:09:13,886 [ERROR] ConditionMgr:805 - Attr not supported : Dmpu
2026-02-12 17:09:13,886 [ERROR] ConditionMgr:805 - Attr not supported : Dmpu
2026-02-12 17:09:13,886 [ERROR] ConditionMgr:805 - Attr not supported : Dmpu
2026-02-12 17:09:13,886 [ERROR] ConditionMgr:805 - Attr not supported : Dmpu
2026-02-12 17:09:13,886 [ERROR] ConditionMgr:805 - Attr not supported : Dmpu
2026-02-12 17:09:13,886 [ERROR] ConditionMgr:805 - Attr not supported : Dmpu
2026-02-12 17:09:13,886 [ERROR] ConditionMgr:805 - Attr not supported : Dmpu
2026-02-12 17:09:13,886 [ERROR] ConditionMgr:805 - Attr not supported : Dmpu
2026-02-12 17:09:13,886 [ERROR] ConditionMgr:805 - Attr not supported : Dmpu
2026-02-12 17:09:13,886 [ERROR] ConditionMgr:805 - Attr not supported : Dmpu
2026-02-12 17:09:13,886 [ERROR] ConditionMgr:805 - Attr not supported : Dmpu
2026-02-12 17:09:13,886 [ERROR] ConditionMgr:805 - Attr not supported : Dmpu
2026-02-12 17:09:13,886 [ERROR] ConditionMgr:805 - Attr not supported : Dmpu
2026-02-12 17:09:13,886 [ERROR] ConditionMgr:805 - Attr not supported : Dmpu
2026-02-12 17:09:13,886 [ERROR] ConditionMgr:805 - Attr not supported : Dmpu
2026-02-12 17:09:13,886 [ERROR] ConditionMgr:805 - Attr not supported : Dmpu
2026-02-12 17:09:13,886 [ERROR] ConditionMgr:805 - Attr not supported : Dmpu
2026-02-12 17:09:13,886 [ERROR] ConditionMgr:805 - Attr not supported : Dmpu
2026-02-12 17:09:13,886 [ERROR] ConditionMgr:805 - Attr not supported : Dmpu
2026-02-12 17:09:13,886 [ERROR] ConditionMgr:805 - Attr not supported : Dmpu
2026-02-12 17:09:13,890 [WARN] PackLoader:240 - Cannot read IP mode file for STMicroelectronics.X-CUBE-WB05N.2.0.0
2026-02-12 17:09:13,897 [WARN] PackLoader:240 - Cannot read IP mode file for STMicroelectronics.X-CUBE-BLEMGR.3.0.0
2026-02-12 17:09:13,901 [ERROR] Engine:466 - C:\Users\RND1\.stm32cubemx\thirdparties\pdsc\STMicroelectronics.X-CUBE-TCPP.4.2.0.pdsc: PDSC version is not supported
2026-02-12 17:09:13,905 [WARN] PackLoader:240 - Cannot read IP mode file for RealThread.X-CUBE-RT-Thread_Nano.4.1.1
2026-02-12 17:09:13,909 [WARN] PackLoader:240 - Cannot read IP mode file for STMicroelectronics.FP-ATR-SIGFOX1.3.2.0
2026-02-12 17:09:13,914 [WARN] ConditionMgr:438 - getConditionDescription Invalid condition id : Cortex-A Device cause : null
2026-02-12 17:09:13,927 [WARN] ConditionMgr:1039 - genDependencies : Invalid condition id : Cortex-A Device cause : null
2026-02-12 17:09:13,927 [WARN] ConditionMgr:1039 - genDependencies : Invalid condition id : Cortex-A Device cause : null
2026-02-12 17:09:13,927 [WARN] ConditionMgr:1039 - genDependencies : Invalid condition id : Cortex-A Device cause : null
2026-02-12 17:09:13,931 [WARN] PackLoader:240 - Cannot read IP mode file for STMicroelectronics.X-CUBE-EEPRMA1.5.1.0
2026-02-12 17:09:13,937 [WARN] PackLoader:240 - Cannot read IP mode file for STMicroelectronics.X-CUBE-NFC6.3.2.0
2026-02-12 17:09:13,940 [ERROR] Engine:466 - C:\Users\RND1\.stm32cubemx\thirdparties\pdsc\STMicroelectronics.X-CUBE-ST67W61.1.0.0.pdsc: PDSC version is not supported
2026-02-12 17:09:13,943 [WARN] PackLoader:240 - Cannot read IP mode file for STMicroelectronics.X-CUBE-AI.10.2.0
2026-02-12 17:09:13,961 [WARN] PackLoader:240 - Cannot read IP mode file for SEGGER.I-CUBE-embOS.1.3.1
2026-02-12 17:09:13,985 [WARN] PackLoader:240 - Cannot read IP mode file for STMicroelectronics.X-CUBE-ALGOBUILD.1.4.0
2026-02-12 17:09:14,007 [WARN] PackLoader:240 - Cannot read IP mode file for STMicroelectronics.X-CUBE-MEMS1.11.3.0
2026-02-12 17:09:14,069 [WARN] PackLoader:240 - Cannot read IP mode file for STMicroelectronics.X-CUBE-AI.9.1.0
2026-02-12 17:09:14,071 [WARN] PackLoader:240 - Cannot read IP mode file for STMicroelectronics.X-CUBE-PM33A1.1.0.0
2026-02-12 17:09:14,074 [WARN] PackLoader:240 - Cannot read IP mode file for STMicroelectronics.X-CUBE-GNSS1.6.0.0
2026-02-12 17:09:14,084 [WARN] PackLoader:240 - Cannot read IP mode file for STMicroelectronics.X-CUBE-AZRTOS-F4.1.1.0
2026-02-12 17:09:14,088 [WARN] PackLoader:240 - Cannot read IP mode file for wolfSSL.I-CUBE-wolfSSL.5.6.4
2026-02-12 17:09:14,089 [ERROR] Engine:466 - C:\Users\RND1\.stm32cubemx\thirdparties\pdsc\Avnet-IotConnect.X-CUBE-IoTC-DA16k-PMOD.1.0.0.pdsc: PDSC version is not supported
2026-02-12 17:09:14,091 [WARN] PackLoader:240 - Cannot read IP mode file for STMicroelectronics.X-CUBE-ISPU.2.1.0
2026-02-12 17:09:14,094 [ERROR] Engine:466 - C:\Users\RND1\.stm32cubemx\thirdparties\pdsc\STMicroelectronics.X-CUBE-IPS.3.2.0.pdsc: PDSC version is not supported
2026-02-12 17:09:14,100 [WARN] PackLoader:240 - Cannot read IP mode file for STMicroelectronics.X-CUBE-FREERTOS.1.2.0
2026-02-12 17:09:14,104 [WARN] PackLoader:240 - Cannot read IP mode file for STMicroelectronics.X-CUBE-NFC12.1.0.0
2026-02-12 17:09:14,112 [WARN] PackLoader:240 - Cannot read IP mode file for STMicroelectronics.X-CUBE-AZRTOS-L5.2.0.0
2026-02-12 17:09:14,117 [WARN] PackLoader:240 - Cannot read IP mode file for STMicroelectronics.X-CUBE-EEPRMA1.4.2.0
2026-02-12 17:09:14,122 [WARN] PackLoader:240 - Cannot read IP mode file for STMicroelectronics.X-CUBE-NFC6.3.1.0
2026-02-12 17:09:14,127 [WARN] PackLoader:240 - Cannot read IP mode file for ITTIA_DB.I-CUBE-ITTIADB.8.8.0
2026-02-12 17:09:14,133 [WARN] PackLoader:240 - Cannot read IP mode file for STMicroelectronics.X-CUBE-DPower.1.2.0
2026-02-12 17:09:14,136 [WARN] PackLoader:240 - Cannot read IP mode file for STMicroelectronics.X-CUBE-AI.9.0.0
2026-02-12 17:09:14,139 [WARN] PackLoader:240 - Cannot read IP mode file for STMicroelectronics.X-CUBE-FREERTOS.1.3.1
2026-02-12 17:09:14,143 [WARN] PackLoader:240 - Cannot read IP mode file for STMicroelectronics.X-CUBE-FREERTOS.1.3.0
2026-02-12 17:09:14,152 [WARN] PackLoader:240 - Cannot read IP mode file for STMicroelectronics.X-CUBE-NFC7.1.0.1
2026-02-12 17:09:14,155 [WARN] PackLoader:240 - Cannot read IP mode file for STMicroelectronics.X-CUBE-TOUCHGFX.4.26.0
2026-02-12 17:09:14,159 [WARN] PackLoader:240 - Cannot read IP mode file for STMicroelectronics.X-CUBE-NFC6.3.0.0
2026-02-12 17:09:14,162 [ERROR] Engine:466 - C:\Users\RND1\.stm32cubemx\thirdparties\pdsc\STMicroelectronics.FP-SNS-STAIOTCFT.1.0.0.pdsc: PDSC version is not supported
2026-02-12 17:09:14,165 [WARN] PackLoader:240 - Cannot read IP mode file for STMicroelectronics.X-CUBE-DPower.1.3.0
2026-02-12 17:09:14,168 [WARN] PackLoader:240 - Cannot read IP mode file for STMicroelectronics.X-CUBE-AI.8.1.0
2026-02-12 17:09:14,176 [WARN] ConditionMgr:438 - getConditionDescription Invalid condition id : LAN8742 Phy interface Condition cause : null
2026-02-12 17:09:14,177 [WARN] PackLoader:240 - Cannot read IP mode file for STMicroelectronics.X-CUBE-AZRTOS-L4.2.0.0
2026-02-12 17:09:14,177 [WARN] ConditionMgr:1039 - genDependencies : Invalid condition id : LAN8742 Phy interface Condition cause : null
2026-02-12 17:09:14,177 [WARN] ConditionMgr:1039 - genDependencies : Invalid condition id : LAN8742 Phy interface Condition cause : null
2026-02-12 17:09:14,177 [WARN] ConditionMgr:1039 - genDependencies : Invalid condition id : LAN8742 Phy interface Condition cause : null
2026-02-12 17:09:14,183 [WARN] PackLoader:240 - Cannot read IP mode file for STMicroelectronics.X-CUBE-SFXS2LP1.4.0.0
2026-02-12 17:09:14,185 [ERROR] Engine:466 - C:\Users\RND1\.stm32cubemx\thirdparties\pdsc\STMicroelectronics.X-CUBE-ST67W61.1.2.0.pdsc: PDSC version is not supported
2026-02-12 17:09:14,194 [WARN] PackLoader:240 - Cannot read IP mode file for STMicroelectronics.X-CUBE-AZRTOS-H7.3.3.0
2026-02-12 17:09:14,198 [ERROR] Engine:466 - C:\Users\RND1\.stm32cubemx\thirdparties\pdsc\STMicroelectronics.X-CUBE-BLEMGR.4.1.0.pdsc: PDSC version is not supported
2026-02-12 17:09:14,203 [WARN] PackLoader:240 - Cannot read IP mode file for STMicroelectronics.X-CUBE-IPS.3.0.0
2026-02-12 17:09:14,210 [WARN] ConditionMgr:438 - getConditionDescription Invalid condition id : UX DEVICE CLASS RTOS Condition cause : null
2026-02-12 17:09:14,211 [WARN] ConditionMgr:438 - getConditionDescription Invalid condition id : UX DEVICE CLASS RTOS Condition cause : null
2026-02-12 17:09:14,212 [WARN] PackLoader:240 - Cannot read IP mode file for STMicroelectronics.X-CUBE-AZRTOS-WB.2.0.0
2026-02-12 17:09:14,212 [WARN] ConditionMgr:1039 - genDependencies : Invalid condition id : UX DEVICE CLASS RTOS Condition cause : null
2026-02-12 17:09:14,212 [WARN] ConditionMgr:1039 - genDependencies : Invalid condition id : UX DEVICE CLASS RTOS Condition cause : null
2026-02-12 17:09:14,213 [WARN] ConditionMgr:1039 - genDependencies : Invalid condition id : UX DEVICE CLASS RTOS Condition cause : null
2026-02-12 17:09:14,213 [WARN] ConditionMgr:1039 - genDependencies : Invalid condition id : UX DEVICE CLASS RTOS Condition cause : null
2026-02-12 17:09:14,213 [WARN] ConditionMgr:1039 - genDependencies : Invalid condition id : UX DEVICE CLASS RTOS Condition cause : null
2026-02-12 17:09:14,217 [WARN] PackLoader:240 - Cannot read IP mode file for STMicroelectronics.X-CUBE-GNSS1.7.0.0
2026-02-12 17:09:14,220 [WARN] PackLoader:240 - Cannot read IP mode file for STMicroelectronics.X-CUBE-GNSS1.7.0.1
2026-02-12 17:09:14,223 [WARN] PackLoader:240 - Cannot read IP mode file for STMicroelectronics.X-CUBE-TOUCHGFX.4.25.0
2026-02-12 17:09:14,226 [WARN] PackLoader:240 - Cannot read IP mode file for STMicroelectronics.FP-SNS-STBOX1.2.0.0
2026-02-12 17:09:14,232 [WARN] PackLoader:240 - Cannot read IP mode file for STMicroelectronics.X-CUBE-STSE01.2.0.0
2026-02-12 17:09:14,237 [WARN] PackLoader:240 - Cannot read IP mode file for STMicroelectronics.X-CUBE-SUBG2.5.0.0
2026-02-12 17:09:14,248 [WARN] PackLoader:240 - Cannot read IP mode file for STMicroelectronics.X-CUBE-AZRTOS-H7RS.1.1.0
2026-02-12 17:09:14,256 [WARN] PackLoader:240 - Cannot read IP mode file for STMicroelectronics.X-CUBE-AZRTOS-G4.2.0.0
2026-02-12 17:09:14,264 [WARN] PackLoader:240 - Cannot read IP mode file for Infineon.AIROC-Wi-Fi-Bluetooth-STM32.1.5.1
2026-02-12 17:09:14,268 [WARN] PackLoader:240 - Cannot read IP mode file for STMicroelectronics.X-CUBE-NFC7.2.0.0
2026-02-12 17:09:14,271 [WARN] PackLoader:240 - Cannot read IP mode file for STMicroelectronics.FP-SNS-MOTENVWB1.1.3.1
2026-02-12 17:09:14,273 [WARN] PackLoader:240 - Cannot read IP mode file for STMicroelectronics.X-CUBE-ISPU.2.0.0
2026-02-12 17:09:14,278 [ERROR] Engine:466 - C:\Users\RND1\.stm32cubemx\thirdparties\pdsc\STMicroelectronics.X-CUBE-IPS.3.1.0.pdsc: PDSC version is not supported
2026-02-12 17:09:14,281 [WARN] PackLoader:240 - Cannot read IP mode file for STMicroelectronics.X-CUBE-ALS.1.0.2
2026-02-12 17:09:14,297 [WARN] PackLoader:240 - Cannot read IP mode file for STMicroelectronics.X-CUBE-MEMS1.10.0.0
2026-02-12 17:09:14,340 [WARN] PackLoader:240 - Cannot read IP mode file for STMicroelectronics.X-CUBE-FREERTOS.1.1.0
2026-02-12 17:09:14,343 [WARN] PackLoader:240 - Cannot read IP mode file for STMicroelectronics.X-CUBE-TOUCHGFX.4.24.0
2026-02-12 17:09:14,345 [WARN] PackLoader:240 - Cannot read IP mode file for STMicroelectronics.X-CUBE-TOUCHGFX.4.24.2
2026-02-12 17:09:14,348 [WARN] PackLoader:240 - Cannot read IP mode file for STMicroelectronics.X-CUBE-TOUCHGFX.4.24.1
2026-02-12 17:09:14,352 [WARN] PackLoader:240 - Cannot read IP mode file for STMicroelectronics.X-CUBE-STSE01.1.0.0
2026-02-12 17:09:14,356 [WARN] PackLoader:240 - Cannot read IP mode file for wolfSSL.I-CUBE-wolfTPM.3.4.0
2026-02-12 17:09:14,360 [WARN] PackLoader:240 - Cannot read IP mode file for portGmbH.I-Cube-SoM-uGOAL.1.1.0
2026-02-12 17:09:14,363 [WARN] PackLoader:240 - Cannot read IP mode file for STMicroelectronics.X-CUBE-ALS.1.0.1
2026-02-12 17:09:14,373 [WARN] PackLoader:240 - Cannot read IP mode file for STMicroelectronics.X-CUBE-AZRTOS-H7RS.1.0.0
2026-02-12 17:09:14,378 [WARN] PackLoader:240 - Cannot read IP mode file for STMicroelectronics.FP-ATR-ASTRA1.2.0.0
2026-02-12 17:09:14,385 [WARN] PackLoader:240 - Cannot read IP mode file for STMicroelectronics.X-CUBE-TOF1.3.4.2
2026-02-12 17:09:14,392 [ERROR] Engine:466 - C:\Users\RND1\.stm32cubemx\thirdparties\pdsc\STMicroelectronics.X-CUBE-TOF1.3.4.3.pdsc: PDSC version is not supported
2026-02-12 17:09:14,397 [WARN] PackLoader:240 - Cannot read IP mode file for STMicroelectronics.X-CUBE-TOF1.3.4.0
2026-02-12 17:09:14,411 [WARN] PackLoader:240 - Cannot read IP mode file for STMicroelectronics.X-CUBE-TOF1.3.4.1
2026-02-12 17:09:14,426 [WARN] PackLoader:240 - Cannot read IP mode file for STMicroelectronics.X-CUBE-AZRTOS-H7.3.2.0
2026-02-12 17:09:14,435 [WARN] PackLoader:240 - Cannot read IP mode file for wolfSSL.I-CUBE-wolfSSH.1.4.17
2026-02-12 17:09:14,435 [INFO] ThirdParty:978 - Integrity check success = true
2026-02-12 17:09:14,436 [INFO] IntegrityCheckThread:100 - exiting critical section [integrity check]
2026-02-12 17:09:14,436 [INFO] IntegrityCheckThread:103 - End integrity checks thread
2026-02-12 17:09:34,745 [ERROR] LogOutputStream:75 - [STDERR_REDIRECT] SLF4J: Failed to load class "org.slf4j.impl.StaticLoggerBinder".
2026-02-12 17:09:34,746 [ERROR] LogOutputStream:75 - [STDERR_REDIRECT] SLF4J: Defaulting to no-operation (NOP) logger implementation
2026-02-12 17:09:34,747 [ERROR] LogOutputStream:75 - [STDERR_REDIRECT] SLF4J: See http://www.slf4j.org/codes.html#StaticLoggerBinder for further details.
2026-02-12 17:10:05,476 [INFO] Activator:176 - 


2026-02-12 17:10:05,477 [INFO] Activator:177 - !SESSION log4j initialized
2026-02-12 17:10:10,216 [INFO] LogOutputStream:77 - [STDOUT_REDIRECT] 
2026-02-12 17:10:11,847 [INFO] ApplicationProperties:184 - Using Application install path: C:\ST\STM32CubeIDE_1.16.1\STM32CubeIDE\plugins\com.st.stm32cube.common.mx_6.12.1.202409122256
2026-02-12 17:10:11,858 [INFO] DbMcusXml:78 - Set database path to: C:\ST\STM32CubeIDE_1.16.1\STM32CubeIDE\plugins\com.st.stm32cube.common.mx_6.12.1.202409122256\\db\/mcu/
2026-02-12 17:10:11,858 [INFO] ApiDb:274 - Set plugin database path to: C:\ST\STM32CubeIDE_1.16.1\STM32CubeIDE\plugins\com.st.stm32cube.common.mx_6.12.1.202409122256\\db\/plugins/boardmanager/
2026-02-12 17:10:11,858 [WARN] ApiDb:259 - Overriding images path with different value:  => C:\ST\STM32CubeIDE_1.16.1\STM32CubeIDE\plugins\com.st.stm32cube.common.mx_6.12.1.202409122256\\db\/plugins/mcufinder/images/
2026-02-12 17:10:11,862 [INFO] ApiDb:250 - Set database path to: C:\Users\RND1\.stmcufinder\plugins\mcufinder//mcu/
2026-02-12 17:10:11,863 [INFO] DbMcusAds:125 - Set database path to: C:\Users\RND1\.stmcufinder\plugins\mcufinder//mcu/
2026-02-12 17:10:11,865 [INFO] CrossReferenceDbSqlite:203 - Set database path to: C:\Users\RND1\.stmcufinder\plugins\mcufinder//mcu/cs/
2026-02-12 17:10:11,946 [INFO] RulesReader:64 - Compatibility file has been processed (297 Rules)
2026-02-12 17:10:12,052 [INFO] DbMcusXml:78 - Set database path to: C:\ST\STM32CubeIDE_1.16.1\STM32CubeIDE\plugins\com.st.stm32cube.common.mx_6.12.1.202409122256\\db\/mcu/
2026-02-12 17:10:12,052 [INFO] ApiDb:274 - Set plugin database path to: C:\ST\STM32CubeIDE_1.16.1\STM32CubeIDE\plugins\com.st.stm32cube.common.mx_6.12.1.202409122256\\db\/plugins/boardmanager/
2026-02-12 17:10:12,053 [INFO] ApiDb:261 - Set plugin images path to: C:\ST\STM32CubeIDE_1.16.1\STM32CubeIDE\plugins\com.st.stm32cube.common.mx_6.12.1.202409122256\\db\/plugins/mcufinder/images/
2026-02-12 17:10:12,053 [WARN] DbFile:41 - Overriding database path with different value: C:\Users\RND1\.stmcufinder\plugins\mcufinder/ => C:\Users\RND1\.stmcufinder\plugins\mcufinder
2026-02-12 17:10:12,053 [INFO] ApiDb:250 - Set database path to: C:\Users\RND1\.stmcufinder\plugins\mcufinder//mcu/
2026-02-12 17:10:12,053 [WARN] DbFile:41 - Overriding database path with different value: C:\Users\RND1\.stmcufinder\plugins\mcufinder/ => C:\Users\RND1\.stmcufinder\plugins\mcufinder
2026-02-12 17:10:12,053 [INFO] DbMcusAds:125 - Set database path to: C:\Users\RND1\.stmcufinder\plugins\mcufinder//mcu/
2026-02-12 17:10:12,053 [WARN] DbFile:41 - Overriding database path with different value: C:\Users\RND1\.stmcufinder\plugins\mcufinder/ => C:\Users\RND1\.stmcufinder\plugins\mcufinder
2026-02-12 17:10:12,053 [WARN] DbFile:41 - Overriding database path with different value: C:\Users\RND1\.stmcufinder\plugins\mcufinder/ => C:\Users\RND1\.stmcufinder\plugins\mcufinder
2026-02-12 17:10:12,053 [INFO] CrossReferenceDbSqlite:203 - Set database path to: C:\Users\RND1\.stmcufinder\plugins\mcufinder//mcu/cs/
2026-02-12 17:10:12,120 [INFO] MainPanel:268 - HeapMemory: 268435456
2026-02-12 17:10:12,196 [INFO] DbMcusXml:78 - Set database path to: C:\ST\STM32CubeIDE_1.16.1\STM32CubeIDE\plugins\com.st.stm32cube.common.mx_6.12.1.202409122256\\db\/mcu/
2026-02-12 17:10:12,196 [INFO] ApiDb:274 - Set plugin database path to: C:\ST\STM32CubeIDE_1.16.1\STM32CubeIDE\plugins\com.st.stm32cube.common.mx_6.12.1.202409122256\\db\/plugins/boardmanager/
2026-02-12 17:10:12,197 [INFO] ApiDb:261 - Set plugin images path to: C:\ST\STM32CubeIDE_1.16.1\STM32CubeIDE\plugins\com.st.stm32cube.common.mx_6.12.1.202409122256\\db\/plugins/mcufinder/images/
2026-02-12 17:10:12,197 [WARN] DbFile:41 - Overriding database path with different value: C:\Users\RND1\.stmcufinder\plugins\mcufinder/ => C:\Users\RND1\.stmcufinder\plugins\mcufinder
2026-02-12 17:10:12,197 [INFO] ApiDb:250 - Set database path to: C:\Users\RND1\.stmcufinder\plugins\mcufinder//mcu/
2026-02-12 17:10:12,197 [WARN] DbFile:41 - Overriding database path with different value: C:\Users\RND1\.stmcufinder\plugins\mcufinder/ => C:\Users\RND1\.stmcufinder\plugins\mcufinder
2026-02-12 17:10:12,197 [INFO] DbMcusAds:125 - Set database path to: C:\Users\RND1\.stmcufinder\plugins\mcufinder//mcu/
2026-02-12 17:10:12,197 [WARN] DbFile:41 - Overriding database path with different value: C:\Users\RND1\.stmcufinder\plugins\mcufinder/ => C:\Users\RND1\.stmcufinder\plugins\mcufinder
2026-02-12 17:10:12,197 [WARN] DbFile:41 - Overriding database path with different value: C:\Users\RND1\.stmcufinder\plugins\mcufinder/ => C:\Users\RND1\.stmcufinder\plugins\mcufinder
2026-02-12 17:10:12,197 [INFO] CrossReferenceDbSqlite:203 - Set database path to: C:\Users\RND1\.stmcufinder\plugins\mcufinder//mcu/cs/
2026-02-12 17:10:12,210 [INFO] ApplicationProperties:184 - Using Application install path: C:\ST\STM32CubeIDE_1.16.1\STM32CubeIDE\plugins\com.st.stm32cube.common.mx_6.12.1.202409122256
2026-02-12 17:10:12,211 [INFO] PluginManage:196 - Search for loadable plugins [exclusion list=, ]
2026-02-12 17:10:12,212 [INFO] PluginManage:310 - Check plugin analytics
2026-02-12 17:10:12,341 [INFO] AnalyticsPlugin:253 - Accepted Software Licenses: STM32CubeMX.6.10.0
2026-02-12 17:10:12,341 [INFO] AnalyticsPlugin:255 - Accepted CMSIS Pack Licenses: 
2026-02-12 17:10:12,341 [INFO] AnalyticsPlugin:257 - Accepted Firmware Licenses: FW.G4.1.5.0,FW.G4.1.6.0,FW.F4.1.28.0,FW.H7.1.11.0,FW.H7.1.12.0
2026-02-12 17:10:12,344 [INFO] PluginManage:359 - Loaded plugin analytics (category:tool,tabindex:-1)
2026-02-12 17:10:12,344 [INFO] PluginManage:310 - Check plugin cadmodel
2026-02-12 17:10:12,348 [INFO] CADModel:105 - Init CAD model plugin
2026-02-12 17:10:12,348 [INFO] PluginManage:359 - Loaded plugin cadmodel (category:power,tabindex:5)
2026-02-12 17:10:12,348 [INFO] PluginManage:310 - Check plugin clock
2026-02-12 17:10:12,356 [INFO] PluginManage:359 - Loaded plugin clock (category:base,tabindex:2)
2026-02-12 17:10:12,356 [INFO] PluginManage:310 - Check plugin ddr
2026-02-12 17:10:12,357 [INFO] PluginManage:359 - Loaded plugin ddr (category:tool,tabindex:6)
2026-02-12 17:10:12,357 [INFO] PluginManage:310 - Check plugin filemanager
2026-02-12 17:10:12,473 [INFO] PluginManage:359 - Loaded plugin filemanager (category:base,tabindex:10)
2026-02-12 17:10:12,473 [INFO] PluginManage:310 - Check plugin ipmanager
2026-02-12 17:10:12,481 [INFO] PluginManage:359 - Loaded plugin ipmanager (category:base,tabindex:5)
2026-02-12 17:10:12,481 [INFO] PluginManage:310 - Check plugin lpbam
2026-02-12 17:10:12,487 [INFO] PluginManage:359 - Loaded plugin lpbam (category:base,tabindex:0)
2026-02-12 17:10:12,487 [INFO] PluginManage:310 - Check plugin memorymap
2026-02-12 17:10:12,494 [INFO] PluginManage:359 - Loaded plugin memorymap (category:base,tabindex:4)
2026-02-12 17:10:12,494 [INFO] PluginManage:310 - Check plugin pinoutandconfiguration
2026-02-12 17:10:12,501 [INFO] PluginManage:359 - Loaded plugin pinoutandconfiguration (category:base,tabindex:1)
2026-02-12 17:10:12,501 [INFO] PluginManage:310 - Check plugin pinoutconfig
2026-02-12 17:10:12,563 [WARN] SupportedApi:132 - Cannot load RTOS API schema: s4s-elt-must-match.1: The content of 'definitions' must match (annotation?, (simpleType | complexType)?, (unique | key | keyref)*)). A problem was found starting at: attribute.
2026-02-12 17:10:12,645 [INFO] PluginManage:359 - Loaded plugin pinoutconfig (category:base,tabindex:0)
2026-02-12 17:10:12,645 [INFO] PluginManage:310 - Check plugin power
2026-02-12 17:10:12,650 [INFO] PluginManage:359 - Loaded plugin power (category:power,tabindex:4)
2026-02-12 17:10:12,650 [INFO] PluginManage:310 - Check plugin projectmanager
2026-02-12 17:10:12,660 [INFO] PluginManage:359 - Loaded plugin projectmanager (category:projectmanager,tabindex:4)
2026-02-12 17:10:12,661 [INFO] PluginManage:310 - Check plugin rif
2026-02-12 17:10:12,664 [INFO] PluginManage:359 - Loaded plugin rif (category:base,tabindex:3)
2026-02-12 17:10:12,664 [INFO] PluginManage:310 - Check plugin thirdparty
2026-02-12 17:10:12,758 [WARN] IntegrityCheckThread:84 - waiting for thirdparty lock release [integrity check]
2026-02-12 17:10:12,759 [INFO] IntegrityCheckThread:86 - entering critical section [integrity check]
2026-02-12 17:10:12,759 [INFO] PluginManage:359 - Loaded plugin thirdparty (category:base,tabindex:-1)
2026-02-12 17:10:12,759 [INFO] ThirdPartyUpdaterWithRetryManager:70 - Updater plugin not ready yet. [1/15]
2026-02-12 17:10:12,759 [INFO] PluginManage:310 - Check plugin tools
2026-02-12 17:10:12,762 [INFO] PluginManage:359 - Loaded plugin tools (category:base,tabindex:7)
2026-02-12 17:10:12,762 [INFO] PluginManage:310 - Check plugin tutovideos
2026-02-12 17:10:12,865 [INFO] PluginManage:359 - Loaded plugin tutovideos (category:base,tabindex:-1)
2026-02-12 17:10:12,865 [INFO] PluginManage:310 - Check plugin updater
2026-02-12 17:10:12,875 [INFO] PluginManage:359 - Loaded plugin updater (category:base,tabindex:12)
2026-02-12 17:10:12,875 [INFO] PluginManage:310 - Check plugin userauth
2026-02-12 17:10:12,879 [INFO] UserAuth:113 - Init User Auth plugin
2026-02-12 17:10:12,879 [INFO] PluginManage:359 - Loaded plugin userauth (category:base,tabindex:14)
2026-02-12 17:10:12,879 [INFO] PluginManage:283 - PluginManage : Loaded plugins [18]
2026-02-12 17:10:13,031 [INFO] PinOutPanel:1561 - setPackage(No Configuration,No Configuration)
2026-02-12 17:10:13,096 [INFO] CADModel:165 - CPN selected for project level
2026-02-12 17:10:13,096 [INFO] CADModel:114 - Register for checkConnection events
2026-02-12 17:10:13,106 [INFO] IPUIPlugin:80 - create IPUIPlugin
2026-02-12 17:10:13,106 [INFO] PluginManager:220 - loadIPPluginJar : add adc
2026-02-12 17:10:13,107 [INFO] IPUIPlugin:80 - create IPUIPlugin
2026-02-12 17:10:13,108 [INFO] PluginManager:220 - loadIPPluginJar : add aes
2026-02-12 17:10:13,109 [INFO] IPUIPlugin:80 - create IPUIPlugin
2026-02-12 17:10:13,109 [INFO] PluginManager:220 - loadIPPluginJar : add can
2026-02-12 17:10:13,110 [INFO] IPUIPlugin:80 - create IPUIPlugin
2026-02-12 17:10:13,110 [INFO] PluginManager:220 - loadIPPluginJar : add comp
2026-02-12 17:10:13,112 [INFO] IPUIPlugin:80 - create IPUIPlugin
2026-02-12 17:10:13,112 [INFO] PluginManager:220 - loadIPPluginJar : add cryp
2026-02-12 17:10:13,113 [INFO] IPUIPlugin:80 - create IPUIPlugin
2026-02-12 17:10:13,113 [INFO] PluginManager:220 - loadIPPluginJar : add ddr_ctrl_phy
2026-02-12 17:10:13,115 [INFO] IPUIPlugin:80 - create IPUIPlugin
2026-02-12 17:10:13,115 [INFO] PluginManager:220 - loadIPPluginJar : add dfsdm
2026-02-12 17:10:13,118 [INFO] IPUIPlugin:80 - create IPUIPlugin
2026-02-12 17:10:13,118 [INFO] PluginManager:220 - loadIPPluginJar : add dma
2026-02-12 17:10:13,119 [INFO] IPUIPlugin:80 - create IPUIPlugin
2026-02-12 17:10:13,120 [INFO] PluginManager:220 - loadIPPluginJar : add dma3
2026-02-12 17:10:13,121 [INFO] IPUIPlugin:80 - create IPUIPlugin
2026-02-12 17:10:13,121 [INFO] PluginManager:220 - loadIPPluginJar : add extmemmanager
2026-02-12 17:10:13,123 [INFO] IPUIPlugin:80 - create IPUIPlugin
2026-02-12 17:10:13,123 [INFO] PluginManager:220 - loadIPPluginJar : add fatfs
2026-02-12 17:10:13,125 [INFO] IPUIPlugin:80 - create IPUIPlugin
2026-02-12 17:10:13,125 [INFO] PluginManager:220 - loadIPPluginJar : add fmc
2026-02-12 17:10:13,129 [INFO] IPUIPlugin:80 - create IPUIPlugin
2026-02-12 17:10:13,129 [INFO] PluginManager:220 - loadIPPluginJar : add freertos
2026-02-12 17:10:13,130 [INFO] IPUIPlugin:80 - create IPUIPlugin
2026-02-12 17:10:13,130 [INFO] PluginManager:220 - loadIPPluginJar : add genericplugin
2026-02-12 17:10:13,131 [INFO] IPUIPlugin:80 - create IPUIPlugin
2026-02-12 17:10:13,131 [INFO] PluginManager:220 - loadIPPluginJar : add gfxmmu
2026-02-12 17:10:13,134 [INFO] IPUIPlugin:80 - create IPUIPlugin
2026-02-12 17:10:13,134 [INFO] PluginManager:220 - loadIPPluginJar : add gic
2026-02-12 17:10:13,136 [INFO] IPUIPlugin:80 - create IPUIPlugin
2026-02-12 17:10:13,137 [INFO] PluginManager:220 - loadIPPluginJar : add gpio
2026-02-12 17:10:13,138 [INFO] IPUIPlugin:80 - create IPUIPlugin
2026-02-12 17:10:13,138 [INFO] PluginManager:220 - loadIPPluginJar : add gtzc
2026-02-12 17:10:13,139 [INFO] IPUIPlugin:80 - create IPUIPlugin
2026-02-12 17:10:13,139 [INFO] PluginManager:220 - loadIPPluginJar : add hash
2026-02-12 17:10:13,141 [INFO] IPUIPlugin:80 - create IPUIPlugin
2026-02-12 17:10:13,141 [INFO] PluginManager:220 - loadIPPluginJar : add i2c
2026-02-12 17:10:13,142 [INFO] IPUIPlugin:80 - create IPUIPlugin
2026-02-12 17:10:13,143 [INFO] PluginManager:220 - loadIPPluginJar : add i2s
2026-02-12 17:10:13,145 [INFO] IPUIPlugin:80 - create IPUIPlugin
2026-02-12 17:10:13,145 [INFO] PluginManager:220 - loadIPPluginJar : add i3c
2026-02-12 17:10:13,148 [INFO] IPUIPlugin:80 - create IPUIPlugin
2026-02-12 17:10:13,148 [INFO] PluginManager:220 - loadIPPluginJar : add ipddr
2026-02-12 17:10:13,152 [INFO] IPUIPlugin:80 - create IPUIPlugin
2026-02-12 17:10:13,152 [INFO] PluginManager:220 - loadIPPluginJar : add linkedlist
2026-02-12 17:10:13,154 [INFO] IPUIPlugin:80 - create IPUIPlugin
2026-02-12 17:10:13,154 [INFO] PluginManager:220 - loadIPPluginJar : add lorawan
2026-02-12 17:10:13,155 [INFO] IPUIPlugin:80 - create IPUIPlugin
2026-02-12 17:10:13,155 [INFO] PluginManager:220 - loadIPPluginJar : add ltdc
2026-02-12 17:10:13,158 [INFO] IPUIPlugin:80 - create IPUIPlugin
2026-02-12 17:10:13,158 [INFO] PluginManager:220 - loadIPPluginJar : add mdma
2026-02-12 17:10:13,160 [INFO] IPUIPlugin:80 - create IPUIPlugin
2026-02-12 17:10:13,161 [INFO] PluginManager:220 - loadIPPluginJar : add nvic
2026-02-12 17:10:13,163 [INFO] IPUIPlugin:80 - create IPUIPlugin
2026-02-12 17:10:13,163 [INFO] PluginManager:220 - loadIPPluginJar : add opamp
2026-02-12 17:10:13,165 [INFO] IPUIPlugin:80 - create IPUIPlugin
2026-02-12 17:10:13,165 [INFO] PluginManager:220 - loadIPPluginJar : add openamp
2026-02-12 17:10:13,167 [INFO] IPUIPlugin:80 - create IPUIPlugin
2026-02-12 17:10:13,167 [INFO] PluginManager:220 - loadIPPluginJar : add pdm2pcm
2026-02-12 17:10:13,170 [INFO] IPUIPlugin:80 - create IPUIPlugin
2026-02-12 17:10:13,171 [INFO] PluginManager:220 - loadIPPluginJar : add plateformsettings
2026-02-12 17:10:13,172 [INFO] IPUIPlugin:80 - create IPUIPlugin
2026-02-12 17:10:13,172 [INFO] PluginManager:220 - loadIPPluginJar : add quadspi
2026-02-12 17:10:13,173 [INFO] IPUIPlugin:80 - create IPUIPlugin
2026-02-12 17:10:13,174 [INFO] PluginManager:220 - loadIPPluginJar : add radio
2026-02-12 17:10:13,176 [INFO] IPUIPlugin:80 - create IPUIPlugin
2026-02-12 17:10:13,176 [INFO] PluginManager:220 - loadIPPluginJar : add resmgrutility
2026-02-12 17:10:13,178 [INFO] IPUIPlugin:80 - create IPUIPlugin
2026-02-12 17:10:13,178 [INFO] PluginManager:220 - loadIPPluginJar : add sai
2026-02-12 17:10:13,180 [INFO] IPUIPlugin:80 - create IPUIPlugin
2026-02-12 17:10:13,180 [INFO] PluginManager:220 - loadIPPluginJar : add spi
2026-02-12 17:10:13,183 [INFO] IPUIPlugin:80 - create IPUIPlugin
2026-02-12 17:10:13,183 [INFO] PluginManager:220 - loadIPPluginJar : add stm32_wpan
2026-02-12 17:10:13,184 [INFO] IPUIPlugin:80 - create IPUIPlugin
2026-02-12 17:10:13,184 [INFO] PluginManager:220 - loadIPPluginJar : add tim
2026-02-12 17:10:13,186 [INFO] IPUIPlugin:80 - create IPUIPlugin
2026-02-12 17:10:13,186 [INFO] PluginManager:220 - loadIPPluginJar : add touchsensing
2026-02-12 17:10:13,187 [INFO] IPUIPlugin:80 - create IPUIPlugin
2026-02-12 17:10:13,187 [INFO] PluginManager:220 - loadIPPluginJar : add tracer_emb
2026-02-12 17:10:13,188 [INFO] IPUIPlugin:80 - create IPUIPlugin
2026-02-12 17:10:13,188 [INFO] PluginManager:220 - loadIPPluginJar : add ts
2026-02-12 17:10:13,189 [INFO] IPUIPlugin:80 - create IPUIPlugin
2026-02-12 17:10:13,189 [INFO] PluginManager:220 - loadIPPluginJar : add tsc
2026-02-12 17:10:13,191 [INFO] IPUIPlugin:80 - create IPUIPlugin
2026-02-12 17:10:13,191 [INFO] PluginManager:220 - loadIPPluginJar : add ucpd
2026-02-12 17:10:13,192 [INFO] IPUIPlugin:80 - create IPUIPlugin
2026-02-12 17:10:13,192 [INFO] PluginManager:220 - loadIPPluginJar : add usart
2026-02-12 17:10:13,194 [INFO] IPUIPlugin:80 - create IPUIPlugin
2026-02-12 17:10:13,194 [INFO] PluginManager:220 - loadIPPluginJar : add usbx
2026-02-12 17:10:13,304 [INFO] CADModel:165 - CPN selected for project level
2026-02-12 17:10:13,304 [INFO] CADModel:114 - Register for checkConnection events
2026-02-12 17:10:13,304 [FATAL] Updater:334 - Updater called before beeing initialized
2026-02-12 17:10:13,305 [ERROR] CADModel:125 - Updater not yet initialized, retry later 
2026-02-12 17:10:13,388 [INFO] CADModel:165 - CPN selected for project level
2026-02-12 17:10:13,388 [INFO] CADModel:114 - Register for checkConnection events
2026-02-12 17:10:13,388 [FATAL] Updater:334 - Updater called before beeing initialized
2026-02-12 17:10:13,388 [ERROR] CADModel:125 - Updater not yet initialized, retry later 
2026-02-12 17:10:13,391 [FATAL] Updater:334 - Updater called before beeing initialized
2026-02-12 17:10:13,474 [FATAL] Updater:334 - Updater called before beeing initialized
2026-02-12 17:10:13,476 [INFO] DbMcusAds:53 - JSON generation date=Fri Jan 09 00:56:32 KST 2026 (1767887792457)
2026-02-12 17:10:13,477 [FATAL] Updater:334 - Updater called before beeing initialized
2026-02-12 17:10:13,503 [WARN] DetailPanel:346 - Failed to get advertising image, set to default
2026-02-12 17:10:13,576 [FATAL] Updater:334 - Updater called before beeing initialized
2026-02-12 17:10:13,577 [FATAL] Updater:334 - Updater called before beeing initialized
2026-02-12 17:10:13,577 [FATAL] Updater:334 - Updater called before beeing initialized
2026-02-12 17:10:13,577 [WARN] DetailPanel:346 - Failed to get advertising image, set to default
2026-02-12 17:10:13,578 [FATAL] Updater:334 - Updater called before beeing initialized
2026-02-12 17:10:13,612 [ERROR] Updater:1164 - MainUpdater not yet initialized. External WinMGr cannot be set.
2026-02-12 17:10:13,614 [INFO] Updater:1100 - Updater Version found : 6.12.1
2026-02-12 17:10:13,625 [INFO] ApplicationProperties:184 - Using Application install path: C:\ST\STM32CubeIDE_1.16.1\STM32CubeIDE\plugins\com.st.stm32cube.common.mx_6.12.1.202409122256
2026-02-12 17:10:14,227 [INFO] MainUpdater:2873 - connection check result : 10
2026-02-12 17:10:14,228 [INFO] MainUpdater:290 - Updater Check For Update Now.
2026-02-12 17:10:14,228 [INFO] MicroXplorer:498 - Change Database Version : DB.6.0.121
2026-02-12 17:10:14,233 [INFO] McuFinderGlobals:63 - Set McuFinder mode to 2 (CubeIDE integrated)
2026-02-12 17:10:14,234 [INFO] UserAuth:417 - Internet connection configuration mode: 1
2026-02-12 17:10:14,267 [INFO] JxBrowserEngine:152 - Initiate JxBrowser Engine with user profile folder
2026-02-12 17:10:14,405 [INFO] CheckServerUpdateThread:120 - End of CheckServer Thread
2026-02-12 17:10:14,728 [INFO] WebApp:167 - Instantiating new browser for Auth
2026-02-12 17:10:15,196 [INFO] WebApp:448 - Apply proxy settings
2026-02-12 17:10:15,200 [INFO] WebApp:493 - Chromium authenticates against Manually configured proxy
2026-02-12 17:10:15,204 [INFO] WebApp:501 - Username used for proxy authentication: 
2026-02-12 17:10:15,220 [INFO] WebApp:869 - Register for checkConnection events
2026-02-12 17:10:15,220 [INFO] WebApp:448 - Apply proxy settings
2026-02-12 17:10:15,223 [INFO] WebApp:493 - Chromium authenticates against Manually configured proxy
2026-02-12 17:10:15,224 [INFO] WebApp:501 - Username used for proxy authentication: 
2026-02-12 17:10:15,320 [INFO] WebApp:220 - Starting web application
2026-02-12 17:10:15,320 [INFO] WebApp:578 - Web application path used C:\ST\STM32CubeIDE_1.16.1\STM32CubeIDE\plugins\com.st.stm32cube.common.mx_6.12.1.202409122256\db\plugins\mcufinder\reactClient1\index.html
2026-02-12 17:10:15,382 [INFO] UserAuth:417 - Internet connection configuration mode: 1
2026-02-12 17:10:15,495 [INFO] WebApp:186 - Connection restablished
2026-02-12 17:10:16,005 [WARN] PackLoader:240 - Cannot read IP mode file for STMicroelectronics.FP-SNS-MOTENVWB1.1.4.0
2026-02-12 17:10:16,012 [WARN] PackLoader:240 - Cannot read IP mode file for STMicroelectronics.FP-ATR-ASTRA1.2.0.2
2026-02-12 17:10:16,015 [WARN] PackLoader:240 - Cannot read IP mode file for STMicroelectronics.FP-ATR-ASTRA1.2.0.1
2026-02-12 17:10:16,021 [WARN] PackLoader:240 - Cannot read IP mode file for STMicroelectronics.X-CUBE-SMBUS.2.1.0
2026-02-12 17:10:16,028 [WARN] PackLoader:240 - Cannot read IP mode file for STMicroelectronics.X-CUBE-WB05N.1.1.0
2026-02-12 17:10:16,031 [ERROR] Engine:466 - C:\Users\RND1\.stm32cubemx\thirdparties\pdsc\STMicroelectronics.X-CUBE-ST60.1.0.0.pdsc: PDSC version is not supported
2026-02-12 17:10:16,034 [WARN] PackLoader:240 - Cannot read IP mode file for STMicroelectronics.X-CUBE-TOUCHGFX.4.23.0
2026-02-12 17:10:16,036 [WARN] PackLoader:240 - Cannot read IP mode file for STMicroelectronics.X-CUBE-TOUCHGFX.4.23.2
2026-02-12 17:10:16,056 [WARN] PackLoader:240 - Cannot read IP mode file for STMicroelectronics.X-CUBE-AZRTOS-F7.1.1.0
2026-02-12 17:10:16,064 [WARN] PackLoader:240 - Cannot read IP mode file for STMicroelectronics.FP-SNS-MOTENV1.4.3.2
2026-02-12 17:10:16,103 [WARN] PackLoader:240 - Cannot read IP mode file for STMicroelectronics.X-CUBE-MEMS1.11.0.0
2026-02-12 17:10:16,197 [ERROR] Engine:466 - C:\Users\RND1\.stm32cubemx\thirdparties\pdsc\STMicroelectronics.FP-SNS-MOTENV1.5.1.0.pdsc: PDSC version is not supported
2026-02-12 17:10:16,204 [WARN] PackLoader:240 - Cannot read IP mode file for STMicroelectronics.FP-SNS-FLIGHT1.5.0.2
2026-02-12 17:10:16,224 [WARN] PackLoader:240 - Cannot read IP mode file for STMicroelectronics.X-CUBE-AZRTOS-H7.3.4.0
2026-02-12 17:10:16,233 [WARN] PackLoader:240 - Cannot read IP mode file for STMicroelectronics.X-CUBE-DISPLAY.3.0.0
2026-02-12 17:10:16,240 [WARN] PackLoader:240 - Cannot read IP mode file for STMicroelectronics.X-CUBE-BLE1.7.0.0
2026-02-12 17:10:16,250 [WARN] PackLoader:240 - Cannot read IP mode file for STMicroelectronics.X-CUBE-NFC10.1.0.0
2026-02-12 17:10:16,261 [WARN] PackLoader:240 - Cannot read IP mode file for STMicroelectronics.X-CUBE-BLEMGR.4.0.0
2026-02-12 17:10:16,266 [ERROR] Engine:466 - C:\Users\RND1\.stm32cubemx\thirdparties\pdsc\STMicroelectronics.X-CUBE-ST60.1.1.0.pdsc: PDSC version is not supported
2026-02-12 17:10:16,271 [WARN] PackLoader:240 - Cannot read IP mode file for emotas.I-CUBE-CANOPEN.1.3.0
2026-02-12 17:10:16,276 [WARN] PackLoader:240 - Cannot read IP mode file for STMicroelectronics.X-CUBE-GNSS1.7.1.0
2026-02-12 17:10:16,285 [WARN] PackLoader:240 - Cannot read IP mode file for STMicroelectronics.X-CUBE-BLEMGR.3.1.0
2026-02-12 17:10:16,290 [WARN] PackLoader:240 - Cannot read IP mode file for STMicroelectronics.X-CUBE-AI.10.0.0
2026-02-12 17:10:16,293 [ERROR] Engine:466 - C:\Users\RND1\.stm32cubemx\thirdparties\pdsc\STMicroelectronics.FP-SNS-STBOX1.2.1.0.pdsc: PDSC version is not supported
2026-02-12 17:10:16,298 [WARN] PackLoader:240 - Cannot read IP mode file for STMicroelectronics.FP-SNS-SMARTAG2.1.2.0
2026-02-12 17:10:16,300 [ERROR] Engine:466 - C:\Users\RND1\.stm32cubemx\thirdparties\pdsc\STMicroelectronics.FP-SNS-FLIGHT1.5.1.0.pdsc: PDSC version is not supported
2026-02-12 17:10:16,332 [WARN] PackLoader:240 - Cannot read IP mode file for STMicroelectronics.X-CUBE-MEMS1.11.1.0
2026-02-12 17:10:16,406 [INFO] LogOutputStream:77 - [STDOUT_REDIRECT] 1 : Invalid condition id : UX_CORESTACK_Condition cause : null
2026-02-12 17:10:16,407 [INFO] LogOutputStream:77 - [STDOUT_REDIRECT] 1 : Invalid condition id : UX_CORESTACK_Condition cause : null
2026-02-12 17:10:16,408 [INFO] LogOutputStream:77 - [STDOUT_REDIRECT] 1 : Invalid condition id : UX_CORESTACK_Condition cause : null
2026-02-12 17:10:16,409 [INFO] LogOutputStream:77 - [STDOUT_REDIRECT] 1 : Invalid condition id : UX_CORESTACK_Condition cause : null
2026-02-12 17:10:16,410 [INFO] LogOutputStream:77 - [STDOUT_REDIRECT] 1 : Invalid condition id : UX_CORESTACK_Condition cause : null
2026-02-12 17:10:16,413 [WARN] PackLoader:240 - Cannot read IP mode file for STMicroelectronics.X-CUBE-AZRTOS-WL.2.0.0
2026-02-12 17:10:16,418 [WARN] PackLoader:240 - Cannot read IP mode file for STMicroelectronics.FP-SNS-MOTENV1.5.0.0
2026-02-12 17:10:16,449 [WARN] PackLoader:240 - Cannot read IP mode file for STMicroelectronics.X-CUBE-AZRTOS-H7RS.1.2.0
2026-02-12 17:10:16,455 [WARN] PackLoader:240 - Cannot read IP mode file for wolfSSL.I-CUBE-wolfMQTT.1.19.0
2026-02-12 17:10:16,463 [WARN] PackLoader:240 - Cannot read IP mode file for WES.I-CUBE-Cesium.1.3.0
2026-02-12 17:10:16,468 [WARN] PackLoader:240 - Cannot read IP mode file for STMicroelectronics.X-CUBE-BLE2.3.3.0
2026-02-12 17:10:16,470 [ERROR] Engine:466 - C:\Users\RND1\.stm32cubemx\thirdparties\pdsc\Avnet-IOTCONNECT.X-CUBE-iotc-st67-sdk.1.0.0.pdsc: PDSC version is not supported
2026-02-12 17:10:16,475 [WARN] PackLoader:240 - Cannot read IP mode file for STMicroelectronics.X-CUBE-NFC9.1.0.0
2026-02-12 17:10:16,480 [WARN] PackLoader:240 - Cannot read IP mode file for STMicroelectronics.X-CUBE-BLE1.7.1.0
2026-02-12 17:10:16,484 [WARN] PackLoader:240 - Cannot read IP mode file for STMicroelectronics.X-CUBE-TCPP.4.1.0
2026-02-12 17:10:16,487 [ERROR] Engine:466 - C:\Users\RND1\.stm32cubemx\thirdparties\pdsc\STMicroelectronics.X-CUBE-FREERTOS.1.4.0.pdsc: PDSC version is not supported
2026-02-12 17:10:16,491 [WARN] PackLoader:240 - Cannot read IP mode file for STMicroelectronics.X-CUBE-EEPRMA1.5.2.0
2026-02-12 17:10:16,496 [ERROR] Engine:466 - C:\Users\RND1\.stm32cubemx\thirdparties\pdsc\STMicroelectronics.X-CUBE-ST67W61.1.1.0.pdsc: PDSC version is not supported
2026-02-12 17:10:16,498 [WARN] PackLoader:240 - Cannot read IP mode file for STMicroelectronics.X-CUBE-AI.10.1.0
2026-02-12 17:10:16,532 [WARN] PackLoader:240 - Cannot read IP mode file for STMicroelectronics.X-CUBE-MEMS1.12.0.0
2026-02-12 17:10:16,577 [WARN] PackLoader:240 - Cannot read IP mode file for STMicroelectronics.X-CUBE-ALGOBUILD.1.3.0
2026-02-12 17:10:16,600 [WARN] PackLoader:240 - Cannot read IP mode file for STMicroelectronics.X-CUBE-MEMS1.11.2.0
2026-02-12 17:10:16,665 [WARN] PackLoader:240 - Cannot read IP mode file for STMicroelectronics.X-CUBE-AZRTOS-G0.1.1.0
2026-02-12 17:10:16,670 [WARN] PackLoader:240 - Cannot read IP mode file for STMicroelectronics.X-CUBE-SAFEA1.1.2.2
2026-02-12 17:10:16,674 [WARN] PackLoader:240 - Cannot read IP mode file for STMicroelectronics.X-CUBE-NFC4.3.0.0
2026-02-12 17:10:16,677 [WARN] PackLoader:240 - Cannot read IP mode file for wolfSSL.I-CUBE-wolfMQTT.1.18.0
2026-02-12 17:10:16,683 [WARN] PackLoader:240 - Cannot read IP mode file for EmbeddedOffice.I-CUBE-FS-RTOS.1.0.1
2026-02-12 17:10:16,683 [ERROR] ConditionMgr:805 - Attr not supported : Dmpu
2026-02-12 17:10:16,683 [ERROR] ConditionMgr:805 - Attr not supported : Dmpu
2026-02-12 17:10:16,683 [ERROR] ConditionMgr:805 - Attr not supported : Dmpu
2026-02-12 17:10:16,683 [ERROR] ConditionMgr:805 - Attr not supported : Dmpu
2026-02-12 17:10:16,683 [ERROR] ConditionMgr:805 - Attr not supported : Dmpu
2026-02-12 17:10:16,683 [ERROR] ConditionMgr:805 - Attr not supported : Dmpu
2026-02-12 17:10:16,683 [ERROR] ConditionMgr:805 - Attr not supported : Dmpu
2026-02-12 17:10:16,683 [ERROR] ConditionMgr:805 - Attr not supported : Dmpu
2026-02-12 17:10:16,683 [ERROR] ConditionMgr:805 - Attr not supported : Dmpu
2026-02-12 17:10:16,683 [ERROR] ConditionMgr:805 - Attr not supported : Dmpu
2026-02-12 17:10:16,683 [ERROR] ConditionMgr:805 - Attr not supported : Dmpu
2026-02-12 17:10:16,683 [ERROR] ConditionMgr:805 - Attr not supported : Dmpu
2026-02-12 17:10:16,683 [ERROR] ConditionMgr:805 - Attr not supported : Dmpu
2026-02-12 17:10:16,683 [ERROR] ConditionMgr:805 - Attr not supported : Dmpu
2026-02-12 17:10:16,683 [ERROR] ConditionMgr:805 - Attr not supported : Dmpu
2026-02-12 17:10:16,683 [ERROR] ConditionMgr:805 - Attr not supported : Dmpu
2026-02-12 17:10:16,683 [ERROR] ConditionMgr:805 - Attr not supported : Dmpu
2026-02-12 17:10:16,683 [ERROR] ConditionMgr:805 - Attr not supported : Dmpu
2026-02-12 17:10:16,683 [ERROR] ConditionMgr:805 - Attr not supported : Dmpu
2026-02-12 17:10:16,683 [ERROR] ConditionMgr:805 - Attr not supported : Dmpu
2026-02-12 17:10:16,684 [ERROR] ConditionMgr:805 - Attr not supported : Dmpu
2026-02-12 17:10:16,684 [ERROR] ConditionMgr:805 - Attr not supported : Dmpu
2026-02-12 17:10:16,684 [ERROR] ConditionMgr:805 - Attr not supported : Dmpu
2026-02-12 17:10:16,684 [ERROR] ConditionMgr:805 - Attr not supported : Dmpu
2026-02-12 17:10:16,684 [ERROR] ConditionMgr:805 - Attr not supported : Dmpu
2026-02-12 17:10:16,684 [ERROR] ConditionMgr:805 - Attr not supported : Dmpu
2026-02-12 17:10:16,684 [ERROR] ConditionMgr:805 - Attr not supported : Dmpu
2026-02-12 17:10:16,684 [ERROR] ConditionMgr:805 - Attr not supported : Dmpu
2026-02-12 17:10:16,684 [ERROR] ConditionMgr:805 - Attr not supported : Dmpu
2026-02-12 17:10:16,684 [ERROR] ConditionMgr:805 - Attr not supported : Dmpu
2026-02-12 17:10:16,684 [ERROR] ConditionMgr:805 - Attr not supported : Dmpu
2026-02-12 17:10:16,684 [ERROR] ConditionMgr:805 - Attr not supported : Dmpu
2026-02-12 17:10:16,684 [ERROR] ConditionMgr:805 - Attr not supported : Dmpu
2026-02-12 17:10:16,684 [ERROR] ConditionMgr:805 - Attr not supported : Dmpu
2026-02-12 17:10:16,684 [ERROR] ConditionMgr:805 - Attr not supported : Dmpu
2026-02-12 17:10:16,684 [ERROR] ConditionMgr:805 - Attr not supported : Dmpu
2026-02-12 17:10:16,684 [ERROR] ConditionMgr:805 - Attr not supported : Dmpu
2026-02-12 17:10:16,684 [ERROR] ConditionMgr:805 - Attr not supported : Dmpu
2026-02-12 17:10:16,684 [ERROR] ConditionMgr:805 - Attr not supported : Dmpu
2026-02-12 17:10:16,684 [ERROR] ConditionMgr:805 - Attr not supported : Dmpu
2026-02-12 17:10:16,684 [ERROR] ConditionMgr:805 - Attr not supported : Dmpu
2026-02-12 17:10:16,684 [ERROR] ConditionMgr:805 - Attr not supported : Dmpu
2026-02-12 17:10:16,684 [ERROR] ConditionMgr:805 - Attr not supported : Dmpu
2026-02-12 17:10:16,684 [ERROR] ConditionMgr:805 - Attr not supported : Dmpu
2026-02-12 17:10:16,684 [ERROR] ConditionMgr:805 - Attr not supported : Dmpu
2026-02-12 17:10:16,684 [ERROR] ConditionMgr:805 - Attr not supported : Dmpu
2026-02-12 17:10:16,684 [ERROR] ConditionMgr:805 - Attr not supported : Dmpu
2026-02-12 17:10:16,684 [ERROR] ConditionMgr:805 - Attr not supported : Dmpu
2026-02-12 17:10:16,684 [ERROR] ConditionMgr:805 - Attr not supported : Dmpu
2026-02-12 17:10:16,684 [ERROR] ConditionMgr:805 - Attr not supported : Dmpu
2026-02-12 17:10:16,684 [ERROR] ConditionMgr:805 - Attr not supported : Dmpu
2026-02-12 17:10:16,684 [ERROR] ConditionMgr:805 - Attr not supported : Dmpu
2026-02-12 17:10:16,684 [ERROR] ConditionMgr:805 - Attr not supported : Dmpu
2026-02-12 17:10:16,684 [ERROR] ConditionMgr:805 - Attr not supported : Dmpu
2026-02-12 17:10:16,684 [ERROR] ConditionMgr:805 - Attr not supported : Dmpu
2026-02-12 17:10:16,684 [ERROR] ConditionMgr:805 - Attr not supported : Dmpu
2026-02-12 17:10:16,684 [ERROR] ConditionMgr:805 - Attr not supported : Dmpu
2026-02-12 17:10:16,684 [ERROR] ConditionMgr:805 - Attr not supported : Dmpu
2026-02-12 17:10:16,684 [ERROR] ConditionMgr:805 - Attr not supported : Dmpu
2026-02-12 17:10:16,685 [ERROR] ConditionMgr:805 - Attr not supported : Dmpu
2026-02-12 17:10:16,685 [ERROR] ConditionMgr:805 - Attr not supported : Dmpu
2026-02-12 17:10:16,685 [ERROR] ConditionMgr:805 - Attr not supported : Dmpu
2026-02-12 17:10:16,685 [ERROR] ConditionMgr:805 - Attr not supported : Dmpu
2026-02-12 17:10:16,685 [ERROR] ConditionMgr:805 - Attr not supported : Dmpu
2026-02-12 17:10:16,688 [WARN] PackLoader:240 - Cannot read IP mode file for STMicroelectronics.X-CUBE-WB05N.2.0.0
2026-02-12 17:10:16,693 [WARN] PackLoader:240 - Cannot read IP mode file for STMicroelectronics.X-CUBE-BLEMGR.3.0.0
2026-02-12 17:10:16,696 [ERROR] Engine:466 - C:\Users\RND1\.stm32cubemx\thirdparties\pdsc\STMicroelectronics.X-CUBE-TCPP.4.2.0.pdsc: PDSC version is not supported
2026-02-12 17:10:16,700 [WARN] PackLoader:240 - Cannot read IP mode file for RealThread.X-CUBE-RT-Thread_Nano.4.1.1
2026-02-12 17:10:16,703 [WARN] PackLoader:240 - Cannot read IP mode file for STMicroelectronics.FP-ATR-SIGFOX1.3.2.0
2026-02-12 17:10:16,706 [WARN] ConditionMgr:438 - getConditionDescription Invalid condition id : Cortex-A Device cause : null
2026-02-12 17:10:16,718 [WARN] ConditionMgr:1039 - genDependencies : Invalid condition id : Cortex-A Device cause : null
2026-02-12 17:10:16,719 [WARN] ConditionMgr:1039 - genDependencies : Invalid condition id : Cortex-A Device cause : null
2026-02-12 17:10:16,719 [WARN] ConditionMgr:1039 - genDependencies : Invalid condition id : Cortex-A Device cause : null
2026-02-12 17:10:16,722 [WARN] PackLoader:240 - Cannot read IP mode file for STMicroelectronics.X-CUBE-EEPRMA1.5.1.0
2026-02-12 17:10:16,727 [WARN] PackLoader:240 - Cannot read IP mode file for STMicroelectronics.X-CUBE-NFC6.3.2.0
2026-02-12 17:10:16,730 [ERROR] Engine:466 - C:\Users\RND1\.stm32cubemx\thirdparties\pdsc\STMicroelectronics.X-CUBE-ST67W61.1.0.0.pdsc: PDSC version is not supported
2026-02-12 17:10:16,732 [WARN] PackLoader:240 - Cannot read IP mode file for STMicroelectronics.X-CUBE-AI.10.2.0
2026-02-12 17:10:16,748 [WARN] PackLoader:240 - Cannot read IP mode file for SEGGER.I-CUBE-embOS.1.3.1
2026-02-12 17:10:16,766 [WARN] PackLoader:240 - Cannot read IP mode file for STMicroelectronics.X-CUBE-ALGOBUILD.1.4.0
2026-02-12 17:10:16,787 [WARN] PackLoader:240 - Cannot read IP mode file for STMicroelectronics.X-CUBE-MEMS1.11.3.0
2026-02-12 17:10:16,853 [WARN] PackLoader:240 - Cannot read IP mode file for STMicroelectronics.X-CUBE-AI.9.1.0
2026-02-12 17:10:16,856 [WARN] PackLoader:240 - Cannot read IP mode file for STMicroelectronics.X-CUBE-PM33A1.1.0.0
2026-02-12 17:10:16,861 [WARN] PackLoader:240 - Cannot read IP mode file for STMicroelectronics.X-CUBE-GNSS1.6.0.0
2026-02-12 17:10:16,876 [WARN] PackLoader:240 - Cannot read IP mode file for STMicroelectronics.X-CUBE-AZRTOS-F4.1.1.0
2026-02-12 17:10:16,883 [WARN] PackLoader:240 - Cannot read IP mode file for wolfSSL.I-CUBE-wolfSSL.5.6.4
2026-02-12 17:10:16,885 [ERROR] Engine:466 - C:\Users\RND1\.stm32cubemx\thirdparties\pdsc\Avnet-IotConnect.X-CUBE-IoTC-DA16k-PMOD.1.0.0.pdsc: PDSC version is not supported
2026-02-12 17:10:16,888 [WARN] PackLoader:240 - Cannot read IP mode file for STMicroelectronics.X-CUBE-ISPU.2.1.0
2026-02-12 17:10:16,891 [ERROR] Engine:466 - C:\Users\RND1\.stm32cubemx\thirdparties\pdsc\STMicroelectronics.X-CUBE-IPS.3.2.0.pdsc: PDSC version is not supported
2026-02-12 17:10:16,896 [WARN] PackLoader:240 - Cannot read IP mode file for STMicroelectronics.X-CUBE-FREERTOS.1.2.0
2026-02-12 17:10:16,902 [WARN] PackLoader:240 - Cannot read IP mode file for STMicroelectronics.X-CUBE-NFC12.1.0.0
2026-02-12 17:10:16,911 [WARN] PackLoader:240 - Cannot read IP mode file for STMicroelectronics.X-CUBE-AZRTOS-L5.2.0.0
2026-02-12 17:10:16,916 [WARN] PackLoader:240 - Cannot read IP mode file for STMicroelectronics.X-CUBE-EEPRMA1.4.2.0
2026-02-12 17:10:16,920 [WARN] PackLoader:240 - Cannot read IP mode file for STMicroelectronics.X-CUBE-NFC6.3.1.0
2026-02-12 17:10:16,927 [WARN] PackLoader:240 - Cannot read IP mode file for ITTIA_DB.I-CUBE-ITTIADB.8.8.0
2026-02-12 17:10:16,934 [WARN] PackLoader:240 - Cannot read IP mode file for STMicroelectronics.X-CUBE-DPower.1.2.0
2026-02-12 17:10:16,937 [WARN] PackLoader:240 - Cannot read IP mode file for STMicroelectronics.X-CUBE-AI.9.0.0
2026-02-12 17:10:16,944 [WARN] PackLoader:240 - Cannot read IP mode file for STMicroelectronics.X-CUBE-FREERTOS.1.3.1
2026-02-12 17:10:16,948 [WARN] PackLoader:240 - Cannot read IP mode file for STMicroelectronics.X-CUBE-FREERTOS.1.3.0
2026-02-12 17:10:16,951 [WARN] PackLoader:240 - Cannot read IP mode file for STMicroelectronics.X-CUBE-NFC7.1.0.1
2026-02-12 17:10:16,954 [WARN] PackLoader:240 - Cannot read IP mode file for STMicroelectronics.X-CUBE-TOUCHGFX.4.26.0
2026-02-12 17:10:16,957 [WARN] PackLoader:240 - Cannot read IP mode file for STMicroelectronics.X-CUBE-NFC6.3.0.0
2026-02-12 17:10:16,960 [ERROR] Engine:466 - C:\Users\RND1\.stm32cubemx\thirdparties\pdsc\STMicroelectronics.FP-SNS-STAIOTCFT.1.0.0.pdsc: PDSC version is not supported
2026-02-12 17:10:16,963 [WARN] PackLoader:240 - Cannot read IP mode file for STMicroelectronics.X-CUBE-DPower.1.3.0
2026-02-12 17:10:16,965 [WARN] PackLoader:240 - Cannot read IP mode file for STMicroelectronics.X-CUBE-AI.8.1.0
2026-02-12 17:10:16,973 [WARN] ConditionMgr:438 - getConditionDescription Invalid condition id : LAN8742 Phy interface Condition cause : null
2026-02-12 17:10:16,973 [WARN] PackLoader:240 - Cannot read IP mode file for STMicroelectronics.X-CUBE-AZRTOS-L4.2.0.0
2026-02-12 17:10:16,974 [WARN] ConditionMgr:1039 - genDependencies : Invalid condition id : LAN8742 Phy interface Condition cause : null
2026-02-12 17:10:16,974 [WARN] ConditionMgr:1039 - genDependencies : Invalid condition id : LAN8742 Phy interface Condition cause : null
2026-02-12 17:10:16,975 [WARN] ConditionMgr:1039 - genDependencies : Invalid condition id : LAN8742 Phy interface Condition cause : null
2026-02-12 17:10:16,980 [WARN] PackLoader:240 - Cannot read IP mode file for STMicroelectronics.X-CUBE-SFXS2LP1.4.0.0
2026-02-12 17:10:16,982 [ERROR] Engine:466 - C:\Users\RND1\.stm32cubemx\thirdparties\pdsc\STMicroelectronics.X-CUBE-ST67W61.1.2.0.pdsc: PDSC version is not supported
2026-02-12 17:10:16,990 [WARN] PackLoader:240 - Cannot read IP mode file for STMicroelectronics.X-CUBE-AZRTOS-H7.3.3.0
2026-02-12 17:10:16,994 [ERROR] Engine:466 - C:\Users\RND1\.stm32cubemx\thirdparties\pdsc\STMicroelectronics.X-CUBE-BLEMGR.4.1.0.pdsc: PDSC version is not supported
2026-02-12 17:10:16,999 [WARN] PackLoader:240 - Cannot read IP mode file for STMicroelectronics.X-CUBE-IPS.3.0.0
2026-02-12 17:10:17,007 [WARN] ConditionMgr:438 - getConditionDescription Invalid condition id : UX DEVICE CLASS RTOS Condition cause : null
2026-02-12 17:10:17,008 [WARN] ConditionMgr:438 - getConditionDescription Invalid condition id : UX DEVICE CLASS RTOS Condition cause : null
2026-02-12 17:10:17,008 [WARN] PackLoader:240 - Cannot read IP mode file for STMicroelectronics.X-CUBE-AZRTOS-WB.2.0.0
2026-02-12 17:10:17,009 [WARN] ConditionMgr:1039 - genDependencies : Invalid condition id : UX DEVICE CLASS RTOS Condition cause : null
2026-02-12 17:10:17,009 [WARN] ConditionMgr:1039 - genDependencies : Invalid condition id : UX DEVICE CLASS RTOS Condition cause : null
2026-02-12 17:10:17,009 [WARN] ConditionMgr:1039 - genDependencies : Invalid condition id : UX DEVICE CLASS RTOS Condition cause : null
2026-02-12 17:10:17,009 [WARN] ConditionMgr:1039 - genDependencies : Invalid condition id : UX DEVICE CLASS RTOS Condition cause : null
2026-02-12 17:10:17,009 [WARN] ConditionMgr:1039 - genDependencies : Invalid condition id : UX DEVICE CLASS RTOS Condition cause : null
2026-02-12 17:10:17,013 [WARN] PackLoader:240 - Cannot read IP mode file for STMicroelectronics.X-CUBE-GNSS1.7.0.0
2026-02-12 17:10:17,016 [WARN] PackLoader:240 - Cannot read IP mode file for STMicroelectronics.X-CUBE-GNSS1.7.0.1
2026-02-12 17:10:17,018 [WARN] PackLoader:240 - Cannot read IP mode file for STMicroelectronics.X-CUBE-TOUCHGFX.4.25.0
2026-02-12 17:10:17,023 [WARN] PackLoader:240 - Cannot read IP mode file for STMicroelectronics.FP-SNS-STBOX1.2.0.0
2026-02-12 17:10:17,029 [WARN] PackLoader:240 - Cannot read IP mode file for STMicroelectronics.X-CUBE-STSE01.2.0.0
2026-02-12 17:10:17,035 [WARN] PackLoader:240 - Cannot read IP mode file for STMicroelectronics.X-CUBE-SUBG2.5.0.0
2026-02-12 17:10:17,047 [WARN] PackLoader:240 - Cannot read IP mode file for STMicroelectronics.X-CUBE-AZRTOS-H7RS.1.1.0
2026-02-12 17:10:17,058 [WARN] PackLoader:240 - Cannot read IP mode file for STMicroelectronics.X-CUBE-AZRTOS-G4.2.0.0
2026-02-12 17:10:17,071 [WARN] PackLoader:240 - Cannot read IP mode file for Infineon.AIROC-Wi-Fi-Bluetooth-STM32.1.5.1
2026-02-12 17:10:17,076 [WARN] PackLoader:240 - Cannot read IP mode file for STMicroelectronics.X-CUBE-NFC7.2.0.0
2026-02-12 17:10:17,080 [WARN] PackLoader:240 - Cannot read IP mode file for STMicroelectronics.FP-SNS-MOTENVWB1.1.3.1
2026-02-12 17:10:17,085 [WARN] PackLoader:240 - Cannot read IP mode file for STMicroelectronics.X-CUBE-ISPU.2.0.0
2026-02-12 17:10:17,088 [ERROR] Engine:466 - C:\Users\RND1\.stm32cubemx\thirdparties\pdsc\STMicroelectronics.X-CUBE-IPS.3.1.0.pdsc: PDSC version is not supported
2026-02-12 17:10:17,092 [WARN] PackLoader:240 - Cannot read IP mode file for STMicroelectronics.X-CUBE-ALS.1.0.2
2026-02-12 17:10:17,111 [WARN] PackLoader:240 - Cannot read IP mode file for STMicroelectronics.X-CUBE-MEMS1.10.0.0
2026-02-12 17:10:17,164 [WARN] PackLoader:240 - Cannot read IP mode file for STMicroelectronics.X-CUBE-FREERTOS.1.1.0
2026-02-12 17:10:17,166 [WARN] PackLoader:240 - Cannot read IP mode file for STMicroelectronics.X-CUBE-TOUCHGFX.4.24.0
2026-02-12 17:10:17,169 [WARN] PackLoader:240 - Cannot read IP mode file for STMicroelectronics.X-CUBE-TOUCHGFX.4.24.2
2026-02-12 17:10:17,172 [WARN] PackLoader:240 - Cannot read IP mode file for STMicroelectronics.X-CUBE-TOUCHGFX.4.24.1
2026-02-12 17:10:17,175 [WARN] PackLoader:240 - Cannot read IP mode file for STMicroelectronics.X-CUBE-STSE01.1.0.0
2026-02-12 17:10:17,179 [WARN] PackLoader:240 - Cannot read IP mode file for wolfSSL.I-CUBE-wolfTPM.3.4.0
2026-02-12 17:10:17,184 [WARN] PackLoader:240 - Cannot read IP mode file for portGmbH.I-Cube-SoM-uGOAL.1.1.0
2026-02-12 17:10:17,187 [WARN] PackLoader:240 - Cannot read IP mode file for STMicroelectronics.X-CUBE-ALS.1.0.1
2026-02-12 17:10:17,195 [WARN] PackLoader:240 - Cannot read IP mode file for STMicroelectronics.X-CUBE-AZRTOS-H7RS.1.0.0
2026-02-12 17:10:17,198 [WARN] PackLoader:240 - Cannot read IP mode file for STMicroelectronics.FP-ATR-ASTRA1.2.0.0
2026-02-12 17:10:17,204 [WARN] PackLoader:240 - Cannot read IP mode file for STMicroelectronics.X-CUBE-TOF1.3.4.2
2026-02-12 17:10:17,211 [ERROR] Engine:466 - C:\Users\RND1\.stm32cubemx\thirdparties\pdsc\STMicroelectronics.X-CUBE-TOF1.3.4.3.pdsc: PDSC version is not supported
2026-02-12 17:10:17,216 [WARN] PackLoader:240 - Cannot read IP mode file for STMicroelectronics.X-CUBE-TOF1.3.4.0
2026-02-12 17:10:17,225 [WARN] PackLoader:240 - Cannot read IP mode file for STMicroelectronics.X-CUBE-TOF1.3.4.1
2026-02-12 17:10:17,241 [WARN] PackLoader:240 - Cannot read IP mode file for STMicroelectronics.X-CUBE-AZRTOS-H7.3.2.0
2026-02-12 17:10:17,248 [WARN] PackLoader:240 - Cannot read IP mode file for wolfSSL.I-CUBE-wolfSSH.1.4.17
2026-02-12 17:10:17,249 [INFO] ThirdParty:978 - Integrity check success = true
2026-02-12 17:10:17,249 [INFO] IntegrityCheckThread:100 - exiting critical section [integrity check]
2026-02-12 17:10:17,249 [INFO] IntegrityCheckThread:103 - End integrity checks thread
2026-02-12 17:10:41,135 [INFO] Activator:176 - 


2026-02-12 17:10:41,136 [INFO] Activator:177 - !SESSION log4j initialized
2026-02-12 17:10:45,685 [INFO] LogOutputStream:77 - [STDOUT_REDIRECT] 
2026-02-12 17:10:47,370 [INFO] ApplicationProperties:184 - Using Application install path: C:\ST\STM32CubeIDE_1.16.1\STM32CubeIDE\plugins\com.st.stm32cube.common.mx_6.12.1.202409122256
2026-02-12 17:10:47,381 [INFO] DbMcusXml:78 - Set database path to: C:\ST\STM32CubeIDE_1.16.1\STM32CubeIDE\plugins\com.st.stm32cube.common.mx_6.12.1.202409122256\\db\/mcu/
2026-02-12 17:10:47,381 [INFO] ApiDb:274 - Set plugin database path to: C:\ST\STM32CubeIDE_1.16.1\STM32CubeIDE\plugins\com.st.stm32cube.common.mx_6.12.1.202409122256\\db\/plugins/boardmanager/
2026-02-12 17:10:47,382 [WARN] ApiDb:259 - Overriding images path with different value:  => C:\ST\STM32CubeIDE_1.16.1\STM32CubeIDE\plugins\com.st.stm32cube.common.mx_6.12.1.202409122256\\db\/plugins/mcufinder/images/
2026-02-12 17:10:47,386 [INFO] ApiDb:250 - Set database path to: C:\Users\RND1\.stmcufinder\plugins\mcufinder//mcu/
2026-02-12 17:10:47,386 [INFO] DbMcusAds:125 - Set database path to: C:\Users\RND1\.stmcufinder\plugins\mcufinder//mcu/
2026-02-12 17:10:47,387 [INFO] CrossReferenceDbSqlite:203 - Set database path to: C:\Users\RND1\.stmcufinder\plugins\mcufinder//mcu/cs/
2026-02-12 17:10:47,454 [INFO] RulesReader:64 - Compatibility file has been processed (297 Rules)
2026-02-12 17:10:47,527 [INFO] DbMcusXml:78 - Set database path to: C:\ST\STM32CubeIDE_1.16.1\STM32CubeIDE\plugins\com.st.stm32cube.common.mx_6.12.1.202409122256\\db\/mcu/
2026-02-12 17:10:47,527 [INFO] ApiDb:274 - Set plugin database path to: C:\ST\STM32CubeIDE_1.16.1\STM32CubeIDE\plugins\com.st.stm32cube.common.mx_6.12.1.202409122256\\db\/plugins/boardmanager/
2026-02-12 17:10:47,528 [INFO] ApiDb:261 - Set plugin images path to: C:\ST\STM32CubeIDE_1.16.1\STM32CubeIDE\plugins\com.st.stm32cube.common.mx_6.12.1.202409122256\\db\/plugins/mcufinder/images/
2026-02-12 17:10:47,528 [WARN] DbFile:41 - Overriding database path with different value: C:\Users\RND1\.stmcufinder\plugins\mcufinder/ => C:\Users\RND1\.stmcufinder\plugins\mcufinder
2026-02-12 17:10:47,528 [INFO] ApiDb:250 - Set database path to: C:\Users\RND1\.stmcufinder\plugins\mcufinder//mcu/
2026-02-12 17:10:47,528 [WARN] DbFile:41 - Overriding database path with different value: C:\Users\RND1\.stmcufinder\plugins\mcufinder/ => C:\Users\RND1\.stmcufinder\plugins\mcufinder
2026-02-12 17:10:47,528 [INFO] DbMcusAds:125 - Set database path to: C:\Users\RND1\.stmcufinder\plugins\mcufinder//mcu/
2026-02-12 17:10:47,528 [WARN] DbFile:41 - Overriding database path with different value: C:\Users\RND1\.stmcufinder\plugins\mcufinder/ => C:\Users\RND1\.stmcufinder\plugins\mcufinder
2026-02-12 17:10:47,528 [WARN] DbFile:41 - Overriding database path with different value: C:\Users\RND1\.stmcufinder\plugins\mcufinder/ => C:\Users\RND1\.stmcufinder\plugins\mcufinder
2026-02-12 17:10:47,528 [INFO] CrossReferenceDbSqlite:203 - Set database path to: C:\Users\RND1\.stmcufinder\plugins\mcufinder//mcu/cs/
2026-02-12 17:10:47,589 [INFO] MainPanel:268 - HeapMemory: 268435456
2026-02-12 17:10:47,639 [INFO] DbMcusXml:78 - Set database path to: C:\ST\STM32CubeIDE_1.16.1\STM32CubeIDE\plugins\com.st.stm32cube.common.mx_6.12.1.202409122256\\db\/mcu/
2026-02-12 17:10:47,639 [INFO] ApiDb:274 - Set plugin database path to: C:\ST\STM32CubeIDE_1.16.1\STM32CubeIDE\plugins\com.st.stm32cube.common.mx_6.12.1.202409122256\\db\/plugins/boardmanager/
2026-02-12 17:10:47,639 [INFO] ApiDb:261 - Set plugin images path to: C:\ST\STM32CubeIDE_1.16.1\STM32CubeIDE\plugins\com.st.stm32cube.common.mx_6.12.1.202409122256\\db\/plugins/mcufinder/images/
2026-02-12 17:10:47,639 [WARN] DbFile:41 - Overriding database path with different value: C:\Users\RND1\.stmcufinder\plugins\mcufinder/ => C:\Users\RND1\.stmcufinder\plugins\mcufinder
2026-02-12 17:10:47,640 [INFO] ApiDb:250 - Set database path to: C:\Users\RND1\.stmcufinder\plugins\mcufinder//mcu/
2026-02-12 17:10:47,640 [WARN] DbFile:41 - Overriding database path with different value: C:\Users\RND1\.stmcufinder\plugins\mcufinder/ => C:\Users\RND1\.stmcufinder\plugins\mcufinder
2026-02-12 17:10:47,640 [INFO] DbMcusAds:125 - Set database path to: C:\Users\RND1\.stmcufinder\plugins\mcufinder//mcu/
2026-02-12 17:10:47,640 [WARN] DbFile:41 - Overriding database path with different value: C:\Users\RND1\.stmcufinder\plugins\mcufinder/ => C:\Users\RND1\.stmcufinder\plugins\mcufinder
2026-02-12 17:10:47,640 [WARN] DbFile:41 - Overriding database path with different value: C:\Users\RND1\.stmcufinder\plugins\mcufinder/ => C:\Users\RND1\.stmcufinder\plugins\mcufinder
2026-02-12 17:10:47,640 [INFO] CrossReferenceDbSqlite:203 - Set database path to: C:\Users\RND1\.stmcufinder\plugins\mcufinder//mcu/cs/
2026-02-12 17:10:47,655 [INFO] ApplicationProperties:184 - Using Application install path: C:\ST\STM32CubeIDE_1.16.1\STM32CubeIDE\plugins\com.st.stm32cube.common.mx_6.12.1.202409122256
2026-02-12 17:10:47,656 [INFO] PluginManage:196 - Search for loadable plugins [exclusion list=, ]
2026-02-12 17:10:47,657 [INFO] PluginManage:310 - Check plugin analytics
2026-02-12 17:10:47,814 [INFO] AnalyticsPlugin:253 - Accepted Software Licenses: STM32CubeMX.6.10.0
2026-02-12 17:10:47,814 [INFO] AnalyticsPlugin:255 - Accepted CMSIS Pack Licenses: 
2026-02-12 17:10:47,814 [INFO] AnalyticsPlugin:257 - Accepted Firmware Licenses: FW.G4.1.5.0,FW.G4.1.6.0,FW.F4.1.28.0,FW.H7.1.11.0,FW.H7.1.12.0
2026-02-12 17:10:47,816 [INFO] PluginManage:359 - Loaded plugin analytics (category:tool,tabindex:-1)
2026-02-12 17:10:47,817 [INFO] PluginManage:310 - Check plugin cadmodel
2026-02-12 17:10:47,821 [INFO] CADModel:105 - Init CAD model plugin
2026-02-12 17:10:47,821 [INFO] PluginManage:359 - Loaded plugin cadmodel (category:power,tabindex:5)
2026-02-12 17:10:47,821 [INFO] PluginManage:310 - Check plugin clock
2026-02-12 17:10:47,831 [INFO] PluginManage:359 - Loaded plugin clock (category:base,tabindex:2)
2026-02-12 17:10:47,832 [INFO] PluginManage:310 - Check plugin ddr
2026-02-12 17:10:47,833 [INFO] PluginManage:359 - Loaded plugin ddr (category:tool,tabindex:6)
2026-02-12 17:10:47,834 [INFO] PluginManage:310 - Check plugin filemanager
2026-02-12 17:10:47,960 [INFO] PluginManage:359 - Loaded plugin filemanager (category:base,tabindex:10)
2026-02-12 17:10:47,960 [INFO] PluginManage:310 - Check plugin ipmanager
2026-02-12 17:10:47,966 [INFO] PluginManage:359 - Loaded plugin ipmanager (category:base,tabindex:5)
2026-02-12 17:10:47,966 [INFO] PluginManage:310 - Check plugin lpbam
2026-02-12 17:10:47,972 [INFO] PluginManage:359 - Loaded plugin lpbam (category:base,tabindex:0)
2026-02-12 17:10:47,972 [INFO] PluginManage:310 - Check plugin memorymap
2026-02-12 17:10:47,979 [INFO] PluginManage:359 - Loaded plugin memorymap (category:base,tabindex:4)
2026-02-12 17:10:47,979 [INFO] PluginManage:310 - Check plugin pinoutandconfiguration
2026-02-12 17:10:47,984 [INFO] PluginManage:359 - Loaded plugin pinoutandconfiguration (category:base,tabindex:1)
2026-02-12 17:10:47,984 [INFO] PluginManage:310 - Check plugin pinoutconfig
2026-02-12 17:10:48,040 [WARN] SupportedApi:132 - Cannot load RTOS API schema: s4s-elt-must-match.1: The content of 'definitions' must match (annotation?, (simpleType | complexType)?, (unique | key | keyref)*)). A problem was found starting at: attribute.
2026-02-12 17:10:48,122 [INFO] PluginManage:359 - Loaded plugin pinoutconfig (category:base,tabindex:0)
2026-02-12 17:10:48,122 [INFO] PluginManage:310 - Check plugin power
2026-02-12 17:10:48,127 [INFO] PluginManage:359 - Loaded plugin power (category:power,tabindex:4)
2026-02-12 17:10:48,127 [INFO] PluginManage:310 - Check plugin projectmanager
2026-02-12 17:10:48,138 [INFO] PluginManage:359 - Loaded plugin projectmanager (category:projectmanager,tabindex:4)
2026-02-12 17:10:48,138 [INFO] PluginManage:310 - Check plugin rif
2026-02-12 17:10:48,141 [INFO] PluginManage:359 - Loaded plugin rif (category:base,tabindex:3)
2026-02-12 17:10:48,141 [INFO] PluginManage:310 - Check plugin thirdparty
2026-02-12 17:10:48,235 [WARN] IntegrityCheckThread:84 - waiting for thirdparty lock release [integrity check]
2026-02-12 17:10:48,235 [INFO] IntegrityCheckThread:86 - entering critical section [integrity check]
2026-02-12 17:10:48,235 [INFO] PluginManage:359 - Loaded plugin thirdparty (category:base,tabindex:-1)
2026-02-12 17:10:48,235 [INFO] PluginManage:310 - Check plugin tools
2026-02-12 17:10:48,235 [INFO] ThirdPartyUpdaterWithRetryManager:70 - Updater plugin not ready yet. [1/15]
2026-02-12 17:10:48,239 [INFO] PluginManage:359 - Loaded plugin tools (category:base,tabindex:7)
2026-02-12 17:10:48,239 [INFO] PluginManage:310 - Check plugin tutovideos
2026-02-12 17:10:48,356 [INFO] PluginManage:359 - Loaded plugin tutovideos (category:base,tabindex:-1)
2026-02-12 17:10:48,356 [INFO] PluginManage:310 - Check plugin updater
2026-02-12 17:10:48,367 [INFO] PluginManage:359 - Loaded plugin updater (category:base,tabindex:12)
2026-02-12 17:10:48,367 [INFO] PluginManage:310 - Check plugin userauth
2026-02-12 17:10:48,372 [INFO] UserAuth:113 - Init User Auth plugin
2026-02-12 17:10:48,372 [INFO] PluginManage:359 - Loaded plugin userauth (category:base,tabindex:14)
2026-02-12 17:10:48,372 [INFO] PluginManage:283 - PluginManage : Loaded plugins [18]
2026-02-12 17:10:48,533 [INFO] PinOutPanel:1561 - setPackage(No Configuration,No Configuration)
2026-02-12 17:10:48,596 [INFO] CADModel:165 - CPN selected for project level
2026-02-12 17:10:48,596 [INFO] CADModel:114 - Register for checkConnection events
2026-02-12 17:10:48,608 [INFO] IPUIPlugin:80 - create IPUIPlugin
2026-02-12 17:10:48,608 [INFO] PluginManager:220 - loadIPPluginJar : add adc
2026-02-12 17:10:48,610 [INFO] IPUIPlugin:80 - create IPUIPlugin
2026-02-12 17:10:48,610 [INFO] PluginManager:220 - loadIPPluginJar : add aes
2026-02-12 17:10:48,612 [INFO] IPUIPlugin:80 - create IPUIPlugin
2026-02-12 17:10:48,613 [INFO] PluginManager:220 - loadIPPluginJar : add can
2026-02-12 17:10:48,614 [INFO] IPUIPlugin:80 - create IPUIPlugin
2026-02-12 17:10:48,614 [INFO] PluginManager:220 - loadIPPluginJar : add comp
2026-02-12 17:10:48,615 [INFO] IPUIPlugin:80 - create IPUIPlugin
2026-02-12 17:10:48,616 [INFO] PluginManager:220 - loadIPPluginJar : add cryp
2026-02-12 17:10:48,617 [INFO] IPUIPlugin:80 - create IPUIPlugin
2026-02-12 17:10:48,617 [INFO] PluginManager:220 - loadIPPluginJar : add ddr_ctrl_phy
2026-02-12 17:10:48,619 [INFO] IPUIPlugin:80 - create IPUIPlugin
2026-02-12 17:10:48,619 [INFO] PluginManager:220 - loadIPPluginJar : add dfsdm
2026-02-12 17:10:48,622 [INFO] IPUIPlugin:80 - create IPUIPlugin
2026-02-12 17:10:48,623 [INFO] PluginManager:220 - loadIPPluginJar : add dma
2026-02-12 17:10:48,624 [INFO] IPUIPlugin:80 - create IPUIPlugin
2026-02-12 17:10:48,624 [INFO] PluginManager:220 - loadIPPluginJar : add dma3
2026-02-12 17:10:48,626 [INFO] IPUIPlugin:80 - create IPUIPlugin
2026-02-12 17:10:48,626 [INFO] PluginManager:220 - loadIPPluginJar : add extmemmanager
2026-02-12 17:10:48,627 [INFO] IPUIPlugin:80 - create IPUIPlugin
2026-02-12 17:10:48,627 [INFO] PluginManager:220 - loadIPPluginJar : add fatfs
2026-02-12 17:10:48,630 [INFO] IPUIPlugin:80 - create IPUIPlugin
2026-02-12 17:10:48,630 [INFO] PluginManager:220 - loadIPPluginJar : add fmc
2026-02-12 17:10:48,634 [INFO] IPUIPlugin:80 - create IPUIPlugin
2026-02-12 17:10:48,634 [INFO] PluginManager:220 - loadIPPluginJar : add freertos
2026-02-12 17:10:48,635 [INFO] IPUIPlugin:80 - create IPUIPlugin
2026-02-12 17:10:48,635 [INFO] PluginManager:220 - loadIPPluginJar : add genericplugin
2026-02-12 17:10:48,636 [INFO] IPUIPlugin:80 - create IPUIPlugin
2026-02-12 17:10:48,636 [INFO] PluginManager:220 - loadIPPluginJar : add gfxmmu
2026-02-12 17:10:48,639 [INFO] IPUIPlugin:80 - create IPUIPlugin
2026-02-12 17:10:48,639 [INFO] PluginManager:220 - loadIPPluginJar : add gic
2026-02-12 17:10:48,642 [INFO] IPUIPlugin:80 - create IPUIPlugin
2026-02-12 17:10:48,642 [INFO] PluginManager:220 - loadIPPluginJar : add gpio
2026-02-12 17:10:48,644 [INFO] IPUIPlugin:80 - create IPUIPlugin
2026-02-12 17:10:48,644 [INFO] PluginManager:220 - loadIPPluginJar : add gtzc
2026-02-12 17:10:48,645 [INFO] IPUIPlugin:80 - create IPUIPlugin
2026-02-12 17:10:48,645 [INFO] PluginManager:220 - loadIPPluginJar : add hash
2026-02-12 17:10:48,647 [INFO] IPUIPlugin:80 - create IPUIPlugin
2026-02-12 17:10:48,647 [INFO] PluginManager:220 - loadIPPluginJar : add i2c
2026-02-12 17:10:48,649 [INFO] IPUIPlugin:80 - create IPUIPlugin
2026-02-12 17:10:48,649 [INFO] PluginManager:220 - loadIPPluginJar : add i2s
2026-02-12 17:10:48,650 [INFO] IPUIPlugin:80 - create IPUIPlugin
2026-02-12 17:10:48,650 [INFO] PluginManager:220 - loadIPPluginJar : add i3c
2026-02-12 17:10:48,652 [INFO] IPUIPlugin:80 - create IPUIPlugin
2026-02-12 17:10:48,653 [INFO] PluginManager:220 - loadIPPluginJar : add ipddr
2026-02-12 17:10:48,657 [INFO] IPUIPlugin:80 - create IPUIPlugin
2026-02-12 17:10:48,658 [INFO] PluginManager:220 - loadIPPluginJar : add linkedlist
2026-02-12 17:10:48,660 [INFO] IPUIPlugin:80 - create IPUIPlugin
2026-02-12 17:10:48,660 [INFO] PluginManager:220 - loadIPPluginJar : add lorawan
2026-02-12 17:10:48,661 [INFO] IPUIPlugin:80 - create IPUIPlugin
2026-02-12 17:10:48,661 [INFO] PluginManager:220 - loadIPPluginJar : add ltdc
2026-02-12 17:10:48,665 [INFO] IPUIPlugin:80 - create IPUIPlugin
2026-02-12 17:10:48,665 [INFO] PluginManager:220 - loadIPPluginJar : add mdma
2026-02-12 17:10:48,668 [INFO] IPUIPlugin:80 - create IPUIPlugin
2026-02-12 17:10:48,668 [INFO] PluginManager:220 - loadIPPluginJar : add nvic
2026-02-12 17:10:48,670 [INFO] IPUIPlugin:80 - create IPUIPlugin
2026-02-12 17:10:48,671 [INFO] PluginManager:220 - loadIPPluginJar : add opamp
2026-02-12 17:10:48,673 [INFO] IPUIPlugin:80 - create IPUIPlugin
2026-02-12 17:10:48,673 [INFO] PluginManager:220 - loadIPPluginJar : add openamp
2026-02-12 17:10:48,674 [INFO] IPUIPlugin:80 - create IPUIPlugin
2026-02-12 17:10:48,675 [INFO] PluginManager:220 - loadIPPluginJar : add pdm2pcm
2026-02-12 17:10:48,678 [INFO] IPUIPlugin:80 - create IPUIPlugin
2026-02-12 17:10:48,680 [INFO] PluginManager:220 - loadIPPluginJar : add plateformsettings
2026-02-12 17:10:48,681 [INFO] IPUIPlugin:80 - create IPUIPlugin
2026-02-12 17:10:48,681 [INFO] PluginManager:220 - loadIPPluginJar : add quadspi
2026-02-12 17:10:48,682 [INFO] IPUIPlugin:80 - create IPUIPlugin
2026-02-12 17:10:48,683 [INFO] PluginManager:220 - loadIPPluginJar : add radio
2026-02-12 17:10:48,685 [INFO] IPUIPlugin:80 - create IPUIPlugin
2026-02-12 17:10:48,685 [INFO] PluginManager:220 - loadIPPluginJar : add resmgrutility
2026-02-12 17:10:48,687 [INFO] IPUIPlugin:80 - create IPUIPlugin
2026-02-12 17:10:48,687 [INFO] PluginManager:220 - loadIPPluginJar : add sai
2026-02-12 17:10:48,689 [INFO] IPUIPlugin:80 - create IPUIPlugin
2026-02-12 17:10:48,689 [INFO] PluginManager:220 - loadIPPluginJar : add spi
2026-02-12 17:10:48,693 [INFO] IPUIPlugin:80 - create IPUIPlugin
2026-02-12 17:10:48,693 [INFO] PluginManager:220 - loadIPPluginJar : add stm32_wpan
2026-02-12 17:10:48,694 [INFO] IPUIPlugin:80 - create IPUIPlugin
2026-02-12 17:10:48,694 [INFO] PluginManager:220 - loadIPPluginJar : add tim
2026-02-12 17:10:48,696 [INFO] IPUIPlugin:80 - create IPUIPlugin
2026-02-12 17:10:48,696 [INFO] PluginManager:220 - loadIPPluginJar : add touchsensing
2026-02-12 17:10:48,697 [INFO] IPUIPlugin:80 - create IPUIPlugin
2026-02-12 17:10:48,697 [INFO] PluginManager:220 - loadIPPluginJar : add tracer_emb
2026-02-12 17:10:48,698 [INFO] IPUIPlugin:80 - create IPUIPlugin
2026-02-12 17:10:48,698 [INFO] PluginManager:220 - loadIPPluginJar : add ts
2026-02-12 17:10:48,700 [INFO] IPUIPlugin:80 - create IPUIPlugin
2026-02-12 17:10:48,700 [INFO] PluginManager:220 - loadIPPluginJar : add tsc
2026-02-12 17:10:48,701 [INFO] IPUIPlugin:80 - create IPUIPlugin
2026-02-12 17:10:48,702 [INFO] PluginManager:220 - loadIPPluginJar : add ucpd
2026-02-12 17:10:48,704 [INFO] IPUIPlugin:80 - create IPUIPlugin
2026-02-12 17:10:48,704 [INFO] PluginManager:220 - loadIPPluginJar : add usart
2026-02-12 17:10:48,706 [INFO] IPUIPlugin:80 - create IPUIPlugin
2026-02-12 17:10:48,707 [INFO] PluginManager:220 - loadIPPluginJar : add usbx
2026-02-12 17:10:48,819 [INFO] CADModel:165 - CPN selected for project level
2026-02-12 17:10:48,819 [INFO] CADModel:114 - Register for checkConnection events
2026-02-12 17:10:48,819 [FATAL] Updater:334 - Updater called before beeing initialized
2026-02-12 17:10:48,820 [ERROR] CADModel:125 - Updater not yet initialized, retry later 
2026-02-12 17:10:48,904 [INFO] CADModel:165 - CPN selected for project level
2026-02-12 17:10:48,905 [INFO] CADModel:114 - Register for checkConnection events
2026-02-12 17:10:48,905 [FATAL] Updater:334 - Updater called before beeing initialized
2026-02-12 17:10:48,905 [ERROR] CADModel:125 - Updater not yet initialized, retry later 
2026-02-12 17:10:48,907 [FATAL] Updater:334 - Updater called before beeing initialized
2026-02-12 17:10:48,986 [FATAL] Updater:334 - Updater called before beeing initialized
2026-02-12 17:10:48,989 [INFO] DbMcusAds:53 - JSON generation date=Fri Jan 09 00:56:32 KST 2026 (1767887792457)
2026-02-12 17:10:48,989 [FATAL] Updater:334 - Updater called before beeing initialized
2026-02-12 17:10:49,012 [WARN] DetailPanel:346 - Failed to get advertising image, set to default
2026-02-12 17:10:49,097 [FATAL] Updater:334 - Updater called before beeing initialized
2026-02-12 17:10:49,098 [FATAL] Updater:334 - Updater called before beeing initialized
2026-02-12 17:10:49,099 [FATAL] Updater:334 - Updater called before beeing initialized
2026-02-12 17:10:49,099 [WARN] DetailPanel:346 - Failed to get advertising image, set to default
2026-02-12 17:10:49,099 [FATAL] Updater:334 - Updater called before beeing initialized
2026-02-12 17:10:49,131 [ERROR] Updater:1164 - MainUpdater not yet initialized. External WinMGr cannot be set.
2026-02-12 17:10:49,133 [INFO] Updater:1100 - Updater Version found : 6.12.1
2026-02-12 17:10:49,144 [INFO] ApplicationProperties:184 - Using Application install path: C:\ST\STM32CubeIDE_1.16.1\STM32CubeIDE\plugins\com.st.stm32cube.common.mx_6.12.1.202409122256
2026-02-12 17:10:49,733 [INFO] MainUpdater:2873 - connection check result : 10
2026-02-12 17:10:49,734 [INFO] MainUpdater:290 - Updater Check For Update Now.
2026-02-12 17:10:49,734 [INFO] MicroXplorer:498 - Change Database Version : DB.6.0.121
2026-02-12 17:10:49,741 [INFO] McuFinderGlobals:63 - Set McuFinder mode to 2 (CubeIDE integrated)
2026-02-12 17:10:49,742 [INFO] UserAuth:417 - Internet connection configuration mode: 1
2026-02-12 17:10:49,766 [INFO] JxBrowserEngine:152 - Initiate JxBrowser Engine with user profile folder
2026-02-12 17:10:49,909 [INFO] CheckServerUpdateThread:120 - End of CheckServer Thread
2026-02-12 17:10:50,205 [INFO] WebApp:167 - Instantiating new browser for Auth
2026-02-12 17:10:50,665 [INFO] WebApp:448 - Apply proxy settings
2026-02-12 17:10:50,669 [INFO] WebApp:493 - Chromium authenticates against Manually configured proxy
2026-02-12 17:10:50,673 [INFO] WebApp:501 - Username used for proxy authentication: 
2026-02-12 17:10:50,691 [INFO] WebApp:869 - Register for checkConnection events
2026-02-12 17:10:50,691 [INFO] WebApp:448 - Apply proxy settings
2026-02-12 17:10:50,694 [INFO] WebApp:493 - Chromium authenticates against Manually configured proxy
2026-02-12 17:10:50,695 [INFO] WebApp:501 - Username used for proxy authentication: 
2026-02-12 17:10:50,786 [INFO] WebApp:220 - Starting web application
2026-02-12 17:10:50,787 [INFO] WebApp:578 - Web application path used C:\ST\STM32CubeIDE_1.16.1\STM32CubeIDE\plugins\com.st.stm32cube.common.mx_6.12.1.202409122256\db\plugins\mcufinder\reactClient1\index.html
2026-02-12 17:10:50,836 [INFO] UserAuth:417 - Internet connection configuration mode: 1
2026-02-12 17:10:50,945 [INFO] WebApp:186 - Connection restablished
2026-02-12 17:10:51,459 [WARN] PackLoader:240 - Cannot read IP mode file for STMicroelectronics.FP-SNS-MOTENVWB1.1.4.0
2026-02-12 17:10:51,465 [WARN] PackLoader:240 - Cannot read IP mode file for STMicroelectronics.FP-ATR-ASTRA1.2.0.2
2026-02-12 17:10:51,468 [WARN] PackLoader:240 - Cannot read IP mode file for STMicroelectronics.FP-ATR-ASTRA1.2.0.1
2026-02-12 17:10:51,473 [WARN] PackLoader:240 - Cannot read IP mode file for STMicroelectronics.X-CUBE-SMBUS.2.1.0
2026-02-12 17:10:51,479 [WARN] PackLoader:240 - Cannot read IP mode file for STMicroelectronics.X-CUBE-WB05N.1.1.0
2026-02-12 17:10:51,481 [ERROR] Engine:466 - C:\Users\RND1\.stm32cubemx\thirdparties\pdsc\STMicroelectronics.X-CUBE-ST60.1.0.0.pdsc: PDSC version is not supported
2026-02-12 17:10:51,485 [WARN] PackLoader:240 - Cannot read IP mode file for STMicroelectronics.X-CUBE-TOUCHGFX.4.23.0
2026-02-12 17:10:51,487 [WARN] PackLoader:240 - Cannot read IP mode file for STMicroelectronics.X-CUBE-TOUCHGFX.4.23.2
2026-02-12 17:10:51,502 [WARN] PackLoader:240 - Cannot read IP mode file for STMicroelectronics.X-CUBE-AZRTOS-F7.1.1.0
2026-02-12 17:10:51,508 [WARN] PackLoader:240 - Cannot read IP mode file for STMicroelectronics.FP-SNS-MOTENV1.4.3.2
2026-02-12 17:10:51,541 [WARN] PackLoader:240 - Cannot read IP mode file for STMicroelectronics.X-CUBE-MEMS1.11.0.0
2026-02-12 17:10:51,666 [ERROR] Engine:466 - C:\Users\RND1\.stm32cubemx\thirdparties\pdsc\STMicroelectronics.FP-SNS-MOTENV1.5.1.0.pdsc: PDSC version is not supported
2026-02-12 17:10:51,669 [WARN] PackLoader:240 - Cannot read IP mode file for STMicroelectronics.FP-SNS-FLIGHT1.5.0.2
2026-02-12 17:10:51,680 [WARN] PackLoader:240 - Cannot read IP mode file for STMicroelectronics.X-CUBE-AZRTOS-H7.3.4.0
2026-02-12 17:10:51,687 [WARN] PackLoader:240 - Cannot read IP mode file for STMicroelectronics.X-CUBE-DISPLAY.3.0.0
2026-02-12 17:10:51,693 [WARN] PackLoader:240 - Cannot read IP mode file for STMicroelectronics.X-CUBE-BLE1.7.0.0
2026-02-12 17:10:51,698 [WARN] PackLoader:240 - Cannot read IP mode file for STMicroelectronics.X-CUBE-NFC10.1.0.0
2026-02-12 17:10:51,708 [WARN] PackLoader:240 - Cannot read IP mode file for STMicroelectronics.X-CUBE-BLEMGR.4.0.0
2026-02-12 17:10:51,712 [ERROR] Engine:466 - C:\Users\RND1\.stm32cubemx\thirdparties\pdsc\STMicroelectronics.X-CUBE-ST60.1.1.0.pdsc: PDSC version is not supported
2026-02-12 17:10:51,717 [WARN] PackLoader:240 - Cannot read IP mode file for emotas.I-CUBE-CANOPEN.1.3.0
2026-02-12 17:10:51,722 [WARN] PackLoader:240 - Cannot read IP mode file for STMicroelectronics.X-CUBE-GNSS1.7.1.0
2026-02-12 17:10:51,729 [WARN] PackLoader:240 - Cannot read IP mode file for STMicroelectronics.X-CUBE-BLEMGR.3.1.0
2026-02-12 17:10:51,737 [WARN] PackLoader:240 - Cannot read IP mode file for STMicroelectronics.X-CUBE-AI.10.0.0
2026-02-12 17:10:51,739 [ERROR] Engine:466 - C:\Users\RND1\.stm32cubemx\thirdparties\pdsc\STMicroelectronics.FP-SNS-STBOX1.2.1.0.pdsc: PDSC version is not supported
2026-02-12 17:10:51,744 [WARN] PackLoader:240 - Cannot read IP mode file for STMicroelectronics.FP-SNS-SMARTAG2.1.2.0
2026-02-12 17:10:51,746 [ERROR] Engine:466 - C:\Users\RND1\.stm32cubemx\thirdparties\pdsc\STMicroelectronics.FP-SNS-FLIGHT1.5.1.0.pdsc: PDSC version is not supported
2026-02-12 17:10:51,770 [WARN] PackLoader:240 - Cannot read IP mode file for STMicroelectronics.X-CUBE-MEMS1.11.1.0
2026-02-12 17:10:51,835 [INFO] LogOutputStream:77 - [STDOUT_REDIRECT] 1 : Invalid condition id : UX_CORESTACK_Condition cause : null
2026-02-12 17:10:51,836 [INFO] LogOutputStream:77 - [STDOUT_REDIRECT] 1 : Invalid condition id : UX_CORESTACK_Condition cause : null
2026-02-12 17:10:51,838 [INFO] LogOutputStream:77 - [STDOUT_REDIRECT] 1 : Invalid condition id : UX_CORESTACK_Condition cause : null
2026-02-12 17:10:51,839 [INFO] LogOutputStream:77 - [STDOUT_REDIRECT] 1 : Invalid condition id : UX_CORESTACK_Condition cause : null
2026-02-12 17:10:51,841 [INFO] LogOutputStream:77 - [STDOUT_REDIRECT] 1 : Invalid condition id : UX_CORESTACK_Condition cause : null
2026-02-12 17:10:51,845 [WARN] PackLoader:240 - Cannot read IP mode file for STMicroelectronics.X-CUBE-AZRTOS-WL.2.0.0
2026-02-12 17:10:51,850 [WARN] PackLoader:240 - Cannot read IP mode file for STMicroelectronics.FP-SNS-MOTENV1.5.0.0
2026-02-12 17:10:51,866 [WARN] PackLoader:240 - Cannot read IP mode file for STMicroelectronics.X-CUBE-AZRTOS-H7RS.1.2.0
2026-02-12 17:10:51,880 [WARN] PackLoader:240 - Cannot read IP mode file for wolfSSL.I-CUBE-wolfMQTT.1.19.0
2026-02-12 17:10:51,890 [WARN] PackLoader:240 - Cannot read IP mode file for WES.I-CUBE-Cesium.1.3.0
2026-02-12 17:10:51,896 [WARN] PackLoader:240 - Cannot read IP mode file for STMicroelectronics.X-CUBE-BLE2.3.3.0
2026-02-12 17:10:51,898 [ERROR] Engine:466 - C:\Users\RND1\.stm32cubemx\thirdparties\pdsc\Avnet-IOTCONNECT.X-CUBE-iotc-st67-sdk.1.0.0.pdsc: PDSC version is not supported
2026-02-12 17:10:51,904 [WARN] PackLoader:240 - Cannot read IP mode file for STMicroelectronics.X-CUBE-NFC9.1.0.0
2026-02-12 17:10:51,910 [WARN] PackLoader:240 - Cannot read IP mode file for STMicroelectronics.X-CUBE-BLE1.7.1.0
2026-02-12 17:10:51,914 [WARN] PackLoader:240 - Cannot read IP mode file for STMicroelectronics.X-CUBE-TCPP.4.1.0
2026-02-12 17:10:51,916 [ERROR] Engine:466 - C:\Users\RND1\.stm32cubemx\thirdparties\pdsc\STMicroelectronics.X-CUBE-FREERTOS.1.4.0.pdsc: PDSC version is not supported
2026-02-12 17:10:51,921 [WARN] PackLoader:240 - Cannot read IP mode file for STMicroelectronics.X-CUBE-EEPRMA1.5.2.0
2026-02-12 17:10:51,924 [ERROR] Engine:466 - C:\Users\RND1\.stm32cubemx\thirdparties\pdsc\STMicroelectronics.X-CUBE-ST67W61.1.1.0.pdsc: PDSC version is not supported
2026-02-12 17:10:51,927 [WARN] PackLoader:240 - Cannot read IP mode file for STMicroelectronics.X-CUBE-AI.10.1.0
2026-02-12 17:10:51,952 [WARN] PackLoader:240 - Cannot read IP mode file for STMicroelectronics.X-CUBE-MEMS1.12.0.0
2026-02-12 17:10:52,004 [WARN] PackLoader:240 - Cannot read IP mode file for STMicroelectronics.X-CUBE-ALGOBUILD.1.3.0
2026-02-12 17:10:52,037 [WARN] PackLoader:240 - Cannot read IP mode file for STMicroelectronics.X-CUBE-MEMS1.11.2.0
2026-02-12 17:10:52,116 [WARN] PackLoader:240 - Cannot read IP mode file for STMicroelectronics.X-CUBE-AZRTOS-G0.1.1.0
2026-02-12 17:10:52,121 [WARN] PackLoader:240 - Cannot read IP mode file for STMicroelectronics.X-CUBE-SAFEA1.1.2.2
2026-02-12 17:10:52,127 [WARN] PackLoader:240 - Cannot read IP mode file for STMicroelectronics.X-CUBE-NFC4.3.0.0
2026-02-12 17:10:52,130 [WARN] PackLoader:240 - Cannot read IP mode file for wolfSSL.I-CUBE-wolfMQTT.1.18.0
2026-02-12 17:10:52,137 [WARN] PackLoader:240 - Cannot read IP mode file for EmbeddedOffice.I-CUBE-FS-RTOS.1.0.1
2026-02-12 17:10:52,137 [ERROR] ConditionMgr:805 - Attr not supported : Dmpu
2026-02-12 17:10:52,137 [ERROR] ConditionMgr:805 - Attr not supported : Dmpu
2026-02-12 17:10:52,137 [ERROR] ConditionMgr:805 - Attr not supported : Dmpu
2026-02-12 17:10:52,137 [ERROR] ConditionMgr:805 - Attr not supported : Dmpu
2026-02-12 17:10:52,137 [ERROR] ConditionMgr:805 - Attr not supported : Dmpu
2026-02-12 17:10:52,137 [ERROR] ConditionMgr:805 - Attr not supported : Dmpu
2026-02-12 17:10:52,137 [ERROR] ConditionMgr:805 - Attr not supported : Dmpu
2026-02-12 17:10:52,137 [ERROR] ConditionMgr:805 - Attr not supported : Dmpu
2026-02-12 17:10:52,137 [ERROR] ConditionMgr:805 - Attr not supported : Dmpu
2026-02-12 17:10:52,137 [ERROR] ConditionMgr:805 - Attr not supported : Dmpu
2026-02-12 17:10:52,137 [ERROR] ConditionMgr:805 - Attr not supported : Dmpu
2026-02-12 17:10:52,137 [ERROR] ConditionMgr:805 - Attr not supported : Dmpu
2026-02-12 17:10:52,137 [ERROR] ConditionMgr:805 - Attr not supported : Dmpu
2026-02-12 17:10:52,137 [ERROR] ConditionMgr:805 - Attr not supported : Dmpu
2026-02-12 17:10:52,137 [ERROR] ConditionMgr:805 - Attr not supported : Dmpu
2026-02-12 17:10:52,137 [ERROR] ConditionMgr:805 - Attr not supported : Dmpu
2026-02-12 17:10:52,137 [ERROR] ConditionMgr:805 - Attr not supported : Dmpu
2026-02-12 17:10:52,137 [ERROR] ConditionMgr:805 - Attr not supported : Dmpu
2026-02-12 17:10:52,137 [ERROR] ConditionMgr:805 - Attr not supported : Dmpu
2026-02-12 17:10:52,137 [ERROR] ConditionMgr:805 - Attr not supported : Dmpu
2026-02-12 17:10:52,137 [ERROR] ConditionMgr:805 - Attr not supported : Dmpu
2026-02-12 17:10:52,138 [ERROR] ConditionMgr:805 - Attr not supported : Dmpu
2026-02-12 17:10:52,138 [ERROR] ConditionMgr:805 - Attr not supported : Dmpu
2026-02-12 17:10:52,138 [ERROR] ConditionMgr:805 - Attr not supported : Dmpu
2026-02-12 17:10:52,138 [ERROR] ConditionMgr:805 - Attr not supported : Dmpu
2026-02-12 17:10:52,138 [ERROR] ConditionMgr:805 - Attr not supported : Dmpu
2026-02-12 17:10:52,138 [ERROR] ConditionMgr:805 - Attr not supported : Dmpu
2026-02-12 17:10:52,138 [ERROR] ConditionMgr:805 - Attr not supported : Dmpu
2026-02-12 17:10:52,138 [ERROR] ConditionMgr:805 - Attr not supported : Dmpu
2026-02-12 17:10:52,138 [ERROR] ConditionMgr:805 - Attr not supported : Dmpu
2026-02-12 17:10:52,138 [ERROR] ConditionMgr:805 - Attr not supported : Dmpu
2026-02-12 17:10:52,138 [ERROR] ConditionMgr:805 - Attr not supported : Dmpu
2026-02-12 17:10:52,138 [ERROR] ConditionMgr:805 - Attr not supported : Dmpu
2026-02-12 17:10:52,138 [ERROR] ConditionMgr:805 - Attr not supported : Dmpu
2026-02-12 17:10:52,138 [ERROR] ConditionMgr:805 - Attr not supported : Dmpu
2026-02-12 17:10:52,138 [ERROR] ConditionMgr:805 - Attr not supported : Dmpu
2026-02-12 17:10:52,138 [ERROR] ConditionMgr:805 - Attr not supported : Dmpu
2026-02-12 17:10:52,138 [ERROR] ConditionMgr:805 - Attr not supported : Dmpu
2026-02-12 17:10:52,138 [ERROR] ConditionMgr:805 - Attr not supported : Dmpu
2026-02-12 17:10:52,138 [ERROR] ConditionMgr:805 - Attr not supported : Dmpu
2026-02-12 17:10:52,138 [ERROR] ConditionMgr:805 - Attr not supported : Dmpu
2026-02-12 17:10:52,138 [ERROR] ConditionMgr:805 - Attr not supported : Dmpu
2026-02-12 17:10:52,138 [ERROR] ConditionMgr:805 - Attr not supported : Dmpu
2026-02-12 17:10:52,138 [ERROR] ConditionMgr:805 - Attr not supported : Dmpu
2026-02-12 17:10:52,138 [ERROR] ConditionMgr:805 - Attr not supported : Dmpu
2026-02-12 17:10:52,138 [ERROR] ConditionMgr:805 - Attr not supported : Dmpu
2026-02-12 17:10:52,138 [ERROR] ConditionMgr:805 - Attr not supported : Dmpu
2026-02-12 17:10:52,138 [ERROR] ConditionMgr:805 - Attr not supported : Dmpu
2026-02-12 17:10:52,138 [ERROR] ConditionMgr:805 - Attr not supported : Dmpu
2026-02-12 17:10:52,138 [ERROR] ConditionMgr:805 - Attr not supported : Dmpu
2026-02-12 17:10:52,138 [ERROR] ConditionMgr:805 - Attr not supported : Dmpu
2026-02-12 17:10:52,138 [ERROR] ConditionMgr:805 - Attr not supported : Dmpu
2026-02-12 17:10:52,138 [ERROR] ConditionMgr:805 - Attr not supported : Dmpu
2026-02-12 17:10:52,138 [ERROR] ConditionMgr:805 - Attr not supported : Dmpu
2026-02-12 17:10:52,138 [ERROR] ConditionMgr:805 - Attr not supported : Dmpu
2026-02-12 17:10:52,139 [ERROR] ConditionMgr:805 - Attr not supported : Dmpu
2026-02-12 17:10:52,139 [ERROR] ConditionMgr:805 - Attr not supported : Dmpu
2026-02-12 17:10:52,139 [ERROR] ConditionMgr:805 - Attr not supported : Dmpu
2026-02-12 17:10:52,139 [ERROR] ConditionMgr:805 - Attr not supported : Dmpu
2026-02-12 17:10:52,139 [ERROR] ConditionMgr:805 - Attr not supported : Dmpu
2026-02-12 17:10:52,139 [ERROR] ConditionMgr:805 - Attr not supported : Dmpu
2026-02-12 17:10:52,139 [ERROR] ConditionMgr:805 - Attr not supported : Dmpu
2026-02-12 17:10:52,139 [ERROR] ConditionMgr:805 - Attr not supported : Dmpu
2026-02-12 17:10:52,139 [ERROR] ConditionMgr:805 - Attr not supported : Dmpu
2026-02-12 17:10:52,143 [WARN] PackLoader:240 - Cannot read IP mode file for STMicroelectronics.X-CUBE-WB05N.2.0.0
2026-02-12 17:10:52,161 [WARN] PackLoader:240 - Cannot read IP mode file for STMicroelectronics.X-CUBE-BLEMGR.3.0.0
2026-02-12 17:10:52,164 [ERROR] Engine:466 - C:\Users\RND1\.stm32cubemx\thirdparties\pdsc\STMicroelectronics.X-CUBE-TCPP.4.2.0.pdsc: PDSC version is not supported
2026-02-12 17:10:52,168 [WARN] PackLoader:240 - Cannot read IP mode file for RealThread.X-CUBE-RT-Thread_Nano.4.1.1
2026-02-12 17:10:52,172 [WARN] PackLoader:240 - Cannot read IP mode file for STMicroelectronics.FP-ATR-SIGFOX1.3.2.0
2026-02-12 17:10:52,177 [WARN] ConditionMgr:438 - getConditionDescription Invalid condition id : Cortex-A Device cause : null
2026-02-12 17:10:52,189 [WARN] ConditionMgr:1039 - genDependencies : Invalid condition id : Cortex-A Device cause : null
2026-02-12 17:10:52,189 [WARN] ConditionMgr:1039 - genDependencies : Invalid condition id : Cortex-A Device cause : null
2026-02-12 17:10:52,189 [WARN] ConditionMgr:1039 - genDependencies : Invalid condition id : Cortex-A Device cause : null
2026-02-12 17:10:52,193 [WARN] PackLoader:240 - Cannot read IP mode file for STMicroelectronics.X-CUBE-EEPRMA1.5.1.0
2026-02-12 17:10:52,199 [WARN] PackLoader:240 - Cannot read IP mode file for STMicroelectronics.X-CUBE-NFC6.3.2.0
2026-02-12 17:10:52,202 [ERROR] Engine:466 - C:\Users\RND1\.stm32cubemx\thirdparties\pdsc\STMicroelectronics.X-CUBE-ST67W61.1.0.0.pdsc: PDSC version is not supported
2026-02-12 17:10:52,205 [WARN] PackLoader:240 - Cannot read IP mode file for STMicroelectronics.X-CUBE-AI.10.2.0
2026-02-12 17:10:52,224 [WARN] PackLoader:240 - Cannot read IP mode file for SEGGER.I-CUBE-embOS.1.3.1
2026-02-12 17:10:52,243 [WARN] PackLoader:240 - Cannot read IP mode file for STMicroelectronics.X-CUBE-ALGOBUILD.1.4.0
2026-02-12 17:10:52,266 [WARN] PackLoader:240 - Cannot read IP mode file for STMicroelectronics.X-CUBE-MEMS1.11.3.0
2026-02-12 17:10:52,327 [WARN] PackLoader:240 - Cannot read IP mode file for STMicroelectronics.X-CUBE-AI.9.1.0
2026-02-12 17:10:52,330 [WARN] PackLoader:240 - Cannot read IP mode file for STMicroelectronics.X-CUBE-PM33A1.1.0.0
2026-02-12 17:10:52,332 [WARN] PackLoader:240 - Cannot read IP mode file for STMicroelectronics.X-CUBE-GNSS1.6.0.0
2026-02-12 17:10:52,340 [WARN] PackLoader:240 - Cannot read IP mode file for STMicroelectronics.X-CUBE-AZRTOS-F4.1.1.0
2026-02-12 17:10:52,344 [WARN] PackLoader:240 - Cannot read IP mode file for wolfSSL.I-CUBE-wolfSSL.5.6.4
2026-02-12 17:10:52,345 [ERROR] Engine:466 - C:\Users\RND1\.stm32cubemx\thirdparties\pdsc\Avnet-IotConnect.X-CUBE-IoTC-DA16k-PMOD.1.0.0.pdsc: PDSC version is not supported
2026-02-12 17:10:52,348 [WARN] PackLoader:240 - Cannot read IP mode file for STMicroelectronics.X-CUBE-ISPU.2.1.0
2026-02-12 17:10:52,350 [ERROR] Engine:466 - C:\Users\RND1\.stm32cubemx\thirdparties\pdsc\STMicroelectronics.X-CUBE-IPS.3.2.0.pdsc: PDSC version is not supported
2026-02-12 17:10:52,353 [WARN] PackLoader:240 - Cannot read IP mode file for STMicroelectronics.X-CUBE-FREERTOS.1.2.0
2026-02-12 17:10:52,357 [WARN] PackLoader:240 - Cannot read IP mode file for STMicroelectronics.X-CUBE-NFC12.1.0.0
2026-02-12 17:10:52,365 [WARN] PackLoader:240 - Cannot read IP mode file for STMicroelectronics.X-CUBE-AZRTOS-L5.2.0.0
2026-02-12 17:10:52,370 [WARN] PackLoader:240 - Cannot read IP mode file for STMicroelectronics.X-CUBE-EEPRMA1.4.2.0
2026-02-12 17:10:52,373 [WARN] PackLoader:240 - Cannot read IP mode file for STMicroelectronics.X-CUBE-NFC6.3.1.0
2026-02-12 17:10:52,379 [WARN] PackLoader:240 - Cannot read IP mode file for ITTIA_DB.I-CUBE-ITTIADB.8.8.0
2026-02-12 17:10:52,383 [WARN] PackLoader:240 - Cannot read IP mode file for STMicroelectronics.X-CUBE-DPower.1.2.0
2026-02-12 17:10:52,385 [WARN] PackLoader:240 - Cannot read IP mode file for STMicroelectronics.X-CUBE-AI.9.0.0
2026-02-12 17:10:52,388 [WARN] PackLoader:240 - Cannot read IP mode file for STMicroelectronics.X-CUBE-FREERTOS.1.3.1
2026-02-12 17:10:52,392 [WARN] PackLoader:240 - Cannot read IP mode file for STMicroelectronics.X-CUBE-FREERTOS.1.3.0
2026-02-12 17:10:52,397 [WARN] PackLoader:240 - Cannot read IP mode file for STMicroelectronics.X-CUBE-NFC7.1.0.1
2026-02-12 17:10:52,401 [WARN] PackLoader:240 - Cannot read IP mode file for STMicroelectronics.X-CUBE-TOUCHGFX.4.26.0
2026-02-12 17:10:52,405 [WARN] PackLoader:240 - Cannot read IP mode file for STMicroelectronics.X-CUBE-NFC6.3.0.0
2026-02-12 17:10:52,408 [ERROR] Engine:466 - C:\Users\RND1\.stm32cubemx\thirdparties\pdsc\STMicroelectronics.FP-SNS-STAIOTCFT.1.0.0.pdsc: PDSC version is not supported
2026-02-12 17:10:52,412 [WARN] PackLoader:240 - Cannot read IP mode file for STMicroelectronics.X-CUBE-DPower.1.3.0
2026-02-12 17:10:52,414 [WARN] PackLoader:240 - Cannot read IP mode file for STMicroelectronics.X-CUBE-AI.8.1.0
2026-02-12 17:10:52,422 [WARN] ConditionMgr:438 - getConditionDescription Invalid condition id : LAN8742 Phy interface Condition cause : null
2026-02-12 17:10:52,423 [WARN] PackLoader:240 - Cannot read IP mode file for STMicroelectronics.X-CUBE-AZRTOS-L4.2.0.0
2026-02-12 17:10:52,425 [WARN] ConditionMgr:1039 - genDependencies : Invalid condition id : LAN8742 Phy interface Condition cause : null
2026-02-12 17:10:52,425 [WARN] ConditionMgr:1039 - genDependencies : Invalid condition id : LAN8742 Phy interface Condition cause : null
2026-02-12 17:10:52,425 [WARN] ConditionMgr:1039 - genDependencies : Invalid condition id : LAN8742 Phy interface Condition cause : null
2026-02-12 17:10:52,430 [WARN] PackLoader:240 - Cannot read IP mode file for STMicroelectronics.X-CUBE-SFXS2LP1.4.0.0
2026-02-12 17:10:52,433 [ERROR] Engine:466 - C:\Users\RND1\.stm32cubemx\thirdparties\pdsc\STMicroelectronics.X-CUBE-ST67W61.1.2.0.pdsc: PDSC version is not supported
2026-02-12 17:10:52,442 [WARN] PackLoader:240 - Cannot read IP mode file for STMicroelectronics.X-CUBE-AZRTOS-H7.3.3.0
2026-02-12 17:10:52,446 [ERROR] Engine:466 - C:\Users\RND1\.stm32cubemx\thirdparties\pdsc\STMicroelectronics.X-CUBE-BLEMGR.4.1.0.pdsc: PDSC version is not supported
2026-02-12 17:10:52,451 [WARN] PackLoader:240 - Cannot read IP mode file for STMicroelectronics.X-CUBE-IPS.3.0.0
2026-02-12 17:10:52,460 [WARN] ConditionMgr:438 - getConditionDescription Invalid condition id : UX DEVICE CLASS RTOS Condition cause : null
2026-02-12 17:10:52,460 [WARN] ConditionMgr:438 - getConditionDescription Invalid condition id : UX DEVICE CLASS RTOS Condition cause : null
2026-02-12 17:10:52,461 [WARN] PackLoader:240 - Cannot read IP mode file for STMicroelectronics.X-CUBE-AZRTOS-WB.2.0.0
2026-02-12 17:10:52,461 [WARN] ConditionMgr:1039 - genDependencies : Invalid condition id : UX DEVICE CLASS RTOS Condition cause : null
2026-02-12 17:10:52,461 [WARN] ConditionMgr:1039 - genDependencies : Invalid condition id : UX DEVICE CLASS RTOS Condition cause : null
2026-02-12 17:10:52,461 [WARN] ConditionMgr:1039 - genDependencies : Invalid condition id : UX DEVICE CLASS RTOS Condition cause : null
2026-02-12 17:10:52,461 [WARN] ConditionMgr:1039 - genDependencies : Invalid condition id : UX DEVICE CLASS RTOS Condition cause : null
2026-02-12 17:10:52,461 [WARN] ConditionMgr:1039 - genDependencies : Invalid condition id : UX DEVICE CLASS RTOS Condition cause : null
2026-02-12 17:10:52,465 [WARN] PackLoader:240 - Cannot read IP mode file for STMicroelectronics.X-CUBE-GNSS1.7.0.0
2026-02-12 17:10:52,468 [WARN] PackLoader:240 - Cannot read IP mode file for STMicroelectronics.X-CUBE-GNSS1.7.0.1
2026-02-12 17:10:52,470 [WARN] PackLoader:240 - Cannot read IP mode file for STMicroelectronics.X-CUBE-TOUCHGFX.4.25.0
2026-02-12 17:10:52,475 [WARN] PackLoader:240 - Cannot read IP mode file for STMicroelectronics.FP-SNS-STBOX1.2.0.0
2026-02-12 17:10:52,480 [WARN] PackLoader:240 - Cannot read IP mode file for STMicroelectronics.X-CUBE-STSE01.2.0.0
2026-02-12 17:10:52,485 [WARN] PackLoader:240 - Cannot read IP mode file for STMicroelectronics.X-CUBE-SUBG2.5.0.0
2026-02-12 17:10:52,498 [WARN] PackLoader:240 - Cannot read IP mode file for STMicroelectronics.X-CUBE-AZRTOS-H7RS.1.1.0
2026-02-12 17:10:52,507 [WARN] PackLoader:240 - Cannot read IP mode file for STMicroelectronics.X-CUBE-AZRTOS-G4.2.0.0
2026-02-12 17:10:52,517 [WARN] PackLoader:240 - Cannot read IP mode file for Infineon.AIROC-Wi-Fi-Bluetooth-STM32.1.5.1
2026-02-12 17:10:52,523 [WARN] PackLoader:240 - Cannot read IP mode file for STMicroelectronics.X-CUBE-NFC7.2.0.0
2026-02-12 17:10:52,527 [WARN] PackLoader:240 - Cannot read IP mode file for STMicroelectronics.FP-SNS-MOTENVWB1.1.3.1
2026-02-12 17:10:52,530 [WARN] PackLoader:240 - Cannot read IP mode file for STMicroelectronics.X-CUBE-ISPU.2.0.0
2026-02-12 17:10:52,534 [ERROR] Engine:466 - C:\Users\RND1\.stm32cubemx\thirdparties\pdsc\STMicroelectronics.X-CUBE-IPS.3.1.0.pdsc: PDSC version is not supported
2026-02-12 17:10:52,538 [WARN] PackLoader:240 - Cannot read IP mode file for STMicroelectronics.X-CUBE-ALS.1.0.2
2026-02-12 17:10:52,560 [WARN] PackLoader:240 - Cannot read IP mode file for STMicroelectronics.X-CUBE-MEMS1.10.0.0
2026-02-12 17:10:52,607 [WARN] PackLoader:240 - Cannot read IP mode file for STMicroelectronics.X-CUBE-FREERTOS.1.1.0
2026-02-12 17:10:52,610 [WARN] PackLoader:240 - Cannot read IP mode file for STMicroelectronics.X-CUBE-TOUCHGFX.4.24.0
2026-02-12 17:10:52,612 [WARN] PackLoader:240 - Cannot read IP mode file for STMicroelectronics.X-CUBE-TOUCHGFX.4.24.2
2026-02-12 17:10:52,614 [WARN] PackLoader:240 - Cannot read IP mode file for STMicroelectronics.X-CUBE-TOUCHGFX.4.24.1
2026-02-12 17:10:52,618 [WARN] PackLoader:240 - Cannot read IP mode file for STMicroelectronics.X-CUBE-STSE01.1.0.0
2026-02-12 17:10:52,621 [WARN] PackLoader:240 - Cannot read IP mode file for wolfSSL.I-CUBE-wolfTPM.3.4.0
2026-02-12 17:10:52,627 [WARN] PackLoader:240 - Cannot read IP mode file for portGmbH.I-Cube-SoM-uGOAL.1.1.0
2026-02-12 17:10:52,629 [WARN] PackLoader:240 - Cannot read IP mode file for STMicroelectronics.X-CUBE-ALS.1.0.1
2026-02-12 17:10:52,637 [WARN] PackLoader:240 - Cannot read IP mode file for STMicroelectronics.X-CUBE-AZRTOS-H7RS.1.0.0
2026-02-12 17:10:52,642 [WARN] PackLoader:240 - Cannot read IP mode file for STMicroelectronics.FP-ATR-ASTRA1.2.0.0
2026-02-12 17:10:52,649 [WARN] PackLoader:240 - Cannot read IP mode file for STMicroelectronics.X-CUBE-TOF1.3.4.2
2026-02-12 17:10:52,655 [ERROR] Engine:466 - C:\Users\RND1\.stm32cubemx\thirdparties\pdsc\STMicroelectronics.X-CUBE-TOF1.3.4.3.pdsc: PDSC version is not supported
2026-02-12 17:10:52,662 [WARN] PackLoader:240 - Cannot read IP mode file for STMicroelectronics.X-CUBE-TOF1.3.4.0
2026-02-12 17:10:52,672 [WARN] PackLoader:240 - Cannot read IP mode file for STMicroelectronics.X-CUBE-TOF1.3.4.1
2026-02-12 17:10:52,685 [WARN] PackLoader:240 - Cannot read IP mode file for STMicroelectronics.X-CUBE-AZRTOS-H7.3.2.0
2026-02-12 17:10:52,691 [WARN] PackLoader:240 - Cannot read IP mode file for wolfSSL.I-CUBE-wolfSSH.1.4.17
2026-02-12 17:10:52,692 [INFO] ThirdParty:978 - Integrity check success = true
2026-02-12 17:10:52,692 [INFO] IntegrityCheckThread:100 - exiting critical section [integrity check]
2026-02-12 17:10:52,692 [INFO] IntegrityCheckThread:103 - End integrity checks thread
2026-02-12 17:11:31,528 [ERROR] LogOutputStream:75 - [STDERR_REDIRECT] SLF4J: Failed to load class "org.slf4j.impl.StaticLoggerBinder".
2026-02-12 17:11:31,529 [ERROR] LogOutputStream:75 - [STDERR_REDIRECT] SLF4J: Defaulting to no-operation (NOP) logger implementation
2026-02-12 17:11:31,530 [ERROR] LogOutputStream:75 - [STDERR_REDIRECT] SLF4J: See http://www.slf4j.org/codes.html#StaticLoggerBinder for further details.
2026-02-12 17:20:26,158 [INFO] Activator:176 - 


2026-02-12 17:20:26,161 [INFO] Activator:177 - !SESSION log4j initialized
2026-02-12 17:20:33,581 [INFO] LogOutputStream:77 - [STDOUT_REDIRECT] 
2026-02-12 17:20:37,575 [INFO] ApplicationProperties:184 - Using Application install path: C:\ST\STM32CubeIDE_1.16.1\STM32CubeIDE\plugins\com.st.stm32cube.common.mx_6.12.1.202409122256
2026-02-12 17:20:37,587 [INFO] DbMcusXml:78 - Set database path to: C:\ST\STM32CubeIDE_1.16.1\STM32CubeIDE\plugins\com.st.stm32cube.common.mx_6.12.1.202409122256\\db\/mcu/
2026-02-12 17:20:37,587 [INFO] ApiDb:274 - Set plugin database path to: C:\ST\STM32CubeIDE_1.16.1\STM32CubeIDE\plugins\com.st.stm32cube.common.mx_6.12.1.202409122256\\db\/plugins/boardmanager/
2026-02-12 17:20:37,587 [WARN] ApiDb:259 - Overriding images path with different value:  => C:\ST\STM32CubeIDE_1.16.1\STM32CubeIDE\plugins\com.st.stm32cube.common.mx_6.12.1.202409122256\\db\/plugins/mcufinder/images/
2026-02-12 17:20:37,598 [INFO] ApiDb:250 - Set database path to: C:\Users\RND1\.stmcufinder\plugins\mcufinder//mcu/
2026-02-12 17:20:37,599 [INFO] DbMcusAds:125 - Set database path to: C:\Users\RND1\.stmcufinder\plugins\mcufinder//mcu/
2026-02-12 17:20:37,601 [INFO] CrossReferenceDbSqlite:203 - Set database path to: C:\Users\RND1\.stmcufinder\plugins\mcufinder//mcu/cs/
2026-02-12 17:20:37,673 [INFO] RulesReader:64 - Compatibility file has been processed (297 Rules)
2026-02-12 17:20:37,750 [INFO] DbMcusXml:78 - Set database path to: C:\ST\STM32CubeIDE_1.16.1\STM32CubeIDE\plugins\com.st.stm32cube.common.mx_6.12.1.202409122256\\db\/mcu/
2026-02-12 17:20:37,750 [INFO] ApiDb:274 - Set plugin database path to: C:\ST\STM32CubeIDE_1.16.1\STM32CubeIDE\plugins\com.st.stm32cube.common.mx_6.12.1.202409122256\\db\/plugins/boardmanager/
2026-02-12 17:20:37,750 [INFO] ApiDb:261 - Set plugin images path to: C:\ST\STM32CubeIDE_1.16.1\STM32CubeIDE\plugins\com.st.stm32cube.common.mx_6.12.1.202409122256\\db\/plugins/mcufinder/images/
2026-02-12 17:20:37,751 [WARN] DbFile:41 - Overriding database path with different value: C:\Users\RND1\.stmcufinder\plugins\mcufinder/ => C:\Users\RND1\.stmcufinder\plugins\mcufinder
2026-02-12 17:20:37,751 [INFO] ApiDb:250 - Set database path to: C:\Users\RND1\.stmcufinder\plugins\mcufinder//mcu/
2026-02-12 17:20:37,751 [WARN] DbFile:41 - Overriding database path with different value: C:\Users\RND1\.stmcufinder\plugins\mcufinder/ => C:\Users\RND1\.stmcufinder\plugins\mcufinder
2026-02-12 17:20:37,751 [INFO] DbMcusAds:125 - Set database path to: C:\Users\RND1\.stmcufinder\plugins\mcufinder//mcu/
2026-02-12 17:20:37,751 [WARN] DbFile:41 - Overriding database path with different value: C:\Users\RND1\.stmcufinder\plugins\mcufinder/ => C:\Users\RND1\.stmcufinder\plugins\mcufinder
2026-02-12 17:20:37,751 [WARN] DbFile:41 - Overriding database path with different value: C:\Users\RND1\.stmcufinder\plugins\mcufinder/ => C:\Users\RND1\.stmcufinder\plugins\mcufinder
2026-02-12 17:20:37,751 [INFO] CrossReferenceDbSqlite:203 - Set database path to: C:\Users\RND1\.stmcufinder\plugins\mcufinder//mcu/cs/
2026-02-12 17:20:37,811 [INFO] MainPanel:268 - HeapMemory: 300941312
2026-02-12 17:20:37,905 [INFO] DbMcusXml:78 - Set database path to: C:\ST\STM32CubeIDE_1.16.1\STM32CubeIDE\plugins\com.st.stm32cube.common.mx_6.12.1.202409122256\\db\/mcu/
2026-02-12 17:20:37,905 [INFO] ApiDb:274 - Set plugin database path to: C:\ST\STM32CubeIDE_1.16.1\STM32CubeIDE\plugins\com.st.stm32cube.common.mx_6.12.1.202409122256\\db\/plugins/boardmanager/
2026-02-12 17:20:37,905 [INFO] ApiDb:261 - Set plugin images path to: C:\ST\STM32CubeIDE_1.16.1\STM32CubeIDE\plugins\com.st.stm32cube.common.mx_6.12.1.202409122256\\db\/plugins/mcufinder/images/
2026-02-12 17:20:37,906 [WARN] DbFile:41 - Overriding database path with different value: C:\Users\RND1\.stmcufinder\plugins\mcufinder/ => C:\Users\RND1\.stmcufinder\plugins\mcufinder
2026-02-12 17:20:37,906 [INFO] ApiDb:250 - Set database path to: C:\Users\RND1\.stmcufinder\plugins\mcufinder//mcu/
2026-02-12 17:20:37,906 [WARN] DbFile:41 - Overriding database path with different value: C:\Users\RND1\.stmcufinder\plugins\mcufinder/ => C:\Users\RND1\.stmcufinder\plugins\mcufinder
2026-02-12 17:20:37,906 [INFO] DbMcusAds:125 - Set database path to: C:\Users\RND1\.stmcufinder\plugins\mcufinder//mcu/
2026-02-12 17:20:37,906 [WARN] DbFile:41 - Overriding database path with different value: C:\Users\RND1\.stmcufinder\plugins\mcufinder/ => C:\Users\RND1\.stmcufinder\plugins\mcufinder
2026-02-12 17:20:37,906 [WARN] DbFile:41 - Overriding database path with different value: C:\Users\RND1\.stmcufinder\plugins\mcufinder/ => C:\Users\RND1\.stmcufinder\plugins\mcufinder
2026-02-12 17:20:37,906 [INFO] CrossReferenceDbSqlite:203 - Set database path to: C:\Users\RND1\.stmcufinder\plugins\mcufinder//mcu/cs/
2026-02-12 17:20:37,918 [INFO] ApplicationProperties:184 - Using Application install path: C:\ST\STM32CubeIDE_1.16.1\STM32CubeIDE\plugins\com.st.stm32cube.common.mx_6.12.1.202409122256
2026-02-12 17:20:37,920 [INFO] PluginManage:196 - Search for loadable plugins [exclusion list=, ]
2026-02-12 17:20:37,920 [INFO] PluginManage:310 - Check plugin analytics
2026-02-12 17:20:38,049 [INFO] AnalyticsPlugin:253 - Accepted Software Licenses: STM32CubeMX.6.10.0
2026-02-12 17:20:38,049 [INFO] AnalyticsPlugin:255 - Accepted CMSIS Pack Licenses: 
2026-02-12 17:20:38,050 [INFO] AnalyticsPlugin:257 - Accepted Firmware Licenses: FW.G4.1.5.0,FW.G4.1.6.0,FW.F4.1.28.0,FW.H7.1.11.0,FW.H7.1.12.0
2026-02-12 17:20:38,052 [INFO] PluginManage:359 - Loaded plugin analytics (category:tool,tabindex:-1)
2026-02-12 17:20:38,052 [INFO] PluginManage:310 - Check plugin cadmodel
2026-02-12 17:20:38,056 [INFO] CADModel:105 - Init CAD model plugin
2026-02-12 17:20:38,056 [INFO] PluginManage:359 - Loaded plugin cadmodel (category:power,tabindex:5)
2026-02-12 17:20:38,056 [INFO] PluginManage:310 - Check plugin clock
2026-02-12 17:20:38,062 [INFO] PluginManage:359 - Loaded plugin clock (category:base,tabindex:2)
2026-02-12 17:20:38,063 [INFO] PluginManage:310 - Check plugin ddr
2026-02-12 17:20:38,066 [INFO] PluginManage:359 - Loaded plugin ddr (category:tool,tabindex:6)
2026-02-12 17:20:38,066 [INFO] PluginManage:310 - Check plugin filemanager
2026-02-12 17:20:38,168 [INFO] PluginManage:359 - Loaded plugin filemanager (category:base,tabindex:10)
2026-02-12 17:20:38,168 [INFO] PluginManage:310 - Check plugin ipmanager
2026-02-12 17:20:38,176 [INFO] PluginManage:359 - Loaded plugin ipmanager (category:base,tabindex:5)
2026-02-12 17:20:38,176 [INFO] PluginManage:310 - Check plugin lpbam
2026-02-12 17:20:38,183 [INFO] PluginManage:359 - Loaded plugin lpbam (category:base,tabindex:0)
2026-02-12 17:20:38,183 [INFO] PluginManage:310 - Check plugin memorymap
2026-02-12 17:20:38,192 [INFO] PluginManage:359 - Loaded plugin memorymap (category:base,tabindex:4)
2026-02-12 17:20:38,192 [INFO] PluginManage:310 - Check plugin pinoutandconfiguration
2026-02-12 17:20:38,201 [INFO] PluginManage:359 - Loaded plugin pinoutandconfiguration (category:base,tabindex:1)
2026-02-12 17:20:38,201 [INFO] PluginManage:310 - Check plugin pinoutconfig
2026-02-12 17:20:38,259 [WARN] SupportedApi:132 - Cannot load RTOS API schema: s4s-elt-must-match.1: The content of 'definitions' must match (annotation?, (simpleType | complexType)?, (unique | key | keyref)*)). A problem was found starting at: attribute.
2026-02-12 17:20:38,350 [INFO] PluginManage:359 - Loaded plugin pinoutconfig (category:base,tabindex:0)
2026-02-12 17:20:38,350 [INFO] PluginManage:310 - Check plugin power
2026-02-12 17:20:38,356 [INFO] PluginManage:359 - Loaded plugin power (category:power,tabindex:4)
2026-02-12 17:20:38,356 [INFO] PluginManage:310 - Check plugin projectmanager
2026-02-12 17:20:38,368 [INFO] PluginManage:359 - Loaded plugin projectmanager (category:projectmanager,tabindex:4)
2026-02-12 17:20:38,368 [INFO] PluginManage:310 - Check plugin rif
2026-02-12 17:20:38,372 [INFO] PluginManage:359 - Loaded plugin rif (category:base,tabindex:3)
2026-02-12 17:20:38,372 [INFO] PluginManage:310 - Check plugin thirdparty
2026-02-12 17:20:38,510 [WARN] IntegrityCheckThread:84 - waiting for thirdparty lock release [integrity check]
2026-02-12 17:20:38,510 [INFO] IntegrityCheckThread:86 - entering critical section [integrity check]
2026-02-12 17:20:38,511 [INFO] PluginManage:359 - Loaded plugin thirdparty (category:base,tabindex:-1)
2026-02-12 17:20:38,511 [INFO] PluginManage:310 - Check plugin tools
2026-02-12 17:20:38,511 [INFO] ThirdPartyUpdaterWithRetryManager:70 - Updater plugin not ready yet. [1/15]
2026-02-12 17:20:38,515 [INFO] PluginManage:359 - Loaded plugin tools (category:base,tabindex:7)
2026-02-12 17:20:38,515 [INFO] PluginManage:310 - Check plugin tutovideos
2026-02-12 17:20:38,654 [INFO] PluginManage:359 - Loaded plugin tutovideos (category:base,tabindex:-1)
2026-02-12 17:20:38,654 [INFO] PluginManage:310 - Check plugin updater
2026-02-12 17:20:38,665 [INFO] PluginManage:359 - Loaded plugin updater (category:base,tabindex:12)
2026-02-12 17:20:38,666 [INFO] PluginManage:310 - Check plugin userauth
2026-02-12 17:20:38,669 [INFO] UserAuth:113 - Init User Auth plugin
2026-02-12 17:20:38,669 [INFO] PluginManage:359 - Loaded plugin userauth (category:base,tabindex:14)
2026-02-12 17:20:38,669 [INFO] PluginManage:283 - PluginManage : Loaded plugins [18]
2026-02-12 17:20:38,833 [INFO] PinOutPanel:1561 - setPackage(No Configuration,No Configuration)
2026-02-12 17:20:38,904 [INFO] CADModel:165 - CPN selected for project level
2026-02-12 17:20:38,904 [INFO] CADModel:114 - Register for checkConnection events
2026-02-12 17:20:38,915 [INFO] IPUIPlugin:80 - create IPUIPlugin
2026-02-12 17:20:38,915 [INFO] PluginManager:220 - loadIPPluginJar : add adc
2026-02-12 17:20:38,917 [INFO] IPUIPlugin:80 - create IPUIPlugin
2026-02-12 17:20:38,917 [INFO] PluginManager:220 - loadIPPluginJar : add aes
2026-02-12 17:20:38,919 [INFO] IPUIPlugin:80 - create IPUIPlugin
2026-02-12 17:20:38,919 [INFO] PluginManager:220 - loadIPPluginJar : add can
2026-02-12 17:20:38,920 [INFO] IPUIPlugin:80 - create IPUIPlugin
2026-02-12 17:20:38,920 [INFO] PluginManager:220 - loadIPPluginJar : add comp
2026-02-12 17:20:38,922 [INFO] IPUIPlugin:80 - create IPUIPlugin
2026-02-12 17:20:38,922 [INFO] PluginManager:220 - loadIPPluginJar : add cryp
2026-02-12 17:20:38,924 [INFO] IPUIPlugin:80 - create IPUIPlugin
2026-02-12 17:20:38,924 [INFO] PluginManager:220 - loadIPPluginJar : add ddr_ctrl_phy
2026-02-12 17:20:38,926 [INFO] IPUIPlugin:80 - create IPUIPlugin
2026-02-12 17:20:38,926 [INFO] PluginManager:220 - loadIPPluginJar : add dfsdm
2026-02-12 17:20:38,933 [INFO] IPUIPlugin:80 - create IPUIPlugin
2026-02-12 17:20:38,934 [INFO] PluginManager:220 - loadIPPluginJar : add dma
2026-02-12 17:20:38,936 [INFO] IPUIPlugin:80 - create IPUIPlugin
2026-02-12 17:20:38,936 [INFO] PluginManager:220 - loadIPPluginJar : add dma3
2026-02-12 17:20:38,938 [INFO] IPUIPlugin:80 - create IPUIPlugin
2026-02-12 17:20:38,938 [INFO] PluginManager:220 - loadIPPluginJar : add extmemmanager
2026-02-12 17:20:38,939 [INFO] IPUIPlugin:80 - create IPUIPlugin
2026-02-12 17:20:38,940 [INFO] PluginManager:220 - loadIPPluginJar : add fatfs
2026-02-12 17:20:38,943 [INFO] IPUIPlugin:80 - create IPUIPlugin
2026-02-12 17:20:38,943 [INFO] PluginManager:220 - loadIPPluginJar : add fmc
2026-02-12 17:20:38,947 [INFO] IPUIPlugin:80 - create IPUIPlugin
2026-02-12 17:20:38,947 [INFO] PluginManager:220 - loadIPPluginJar : add freertos
2026-02-12 17:20:38,948 [INFO] IPUIPlugin:80 - create IPUIPlugin
2026-02-12 17:20:38,949 [INFO] PluginManager:220 - loadIPPluginJar : add genericplugin
2026-02-12 17:20:38,950 [INFO] IPUIPlugin:80 - create IPUIPlugin
2026-02-12 17:20:38,950 [INFO] PluginManager:220 - loadIPPluginJar : add gfxmmu
2026-02-12 17:20:38,953 [INFO] IPUIPlugin:80 - create IPUIPlugin
2026-02-12 17:20:38,953 [INFO] PluginManager:220 - loadIPPluginJar : add gic
2026-02-12 17:20:38,956 [INFO] IPUIPlugin:80 - create IPUIPlugin
2026-02-12 17:20:38,956 [INFO] PluginManager:220 - loadIPPluginJar : add gpio
2026-02-12 17:20:38,958 [INFO] IPUIPlugin:80 - create IPUIPlugin
2026-02-12 17:20:38,958 [INFO] PluginManager:220 - loadIPPluginJar : add gtzc
2026-02-12 17:20:38,960 [INFO] IPUIPlugin:80 - create IPUIPlugin
2026-02-12 17:20:38,960 [INFO] PluginManager:220 - loadIPPluginJar : add hash
2026-02-12 17:20:38,962 [INFO] IPUIPlugin:80 - create IPUIPlugin
2026-02-12 17:20:38,962 [INFO] PluginManager:220 - loadIPPluginJar : add i2c
2026-02-12 17:20:38,964 [INFO] IPUIPlugin:80 - create IPUIPlugin
2026-02-12 17:20:38,964 [INFO] PluginManager:220 - loadIPPluginJar : add i2s
2026-02-12 17:20:38,966 [INFO] IPUIPlugin:80 - create IPUIPlugin
2026-02-12 17:20:38,966 [INFO] PluginManager:220 - loadIPPluginJar : add i3c
2026-02-12 17:20:38,968 [INFO] IPUIPlugin:80 - create IPUIPlugin
2026-02-12 17:20:38,968 [INFO] PluginManager:220 - loadIPPluginJar : add ipddr
2026-02-12 17:20:38,973 [INFO] IPUIPlugin:80 - create IPUIPlugin
2026-02-12 17:20:38,974 [INFO] PluginManager:220 - loadIPPluginJar : add linkedlist
2026-02-12 17:20:38,976 [INFO] IPUIPlugin:80 - create IPUIPlugin
2026-02-12 17:20:38,976 [INFO] PluginManager:220 - loadIPPluginJar : add lorawan
2026-02-12 17:20:38,977 [INFO] IPUIPlugin:80 - create IPUIPlugin
2026-02-12 17:20:38,977 [INFO] PluginManager:220 - loadIPPluginJar : add ltdc
2026-02-12 17:20:38,981 [INFO] IPUIPlugin:80 - create IPUIPlugin
2026-02-12 17:20:38,981 [INFO] PluginManager:220 - loadIPPluginJar : add mdma
2026-02-12 17:20:38,982 [INFO] IPUIPlugin:80 - create IPUIPlugin
2026-02-12 17:20:38,983 [INFO] PluginManager:220 - loadIPPluginJar : add nvic
2026-02-12 17:20:38,984 [INFO] IPUIPlugin:80 - create IPUIPlugin
2026-02-12 17:20:38,985 [INFO] PluginManager:220 - loadIPPluginJar : add opamp
2026-02-12 17:20:38,986 [INFO] IPUIPlugin:80 - create IPUIPlugin
2026-02-12 17:20:38,987 [INFO] PluginManager:220 - loadIPPluginJar : add openamp
2026-02-12 17:20:38,988 [INFO] IPUIPlugin:80 - create IPUIPlugin
2026-02-12 17:20:38,988 [INFO] PluginManager:220 - loadIPPluginJar : add pdm2pcm
2026-02-12 17:20:38,992 [INFO] IPUIPlugin:80 - create IPUIPlugin
2026-02-12 17:20:38,993 [INFO] PluginManager:220 - loadIPPluginJar : add plateformsettings
2026-02-12 17:20:38,995 [INFO] IPUIPlugin:80 - create IPUIPlugin
2026-02-12 17:20:38,995 [INFO] PluginManager:220 - loadIPPluginJar : add quadspi
2026-02-12 17:20:38,996 [INFO] IPUIPlugin:80 - create IPUIPlugin
2026-02-12 17:20:38,997 [INFO] PluginManager:220 - loadIPPluginJar : add radio
2026-02-12 17:20:38,999 [INFO] IPUIPlugin:80 - create IPUIPlugin
2026-02-12 17:20:38,999 [INFO] PluginManager:220 - loadIPPluginJar : add resmgrutility
2026-02-12 17:20:39,001 [INFO] IPUIPlugin:80 - create IPUIPlugin
2026-02-12 17:20:39,001 [INFO] PluginManager:220 - loadIPPluginJar : add sai
2026-02-12 17:20:39,002 [INFO] IPUIPlugin:80 - create IPUIPlugin
2026-02-12 17:20:39,003 [INFO] PluginManager:220 - loadIPPluginJar : add spi
2026-02-12 17:20:39,006 [INFO] IPUIPlugin:80 - create IPUIPlugin
2026-02-12 17:20:39,006 [INFO] PluginManager:220 - loadIPPluginJar : add stm32_wpan
2026-02-12 17:20:39,007 [INFO] IPUIPlugin:80 - create IPUIPlugin
2026-02-12 17:20:39,007 [INFO] PluginManager:220 - loadIPPluginJar : add tim
2026-02-12 17:20:39,009 [INFO] IPUIPlugin:80 - create IPUIPlugin
2026-02-12 17:20:39,009 [INFO] PluginManager:220 - loadIPPluginJar : add touchsensing
2026-02-12 17:20:39,011 [INFO] IPUIPlugin:80 - create IPUIPlugin
2026-02-12 17:20:39,011 [INFO] PluginManager:220 - loadIPPluginJar : add tracer_emb
2026-02-12 17:20:39,013 [INFO] IPUIPlugin:80 - create IPUIPlugin
2026-02-12 17:20:39,013 [INFO] PluginManager:220 - loadIPPluginJar : add ts
2026-02-12 17:20:39,014 [INFO] IPUIPlugin:80 - create IPUIPlugin
2026-02-12 17:20:39,014 [INFO] PluginManager:220 - loadIPPluginJar : add tsc
2026-02-12 17:20:39,015 [INFO] IPUIPlugin:80 - create IPUIPlugin
2026-02-12 17:20:39,015 [INFO] PluginManager:220 - loadIPPluginJar : add ucpd
2026-02-12 17:20:39,017 [INFO] IPUIPlugin:80 - create IPUIPlugin
2026-02-12 17:20:39,017 [INFO] PluginManager:220 - loadIPPluginJar : add usart
2026-02-12 17:20:39,019 [INFO] IPUIPlugin:80 - create IPUIPlugin
2026-02-12 17:20:39,019 [INFO] PluginManager:220 - loadIPPluginJar : add usbx
2026-02-12 17:20:39,137 [INFO] CADModel:165 - CPN selected for project level
2026-02-12 17:20:39,137 [INFO] CADModel:114 - Register for checkConnection events
2026-02-12 17:20:39,137 [FATAL] Updater:334 - Updater called before beeing initialized
2026-02-12 17:20:39,137 [ERROR] CADModel:125 - Updater not yet initialized, retry later 
2026-02-12 17:20:39,215 [INFO] CADModel:165 - CPN selected for project level
2026-02-12 17:20:39,215 [INFO] CADModel:114 - Register for checkConnection events
2026-02-12 17:20:39,215 [FATAL] Updater:334 - Updater called before beeing initialized
2026-02-12 17:20:39,215 [ERROR] CADModel:125 - Updater not yet initialized, retry later 
2026-02-12 17:20:39,217 [FATAL] Updater:334 - Updater called before beeing initialized
2026-02-12 17:20:39,294 [FATAL] Updater:334 - Updater called before beeing initialized
2026-02-12 17:20:39,305 [INFO] DbMcusAds:53 - JSON generation date=Fri Jan 09 00:56:32 KST 2026 (1767887792457)
2026-02-12 17:20:39,306 [FATAL] Updater:334 - Updater called before beeing initialized
2026-02-12 17:20:39,333 [WARN] DetailPanel:346 - Failed to get advertising image, set to default
2026-02-12 17:20:39,403 [FATAL] Updater:334 - Updater called before beeing initialized
2026-02-12 17:20:39,405 [FATAL] Updater:334 - Updater called before beeing initialized
2026-02-12 17:20:39,405 [FATAL] Updater:334 - Updater called before beeing initialized
2026-02-12 17:20:39,405 [WARN] DetailPanel:346 - Failed to get advertising image, set to default
2026-02-12 17:20:39,405 [FATAL] Updater:334 - Updater called before beeing initialized
2026-02-12 17:20:39,439 [ERROR] Updater:1164 - MainUpdater not yet initialized. External WinMGr cannot be set.
2026-02-12 17:20:39,440 [INFO] Updater:1100 - Updater Version found : 6.12.1
2026-02-12 17:20:39,453 [INFO] ApplicationProperties:184 - Using Application install path: C:\ST\STM32CubeIDE_1.16.1\STM32CubeIDE\plugins\com.st.stm32cube.common.mx_6.12.1.202409122256
2026-02-12 17:20:40,213 [INFO] MainUpdater:2873 - connection check result : 10
2026-02-12 17:20:40,214 [INFO] MainUpdater:290 - Updater Check For Update Now.
2026-02-12 17:20:40,214 [INFO] MicroXplorer:498 - Change Database Version : DB.6.0.121
2026-02-12 17:20:40,219 [INFO] McuFinderGlobals:63 - Set McuFinder mode to 2 (CubeIDE integrated)
2026-02-12 17:20:40,231 [INFO] UserAuth:417 - Internet connection configuration mode: 1
2026-02-12 17:20:40,262 [INFO] JxBrowserEngine:152 - Initiate JxBrowser Engine with user profile folder
2026-02-12 17:20:40,416 [INFO] CheckServerUpdateThread:120 - End of CheckServer Thread
2026-02-12 17:20:41,747 [WARN] PackLoader:240 - Cannot read IP mode file for STMicroelectronics.FP-SNS-MOTENVWB1.1.4.0
2026-02-12 17:20:41,763 [WARN] PackLoader:240 - Cannot read IP mode file for STMicroelectronics.FP-ATR-ASTRA1.2.0.2
2026-02-12 17:20:41,775 [WARN] PackLoader:240 - Cannot read IP mode file for STMicroelectronics.FP-ATR-ASTRA1.2.0.1
2026-02-12 17:20:41,792 [WARN] PackLoader:240 - Cannot read IP mode file for STMicroelectronics.X-CUBE-SMBUS.2.1.0
2026-02-12 17:20:41,808 [WARN] PackLoader:240 - Cannot read IP mode file for STMicroelectronics.X-CUBE-WB05N.1.1.0
2026-02-12 17:20:41,820 [ERROR] Engine:466 - C:\Users\RND1\.stm32cubemx\thirdparties\pdsc\STMicroelectronics.X-CUBE-ST60.1.0.0.pdsc: PDSC version is not supported
2026-02-12 17:20:41,834 [WARN] PackLoader:240 - Cannot read IP mode file for STMicroelectronics.X-CUBE-TOUCHGFX.4.23.0
2026-02-12 17:20:41,847 [WARN] PackLoader:240 - Cannot read IP mode file for STMicroelectronics.X-CUBE-TOUCHGFX.4.23.2
2026-02-12 17:20:41,875 [WARN] PackLoader:240 - Cannot read IP mode file for STMicroelectronics.X-CUBE-AZRTOS-F7.1.1.0
2026-02-12 17:20:41,896 [WARN] PackLoader:240 - Cannot read IP mode file for STMicroelectronics.FP-SNS-MOTENV1.4.3.2
2026-02-12 17:20:41,942 [WARN] PackLoader:240 - Cannot read IP mode file for STMicroelectronics.X-CUBE-MEMS1.11.0.0
2026-02-12 17:20:42,027 [ERROR] Engine:466 - C:\Users\RND1\.stm32cubemx\thirdparties\pdsc\STMicroelectronics.FP-SNS-MOTENV1.5.1.0.pdsc: PDSC version is not supported
2026-02-12 17:20:42,043 [WARN] PackLoader:240 - Cannot read IP mode file for STMicroelectronics.FP-SNS-FLIGHT1.5.0.2
2026-02-12 17:20:42,080 [WARN] PackLoader:240 - Cannot read IP mode file for STMicroelectronics.X-CUBE-AZRTOS-H7.3.4.0
2026-02-12 17:20:42,106 [WARN] PackLoader:240 - Cannot read IP mode file for STMicroelectronics.X-CUBE-DISPLAY.3.0.0
2026-02-12 17:20:42,132 [WARN] PackLoader:240 - Cannot read IP mode file for STMicroelectronics.X-CUBE-BLE1.7.0.0
2026-02-12 17:20:42,154 [WARN] PackLoader:240 - Cannot read IP mode file for STMicroelectronics.X-CUBE-NFC10.1.0.0
2026-02-12 17:20:42,173 [WARN] PackLoader:240 - Cannot read IP mode file for STMicroelectronics.X-CUBE-BLEMGR.4.0.0
2026-02-12 17:20:42,190 [ERROR] Engine:466 - C:\Users\RND1\.stm32cubemx\thirdparties\pdsc\STMicroelectronics.X-CUBE-ST60.1.1.0.pdsc: PDSC version is not supported
2026-02-12 17:20:42,205 [WARN] PackLoader:240 - Cannot read IP mode file for emotas.I-CUBE-CANOPEN.1.3.0
2026-02-12 17:20:42,221 [WARN] PackLoader:240 - Cannot read IP mode file for STMicroelectronics.X-CUBE-GNSS1.7.1.0
2026-02-12 17:20:42,243 [WARN] PackLoader:240 - Cannot read IP mode file for STMicroelectronics.X-CUBE-BLEMGR.3.1.0
2026-02-12 17:20:42,262 [WARN] PackLoader:240 - Cannot read IP mode file for STMicroelectronics.X-CUBE-AI.10.0.0
2026-02-12 17:20:42,276 [ERROR] Engine:466 - C:\Users\RND1\.stm32cubemx\thirdparties\pdsc\STMicroelectronics.FP-SNS-STBOX1.2.1.0.pdsc: PDSC version is not supported
2026-02-12 17:20:42,291 [WARN] PackLoader:240 - Cannot read IP mode file for STMicroelectronics.FP-SNS-SMARTAG2.1.2.0
2026-02-12 17:20:42,304 [ERROR] Engine:466 - C:\Users\RND1\.stm32cubemx\thirdparties\pdsc\STMicroelectronics.FP-SNS-FLIGHT1.5.1.0.pdsc: PDSC version is not supported
2026-02-12 17:20:42,346 [WARN] PackLoader:240 - Cannot read IP mode file for STMicroelectronics.X-CUBE-MEMS1.11.1.0
2026-02-12 17:20:42,429 [INFO] LogOutputStream:77 - [STDOUT_REDIRECT] 1 : Invalid condition id : UX_CORESTACK_Condition cause : null
2026-02-12 17:20:42,430 [INFO] LogOutputStream:77 - [STDOUT_REDIRECT] 1 : Invalid condition id : UX_CORESTACK_Condition cause : null
2026-02-12 17:20:42,431 [INFO] LogOutputStream:77 - [STDOUT_REDIRECT] 1 : Invalid condition id : UX_CORESTACK_Condition cause : null
2026-02-12 17:20:42,431 [INFO] LogOutputStream:77 - [STDOUT_REDIRECT] 1 : Invalid condition id : UX_CORESTACK_Condition cause : null
2026-02-12 17:20:42,432 [INFO] LogOutputStream:77 - [STDOUT_REDIRECT] 1 : Invalid condition id : UX_CORESTACK_Condition cause : null
2026-02-12 17:20:42,434 [WARN] PackLoader:240 - Cannot read IP mode file for STMicroelectronics.X-CUBE-AZRTOS-WL.2.0.0
2026-02-12 17:20:42,450 [WARN] PackLoader:240 - Cannot read IP mode file for STMicroelectronics.FP-SNS-MOTENV1.5.0.0
2026-02-12 17:20:42,477 [WARN] PackLoader:240 - Cannot read IP mode file for STMicroelectronics.X-CUBE-AZRTOS-H7RS.1.2.0
2026-02-12 17:20:42,495 [WARN] PackLoader:240 - Cannot read IP mode file for wolfSSL.I-CUBE-wolfMQTT.1.19.0
2026-02-12 17:20:42,517 [WARN] PackLoader:240 - Cannot read IP mode file for WES.I-CUBE-Cesium.1.3.0
2026-02-12 17:20:42,535 [WARN] PackLoader:240 - Cannot read IP mode file for STMicroelectronics.X-CUBE-BLE2.3.3.0
2026-02-12 17:20:42,551 [ERROR] Engine:466 - C:\Users\RND1\.stm32cubemx\thirdparties\pdsc\Avnet-IOTCONNECT.X-CUBE-iotc-st67-sdk.1.0.0.pdsc: PDSC version is not supported
2026-02-12 17:20:42,571 [WARN] PackLoader:240 - Cannot read IP mode file for STMicroelectronics.X-CUBE-NFC9.1.0.0
2026-02-12 17:20:42,591 [WARN] PackLoader:240 - Cannot read IP mode file for STMicroelectronics.X-CUBE-BLE1.7.1.0
2026-02-12 17:20:42,611 [WARN] PackLoader:240 - Cannot read IP mode file for STMicroelectronics.X-CUBE-TCPP.4.1.0
2026-02-12 17:20:42,629 [ERROR] Engine:466 - C:\Users\RND1\.stm32cubemx\thirdparties\pdsc\STMicroelectronics.X-CUBE-FREERTOS.1.4.0.pdsc: PDSC version is not supported
2026-02-12 17:20:42,645 [WARN] PackLoader:240 - Cannot read IP mode file for STMicroelectronics.X-CUBE-EEPRMA1.5.2.0
2026-02-12 17:20:42,658 [ERROR] Engine:466 - C:\Users\RND1\.stm32cubemx\thirdparties\pdsc\STMicroelectronics.X-CUBE-ST67W61.1.1.0.pdsc: PDSC version is not supported
2026-02-12 17:20:42,671 [WARN] PackLoader:240 - Cannot read IP mode file for STMicroelectronics.X-CUBE-AI.10.1.0
2026-02-12 17:20:42,737 [WARN] PackLoader:240 - Cannot read IP mode file for STMicroelectronics.X-CUBE-MEMS1.12.0.0
2026-02-12 17:20:42,830 [WARN] PackLoader:240 - Cannot read IP mode file for STMicroelectronics.X-CUBE-ALGOBUILD.1.3.0
2026-02-12 17:20:42,873 [WARN] PackLoader:240 - Cannot read IP mode file for STMicroelectronics.X-CUBE-MEMS1.11.2.0
2026-02-12 17:20:42,900 [INFO] WebApp:167 - Instantiating new browser for Auth
2026-02-12 17:20:42,975 [WARN] PackLoader:240 - Cannot read IP mode file for STMicroelectronics.X-CUBE-AZRTOS-G0.1.1.0
2026-02-12 17:20:42,993 [WARN] PackLoader:240 - Cannot read IP mode file for STMicroelectronics.X-CUBE-SAFEA1.1.2.2
2026-02-12 17:20:43,010 [WARN] PackLoader:240 - Cannot read IP mode file for STMicroelectronics.X-CUBE-NFC4.3.0.0
2026-02-12 17:20:43,022 [WARN] PackLoader:240 - Cannot read IP mode file for wolfSSL.I-CUBE-wolfMQTT.1.18.0
2026-02-12 17:20:43,044 [WARN] PackLoader:240 - Cannot read IP mode file for EmbeddedOffice.I-CUBE-FS-RTOS.1.0.1
2026-02-12 17:20:43,045 [ERROR] ConditionMgr:805 - Attr not supported : Dmpu
2026-02-12 17:20:43,045 [ERROR] ConditionMgr:805 - Attr not supported : Dmpu
2026-02-12 17:20:43,045 [ERROR] ConditionMgr:805 - Attr not supported : Dmpu
2026-02-12 17:20:43,045 [ERROR] ConditionMgr:805 - Attr not supported : Dmpu
2026-02-12 17:20:43,045 [ERROR] ConditionMgr:805 - Attr not supported : Dmpu
2026-02-12 17:20:43,045 [ERROR] ConditionMgr:805 - Attr not supported : Dmpu
2026-02-12 17:20:43,045 [ERROR] ConditionMgr:805 - Attr not supported : Dmpu
2026-02-12 17:20:43,045 [ERROR] ConditionMgr:805 - Attr not supported : Dmpu
2026-02-12 17:20:43,046 [ERROR] ConditionMgr:805 - Attr not supported : Dmpu
2026-02-12 17:20:43,046 [ERROR] ConditionMgr:805 - Attr not supported : Dmpu
2026-02-12 17:20:43,046 [ERROR] ConditionMgr:805 - Attr not supported : Dmpu
2026-02-12 17:20:43,046 [ERROR] ConditionMgr:805 - Attr not supported : Dmpu
2026-02-12 17:20:43,046 [ERROR] ConditionMgr:805 - Attr not supported : Dmpu
2026-02-12 17:20:43,046 [ERROR] ConditionMgr:805 - Attr not supported : Dmpu
2026-02-12 17:20:43,047 [ERROR] ConditionMgr:805 - Attr not supported : Dmpu
2026-02-12 17:20:43,047 [ERROR] ConditionMgr:805 - Attr not supported : Dmpu
2026-02-12 17:20:43,047 [ERROR] ConditionMgr:805 - Attr not supported : Dmpu
2026-02-12 17:20:43,047 [ERROR] ConditionMgr:805 - Attr not supported : Dmpu
2026-02-12 17:20:43,047 [ERROR] ConditionMgr:805 - Attr not supported : Dmpu
2026-02-12 17:20:43,047 [ERROR] ConditionMgr:805 - Attr not supported : Dmpu
2026-02-12 17:20:43,047 [ERROR] ConditionMgr:805 - Attr not supported : Dmpu
2026-02-12 17:20:43,047 [ERROR] ConditionMgr:805 - Attr not supported : Dmpu
2026-02-12 17:20:43,047 [ERROR] ConditionMgr:805 - Attr not supported : Dmpu
2026-02-12 17:20:43,047 [ERROR] ConditionMgr:805 - Attr not supported : Dmpu
2026-02-12 17:20:43,047 [ERROR] ConditionMgr:805 - Attr not supported : Dmpu
2026-02-12 17:20:43,047 [ERROR] ConditionMgr:805 - Attr not supported : Dmpu
2026-02-12 17:20:43,047 [ERROR] ConditionMgr:805 - Attr not supported : Dmpu
2026-02-12 17:20:43,047 [ERROR] ConditionMgr:805 - Attr not supported : Dmpu
2026-02-12 17:20:43,047 [ERROR] ConditionMgr:805 - Attr not supported : Dmpu
2026-02-12 17:20:43,047 [ERROR] ConditionMgr:805 - Attr not supported : Dmpu
2026-02-12 17:20:43,047 [ERROR] ConditionMgr:805 - Attr not supported : Dmpu
2026-02-12 17:20:43,047 [ERROR] ConditionMgr:805 - Attr not supported : Dmpu
2026-02-12 17:20:43,048 [ERROR] ConditionMgr:805 - Attr not supported : Dmpu
2026-02-12 17:20:43,048 [ERROR] ConditionMgr:805 - Attr not supported : Dmpu
2026-02-12 17:20:43,048 [ERROR] ConditionMgr:805 - Attr not supported : Dmpu
2026-02-12 17:20:43,048 [ERROR] ConditionMgr:805 - Attr not supported : Dmpu
2026-02-12 17:20:43,048 [ERROR] ConditionMgr:805 - Attr not supported : Dmpu
2026-02-12 17:20:43,048 [ERROR] ConditionMgr:805 - Attr not supported : Dmpu
2026-02-12 17:20:43,048 [ERROR] ConditionMgr:805 - Attr not supported : Dmpu
2026-02-12 17:20:43,048 [ERROR] ConditionMgr:805 - Attr not supported : Dmpu
2026-02-12 17:20:43,048 [ERROR] ConditionMgr:805 - Attr not supported : Dmpu
2026-02-12 17:20:43,048 [ERROR] ConditionMgr:805 - Attr not supported : Dmpu
2026-02-12 17:20:43,048 [ERROR] ConditionMgr:805 - Attr not supported : Dmpu
2026-02-12 17:20:43,049 [ERROR] ConditionMgr:805 - Attr not supported : Dmpu
2026-02-12 17:20:43,049 [ERROR] ConditionMgr:805 - Attr not supported : Dmpu
2026-02-12 17:20:43,049 [ERROR] ConditionMgr:805 - Attr not supported : Dmpu
2026-02-12 17:20:43,049 [ERROR] ConditionMgr:805 - Attr not supported : Dmpu
2026-02-12 17:20:43,049 [ERROR] ConditionMgr:805 - Attr not supported : Dmpu
2026-02-12 17:20:43,049 [ERROR] ConditionMgr:805 - Attr not supported : Dmpu
2026-02-12 17:20:43,049 [ERROR] ConditionMgr:805 - Attr not supported : Dmpu
2026-02-12 17:20:43,049 [ERROR] ConditionMgr:805 - Attr not supported : Dmpu
2026-02-12 17:20:43,049 [ERROR] ConditionMgr:805 - Attr not supported : Dmpu
2026-02-12 17:20:43,049 [ERROR] ConditionMgr:805 - Attr not supported : Dmpu
2026-02-12 17:20:43,049 [ERROR] ConditionMgr:805 - Attr not supported : Dmpu
2026-02-12 17:20:43,050 [ERROR] ConditionMgr:805 - Attr not supported : Dmpu
2026-02-12 17:20:43,050 [ERROR] ConditionMgr:805 - Attr not supported : Dmpu
2026-02-12 17:20:43,050 [ERROR] ConditionMgr:805 - Attr not supported : Dmpu
2026-02-12 17:20:43,050 [ERROR] ConditionMgr:805 - Attr not supported : Dmpu
2026-02-12 17:20:43,050 [ERROR] ConditionMgr:805 - Attr not supported : Dmpu
2026-02-12 17:20:43,050 [ERROR] ConditionMgr:805 - Attr not supported : Dmpu
2026-02-12 17:20:43,050 [ERROR] ConditionMgr:805 - Attr not supported : Dmpu
2026-02-12 17:20:43,050 [ERROR] ConditionMgr:805 - Attr not supported : Dmpu
2026-02-12 17:20:43,050 [ERROR] ConditionMgr:805 - Attr not supported : Dmpu
2026-02-12 17:20:43,050 [ERROR] ConditionMgr:805 - Attr not supported : Dmpu
2026-02-12 17:20:43,065 [WARN] PackLoader:240 - Cannot read IP mode file for STMicroelectronics.X-CUBE-WB05N.2.0.0
2026-02-12 17:20:43,079 [WARN] PackLoader:240 - Cannot read IP mode file for STMicroelectronics.X-CUBE-BLEMGR.3.0.0
2026-02-12 17:20:43,093 [ERROR] Engine:466 - C:\Users\RND1\.stm32cubemx\thirdparties\pdsc\STMicroelectronics.X-CUBE-TCPP.4.2.0.pdsc: PDSC version is not supported
2026-02-12 17:20:43,109 [WARN] PackLoader:240 - Cannot read IP mode file for RealThread.X-CUBE-RT-Thread_Nano.4.1.1
2026-02-12 17:20:43,123 [WARN] PackLoader:240 - Cannot read IP mode file for STMicroelectronics.FP-ATR-SIGFOX1.3.2.0
2026-02-12 17:20:43,137 [WARN] ConditionMgr:438 - getConditionDescription Invalid condition id : Cortex-A Device cause : null
2026-02-12 17:20:43,157 [WARN] ConditionMgr:1039 - genDependencies : Invalid condition id : Cortex-A Device cause : null
2026-02-12 17:20:43,158 [WARN] ConditionMgr:1039 - genDependencies : Invalid condition id : Cortex-A Device cause : null
2026-02-12 17:20:43,158 [WARN] ConditionMgr:1039 - genDependencies : Invalid condition id : Cortex-A Device cause : null
2026-02-12 17:20:43,170 [WARN] PackLoader:240 - Cannot read IP mode file for STMicroelectronics.X-CUBE-EEPRMA1.5.1.0
2026-02-12 17:20:43,185 [WARN] PackLoader:240 - Cannot read IP mode file for STMicroelectronics.X-CUBE-NFC6.3.2.0
2026-02-12 17:20:43,199 [ERROR] Engine:466 - C:\Users\RND1\.stm32cubemx\thirdparties\pdsc\STMicroelectronics.X-CUBE-ST67W61.1.0.0.pdsc: PDSC version is not supported
2026-02-12 17:20:43,211 [WARN] PackLoader:240 - Cannot read IP mode file for STMicroelectronics.X-CUBE-AI.10.2.0
2026-02-12 17:20:43,242 [WARN] PackLoader:240 - Cannot read IP mode file for SEGGER.I-CUBE-embOS.1.3.1
2026-02-12 17:20:43,276 [WARN] PackLoader:240 - Cannot read IP mode file for STMicroelectronics.X-CUBE-ALGOBUILD.1.4.0
2026-02-12 17:20:43,309 [WARN] PackLoader:240 - Cannot read IP mode file for STMicroelectronics.X-CUBE-MEMS1.11.3.0
2026-02-12 17:20:43,414 [WARN] PackLoader:240 - Cannot read IP mode file for STMicroelectronics.X-CUBE-AI.9.1.0
2026-02-12 17:20:43,429 [WARN] PackLoader:240 - Cannot read IP mode file for STMicroelectronics.X-CUBE-PM33A1.1.0.0
2026-02-12 17:20:43,444 [WARN] PackLoader:240 - Cannot read IP mode file for STMicroelectronics.X-CUBE-GNSS1.6.0.0
2026-02-12 17:20:43,468 [WARN] PackLoader:240 - Cannot read IP mode file for STMicroelectronics.X-CUBE-AZRTOS-F4.1.1.0
2026-02-12 17:20:43,483 [WARN] PackLoader:240 - Cannot read IP mode file for wolfSSL.I-CUBE-wolfSSL.5.6.4
2026-02-12 17:20:43,495 [ERROR] Engine:466 - C:\Users\RND1\.stm32cubemx\thirdparties\pdsc\Avnet-IotConnect.X-CUBE-IoTC-DA16k-PMOD.1.0.0.pdsc: PDSC version is not supported
2026-02-12 17:20:43,509 [WARN] PackLoader:240 - Cannot read IP mode file for STMicroelectronics.X-CUBE-ISPU.2.1.0
2026-02-12 17:20:43,521 [ERROR] Engine:466 - C:\Users\RND1\.stm32cubemx\thirdparties\pdsc\STMicroelectronics.X-CUBE-IPS.3.2.0.pdsc: PDSC version is not supported
2026-02-12 17:20:43,535 [WARN] PackLoader:240 - Cannot read IP mode file for STMicroelectronics.X-CUBE-FREERTOS.1.2.0
2026-02-12 17:20:43,550 [WARN] PackLoader:240 - Cannot read IP mode file for STMicroelectronics.X-CUBE-NFC12.1.0.0
2026-02-12 17:20:43,572 [WARN] PackLoader:240 - Cannot read IP mode file for STMicroelectronics.X-CUBE-AZRTOS-L5.2.0.0
2026-02-12 17:20:43,587 [WARN] PackLoader:240 - Cannot read IP mode file for STMicroelectronics.X-CUBE-EEPRMA1.4.2.0
2026-02-12 17:20:43,603 [WARN] PackLoader:240 - Cannot read IP mode file for STMicroelectronics.X-CUBE-NFC6.3.1.0
2026-02-12 17:20:43,626 [WARN] PackLoader:240 - Cannot read IP mode file for ITTIA_DB.I-CUBE-ITTIADB.8.8.0
2026-02-12 17:20:43,642 [WARN] PackLoader:240 - Cannot read IP mode file for STMicroelectronics.X-CUBE-DPower.1.2.0
2026-02-12 17:20:43,661 [WARN] PackLoader:240 - Cannot read IP mode file for STMicroelectronics.X-CUBE-AI.9.0.0
2026-02-12 17:20:43,677 [WARN] PackLoader:240 - Cannot read IP mode file for STMicroelectronics.X-CUBE-FREERTOS.1.3.1
2026-02-12 17:20:43,692 [WARN] PackLoader:240 - Cannot read IP mode file for STMicroelectronics.X-CUBE-FREERTOS.1.3.0
2026-02-12 17:20:43,708 [WARN] PackLoader:240 - Cannot read IP mode file for STMicroelectronics.X-CUBE-NFC7.1.0.1
2026-02-12 17:20:43,723 [WARN] PackLoader:240 - Cannot read IP mode file for STMicroelectronics.X-CUBE-TOUCHGFX.4.26.0
2026-02-12 17:20:43,739 [WARN] PackLoader:240 - Cannot read IP mode file for STMicroelectronics.X-CUBE-NFC6.3.0.0
2026-02-12 17:20:43,754 [ERROR] Engine:466 - C:\Users\RND1\.stm32cubemx\thirdparties\pdsc\STMicroelectronics.FP-SNS-STAIOTCFT.1.0.0.pdsc: PDSC version is not supported
2026-02-12 17:20:43,756 [INFO] WebApp:448 - Apply proxy settings
2026-02-12 17:20:43,762 [INFO] WebApp:493 - Chromium authenticates against Manually configured proxy
2026-02-12 17:20:43,770 [WARN] PackLoader:240 - Cannot read IP mode file for STMicroelectronics.X-CUBE-DPower.1.3.0
2026-02-12 17:20:43,772 [INFO] WebApp:501 - Username used for proxy authentication: 
2026-02-12 17:20:43,784 [WARN] PackLoader:240 - Cannot read IP mode file for STMicroelectronics.X-CUBE-AI.8.1.0
2026-02-12 17:20:43,801 [INFO] WebApp:869 - Register for checkConnection events
2026-02-12 17:20:43,801 [INFO] WebApp:448 - Apply proxy settings
2026-02-12 17:20:43,805 [INFO] WebApp:493 - Chromium authenticates against Manually configured proxy
2026-02-12 17:20:43,806 [INFO] WebApp:501 - Username used for proxy authentication: 
2026-02-12 17:20:43,810 [WARN] ConditionMgr:438 - getConditionDescription Invalid condition id : LAN8742 Phy interface Condition cause : null
2026-02-12 17:20:43,811 [WARN] PackLoader:240 - Cannot read IP mode file for STMicroelectronics.X-CUBE-AZRTOS-L4.2.0.0
2026-02-12 17:20:43,812 [WARN] ConditionMgr:1039 - genDependencies : Invalid condition id : LAN8742 Phy interface Condition cause : null
2026-02-12 17:20:43,813 [WARN] ConditionMgr:1039 - genDependencies : Invalid condition id : LAN8742 Phy interface Condition cause : null
2026-02-12 17:20:43,813 [WARN] ConditionMgr:1039 - genDependencies : Invalid condition id : LAN8742 Phy interface Condition cause : null
2026-02-12 17:20:43,832 [WARN] PackLoader:240 - Cannot read IP mode file for STMicroelectronics.X-CUBE-SFXS2LP1.4.0.0
2026-02-12 17:20:43,846 [ERROR] Engine:466 - C:\Users\RND1\.stm32cubemx\thirdparties\pdsc\STMicroelectronics.X-CUBE-ST67W61.1.2.0.pdsc: PDSC version is not supported
2026-02-12 17:20:43,868 [WARN] PackLoader:240 - Cannot read IP mode file for STMicroelectronics.X-CUBE-AZRTOS-H7.3.3.0
2026-02-12 17:20:43,881 [ERROR] Engine:466 - C:\Users\RND1\.stm32cubemx\thirdparties\pdsc\STMicroelectronics.X-CUBE-BLEMGR.4.1.0.pdsc: PDSC version is not supported
2026-02-12 17:20:43,897 [WARN] PackLoader:240 - Cannot read IP mode file for STMicroelectronics.X-CUBE-IPS.3.0.0
2026-02-12 17:20:43,915 [WARN] ConditionMgr:438 - getConditionDescription Invalid condition id : UX DEVICE CLASS RTOS Condition cause : null
2026-02-12 17:20:43,915 [WARN] ConditionMgr:438 - getConditionDescription Invalid condition id : UX DEVICE CLASS RTOS Condition cause : null
2026-02-12 17:20:43,916 [WARN] PackLoader:240 - Cannot read IP mode file for STMicroelectronics.X-CUBE-AZRTOS-WB.2.0.0
2026-02-12 17:20:43,916 [WARN] ConditionMgr:1039 - genDependencies : Invalid condition id : UX DEVICE CLASS RTOS Condition cause : null
2026-02-12 17:20:43,916 [WARN] ConditionMgr:1039 - genDependencies : Invalid condition id : UX DEVICE CLASS RTOS Condition cause : null
2026-02-12 17:20:43,916 [WARN] ConditionMgr:1039 - genDependencies : Invalid condition id : UX DEVICE CLASS RTOS Condition cause : null
2026-02-12 17:20:43,916 [WARN] ConditionMgr:1039 - genDependencies : Invalid condition id : UX DEVICE CLASS RTOS Condition cause : null
2026-02-12 17:20:43,916 [WARN] ConditionMgr:1039 - genDependencies : Invalid condition id : UX DEVICE CLASS RTOS Condition cause : null
2026-02-12 17:20:43,929 [WARN] PackLoader:240 - Cannot read IP mode file for STMicroelectronics.X-CUBE-GNSS1.7.0.0
2026-02-12 17:20:43,940 [WARN] PackLoader:240 - Cannot read IP mode file for STMicroelectronics.X-CUBE-GNSS1.7.0.1
2026-02-12 17:20:43,944 [INFO] WebApp:220 - Starting web application
2026-02-12 17:20:43,944 [INFO] WebApp:578 - Web application path used C:\ST\STM32CubeIDE_1.16.1\STM32CubeIDE\plugins\com.st.stm32cube.common.mx_6.12.1.202409122256\db\plugins\mcufinder\reactClient1\index.html
2026-02-12 17:20:43,954 [WARN] PackLoader:240 - Cannot read IP mode file for STMicroelectronics.X-CUBE-TOUCHGFX.4.25.0
2026-02-12 17:20:43,970 [WARN] PackLoader:240 - Cannot read IP mode file for STMicroelectronics.FP-SNS-STBOX1.2.0.0
2026-02-12 17:20:43,987 [WARN] PackLoader:240 - Cannot read IP mode file for STMicroelectronics.X-CUBE-STSE01.2.0.0
2026-02-12 17:20:44,009 [WARN] PackLoader:240 - Cannot read IP mode file for STMicroelectronics.X-CUBE-SUBG2.5.0.0
2026-02-12 17:20:44,018 [INFO] UserAuth:417 - Internet connection configuration mode: 1
2026-02-12 17:20:44,040 [WARN] PackLoader:240 - Cannot read IP mode file for STMicroelectronics.X-CUBE-AZRTOS-H7RS.1.1.0
2026-02-12 17:20:44,075 [WARN] PackLoader:240 - Cannot read IP mode file for STMicroelectronics.X-CUBE-AZRTOS-G4.2.0.0
2026-02-12 17:20:44,110 [WARN] PackLoader:240 - Cannot read IP mode file for Infineon.AIROC-Wi-Fi-Bluetooth-STM32.1.5.1
2026-02-12 17:20:44,111 [INFO] WebApp:186 - Connection restablished
2026-02-12 17:20:44,137 [WARN] PackLoader:240 - Cannot read IP mode file for STMicroelectronics.X-CUBE-NFC7.2.0.0
2026-02-12 17:20:44,157 [WARN] PackLoader:240 - Cannot read IP mode file for STMicroelectronics.FP-SNS-MOTENVWB1.1.3.1
2026-02-12 17:20:44,179 [WARN] PackLoader:240 - Cannot read IP mode file for STMicroelectronics.X-CUBE-ISPU.2.0.0
2026-02-12 17:20:44,198 [ERROR] Engine:466 - C:\Users\RND1\.stm32cubemx\thirdparties\pdsc\STMicroelectronics.X-CUBE-IPS.3.1.0.pdsc: PDSC version is not supported
2026-02-12 17:20:44,216 [WARN] PackLoader:240 - Cannot read IP mode file for STMicroelectronics.X-CUBE-ALS.1.0.2
2026-02-12 17:20:44,242 [WARN] PackLoader:240 - Cannot read IP mode file for STMicroelectronics.X-CUBE-MEMS1.10.0.0
2026-02-12 17:20:44,309 [WARN] PackLoader:240 - Cannot read IP mode file for STMicroelectronics.X-CUBE-FREERTOS.1.1.0
2026-02-12 17:20:44,328 [WARN] PackLoader:240 - Cannot read IP mode file for STMicroelectronics.X-CUBE-TOUCHGFX.4.24.0
2026-02-12 17:20:44,342 [WARN] PackLoader:240 - Cannot read IP mode file for STMicroelectronics.X-CUBE-TOUCHGFX.4.24.2
2026-02-12 17:20:44,359 [WARN] PackLoader:240 - Cannot read IP mode file for STMicroelectronics.X-CUBE-TOUCHGFX.4.24.1
2026-02-12 17:20:44,374 [WARN] PackLoader:240 - Cannot read IP mode file for STMicroelectronics.X-CUBE-STSE01.1.0.0
2026-02-12 17:20:44,388 [WARN] PackLoader:240 - Cannot read IP mode file for wolfSSL.I-CUBE-wolfTPM.3.4.0
2026-02-12 17:20:44,408 [WARN] PackLoader:240 - Cannot read IP mode file for portGmbH.I-Cube-SoM-uGOAL.1.1.0
2026-02-12 17:20:44,422 [WARN] PackLoader:240 - Cannot read IP mode file for STMicroelectronics.X-CUBE-ALS.1.0.1
2026-02-12 17:20:44,449 [WARN] PackLoader:240 - Cannot read IP mode file for STMicroelectronics.X-CUBE-AZRTOS-H7RS.1.0.0
2026-02-12 17:20:44,463 [WARN] PackLoader:240 - Cannot read IP mode file for STMicroelectronics.FP-ATR-ASTRA1.2.0.0
2026-02-12 17:20:44,479 [WARN] PackLoader:240 - Cannot read IP mode file for STMicroelectronics.X-CUBE-TOF1.3.4.2
2026-02-12 17:20:44,496 [ERROR] Engine:466 - C:\Users\RND1\.stm32cubemx\thirdparties\pdsc\STMicroelectronics.X-CUBE-TOF1.3.4.3.pdsc: PDSC version is not supported
2026-02-12 17:20:44,508 [WARN] PackLoader:240 - Cannot read IP mode file for STMicroelectronics.X-CUBE-TOF1.3.4.0
2026-02-12 17:20:44,528 [WARN] PackLoader:240 - Cannot read IP mode file for STMicroelectronics.X-CUBE-TOF1.3.4.1
2026-02-12 17:20:44,550 [WARN] PackLoader:240 - Cannot read IP mode file for STMicroelectronics.X-CUBE-AZRTOS-H7.3.2.0
2026-02-12 17:20:44,563 [WARN] PackLoader:240 - Cannot read IP mode file for wolfSSL.I-CUBE-wolfSSH.1.4.17
2026-02-12 17:20:44,564 [INFO] ThirdParty:978 - Integrity check success = true
2026-02-12 17:20:44,564 [INFO] IntegrityCheckThread:100 - exiting critical section [integrity check]
2026-02-12 17:20:44,564 [INFO] IntegrityCheckThread:103 - End integrity checks thread
