2025-12-18 11:55:24,780 [INFO] Activator:176 - 


2025-12-18 11:55:24,787 [INFO] Activator:177 - !SESSION log4j initialized
2025-12-18 11:55:30,957 [INFO] LogOutputStream:77 - [STDOUT_REDIRECT] 
2025-12-18 11:55:37,281 [INFO] ApplicationProperties:184 - Using Application install path: C:\ST\STM32CubeIDE_1.16.1\STM32CubeIDE\plugins\com.st.stm32cube.common.mx_6.12.1.202409122256
2025-12-18 11:55:37,297 [INFO] DbMcusXml:78 - Set database path to: C:\ST\STM32CubeIDE_1.16.1\STM32CubeIDE\plugins\com.st.stm32cube.common.mx_6.12.1.202409122256\\db\/mcu/
2025-12-18 11:55:37,297 [INFO] ApiDb:274 - Set plugin database path to: C:\ST\STM32CubeIDE_1.16.1\STM32CubeIDE\plugins\com.st.stm32cube.common.mx_6.12.1.202409122256\\db\/plugins/boardmanager/
2025-12-18 11:55:37,298 [WARN] ApiDb:259 - Overriding images path with different value:  => C:\ST\STM32CubeIDE_1.16.1\STM32CubeIDE\plugins\com.st.stm32cube.common.mx_6.12.1.202409122256\\db\/plugins/mcufinder/images/
2025-12-18 11:55:37,313 [INFO] ApiDb:250 - Set database path to: C:\Users\RND1\.stmcufinder\plugins\mcufinder//mcu/
2025-12-18 11:55:37,314 [INFO] DbMcusAds:125 - Set database path to: C:\Users\RND1\.stmcufinder\plugins\mcufinder//mcu/
2025-12-18 11:55:37,317 [INFO] CrossReferenceDbSqlite:203 - Set database path to: C:\Users\RND1\.stmcufinder\plugins\mcufinder//mcu/cs/
2025-12-18 11:55:37,405 [INFO] RulesReader:64 - Compatibility file has been processed (297 Rules)
2025-12-18 11:55:37,480 [INFO] DbMcusXml:78 - Set database path to: C:\ST\STM32CubeIDE_1.16.1\STM32CubeIDE\plugins\com.st.stm32cube.common.mx_6.12.1.202409122256\\db\/mcu/
2025-12-18 11:55:37,480 [INFO] ApiDb:274 - Set plugin database path to: C:\ST\STM32CubeIDE_1.16.1\STM32CubeIDE\plugins\com.st.stm32cube.common.mx_6.12.1.202409122256\\db\/plugins/boardmanager/
2025-12-18 11:55:37,480 [INFO] ApiDb:261 - Set plugin images path to: C:\ST\STM32CubeIDE_1.16.1\STM32CubeIDE\plugins\com.st.stm32cube.common.mx_6.12.1.202409122256\\db\/plugins/mcufinder/images/
2025-12-18 11:55:37,480 [WARN] DbFile:41 - Overriding database path with different value: C:\Users\RND1\.stmcufinder\plugins\mcufinder/ => C:\Users\RND1\.stmcufinder\plugins\mcufinder
2025-12-18 11:55:37,480 [INFO] ApiDb:250 - Set database path to: C:\Users\RND1\.stmcufinder\plugins\mcufinder//mcu/
2025-12-18 11:55:37,480 [WARN] DbFile:41 - Overriding database path with different value: C:\Users\RND1\.stmcufinder\plugins\mcufinder/ => C:\Users\RND1\.stmcufinder\plugins\mcufinder
2025-12-18 11:55:37,480 [INFO] DbMcusAds:125 - Set database path to: C:\Users\RND1\.stmcufinder\plugins\mcufinder//mcu/
2025-12-18 11:55:37,480 [WARN] DbFile:41 - Overriding database path with different value: C:\Users\RND1\.stmcufinder\plugins\mcufinder/ => C:\Users\RND1\.stmcufinder\plugins\mcufinder
2025-12-18 11:55:37,481 [WARN] DbFile:41 - Overriding database path with different value: C:\Users\RND1\.stmcufinder\plugins\mcufinder/ => C:\Users\RND1\.stmcufinder\plugins\mcufinder
2025-12-18 11:55:37,481 [INFO] CrossReferenceDbSqlite:203 - Set database path to: C:\Users\RND1\.stmcufinder\plugins\mcufinder//mcu/cs/
2025-12-18 11:55:37,552 [INFO] MainPanel:268 - HeapMemory: 268435456
2025-12-18 11:55:37,641 [INFO] DbMcusXml:78 - Set database path to: C:\ST\STM32CubeIDE_1.16.1\STM32CubeIDE\plugins\com.st.stm32cube.common.mx_6.12.1.202409122256\\db\/mcu/
2025-12-18 11:55:37,641 [INFO] ApiDb:274 - Set plugin database path to: C:\ST\STM32CubeIDE_1.16.1\STM32CubeIDE\plugins\com.st.stm32cube.common.mx_6.12.1.202409122256\\db\/plugins/boardmanager/
2025-12-18 11:55:37,641 [INFO] ApiDb:261 - Set plugin images path to: C:\ST\STM32CubeIDE_1.16.1\STM32CubeIDE\plugins\com.st.stm32cube.common.mx_6.12.1.202409122256\\db\/plugins/mcufinder/images/
2025-12-18 11:55:37,642 [WARN] DbFile:41 - Overriding database path with different value: C:\Users\RND1\.stmcufinder\plugins\mcufinder/ => C:\Users\RND1\.stmcufinder\plugins\mcufinder
2025-12-18 11:55:37,642 [INFO] ApiDb:250 - Set database path to: C:\Users\RND1\.stmcufinder\plugins\mcufinder//mcu/
2025-12-18 11:55:37,642 [WARN] DbFile:41 - Overriding database path with different value: C:\Users\RND1\.stmcufinder\plugins\mcufinder/ => C:\Users\RND1\.stmcufinder\plugins\mcufinder
2025-12-18 11:55:37,642 [INFO] DbMcusAds:125 - Set database path to: C:\Users\RND1\.stmcufinder\plugins\mcufinder//mcu/
2025-12-18 11:55:37,642 [WARN] DbFile:41 - Overriding database path with different value: C:\Users\RND1\.stmcufinder\plugins\mcufinder/ => C:\Users\RND1\.stmcufinder\plugins\mcufinder
2025-12-18 11:55:37,642 [WARN] DbFile:41 - Overriding database path with different value: C:\Users\RND1\.stmcufinder\plugins\mcufinder/ => C:\Users\RND1\.stmcufinder\plugins\mcufinder
2025-12-18 11:55:37,642 [INFO] CrossReferenceDbSqlite:203 - Set database path to: C:\Users\RND1\.stmcufinder\plugins\mcufinder//mcu/cs/
2025-12-18 11:55:37,657 [INFO] ApplicationProperties:184 - Using Application install path: C:\ST\STM32CubeIDE_1.16.1\STM32CubeIDE\plugins\com.st.stm32cube.common.mx_6.12.1.202409122256
2025-12-18 11:55:37,658 [INFO] PluginManage:196 - Search for loadable plugins [exclusion list=, ]
2025-12-18 11:55:37,660 [INFO] PluginManage:310 - Check plugin analytics
2025-12-18 11:55:37,805 [INFO] AnalyticsPlugin:253 - Accepted Software Licenses: STM32CubeMX.6.10.0
2025-12-18 11:55:37,805 [INFO] AnalyticsPlugin:255 - Accepted CMSIS Pack Licenses: 
2025-12-18 11:55:37,806 [INFO] AnalyticsPlugin:257 - Accepted Firmware Licenses: FW.G4.1.5.0,FW.G4.1.6.0,FW.F4.1.28.0,FW.H7.1.11.0
2025-12-18 11:55:37,809 [INFO] PluginManage:359 - Loaded plugin analytics (category:tool,tabindex:-1)
2025-12-18 11:55:37,809 [INFO] PluginManage:310 - Check plugin cadmodel
2025-12-18 11:55:37,827 [INFO] CADModel:105 - Init CAD model plugin
2025-12-18 11:55:37,827 [INFO] PluginManage:359 - Loaded plugin cadmodel (category:power,tabindex:5)
2025-12-18 11:55:37,827 [INFO] PluginManage:310 - Check plugin clock
2025-12-18 11:55:37,848 [INFO] PluginManage:359 - Loaded plugin clock (category:base,tabindex:2)
2025-12-18 11:55:37,849 [INFO] PluginManage:310 - Check plugin ddr
2025-12-18 11:55:37,851 [INFO] PluginManage:359 - Loaded plugin ddr (category:tool,tabindex:6)
2025-12-18 11:55:37,851 [INFO] PluginManage:310 - Check plugin filemanager
2025-12-18 11:55:37,983 [INFO] PluginManage:359 - Loaded plugin filemanager (category:base,tabindex:10)
2025-12-18 11:55:37,983 [INFO] PluginManage:310 - Check plugin ipmanager
2025-12-18 11:55:37,992 [INFO] PluginManage:359 - Loaded plugin ipmanager (category:base,tabindex:5)
2025-12-18 11:55:37,992 [INFO] PluginManage:310 - Check plugin lpbam
2025-12-18 11:55:38,011 [INFO] PluginManage:359 - Loaded plugin lpbam (category:base,tabindex:0)
2025-12-18 11:55:38,011 [INFO] PluginManage:310 - Check plugin memorymap
2025-12-18 11:55:38,035 [INFO] PluginManage:359 - Loaded plugin memorymap (category:base,tabindex:4)
2025-12-18 11:55:38,035 [INFO] PluginManage:310 - Check plugin pinoutandconfiguration
2025-12-18 11:55:38,055 [INFO] PluginManage:359 - Loaded plugin pinoutandconfiguration (category:base,tabindex:1)
2025-12-18 11:55:38,055 [INFO] PluginManage:310 - Check plugin pinoutconfig
2025-12-18 11:55:38,141 [WARN] SupportedApi:132 - Cannot load RTOS API schema: s4s-elt-must-match.1: The content of 'definitions' must match (annotation?, (simpleType | complexType)?, (unique | key | keyref)*)). A problem was found starting at: attribute.
2025-12-18 11:55:38,268 [INFO] PluginManage:359 - Loaded plugin pinoutconfig (category:base,tabindex:0)
2025-12-18 11:55:38,268 [INFO] PluginManage:310 - Check plugin power
2025-12-18 11:55:38,290 [INFO] PluginManage:359 - Loaded plugin power (category:power,tabindex:4)
2025-12-18 11:55:38,290 [INFO] PluginManage:310 - Check plugin projectmanager
2025-12-18 11:55:38,302 [INFO] PluginManage:359 - Loaded plugin projectmanager (category:projectmanager,tabindex:4)
2025-12-18 11:55:38,303 [INFO] PluginManage:310 - Check plugin rif
2025-12-18 11:55:38,321 [INFO] PluginManage:359 - Loaded plugin rif (category:base,tabindex:3)
2025-12-18 11:55:38,321 [INFO] PluginManage:310 - Check plugin thirdparty
2025-12-18 11:55:38,611 [INFO] PluginManage:359 - Loaded plugin thirdparty (category:base,tabindex:-1)
2025-12-18 11:55:38,611 [WARN] IntegrityCheckThread:84 - waiting for thirdparty lock release [integrity check]
2025-12-18 11:55:38,611 [INFO] PluginManage:310 - Check plugin tools
2025-12-18 11:55:38,611 [INFO] IntegrityCheckThread:86 - entering critical section [integrity check]
2025-12-18 11:55:38,611 [INFO] ThirdPartyUpdaterWithRetryManager:70 - Updater plugin not ready yet. [1/15]
2025-12-18 11:55:38,655 [INFO] PluginManage:359 - Loaded plugin tools (category:base,tabindex:7)
2025-12-18 11:55:38,655 [INFO] PluginManage:310 - Check plugin tutovideos
2025-12-18 11:55:38,828 [INFO] PluginManage:359 - Loaded plugin tutovideos (category:base,tabindex:-1)
2025-12-18 11:55:38,828 [INFO] PluginManage:310 - Check plugin updater
2025-12-18 11:55:38,842 [INFO] PluginManage:359 - Loaded plugin updater (category:base,tabindex:12)
2025-12-18 11:55:38,842 [INFO] PluginManage:310 - Check plugin userauth
2025-12-18 11:55:38,848 [INFO] UserAuth:113 - Init User Auth plugin
2025-12-18 11:55:38,848 [INFO] PluginManage:359 - Loaded plugin userauth (category:base,tabindex:14)
2025-12-18 11:55:38,849 [INFO] PluginManage:283 - PluginManage : Loaded plugins [18]
2025-12-18 11:55:39,033 [INFO] PinOutPanel:1561 - setPackage(No Configuration,No Configuration)
2025-12-18 11:55:39,120 [INFO] CADModel:165 - CPN selected for project level
2025-12-18 11:55:39,121 [INFO] CADModel:114 - Register for checkConnection events
2025-12-18 11:55:39,148 [INFO] IPUIPlugin:80 - create IPUIPlugin
2025-12-18 11:55:39,149 [INFO] PluginManager:220 - loadIPPluginJar : add adc
2025-12-18 11:55:39,185 [INFO] IPUIPlugin:80 - create IPUIPlugin
2025-12-18 11:55:39,186 [INFO] PluginManager:220 - loadIPPluginJar : add aes
2025-12-18 11:55:39,231 [INFO] IPUIPlugin:80 - create IPUIPlugin
2025-12-18 11:55:39,231 [INFO] PluginManager:220 - loadIPPluginJar : add can
2025-12-18 11:55:39,257 [INFO] IPUIPlugin:80 - create IPUIPlugin
2025-12-18 11:55:39,258 [INFO] PluginManager:220 - loadIPPluginJar : add comp
2025-12-18 11:55:39,292 [INFO] IPUIPlugin:80 - create IPUIPlugin
2025-12-18 11:55:39,292 [INFO] PluginManager:220 - loadIPPluginJar : add cryp
2025-12-18 11:55:39,305 [INFO] IPUIPlugin:80 - create IPUIPlugin
2025-12-18 11:55:39,305 [INFO] PluginManager:220 - loadIPPluginJar : add ddr_ctrl_phy
2025-12-18 11:55:39,337 [INFO] IPUIPlugin:80 - create IPUIPlugin
2025-12-18 11:55:39,337 [INFO] PluginManager:220 - loadIPPluginJar : add dfsdm
2025-12-18 11:55:39,352 [INFO] IPUIPlugin:80 - create IPUIPlugin
2025-12-18 11:55:39,352 [INFO] PluginManager:220 - loadIPPluginJar : add dma
2025-12-18 11:55:39,398 [INFO] IPUIPlugin:80 - create IPUIPlugin
2025-12-18 11:55:39,398 [INFO] PluginManager:220 - loadIPPluginJar : add dma3
2025-12-18 11:55:39,444 [INFO] IPUIPlugin:80 - create IPUIPlugin
2025-12-18 11:55:39,444 [INFO] PluginManager:220 - loadIPPluginJar : add extmemmanager
2025-12-18 11:55:39,468 [INFO] IPUIPlugin:80 - create IPUIPlugin
2025-12-18 11:55:39,468 [INFO] PluginManager:220 - loadIPPluginJar : add fatfs
2025-12-18 11:55:39,518 [INFO] IPUIPlugin:80 - create IPUIPlugin
2025-12-18 11:55:39,518 [INFO] PluginManager:220 - loadIPPluginJar : add fmc
2025-12-18 11:55:39,535 [INFO] IPUIPlugin:80 - create IPUIPlugin
2025-12-18 11:55:39,535 [INFO] PluginManager:220 - loadIPPluginJar : add freertos
2025-12-18 11:55:39,562 [INFO] IPUIPlugin:80 - create IPUIPlugin
2025-12-18 11:55:39,562 [INFO] PluginManager:220 - loadIPPluginJar : add genericplugin
2025-12-18 11:55:39,663 [INFO] IPUIPlugin:80 - create IPUIPlugin
2025-12-18 11:55:39,663 [INFO] PluginManager:220 - loadIPPluginJar : add gfxmmu
2025-12-18 11:55:39,779 [INFO] IPUIPlugin:80 - create IPUIPlugin
2025-12-18 11:55:39,779 [INFO] PluginManager:220 - loadIPPluginJar : add gic
2025-12-18 11:55:39,792 [INFO] IPUIPlugin:80 - create IPUIPlugin
2025-12-18 11:55:39,792 [INFO] PluginManager:220 - loadIPPluginJar : add gpio
2025-12-18 11:55:39,872 [INFO] IPUIPlugin:80 - create IPUIPlugin
2025-12-18 11:55:39,872 [INFO] PluginManager:220 - loadIPPluginJar : add gtzc
2025-12-18 11:55:39,905 [INFO] IPUIPlugin:80 - create IPUIPlugin
2025-12-18 11:55:39,905 [INFO] PluginManager:220 - loadIPPluginJar : add hash
2025-12-18 11:55:39,956 [INFO] IPUIPlugin:80 - create IPUIPlugin
2025-12-18 11:55:39,956 [INFO] PluginManager:220 - loadIPPluginJar : add i2c
2025-12-18 11:55:39,995 [INFO] IPUIPlugin:80 - create IPUIPlugin
2025-12-18 11:55:39,995 [INFO] PluginManager:220 - loadIPPluginJar : add i2s
2025-12-18 11:55:40,041 [INFO] IPUIPlugin:80 - create IPUIPlugin
2025-12-18 11:55:40,041 [INFO] PluginManager:220 - loadIPPluginJar : add i3c
2025-12-18 11:55:40,137 [INFO] IPUIPlugin:80 - create IPUIPlugin
2025-12-18 11:55:40,137 [INFO] PluginManager:220 - loadIPPluginJar : add ipddr
2025-12-18 11:55:40,217 [INFO] IPUIPlugin:80 - create IPUIPlugin
2025-12-18 11:55:40,217 [INFO] PluginManager:220 - loadIPPluginJar : add linkedlist
2025-12-18 11:55:40,249 [INFO] IPUIPlugin:80 - create IPUIPlugin
2025-12-18 11:55:40,250 [INFO] PluginManager:220 - loadIPPluginJar : add lorawan
2025-12-18 11:55:40,282 [INFO] IPUIPlugin:80 - create IPUIPlugin
2025-12-18 11:55:40,282 [INFO] PluginManager:220 - loadIPPluginJar : add ltdc
2025-12-18 11:55:40,295 [INFO] IPUIPlugin:80 - create IPUIPlugin
2025-12-18 11:55:40,295 [INFO] PluginManager:220 - loadIPPluginJar : add mdma
2025-12-18 11:55:40,307 [INFO] IPUIPlugin:80 - create IPUIPlugin
2025-12-18 11:55:40,307 [INFO] PluginManager:220 - loadIPPluginJar : add nvic
2025-12-18 11:55:40,341 [INFO] IPUIPlugin:80 - create IPUIPlugin
2025-12-18 11:55:40,342 [INFO] PluginManager:220 - loadIPPluginJar : add opamp
2025-12-18 11:55:40,394 [INFO] IPUIPlugin:80 - create IPUIPlugin
2025-12-18 11:55:40,394 [INFO] PluginManager:220 - loadIPPluginJar : add openamp
2025-12-18 11:55:40,433 [INFO] IPUIPlugin:80 - create IPUIPlugin
2025-12-18 11:55:40,433 [INFO] PluginManager:220 - loadIPPluginJar : add pdm2pcm
2025-12-18 11:55:40,447 [INFO] IPUIPlugin:80 - create IPUIPlugin
2025-12-18 11:55:40,449 [INFO] PluginManager:220 - loadIPPluginJar : add plateformsettings
2025-12-18 11:55:40,472 [INFO] IPUIPlugin:80 - create IPUIPlugin
2025-12-18 11:55:40,472 [INFO] PluginManager:220 - loadIPPluginJar : add quadspi
2025-12-18 11:55:40,497 [INFO] IPUIPlugin:80 - create IPUIPlugin
2025-12-18 11:55:40,498 [INFO] PluginManager:220 - loadIPPluginJar : add radio
2025-12-18 11:55:40,511 [INFO] IPUIPlugin:80 - create IPUIPlugin
2025-12-18 11:55:40,511 [INFO] PluginManager:220 - loadIPPluginJar : add resmgrutility
2025-12-18 11:55:40,562 [INFO] IPUIPlugin:80 - create IPUIPlugin
2025-12-18 11:55:40,562 [INFO] PluginManager:220 - loadIPPluginJar : add sai
2025-12-18 11:55:40,605 [INFO] IPUIPlugin:80 - create IPUIPlugin
2025-12-18 11:55:40,605 [INFO] PluginManager:220 - loadIPPluginJar : add spi
2025-12-18 11:55:40,669 [INFO] IPUIPlugin:80 - create IPUIPlugin
2025-12-18 11:55:40,669 [INFO] PluginManager:220 - loadIPPluginJar : add stm32_wpan
2025-12-18 11:55:40,698 [INFO] IPUIPlugin:80 - create IPUIPlugin
2025-12-18 11:55:40,698 [INFO] PluginManager:220 - loadIPPluginJar : add tim
2025-12-18 11:55:40,759 [INFO] IPUIPlugin:80 - create IPUIPlugin
2025-12-18 11:55:40,760 [INFO] PluginManager:220 - loadIPPluginJar : add touchsensing
2025-12-18 11:55:40,783 [INFO] IPUIPlugin:80 - create IPUIPlugin
2025-12-18 11:55:40,783 [INFO] PluginManager:220 - loadIPPluginJar : add tracer_emb
2025-12-18 11:55:40,808 [INFO] IPUIPlugin:80 - create IPUIPlugin
2025-12-18 11:55:40,808 [INFO] PluginManager:220 - loadIPPluginJar : add ts
2025-12-18 11:55:40,831 [INFO] IPUIPlugin:80 - create IPUIPlugin
2025-12-18 11:55:40,831 [INFO] PluginManager:220 - loadIPPluginJar : add tsc
2025-12-18 11:55:40,852 [INFO] IPUIPlugin:80 - create IPUIPlugin
2025-12-18 11:55:40,852 [INFO] PluginManager:220 - loadIPPluginJar : add ucpd
2025-12-18 11:55:40,897 [INFO] IPUIPlugin:80 - create IPUIPlugin
2025-12-18 11:55:40,897 [INFO] PluginManager:220 - loadIPPluginJar : add usart
2025-12-18 11:55:40,939 [INFO] IPUIPlugin:80 - create IPUIPlugin
2025-12-18 11:55:40,939 [INFO] PluginManager:220 - loadIPPluginJar : add usbx
2025-12-18 11:55:41,059 [INFO] CADModel:165 - CPN selected for project level
2025-12-18 11:55:41,059 [INFO] CADModel:114 - Register for checkConnection events
2025-12-18 11:55:41,059 [FATAL] Updater:334 - Updater called before beeing initialized
2025-12-18 11:55:41,059 [ERROR] CADModel:125 - Updater not yet initialized, retry later 
2025-12-18 11:55:41,193 [INFO] CADModel:165 - CPN selected for project level
2025-12-18 11:55:41,193 [INFO] CADModel:114 - Register for checkConnection events
2025-12-18 11:55:41,193 [FATAL] Updater:334 - Updater called before beeing initialized
2025-12-18 11:55:41,193 [ERROR] CADModel:125 - Updater not yet initialized, retry later 
2025-12-18 11:55:41,195 [FATAL] Updater:334 - Updater called before beeing initialized
2025-12-18 11:55:41,292 [FATAL] Updater:334 - Updater called before beeing initialized
2025-12-18 11:55:41,303 [INFO] DbMcusAds:53 - JSON generation date=Tue Jul 08 17:14:27 KST 2025 (1751962467633)
2025-12-18 11:55:41,303 [FATAL] Updater:334 - Updater called before beeing initialized
2025-12-18 11:55:41,334 [WARN] DetailPanel:346 - Failed to get advertising image, set to default
2025-12-18 11:55:41,401 [FATAL] Updater:334 - Updater called before beeing initialized
2025-12-18 11:55:41,402 [FATAL] Updater:334 - Updater called before beeing initialized
2025-12-18 11:55:41,402 [FATAL] Updater:334 - Updater called before beeing initialized
2025-12-18 11:55:41,403 [WARN] DetailPanel:346 - Failed to get advertising image, set to default
2025-12-18 11:55:41,404 [FATAL] Updater:334 - Updater called before beeing initialized
2025-12-18 11:55:41,456 [ERROR] Updater:1164 - MainUpdater not yet initialized. External WinMGr cannot be set.
2025-12-18 11:55:41,466 [INFO] Updater:1100 - Updater Version found : 6.12.1
2025-12-18 11:55:41,482 [INFO] ApplicationProperties:184 - Using Application install path: C:\ST\STM32CubeIDE_1.16.1\STM32CubeIDE\plugins\com.st.stm32cube.common.mx_6.12.1.202409122256
2025-12-18 11:55:41,613 [INFO] ThirdPartyUpdaterWithRetryManager:70 - Updater plugin not ready yet. [2/15]
2025-12-18 11:55:42,144 [INFO] MainUpdater:2873 - connection check result : 10
2025-12-18 11:55:42,144 [INFO] MainUpdater:3567 - Updater definition file requires update
2025-12-18 11:55:42,145 [INFO] MainUpdater:290 - Updater Check For Update Now.
2025-12-18 11:55:42,145 [INFO] MicroXplorer:498 - Change Database Version : DB.6.0.121
2025-12-18 11:55:42,161 [INFO] McuFinderGlobals:63 - Set McuFinder mode to 2 (CubeIDE integrated)
2025-12-18 11:55:42,167 [INFO] UserAuth:417 - Internet connection configuration mode: 1
2025-12-18 11:55:42,193 [INFO] JxBrowserEngine:152 - Initiate JxBrowser Engine with user profile folder
2025-12-18 11:55:42,237 [INFO] ServerAccessManage:473 - Download File updaters.zip
2025-12-18 11:55:42,458 [INFO] FileExtend:240 - Unzip File : updaters.zip
2025-12-18 11:55:42,459 [INFO] FileExtend:255 - Standard Zip Deflate
2025-12-18 11:55:43,555 [INFO] ServerAccessManage:473 - Download File PacksControlFlags.xml
2025-12-18 11:55:43,832 [INFO] ServerAccessManage:473 - Download File cubemx.pidx
2025-12-18 11:55:43,920 [INFO] LoadServerUpdatesThread:375 - End of LoadServerUpdate Thread
2025-12-18 11:55:44,084 [INFO] CheckServerUpdateThread:120 - End of CheckServer Thread
2025-12-18 11:55:44,944 [WARN] PackLoader:240 - Cannot read IP mode file for STMicroelectronics.FP-SNS-MOTENVWB1.1.4.0
2025-12-18 11:55:44,960 [WARN] PackLoader:240 - Cannot read IP mode file for STMicroelectronics.FP-ATR-ASTRA1.2.0.2
2025-12-18 11:55:44,972 [WARN] PackLoader:240 - Cannot read IP mode file for STMicroelectronics.FP-ATR-ASTRA1.2.0.1
2025-12-18 11:55:44,987 [WARN] PackLoader:240 - Cannot read IP mode file for STMicroelectronics.X-CUBE-SMBUS.2.1.0
2025-12-18 11:55:45,003 [WARN] PackLoader:240 - Cannot read IP mode file for STMicroelectronics.X-CUBE-WB05N.1.1.0
2025-12-18 11:55:45,015 [ERROR] Engine:466 - C:\Users\RND1\.stm32cubemx\thirdparties\pdsc\STMicroelectronics.X-CUBE-ST60.1.0.0.pdsc: PDSC version is not supported
2025-12-18 11:55:45,030 [WARN] PackLoader:240 - Cannot read IP mode file for STMicroelectronics.X-CUBE-TOUCHGFX.4.23.0
2025-12-18 11:55:45,043 [WARN] PackLoader:240 - Cannot read IP mode file for STMicroelectronics.X-CUBE-TOUCHGFX.4.23.2
2025-12-18 11:55:45,063 [INFO] WebApp:167 - Instantiating new browser for Auth
2025-12-18 11:55:45,074 [WARN] PackLoader:240 - Cannot read IP mode file for STMicroelectronics.X-CUBE-AZRTOS-F7.1.1.0
2025-12-18 11:55:45,099 [WARN] PackLoader:240 - Cannot read IP mode file for STMicroelectronics.FP-SNS-MOTENV1.4.3.2
2025-12-18 11:55:45,151 [WARN] PackLoader:240 - Cannot read IP mode file for STMicroelectronics.X-CUBE-MEMS1.11.0.0
2025-12-18 11:55:45,261 [ERROR] Engine:466 - C:\Users\RND1\.stm32cubemx\thirdparties\pdsc\STMicroelectronics.FP-SNS-MOTENV1.5.1.0.pdsc: PDSC version is not supported
2025-12-18 11:55:45,279 [WARN] PackLoader:240 - Cannot read IP mode file for STMicroelectronics.FP-SNS-FLIGHT1.5.0.2
2025-12-18 11:55:45,312 [WARN] PackLoader:240 - Cannot read IP mode file for STMicroelectronics.X-CUBE-AZRTOS-H7.3.4.0
2025-12-18 11:55:45,337 [WARN] PackLoader:240 - Cannot read IP mode file for STMicroelectronics.X-CUBE-DISPLAY.3.0.0
2025-12-18 11:55:45,356 [WARN] PackLoader:240 - Cannot read IP mode file for STMicroelectronics.X-CUBE-BLE1.7.0.0
2025-12-18 11:55:45,369 [WARN] PackLoader:240 - Cannot read IP mode file for STMicroelectronics.X-CUBE-NFC10.1.0.0
2025-12-18 11:55:45,389 [WARN] PackLoader:240 - Cannot read IP mode file for STMicroelectronics.X-CUBE-BLEMGR.4.0.0
2025-12-18 11:55:45,402 [ERROR] Engine:466 - C:\Users\RND1\.stm32cubemx\thirdparties\pdsc\STMicroelectronics.X-CUBE-ST60.1.1.0.pdsc: PDSC version is not supported
2025-12-18 11:55:45,419 [WARN] PackLoader:240 - Cannot read IP mode file for emotas.I-CUBE-CANOPEN.1.3.0
2025-12-18 11:55:45,433 [WARN] PackLoader:240 - Cannot read IP mode file for STMicroelectronics.X-CUBE-GNSS1.7.1.0
2025-12-18 11:55:45,448 [WARN] PackLoader:240 - Cannot read IP mode file for STMicroelectronics.X-CUBE-BLEMGR.3.1.0
2025-12-18 11:55:45,462 [WARN] PackLoader:240 - Cannot read IP mode file for STMicroelectronics.X-CUBE-AI.10.0.0
2025-12-18 11:55:45,474 [ERROR] Engine:466 - C:\Users\RND1\.stm32cubemx\thirdparties\pdsc\STMicroelectronics.FP-SNS-STBOX1.2.1.0.pdsc: PDSC version is not supported
2025-12-18 11:55:45,489 [WARN] PackLoader:240 - Cannot read IP mode file for STMicroelectronics.FP-SNS-SMARTAG2.1.2.0
2025-12-18 11:55:45,502 [ERROR] Engine:466 - C:\Users\RND1\.stm32cubemx\thirdparties\pdsc\STMicroelectronics.FP-SNS-FLIGHT1.5.1.0.pdsc: PDSC version is not supported
2025-12-18 11:55:45,549 [WARN] PackLoader:240 - Cannot read IP mode file for STMicroelectronics.X-CUBE-MEMS1.11.1.0
2025-12-18 11:55:45,629 [INFO] LogOutputStream:77 - [STDOUT_REDIRECT] 1 : Invalid condition id : UX_CORESTACK_Condition cause : null
2025-12-18 11:55:45,630 [INFO] LogOutputStream:77 - [STDOUT_REDIRECT] 1 : Invalid condition id : UX_CORESTACK_Condition cause : null
2025-12-18 11:55:45,631 [INFO] LogOutputStream:77 - [STDOUT_REDIRECT] 1 : Invalid condition id : UX_CORESTACK_Condition cause : null
2025-12-18 11:55:45,632 [INFO] LogOutputStream:77 - [STDOUT_REDIRECT] 1 : Invalid condition id : UX_CORESTACK_Condition cause : null
2025-12-18 11:55:45,633 [INFO] LogOutputStream:77 - [STDOUT_REDIRECT] 1 : Invalid condition id : UX_CORESTACK_Condition cause : null
2025-12-18 11:55:45,634 [WARN] PackLoader:240 - Cannot read IP mode file for STMicroelectronics.X-CUBE-AZRTOS-WL.2.0.0
2025-12-18 11:55:45,650 [WARN] PackLoader:240 - Cannot read IP mode file for STMicroelectronics.FP-SNS-MOTENV1.5.0.0
2025-12-18 11:55:45,679 [WARN] PackLoader:240 - Cannot read IP mode file for STMicroelectronics.X-CUBE-AZRTOS-H7RS.1.2.0
2025-12-18 11:55:45,696 [WARN] PackLoader:240 - Cannot read IP mode file for wolfSSL.I-CUBE-wolfMQTT.1.19.0
2025-12-18 11:55:45,719 [WARN] PackLoader:240 - Cannot read IP mode file for WES.I-CUBE-Cesium.1.3.0
2025-12-18 11:55:45,734 [WARN] PackLoader:240 - Cannot read IP mode file for STMicroelectronics.X-CUBE-BLE2.3.3.0
2025-12-18 11:55:45,863 [ERROR] Engine:466 - C:\Users\RND1\.stm32cubemx\thirdparties\pdsc\Avnet-IOTCONNECT.X-CUBE-iotc-st67-sdk.1.0.0.pdsc: PDSC version is not supported
2025-12-18 11:55:46,117 [WARN] PackLoader:240 - Cannot read IP mode file for STMicroelectronics.X-CUBE-NFC9.1.0.0
2025-12-18 11:55:46,131 [WARN] PackLoader:240 - Cannot read IP mode file for STMicroelectronics.X-CUBE-BLE1.7.1.0
2025-12-18 11:55:46,146 [WARN] PackLoader:240 - Cannot read IP mode file for STMicroelectronics.X-CUBE-TCPP.4.1.0
2025-12-18 11:55:46,160 [ERROR] Engine:466 - C:\Users\RND1\.stm32cubemx\thirdparties\pdsc\STMicroelectronics.X-CUBE-FREERTOS.1.4.0.pdsc: PDSC version is not supported
2025-12-18 11:55:46,177 [WARN] PackLoader:240 - Cannot read IP mode file for STMicroelectronics.X-CUBE-EEPRMA1.5.2.0
2025-12-18 11:55:46,188 [ERROR] Engine:466 - C:\Users\RND1\.stm32cubemx\thirdparties\pdsc\STMicroelectronics.X-CUBE-ST67W61.1.1.0.pdsc: PDSC version is not supported
2025-12-18 11:55:46,200 [WARN] PackLoader:240 - Cannot read IP mode file for STMicroelectronics.X-CUBE-AI.10.1.0
2025-12-18 11:55:46,246 [WARN] PackLoader:240 - Cannot read IP mode file for STMicroelectronics.X-CUBE-MEMS1.12.0.0
2025-12-18 11:55:46,311 [WARN] PackLoader:240 - Cannot read IP mode file for STMicroelectronics.X-CUBE-ALGOBUILD.1.3.0
2025-12-18 11:55:46,349 [WARN] PackLoader:240 - Cannot read IP mode file for STMicroelectronics.X-CUBE-MEMS1.11.2.0
2025-12-18 11:55:46,478 [WARN] PackLoader:240 - Cannot read IP mode file for STMicroelectronics.X-CUBE-AZRTOS-G0.1.1.0
2025-12-18 11:55:46,498 [WARN] PackLoader:240 - Cannot read IP mode file for STMicroelectronics.X-CUBE-SAFEA1.1.2.2
2025-12-18 11:55:46,515 [WARN] PackLoader:240 - Cannot read IP mode file for STMicroelectronics.X-CUBE-NFC4.3.0.0
2025-12-18 11:55:46,532 [WARN] PackLoader:240 - Cannot read IP mode file for wolfSSL.I-CUBE-wolfMQTT.1.18.0
2025-12-18 11:55:46,559 [INFO] WebApp:448 - Apply proxy settings
2025-12-18 11:55:46,559 [WARN] PackLoader:240 - Cannot read IP mode file for EmbeddedOffice.I-CUBE-FS-RTOS.1.0.1
2025-12-18 11:55:46,559 [ERROR] ConditionMgr:805 - Attr not supported : Dmpu
2025-12-18 11:55:46,559 [ERROR] ConditionMgr:805 - Attr not supported : Dmpu
2025-12-18 11:55:46,559 [ERROR] ConditionMgr:805 - Attr not supported : Dmpu
2025-12-18 11:55:46,559 [ERROR] ConditionMgr:805 - Attr not supported : Dmpu
2025-12-18 11:55:46,560 [ERROR] ConditionMgr:805 - Attr not supported : Dmpu
2025-12-18 11:55:46,560 [ERROR] ConditionMgr:805 - Attr not supported : Dmpu
2025-12-18 11:55:46,560 [ERROR] ConditionMgr:805 - Attr not supported : Dmpu
2025-12-18 11:55:46,560 [ERROR] ConditionMgr:805 - Attr not supported : Dmpu
2025-12-18 11:55:46,560 [ERROR] ConditionMgr:805 - Attr not supported : Dmpu
2025-12-18 11:55:46,560 [ERROR] ConditionMgr:805 - Attr not supported : Dmpu
2025-12-18 11:55:46,560 [ERROR] ConditionMgr:805 - Attr not supported : Dmpu
2025-12-18 11:55:46,560 [ERROR] ConditionMgr:805 - Attr not supported : Dmpu
2025-12-18 11:55:46,560 [ERROR] ConditionMgr:805 - Attr not supported : Dmpu
2025-12-18 11:55:46,560 [ERROR] ConditionMgr:805 - Attr not supported : Dmpu
2025-12-18 11:55:46,560 [ERROR] ConditionMgr:805 - Attr not supported : Dmpu
2025-12-18 11:55:46,560 [ERROR] ConditionMgr:805 - Attr not supported : Dmpu
2025-12-18 11:55:46,560 [ERROR] ConditionMgr:805 - Attr not supported : Dmpu
2025-12-18 11:55:46,560 [ERROR] ConditionMgr:805 - Attr not supported : Dmpu
2025-12-18 11:55:46,560 [ERROR] ConditionMgr:805 - Attr not supported : Dmpu
2025-12-18 11:55:46,561 [ERROR] ConditionMgr:805 - Attr not supported : Dmpu
2025-12-18 11:55:46,561 [ERROR] ConditionMgr:805 - Attr not supported : Dmpu
2025-12-18 11:55:46,561 [ERROR] ConditionMgr:805 - Attr not supported : Dmpu
2025-12-18 11:55:46,561 [ERROR] ConditionMgr:805 - Attr not supported : Dmpu
2025-12-18 11:55:46,561 [ERROR] ConditionMgr:805 - Attr not supported : Dmpu
2025-12-18 11:55:46,561 [ERROR] ConditionMgr:805 - Attr not supported : Dmpu
2025-12-18 11:55:46,561 [ERROR] ConditionMgr:805 - Attr not supported : Dmpu
2025-12-18 11:55:46,561 [ERROR] ConditionMgr:805 - Attr not supported : Dmpu
2025-12-18 11:55:46,561 [ERROR] ConditionMgr:805 - Attr not supported : Dmpu
2025-12-18 11:55:46,561 [ERROR] ConditionMgr:805 - Attr not supported : Dmpu
2025-12-18 11:55:46,562 [ERROR] ConditionMgr:805 - Attr not supported : Dmpu
2025-12-18 11:55:46,562 [ERROR] ConditionMgr:805 - Attr not supported : Dmpu
2025-12-18 11:55:46,562 [ERROR] ConditionMgr:805 - Attr not supported : Dmpu
2025-12-18 11:55:46,562 [ERROR] ConditionMgr:805 - Attr not supported : Dmpu
2025-12-18 11:55:46,562 [ERROR] ConditionMgr:805 - Attr not supported : Dmpu
2025-12-18 11:55:46,562 [ERROR] ConditionMgr:805 - Attr not supported : Dmpu
2025-12-18 11:55:46,562 [ERROR] ConditionMgr:805 - Attr not supported : Dmpu
2025-12-18 11:55:46,562 [ERROR] ConditionMgr:805 - Attr not supported : Dmpu
2025-12-18 11:55:46,562 [ERROR] ConditionMgr:805 - Attr not supported : Dmpu
2025-12-18 11:55:46,562 [ERROR] ConditionMgr:805 - Attr not supported : Dmpu
2025-12-18 11:55:46,562 [ERROR] ConditionMgr:805 - Attr not supported : Dmpu
2025-12-18 11:55:46,562 [ERROR] ConditionMgr:805 - Attr not supported : Dmpu
2025-12-18 11:55:46,562 [ERROR] ConditionMgr:805 - Attr not supported : Dmpu
2025-12-18 11:55:46,562 [ERROR] ConditionMgr:805 - Attr not supported : Dmpu
2025-12-18 11:55:46,562 [ERROR] ConditionMgr:805 - Attr not supported : Dmpu
2025-12-18 11:55:46,562 [ERROR] ConditionMgr:805 - Attr not supported : Dmpu
2025-12-18 11:55:46,562 [ERROR] ConditionMgr:805 - Attr not supported : Dmpu
2025-12-18 11:55:46,563 [ERROR] ConditionMgr:805 - Attr not supported : Dmpu
2025-12-18 11:55:46,563 [ERROR] ConditionMgr:805 - Attr not supported : Dmpu
2025-12-18 11:55:46,563 [ERROR] ConditionMgr:805 - Attr not supported : Dmpu
2025-12-18 11:55:46,563 [ERROR] ConditionMgr:805 - Attr not supported : Dmpu
2025-12-18 11:55:46,563 [ERROR] ConditionMgr:805 - Attr not supported : Dmpu
2025-12-18 11:55:46,563 [ERROR] ConditionMgr:805 - Attr not supported : Dmpu
2025-12-18 11:55:46,563 [ERROR] ConditionMgr:805 - Attr not supported : Dmpu
2025-12-18 11:55:46,563 [ERROR] ConditionMgr:805 - Attr not supported : Dmpu
2025-12-18 11:55:46,563 [ERROR] ConditionMgr:805 - Attr not supported : Dmpu
2025-12-18 11:55:46,563 [ERROR] ConditionMgr:805 - Attr not supported : Dmpu
2025-12-18 11:55:46,563 [ERROR] ConditionMgr:805 - Attr not supported : Dmpu
2025-12-18 11:55:46,563 [ERROR] ConditionMgr:805 - Attr not supported : Dmpu
2025-12-18 11:55:46,563 [ERROR] ConditionMgr:805 - Attr not supported : Dmpu
2025-12-18 11:55:46,563 [ERROR] ConditionMgr:805 - Attr not supported : Dmpu
2025-12-18 11:55:46,563 [ERROR] ConditionMgr:805 - Attr not supported : Dmpu
2025-12-18 11:55:46,563 [ERROR] ConditionMgr:805 - Attr not supported : Dmpu
2025-12-18 11:55:46,563 [ERROR] ConditionMgr:805 - Attr not supported : Dmpu
2025-12-18 11:55:46,563 [ERROR] ConditionMgr:805 - Attr not supported : Dmpu
2025-12-18 11:55:46,579 [WARN] PackLoader:240 - Cannot read IP mode file for STMicroelectronics.X-CUBE-WB05N.2.0.0
2025-12-18 11:55:46,600 [WARN] PackLoader:240 - Cannot read IP mode file for STMicroelectronics.X-CUBE-BLEMGR.3.0.0
2025-12-18 11:55:46,622 [ERROR] Engine:466 - C:\Users\RND1\.stm32cubemx\thirdparties\pdsc\STMicroelectronics.X-CUBE-TCPP.4.2.0.pdsc: PDSC version is not supported
2025-12-18 11:55:46,639 [WARN] PackLoader:240 - Cannot read IP mode file for RealThread.X-CUBE-RT-Thread_Nano.4.1.1
2025-12-18 11:55:46,653 [WARN] PackLoader:240 - Cannot read IP mode file for STMicroelectronics.FP-ATR-SIGFOX1.3.2.0
2025-12-18 11:55:46,668 [WARN] ConditionMgr:438 - getConditionDescription Invalid condition id : Cortex-A Device cause : null
2025-12-18 11:55:46,694 [WARN] ConditionMgr:1039 - genDependencies : Invalid condition id : Cortex-A Device cause : null
2025-12-18 11:55:46,694 [WARN] ConditionMgr:1039 - genDependencies : Invalid condition id : Cortex-A Device cause : null
2025-12-18 11:55:46,694 [WARN] ConditionMgr:1039 - genDependencies : Invalid condition id : Cortex-A Device cause : null
2025-12-18 11:55:46,711 [WARN] PackLoader:240 - Cannot read IP mode file for STMicroelectronics.X-CUBE-EEPRMA1.5.1.0
2025-12-18 11:55:46,727 [ERROR] Engine:466 - C:\Users\RND1\.stm32cubemx\thirdparties\pdsc\STMicroelectronics.X-CUBE-ST67W61.1.0.0.pdsc: PDSC version is not supported
2025-12-18 11:55:46,741 [WARN] PackLoader:240 - Cannot read IP mode file for STMicroelectronics.X-CUBE-AI.10.2.0
2025-12-18 11:55:46,772 [WARN] PackLoader:240 - Cannot read IP mode file for SEGGER.I-CUBE-embOS.1.3.1
2025-12-18 11:55:46,800 [INFO] WebApp:493 - Chromium authenticates against Manually configured proxy
2025-12-18 11:55:46,808 [WARN] PackLoader:240 - Cannot read IP mode file for STMicroelectronics.X-CUBE-ALGOBUILD.1.4.0
2025-12-18 11:55:46,822 [INFO] WebApp:501 - Username used for proxy authentication: 
2025-12-18 11:55:46,860 [WARN] PackLoader:240 - Cannot read IP mode file for STMicroelectronics.X-CUBE-MEMS1.11.3.0
2025-12-18 11:55:46,909 [INFO] WebApp:869 - Register for checkConnection events
2025-12-18 11:55:46,909 [INFO] WebApp:448 - Apply proxy settings
2025-12-18 11:55:46,913 [INFO] WebApp:493 - Chromium authenticates against Manually configured proxy
2025-12-18 11:55:46,914 [INFO] WebApp:501 - Username used for proxy authentication: 
2025-12-18 11:55:46,942 [WARN] PackLoader:240 - Cannot read IP mode file for STMicroelectronics.X-CUBE-AI.9.1.0
2025-12-18 11:55:46,956 [WARN] PackLoader:240 - Cannot read IP mode file for STMicroelectronics.X-CUBE-PM33A1.1.0.0
2025-12-18 11:55:46,969 [WARN] PackLoader:240 - Cannot read IP mode file for STMicroelectronics.X-CUBE-GNSS1.6.0.0
2025-12-18 11:55:46,992 [WARN] PackLoader:240 - Cannot read IP mode file for STMicroelectronics.X-CUBE-AZRTOS-F4.1.1.0
2025-12-18 11:55:47,007 [WARN] PackLoader:240 - Cannot read IP mode file for wolfSSL.I-CUBE-wolfSSL.5.6.4
2025-12-18 11:55:47,018 [ERROR] Engine:466 - C:\Users\RND1\.stm32cubemx\thirdparties\pdsc\Avnet-IotConnect.X-CUBE-IoTC-DA16k-PMOD.1.0.0.pdsc: PDSC version is not supported
2025-12-18 11:55:47,033 [WARN] PackLoader:240 - Cannot read IP mode file for STMicroelectronics.X-CUBE-ISPU.2.1.0
2025-12-18 11:55:47,048 [ERROR] Engine:466 - C:\Users\RND1\.stm32cubemx\thirdparties\pdsc\STMicroelectronics.X-CUBE-IPS.3.2.0.pdsc: PDSC version is not supported
2025-12-18 11:55:47,062 [WARN] PackLoader:240 - Cannot read IP mode file for STMicroelectronics.X-CUBE-FREERTOS.1.2.0
2025-12-18 11:55:47,081 [WARN] PackLoader:240 - Cannot read IP mode file for STMicroelectronics.X-CUBE-NFC12.1.0.0
2025-12-18 11:55:47,105 [WARN] PackLoader:240 - Cannot read IP mode file for STMicroelectronics.X-CUBE-AZRTOS-L5.2.0.0
2025-12-18 11:55:47,121 [WARN] PackLoader:240 - Cannot read IP mode file for STMicroelectronics.X-CUBE-EEPRMA1.4.2.0
2025-12-18 11:55:47,133 [INFO] WebApp:220 - Starting web application
2025-12-18 11:55:47,133 [INFO] WebApp:578 - Web application path used C:\ST\STM32CubeIDE_1.16.1\STM32CubeIDE\plugins\com.st.stm32cube.common.mx_6.12.1.202409122256\db\plugins\mcufinder\reactClient1\index.html
2025-12-18 11:55:47,138 [WARN] PackLoader:240 - Cannot read IP mode file for STMicroelectronics.X-CUBE-NFC6.3.1.0
2025-12-18 11:55:47,159 [WARN] PackLoader:240 - Cannot read IP mode file for ITTIA_DB.I-CUBE-ITTIADB.8.8.0
2025-12-18 11:55:47,177 [WARN] PackLoader:240 - Cannot read IP mode file for STMicroelectronics.X-CUBE-DPower.1.2.0
2025-12-18 11:55:47,190 [WARN] PackLoader:240 - Cannot read IP mode file for STMicroelectronics.X-CUBE-AI.9.0.0
2025-12-18 11:55:47,204 [WARN] PackLoader:240 - Cannot read IP mode file for STMicroelectronics.X-CUBE-FREERTOS.1.3.1
2025-12-18 11:55:47,221 [WARN] PackLoader:240 - Cannot read IP mode file for STMicroelectronics.X-CUBE-FREERTOS.1.3.0
2025-12-18 11:55:47,238 [WARN] PackLoader:240 - Cannot read IP mode file for STMicroelectronics.X-CUBE-NFC7.1.0.1
2025-12-18 11:55:47,254 [INFO] WebApp:186 - Connection restablished
2025-12-18 11:55:47,256 [WARN] PackLoader:240 - Cannot read IP mode file for STMicroelectronics.X-CUBE-TOUCHGFX.4.26.0
2025-12-18 11:55:47,273 [WARN] PackLoader:240 - Cannot read IP mode file for STMicroelectronics.X-CUBE-NFC6.3.0.0
2025-12-18 11:55:47,285 [ERROR] Engine:466 - C:\Users\RND1\.stm32cubemx\thirdparties\pdsc\STMicroelectronics.FP-SNS-STAIOTCFT.1.0.0.pdsc: PDSC version is not supported
2025-12-18 11:55:47,297 [WARN] PackLoader:240 - Cannot read IP mode file for STMicroelectronics.X-CUBE-DPower.1.3.0
2025-12-18 11:55:47,308 [INFO] UserAuth:417 - Internet connection configuration mode: 1
2025-12-18 11:55:47,313 [WARN] PackLoader:240 - Cannot read IP mode file for STMicroelectronics.X-CUBE-AI.8.1.0
2025-12-18 11:55:47,339 [WARN] ConditionMgr:438 - getConditionDescription Invalid condition id : LAN8742 Phy interface Condition cause : null
2025-12-18 11:55:47,340 [WARN] PackLoader:240 - Cannot read IP mode file for STMicroelectronics.X-CUBE-AZRTOS-L4.2.0.0
2025-12-18 11:55:47,340 [WARN] ConditionMgr:1039 - genDependencies : Invalid condition id : LAN8742 Phy interface Condition cause : null
2025-12-18 11:55:47,341 [WARN] ConditionMgr:1039 - genDependencies : Invalid condition id : LAN8742 Phy interface Condition cause : null
2025-12-18 11:55:47,341 [WARN] ConditionMgr:1039 - genDependencies : Invalid condition id : LAN8742 Phy interface Condition cause : null
2025-12-18 11:55:47,358 [WARN] PackLoader:240 - Cannot read IP mode file for STMicroelectronics.X-CUBE-SFXS2LP1.4.0.0
2025-12-18 11:55:47,387 [WARN] PackLoader:240 - Cannot read IP mode file for STMicroelectronics.X-CUBE-AZRTOS-H7.3.3.0
2025-12-18 11:55:47,402 [ERROR] Engine:466 - C:\Users\RND1\.stm32cubemx\thirdparties\pdsc\STMicroelectronics.X-CUBE-BLEMGR.4.1.0.pdsc: PDSC version is not supported
2025-12-18 11:55:47,420 [WARN] PackLoader:240 - Cannot read IP mode file for STMicroelectronics.X-CUBE-IPS.3.0.0
2025-12-18 11:55:47,441 [WARN] ConditionMgr:438 - getConditionDescription Invalid condition id : UX DEVICE CLASS RTOS Condition cause : null
2025-12-18 11:55:47,441 [WARN] ConditionMgr:438 - getConditionDescription Invalid condition id : UX DEVICE CLASS RTOS Condition cause : null
2025-12-18 11:55:47,442 [WARN] PackLoader:240 - Cannot read IP mode file for STMicroelectronics.X-CUBE-AZRTOS-WB.2.0.0
2025-12-18 11:55:47,443 [WARN] ConditionMgr:1039 - genDependencies : Invalid condition id : UX DEVICE CLASS RTOS Condition cause : null
2025-12-18 11:55:47,443 [WARN] ConditionMgr:1039 - genDependencies : Invalid condition id : UX DEVICE CLASS RTOS Condition cause : null
2025-12-18 11:55:47,443 [WARN] ConditionMgr:1039 - genDependencies : Invalid condition id : UX DEVICE CLASS RTOS Condition cause : null
2025-12-18 11:55:47,443 [WARN] ConditionMgr:1039 - genDependencies : Invalid condition id : UX DEVICE CLASS RTOS Condition cause : null
2025-12-18 11:55:47,443 [WARN] ConditionMgr:1039 - genDependencies : Invalid condition id : UX DEVICE CLASS RTOS Condition cause : null
2025-12-18 11:55:47,455 [WARN] PackLoader:240 - Cannot read IP mode file for STMicroelectronics.X-CUBE-GNSS1.7.0.0
2025-12-18 11:55:47,467 [WARN] PackLoader:240 - Cannot read IP mode file for STMicroelectronics.X-CUBE-GNSS1.7.0.1
2025-12-18 11:55:47,480 [WARN] PackLoader:240 - Cannot read IP mode file for STMicroelectronics.X-CUBE-TOUCHGFX.4.25.0
2025-12-18 11:55:47,494 [WARN] PackLoader:240 - Cannot read IP mode file for STMicroelectronics.FP-SNS-STBOX1.2.0.0
2025-12-18 11:55:47,510 [WARN] PackLoader:240 - Cannot read IP mode file for STMicroelectronics.X-CUBE-SUBG2.5.0.0
2025-12-18 11:55:47,533 [WARN] PackLoader:240 - Cannot read IP mode file for STMicroelectronics.X-CUBE-AZRTOS-H7RS.1.1.0
2025-12-18 11:55:47,560 [WARN] PackLoader:240 - Cannot read IP mode file for STMicroelectronics.X-CUBE-AZRTOS-G4.2.0.0
2025-12-18 11:55:47,586 [WARN] PackLoader:240 - Cannot read IP mode file for Infineon.AIROC-Wi-Fi-Bluetooth-STM32.1.5.1
2025-12-18 11:55:47,605 [WARN] PackLoader:240 - Cannot read IP mode file for STMicroelectronics.X-CUBE-NFC7.2.0.0
2025-12-18 11:55:47,620 [WARN] PackLoader:240 - Cannot read IP mode file for STMicroelectronics.FP-SNS-MOTENVWB1.1.3.1
2025-12-18 11:55:47,637 [WARN] PackLoader:240 - Cannot read IP mode file for STMicroelectronics.X-CUBE-ISPU.2.0.0
2025-12-18 11:55:47,652 [ERROR] Engine:466 - C:\Users\RND1\.stm32cubemx\thirdparties\pdsc\STMicroelectronics.X-CUBE-IPS.3.1.0.pdsc: PDSC version is not supported
2025-12-18 11:55:47,669 [WARN] PackLoader:240 - Cannot read IP mode file for STMicroelectronics.X-CUBE-ALS.1.0.2
2025-12-18 11:55:47,699 [WARN] PackLoader:240 - Cannot read IP mode file for STMicroelectronics.X-CUBE-MEMS1.10.0.0
2025-12-18 11:55:47,758 [WARN] PackLoader:240 - Cannot read IP mode file for STMicroelectronics.X-CUBE-FREERTOS.1.1.0
2025-12-18 11:55:47,775 [WARN] PackLoader:240 - Cannot read IP mode file for STMicroelectronics.X-CUBE-TOUCHGFX.4.24.0
2025-12-18 11:55:47,791 [WARN] PackLoader:240 - Cannot read IP mode file for STMicroelectronics.X-CUBE-TOUCHGFX.4.24.2
2025-12-18 11:55:47,809 [WARN] PackLoader:240 - Cannot read IP mode file for STMicroelectronics.X-CUBE-TOUCHGFX.4.24.1
2025-12-18 11:55:47,829 [WARN] PackLoader:240 - Cannot read IP mode file for STMicroelectronics.X-CUBE-STSE01.1.0.0
2025-12-18 11:55:47,845 [WARN] PackLoader:240 - Cannot read IP mode file for wolfSSL.I-CUBE-wolfTPM.3.4.0
2025-12-18 11:55:47,863 [WARN] PackLoader:240 - Cannot read IP mode file for portGmbH.I-Cube-SoM-uGOAL.1.1.0
2025-12-18 11:55:47,877 [WARN] PackLoader:240 - Cannot read IP mode file for STMicroelectronics.X-CUBE-ALS.1.0.1
2025-12-18 11:55:47,901 [WARN] PackLoader:240 - Cannot read IP mode file for STMicroelectronics.X-CUBE-AZRTOS-H7RS.1.0.0
2025-12-18 11:55:47,919 [WARN] PackLoader:240 - Cannot read IP mode file for STMicroelectronics.FP-ATR-ASTRA1.2.0.0
2025-12-18 11:55:47,944 [WARN] PackLoader:240 - Cannot read IP mode file for STMicroelectronics.X-CUBE-TOF1.3.4.2
2025-12-18 11:55:47,974 [ERROR] Engine:466 - C:\Users\RND1\.stm32cubemx\thirdparties\pdsc\STMicroelectronics.X-CUBE-TOF1.3.4.3.pdsc: PDSC version is not supported
2025-12-18 11:55:47,994 [WARN] PackLoader:240 - Cannot read IP mode file for STMicroelectronics.X-CUBE-TOF1.3.4.0
2025-12-18 11:55:48,020 [WARN] PackLoader:240 - Cannot read IP mode file for STMicroelectronics.X-CUBE-TOF1.3.4.1
2025-12-18 11:55:48,053 [WARN] PackLoader:240 - Cannot read IP mode file for STMicroelectronics.X-CUBE-AZRTOS-H7.3.2.0
2025-12-18 11:55:48,073 [WARN] PackLoader:240 - Cannot read IP mode file for wolfSSL.I-CUBE-wolfSSH.1.4.17
2025-12-18 11:55:48,074 [INFO] ThirdParty:978 - Integrity check success = true
2025-12-18 11:55:48,074 [INFO] IntegrityCheckThread:100 - exiting critical section [integrity check]
2025-12-18 11:55:48,074 [INFO] IntegrityCheckThread:103 - End integrity checks thread
2025-12-18 13:09:04,770 [INFO] McuFinderGlobals:63 - Set McuFinder mode to 2 (CubeIDE integrated)
2025-12-18 13:09:04,794 [INFO] MainUpdater:2873 - connection check result : 10
2025-12-18 13:09:04,800 [INFO] MainUpdater:2873 - connection check result : 10
2025-12-18 13:09:04,953 [INFO] RulesReader:64 - Compatibility file has been processed (297 Rules)
2025-12-18 13:09:04,960 [INFO] RulesReader:64 - Compatibility file has been processed (297 Rules)
2025-12-18 13:09:04,964 [INFO] MicroXplorer:468 - Change Database Path : 
2025-12-18 13:09:04,964 [INFO] MicroXplorer:498 - Change Database Version : DB.6.0.121
2025-12-18 13:09:04,970 [WARN] ThirdParty:871 - waiting for thirdparty lock release [close project]
2025-12-18 13:09:04,970 [INFO] ThirdParty:873 - entering critical section [close project]
2025-12-18 13:09:04,971 [INFO] ThirdParty:883 - exiting critical section [close project]
2025-12-18 13:09:04,972 [INFO] PinOutPanel:1561 - setPackage(No Configuration,No Configuration)
2025-12-18 13:09:04,976 [INFO] UtilMem:75 - Begin LoadConfig() Used Memory: 782875520 Bytes (1073741824)
2025-12-18 13:09:05,014 [INFO] MicroXplorer:468 - Change Database Path : C:/Users/RND1/.stm32cubemx/databases/DB.6.0.100/db/
2025-12-18 13:09:05,014 [INFO] MicroXplorer:498 - Change Database Version : DB.6.0.100
2025-12-18 13:09:19,787 [INFO] OpenFileManager:332 - Change cursor
2025-12-18 13:09:19,849 [INFO] Mcu:2032 - Initializing MCU STM32F103C(8-B)Tx STM32F103C8Tx STM32F103C8T6
2025-12-18 13:09:20,542 [INFO] Context:742 - Trying to add GPIOservice into a context  which must be forbidden
2025-12-18 13:09:20,793 [INFO] RtosManager:555 - Registered RTOS mode: class=CMSIS, group=RTOS, mode=CMSIS_V1, owner=FREERTOS
2025-12-18 13:09:20,793 [INFO] RtosManager:555 - Registered RTOS mode: class=CMSIS, group=RTOS2, mode=CMSIS_V2, owner=FREERTOS
2025-12-18 13:09:20,793 [INFO] RtosManager:555 - Registered RTOS mode: class=RTOS, group=Core, mode=CMSIS_V1, owner=FREERTOS
2025-12-18 13:09:20,793 [INFO] RtosManager:555 - Registered RTOS mode: class=RTOS, group=Core, mode=CMSIS_V2, owner=FREERTOS
2025-12-18 13:09:20,793 [WARN] ModelIntegratedComponent:184 - Missing modes for component STMicroelectronics:FreeRTOS:0.0.1:STMicroelectronics:RTOS:FreeRTOS:Core:::10.2.0:
2025-12-18 13:09:20,799 [WARN] ModelIntegratedComponent:63 - No mode defined for component null
2025-12-18 13:09:20,799 [WARN] ModelIntegratedComponent:63 - No mode defined for component null
2025-12-18 13:09:20,799 [WARN] ModelIntegratedComponent:63 - No mode defined for component null
2025-12-18 13:09:20,799 [WARN] ModelIntegratedComponent:63 - No mode defined for component null
2025-12-18 13:09:20,799 [WARN] ModelIntegratedComponent:63 - No mode defined for component null
2025-12-18 13:09:20,799 [WARN] ModelIntegratedComponent:63 - No mode defined for component null
2025-12-18 13:09:20,799 [WARN] ModelIntegratedComponent:63 - No mode defined for component null
2025-12-18 13:09:20,799 [WARN] ModelIntegratedComponent:63 - No mode defined for component null
2025-12-18 13:09:20,799 [WARN] ModelIntegratedComponent:63 - No mode defined for component null
2025-12-18 13:09:20,799 [WARN] ModelIntegratedComponent:63 - No mode defined for component null
2025-12-18 13:09:20,799 [WARN] ModelIntegratedComponent:63 - No mode defined for component null
2025-12-18 13:09:20,799 [WARN] ModelIntegratedComponent:63 - No mode defined for component null
2025-12-18 13:09:20,799 [WARN] ModelIntegratedComponent:63 - No mode defined for component null
2025-12-18 13:09:20,799 [WARN] ModelIntegratedComponent:63 - No mode defined for component null
2025-12-18 13:09:20,799 [WARN] ModelIntegratedComponent:63 - No mode defined for component null
2025-12-18 13:09:20,799 [WARN] ModelIntegratedComponent:63 - No mode defined for component null
2025-12-18 13:09:20,799 [WARN] ModelIntegratedComponent:63 - No mode defined for component null
2025-12-18 13:09:20,799 [WARN] ModelIntegratedComponent:63 - No mode defined for component null
2025-12-18 13:09:20,799 [WARN] ModelIntegratedComponent:63 - No mode defined for component null
2025-12-18 13:09:20,799 [WARN] ModelIntegratedComponent:63 - No mode defined for component null
2025-12-18 13:09:20,799 [WARN] ModelIntegratedComponent:63 - No mode defined for component null
2025-12-18 13:09:20,799 [WARN] ModelIntegratedComponent:63 - No mode defined for component null
2025-12-18 13:09:20,799 [WARN] ModelIntegratedComponent:63 - No mode defined for component null
2025-12-18 13:09:20,799 [WARN] ModelIntegratedComponent:63 - No mode defined for component null
2025-12-18 13:09:20,799 [WARN] ModelIntegratedComponent:63 - No mode defined for component null
2025-12-18 13:09:20,799 [WARN] ModelIntegratedComponent:63 - No mode defined for component null
2025-12-18 13:09:20,799 [WARN] ModelIntegratedComponent:63 - No mode defined for component null
2025-12-18 13:09:20,799 [WARN] ModelIntegratedComponent:63 - No mode defined for component null
2025-12-18 13:09:20,799 [WARN] ModelIntegratedComponent:63 - No mode defined for component null
2025-12-18 13:09:20,799 [WARN] ModelIntegratedComponent:63 - No mode defined for component null
2025-12-18 13:09:20,799 [WARN] ModelIntegratedComponent:63 - No mode defined for component null
2025-12-18 13:09:20,799 [WARN] ModelIntegratedComponent:63 - No mode defined for component null
2025-12-18 13:09:20,799 [WARN] ModelIntegratedComponent:63 - No mode defined for component null
2025-12-18 13:09:20,799 [WARN] ModelIntegratedComponent:63 - No mode defined for component null
2025-12-18 13:09:20,800 [WARN] ModelIntegratedComponent:63 - No mode defined for component null
2025-12-18 13:09:20,800 [WARN] ModelPack:524 - Component already loaded: STMicroelectronics:HAL Drivers:0.0.0:STMicroelectronics:Device:STMicro_Driver:XSPI:HAL::0.0.1:HAL_XSPI
2025-12-18 13:09:21,016 [INFO] ThirdPartyModel:298 - Start build external matchings
2025-12-18 13:09:22,146 [INFO] ThirdPartyModel:316 - End build external matchings
2025-12-18 13:09:22,178 [INFO] ImportTextPane:205 - (OptionalMessage_ERROR) IP (RCC) : Parameter (ADCFreqValue) has invalid value (36000000)
2025-12-18 13:09:22,179 [INFO] ImportTextPane:205 - (OptionalMessage_ERROR) IP (RCC) : Invalid parameter (FamilyName)
2025-12-18 13:09:22,179 [INFO] ImportTextPane:205 - (OptionalMessage_ERROR) IP (RCC) : Parameter (MCOFreq_Value) has invalid value (72000000)
2025-12-18 13:09:22,450 [INFO] ApiDb:581 - Connected to CubeFinder SQLite database (C:\Users\RND1\.stmcufinder\plugins\mcufinder\mcu\cube-finder-db.db)
2025-12-18 13:09:22,512 [INFO] ApiDb:668 - CubeFinder database Data Model version=2.1
2025-12-18 13:09:22,512 [INFO] ApiDb:669 - CubeFinder database Configuration version=3.0.39
2025-12-18 13:09:22,513 [INFO] ApiDb:670 - CubeFinder database generation date=2025-08-25 (1756130511)
2025-12-18 13:09:22,513 [INFO] ApiDb:671 - CubeFinder database FW Pack versions=[FP-ATR-ASTRA1_V2.0.0, FP-SNS-FLIGHT1_V5.1.0, FP-SNS-MOTENV1_V5.0.0, FP-SNS-MOTENVWB1_V1.4.0, FP-SNS-SMARTAG2_V1.2.0, FP-SNS-STBOX1_V2.1.0, STM32Cube_FW_C0_V1.4.0, STM32Cube_FW_F4_V1.28.3, STM32Cube_FW_F7_V1.17.4, STM32Cube_FW_G0_V1.6.2, STM32Cube_FW_G4_V1.6.1, STM32Cube_FW_H5_V1.5.0, STM32Cube_FW_H7RS_V1.2.0, STM32Cube_FW_H7_V1.12.1, STM32Cube_FW_L0_V1.12.2, STM32Cube_FW_L4_V1.18.1, STM32Cube_FW_L5_V1.5.1, STM32Cube_FW_N6_V1.2.0, STM32Cube_FW_U0_V1.3.0, STM32Cube_FW_U3_V1.2.0, STM32Cube_FW_U5_V1.8.0, STM32Cube_FW_WB0_V1.3.0, STM32Cube_FW_WBA_V1.7.0, STM32Cube_FW_WB_V1.23.0, STM32Cube_FW_WL3_V1.2.0, STM32Cube_FW_WL_V1.3.1, X-CUBE-ALGOBUILD_V1.4.0, X-CUBE-ALS_V1.0.2, X-CUBE-AZRTOS-F4_V1.1.0, X-CUBE-AZRTOS-F7_V1.1.0, X-CUBE-AZRTOS-G0_V1.1.0, X-CUBE-AZRTOS-G4_V2.0.0, X-CUBE-AZRTOS-H7RS_V1.1.0, X-CUBE-AZRTOS-H7_V3.4.0, X-CUBE-AZRTOS-L4_V2.0.0, X-CUBE-AZRTOS-L5_V2.0.0, X-CUBE-AZRTOS-WB_V2.0.0, X-CUBE-AZRTOS-WL_V2.0.0, X-CUBE-BLE1_V7.1.0, X-CUBE-BLE2_V3.3.0, X-CUBE-BLEMGR_V4.1.0, X-CUBE-EEPRMA1_V5.2.0, X-CUBE-FREERTOS_V1.3.1, X-CUBE-GNSS1_V6.0.0, X-CUBE-MEMS1_V11.3.0, X-CUBE-NFC4_V3.0.0, X-CUBE-NFC7_V2.0.0, X-CUBE-SFXS2LP1_V4.0.0, X-CUBE-ST67W61_V1.0.0, X-CUBE-SUBG2_V5.0.0, X-CUBE-TOF1_V3.4.3]
2025-12-18 13:09:22,605 [INFO] DbBoardsSqlite:226 - include board P-NUCLEO-WB55-NUCLEO as a kit item of type 'Nucleo-64'
2025-12-18 13:09:22,605 [INFO] DbBoardsSqlite:226 - include board P-NUCLEO-WB55-USBDONGLE as a kit item of type 'Nucleo USB Dongle'
2025-12-18 13:09:22,607 [INFO] DbBoardsSqlite:226 - include board STEVAL-IDP005V1 as a kit item of type 'Evaluation Board'
2025-12-18 13:09:22,607 [INFO] DbBoardsSqlite:226 - include board STEVAL-IDP005V2 as a kit item of type 'Evaluation Board'
2025-12-18 13:09:22,889 [INFO] ApiDb:240 - Found 646 in-development CPN: [B-G473E-ZEST1S, B-WB1M-WPAN1, B-WL5M-SUBG1, NUCLEO-C031C6, NUCLEO-C071RB, NUCLEO-H503RB, NUCLEO-H533RE, NUCLEO-H563ZI, NUCLEO-H7S3L8, NUCLEO-U031R8, NUCLEO-U083RC, NUCLEO-U545RE-Q, NUCLEO-U5A5ZJ-Q, NUCLEO-WB05KZ, NUCLEO-WB07CC, NUCLEO-WB09KE, NUCLEO-WBA52CG, NUCLEO-WBA55CG, STEVAL-PROTEUS1, STEVAL-SMARTAG2, STEVAL-STWINBX1, STM320518-EVAL, STM32C0116-DK, STM32C011D6Y3TR, STM32C011D6Y6TR, STM32C011F4P3, STM32C011F4P6, STM32C011F4U3, STM32C011F4U6TR, STM32C011F6P3, STM32C011F6P6, STM32C011F6U3, STM32C011F6U6TR, STM32C011J4M3, STM32C011J4M6, STM32C011J6M3, STM32C011J6M6, STM32C0316-DK, STM32C031C4T3, STM32C031C4T6, STM32C031C4U3, STM32C031C4U6, STM32C031C6T3, STM32C031C6T6, STM32C031C6U3, STM32C031C6U6, STM32C031F4P3, STM32C031F4P6, STM32C031F6P3, STM32C031F6P6, STM32C031G4U3, STM32C031G4U6, STM32C031G6U3, STM32C031G6U6, STM32C031K4T3, STM32C031K4T6, STM32C031K4U3, STM32C031K4U6, STM32C031K6T3, STM32C031K6T6, STM32C031K6U3, STM32C031K6U6, STM32C071C8T6, STM32C071C8T6N, STM32C071C8U6, STM32C071C8U6N, STM32C071CBT6, STM32C071CBT6N, STM32C071CBU6, STM32C071CBU6N, STM32C071F8P6, STM32C071F8P6N, STM32C071FBP6, STM32C071FBP6N, STM32C071FBY6TR, STM32C071G8U6, STM32C071G8U6N, STM32C071GBU6, STM32C071GBU6N, STM32C071K8T6, STM32C071K8T6N, STM32C071K8U6, STM32C071K8U6N, STM32C071KBT6, STM32C071KBT6N, STM32C071KBU6, STM32C071KBU6N, STM32C071R8T6, STM32C071R8T6N, STM32C071RBI6N, STM32C071RBT6, STM32C071RBT6N, STM32G071K8TXN, STM32G071K8UXN, STM32G081GBU6N, STM32G081KBT6N, STM32G081KBUXN, STM32G0B1CCT6N, STM32G0B1KCT6, STM32G0B1NEY6TR, STM32G0B1RCT6N, STM32G0C1CCT6, STM32G0C1CCT6N, STM32G0C1CCU6N, STM32G0C1CET6N, STM32G0C1CEU6N, STM32G0C1KCT6, STM32G0C1NEY6TR, STM32G0C1RCI6N, STM32G0C1RCT6N, STM32G0C1REI6N, STM32G0C1RET6N, STM32G0C1VCI6, STM32G0C1VEI6, STM32G411C6T3, STM32G411C6T6, STM32G411C6U3, STM32G411C6U6, STM32G411C8T3, STM32G411C8T6, STM32G411C8U3, STM32G411C8U6, STM32G411CBT3, STM32G411CBT6, STM32G411CBU3, STM32G411CBU6, STM32G411K6T3, STM32G411K6T6, STM32G411K6U3, STM32G411K6U6, STM32G411K8T3, STM32G411K8T6, STM32G411K8U3, STM32G411K8U6, STM32G411KBT3, STM32G411KBT6, STM32G411KBU3, STM32G411KBU6, STM32G411M6T3, STM32G411M6T6, STM32G411M8T3, STM32G411M8T6, STM32G411MBT3, STM32G411MBT6, STM32G411R6T3, STM32G411R6T6, STM32G411R8T3, STM32G411R8T6, STM32G411RBT3, STM32G411RBT6, STM32G414CBT3, STM32G414CBT6, STM32G414CBU3, STM32G414CBU6, STM32G414CCT3, STM32G414CCT6, STM32G414CCU3, STM32G414CCU6, STM32G414MBT3, STM32G414MBT6, STM32G414MCT3, STM32G414MCT6, STM32G414RBT3, STM32G414RBT6, STM32G414RCT3, STM32G414RCT6, STM32G414VBT3, STM32G414VBT6, STM32G414VCT3, STM32G414VCT6, STM32G431CBT3Z, STM32G431RBT3Z, STM32G471CCT6, STM32G471CCU6, STM32G471CET3, STM32G471CET6, STM32G471CEU3, STM32G471CEU6, STM32G471MCT6, STM32G471MET3, STM32G471MET6, STM32G471MEY6TR, STM32G471QCT6, STM32G471QET3, STM32G471RCT6, STM32G471RET3, STM32G471RET6, STM32G471VCH6, STM32G471VCI6, STM32G471VCT6, STM32G471VEH3, STM32G471VEH6, STM32G471VEI3, STM32G471VEI6, STM32G471VET3, STM32G471VET6, STM32G473QET3Z, STM32G473RET3Z, STM32G474CCT6, STM32G491RET3Z, STM32H503CBT6, STM32H503CBU6, STM32H503EBY6TR, STM32H503KBU6, STM32H503RBT6, STM32H523CCT6, STM32H523CCU6, STM32H523CET6, STM32H523CEU6, STM32H523HEY6TR, STM32H523RCT6, STM32H523RET6, STM32H523VCI6, STM32H523VCT6, STM32H523VEI6, STM32H523VET6, STM32H523ZCJ6, STM32H523ZCT6, STM32H523ZEJ6, STM32H523ZET6, STM32H533CET6, STM32H533CEU6, STM32H533HEY6TR, STM32H533RET6, STM32H533VEI6, STM32H533VET6, STM32H533ZEJ6, STM32H533ZET6, STM32H562AGI6, STM32H562AII6, STM32H562IGK6, STM32H562IGT6, STM32H562IIK6, STM32H562IIT6, STM32H562RGT6, STM32H562RGV6, STM32H562RIT6, STM32H562RIV6, STM32H562VGT6, STM32H562VIT6, STM32H562ZGT6, STM32H562ZIT6, STM32H563AGI6, STM32H563AII3Q, STM32H563AII6, STM32H563IGK6, STM32H563IGT6, STM32H563IIK3Q, STM32H563IIK6, STM32H563IIT3Q, STM32H563IIT6, STM32H563MIY3QTR, STM32H563RGT6, STM32H563RGV6, STM32H563RIT6, STM32H563RIV6, STM32H563VGT6, STM32H563VIT3Q, STM32H563VIT6, STM32H563ZGT6, STM32H563ZIT3Q, STM32H563ZIT6, STM32H573AII3Q, STM32H573AII6, STM32H573I-DK, STM32H573IIK3Q, STM32H573IIK6, STM32H573IIT3Q, STM32H573IIT6, STM32H573MIY3QTR, STM32H573RIT6, STM32H573RIV6, STM32H573VIT3Q, STM32H573VIT6, STM32H573ZIT3Q, STM32H573ZIT6, STM32H7R3A8I6, STM32H7R3I8K6, STM32H7R3I8T6, STM32H7R3L8H6, STM32H7R3L8H6H, STM32H7R3R8V6, STM32H7R3V8H6, STM32H7R3V8T6, STM32H7R3V8Y6TR, STM32H7R3Z8J6, STM32H7R3Z8T6, STM32H7R7A8I6, STM32H7R7I8K6, STM32H7R7I8T6, STM32H7R7L8H6, STM32H7R7L8H6H, STM32H7R7Z8J6, STM32H7S3A8I6, STM32H7S3I8K6, STM32H7S3I8T6, STM32H7S3L8H6, STM32H7S3L8H6H, STM32H7S3R8V6, STM32H7S3V8H6, STM32H7S3V8T6, STM32H7S3V8Y6TR, STM32H7S3Z8J6, STM32H7S3Z8T6, STM32H7S78-DK, STM32H7S7A8I6, STM32H7S7I8K6, STM32H7S7I8T6, STM32H7S7L8H6, STM32H7S7L8H6H, STM32H7S7Z8J6, STM32L4R5QGI6STR, STM32MP131AAE3, STM32MP131AAF3, STM32MP131AAG3, STM32MP131CAE3, STM32MP131CAF3, STM32MP131CAG3, STM32MP131DAE7, STM32MP131DAF7, STM32MP131DAG7, STM32MP131FAE7, STM32MP131FAF7, STM32MP131FAG7, STM32MP133AAE3, STM32MP133AAF3, STM32MP133AAG3, STM32MP133CAE3, STM32MP133CAF3, STM32MP133CAG3, STM32MP133DAE7, STM32MP133DAF7, STM32MP133DAG7, STM32MP133FAE7, STM32MP133FAF7, STM32MP133FAG7, STM32MP135AAE3, STM32MP135AAF3, STM32MP135AAG3, STM32MP135CAE3, STM32MP135CAF3, STM32MP135CAG3, STM32MP135DAE7, STM32MP135DAF7, STM32MP135DAG7, STM32MP135F-DK, STM32MP135FAE7, STM32MP135FAF7, STM32MP135FAF7T, STM32MP135FAF7U, STM32MP135FAG7, STM32MP251AAI3, STM32MP251AAK3, STM32MP251AAL3, STM32MP251CAI3, STM32MP251CAK3, STM32MP251CAL3, STM32MP251DAI3, STM32MP251DAK3, STM32MP251DAL3, STM32MP251FAI3, STM32MP251FAK3, STM32MP251FAL3, STM32MP253AAI3, STM32MP253AAK3, STM32MP253AAL3, STM32MP253CAI3, STM32MP253CAK3, STM32MP253CAL3, STM32MP253DAI3, STM32MP253DAK3, STM32MP253DAL3, STM32MP253FAI3, STM32MP253FAK3, STM32MP253FAL3, STM32MP255AAI3, STM32MP255AAK3, STM32MP255AAL3, STM32MP255CAI3, STM32MP255CAK3, STM32MP255CAL3, STM32MP255DAI3, STM32MP255DAK3, STM32MP255DAL3, STM32MP255FAI3, STM32MP255FAK3, STM32MP255FAL3, STM32MP257AAI3, STM32MP257AAK3, STM32MP257AAL3, STM32MP257CAI3, STM32MP257CAK3, STM32MP257CAL3, STM32MP257DAI3, STM32MP257DAK3, STM32MP257DAL3, STM32MP257F-DK, STM32MP257F-EV1, STM32MP257FAI3, STM32MP257FAK3, STM32MP257FAL3, STM32U031C6T6, STM32U031C6U6, STM32U031C8T6, STM32U031C8U6, STM32U031F4P6, STM32U031F6P6, STM32U031F8P6, STM32U031G6Y6TR, STM32U031G8Y6TR, STM32U031K4U6, STM32U031K6U6, STM32U031K8U6, STM32U031R6I6, STM32U031R6T6, STM32U031R8I6, STM32U031R8T6, STM32U073C8T6, STM32U073C8U6, STM32U073CBT6, STM32U073CBU6, STM32U073CCT6, STM32U073CCU6, STM32U073H8Y6TR, STM32U073HBY6TR, STM32U073HCY6TR, STM32U073K8U6, STM32U073KBU6, STM32U073KCU6, STM32U073M8I6, STM32U073M8T6, STM32U073MBI6, STM32U073MBT6, STM32U073MCI6, STM32U073MCT6, STM32U073R8I6, STM32U073R8T6, STM32U073RBI6, STM32U073RBT6, STM32U073RCI6, STM32U073RCT6, STM32U083C-DK, STM32U083CCT6, STM32U083CCU6, STM32U083HCY6TR, STM32U083KCU6, STM32U083MCI6, STM32U083MCT6, STM32U083RCI6, STM32U083RCT6, STM32U535CBT6, STM32U535CBT6Q, STM32U535CBU6, STM32U535CBU6Q, STM32U535CCT6, STM32U535CCT6Q, STM32U535CCU6, STM32U535CCU6Q, STM32U535CET6, STM32U535CET6Q, STM32U535CEU6, STM32U535CEU6Q, STM32U535JEY6QTR, STM32U535NCY6QTR, STM32U535NEY6QTR, STM32U535RBI6, STM32U535RBI6Q, STM32U535RBT6, STM32U535RBT6Q, STM32U535RCI6, STM32U535RCI6Q, STM32U535RCT6, STM32U535RCT6Q, STM32U535REI6, STM32U535REI6Q, STM32U535RET6, STM32U535RET6Q, STM32U535VCI6, STM32U535VCI6Q, STM32U535VCT6, STM32U535VCT6Q, STM32U535VEI6, STM32U535VEI6Q, STM32U535VET6, STM32U535VET6Q, STM32U545CET6, STM32U545CET6Q, STM32U545CEU6, STM32U545CEU6Q, STM32U545JEY6QTR, STM32U545NEY6QTR, STM32U545REI6, STM32U545REI6Q, STM32U545RET6, STM32U545RET6Q, STM32U545VEI6, STM32U545VEI6Q, STM32U545VET6, STM32U545VET6Q, STM32U595AIH6, STM32U595AIH6Q, STM32U595AJH6, STM32U595AJH6Q, STM32U595QII6, STM32U595QII6Q, STM32U595QJI6, STM32U595QJI6Q, STM32U595RIT6, STM32U595RIT6Q, STM32U595RJT6, STM32U595RJT6Q, STM32U595VIT6, STM32U595VIT6Q, STM32U595VJT6, STM32U595VJT6Q, STM32U595ZIT6, STM32U595ZIT6Q, STM32U595ZIY6QTR, STM32U595ZJT6, STM32U595ZJT6Q, STM32U595ZJY6QTR, STM32U599BJY6QTR, STM32U599NIH6Q, STM32U599NJH6Q, STM32U599VIT6Q, STM32U599VJT6, STM32U599VJT6Q, STM32U599ZIT6Q, STM32U599ZIY6QTR, STM32U599ZJT6Q, STM32U599ZJY6QTR, STM32U5A5AJH6, STM32U5A5AJH6Q, STM32U5A5QII3Q , STM32U5A5QJI6, STM32U5A5QJI6Q, STM32U5A5RJT6, STM32U5A5RJT6Q, STM32U5A5VJT6, STM32U5A5VJT6Q, STM32U5A5ZJT6, STM32U5A5ZJT6Q, STM32U5A5ZJY6QTR, STM32U5A9BJY6QTR, STM32U5A9J-DK, STM32U5A9NJH6Q, STM32U5A9VJT6Q, STM32U5A9ZJT6Q, STM32U5A9ZJY6QTR, STM32U5F7VIT6, STM32U5F7VIT6Q, STM32U5F7VJT6, STM32U5F7VJT6Q, STM32U5F9BJY6QTR, STM32U5F9NJH6Q, STM32U5F9VIT6Q, STM32U5F9VJT6Q, STM32U5F9ZIJ6QTR, STM32U5F9ZIT6Q, STM32U5F9ZJJ6QTR, STM32U5F9ZJT6Q, STM32U5G7VJT6, STM32U5G7VJT6Q, STM32U5G9BJY6QTR, STM32U5G9J-DK1, STM32U5G9J-DK2, STM32U5G9NJH6Q, STM32U5G9VJT6Q, STM32U5G9ZJJ6QTR, STM32U5G9ZJT6Q, STM32WB05KZV6TR, STM32WB05KZV7TR, STM32WB05TZF6TR, STM32WB05TZF7TR, STM32WB06CCF6TR, STM32WB06CCF7TR, STM32WB06CCV6TR, STM32WB06CCV7TR, STM32WB06KCV6TR, STM32WB06KCV7TR, STM32WB07CCF6TR, STM32WB07CCF7TR, STM32WB07CCV6TR, STM32WB07CCV7TR, STM32WB07KCV6TR, STM32WB07KCV7TR, STM32WB09KEV6TR, STM32WB09KEV7TR, STM32WB09TEF6TR, STM32WB09TEF7TR, STM32WB1MMCH6, STM32WBA50KGU6, STM32WBA50KGU6TR, STM32WBA52CEU6, STM32WBA52CEU6TR, STM32WBA52CEU7, STM32WBA52CEU7TR, STM32WBA52CGU6, STM32WBA52CGU6TR, STM32WBA52CGU6U, STM32WBA52CGU7, STM32WBA52CGU7TR, STM32WBA52KEU6, STM32WBA52KEU6TR, STM32WBA52KGU6, STM32WBA52KGU6TR, STM32WBA54CEU6, STM32WBA54CEU6TR, STM32WBA54CEU7, STM32WBA54CEU7TR, STM32WBA54CGU6, STM32WBA54CGU6TR, STM32WBA54CGU7, STM32WBA54CGU7TR, STM32WBA54KEU6, STM32WBA54KEU6TR, STM32WBA54KEU7, STM32WBA54KEU7TR, STM32WBA54KGU6, STM32WBA54KGU6TR, STM32WBA54KGU7, STM32WBA54KGU7TR, STM32WBA55CEU6, STM32WBA55CEU6TR, STM32WBA55CEU7, STM32WBA55CEU7TR, STM32WBA55CGU6, STM32WBA55CGU6TR, STM32WBA55CGU6U, STM32WBA55CGU7, STM32WBA55CGU7TR, STM32WBA55G-DK1, STM32WBA55HEF6, STM32WBA55HEF7, STM32WBA55HGF6, STM32WBA55HGF7, STM32WBA55UEI6, STM32WBA55UEI6TR, STM32WBA55UEI7, STM32WBA55UEI7TR, STM32WBA55UGI6, STM32WBA55UGI6TR, STM32WBA55UGI7, STM32WBA55UGI7TR, STM32WL5MOCH6, STM32WL5MOCH6TR]
2025-12-18 13:09:22,893 [INFO] ApiDb:668 - CubeFinder database Data Model version=2.1
2025-12-18 13:09:22,893 [INFO] ApiDb:669 - CubeFinder database Configuration version=3.0.39
2025-12-18 13:09:22,893 [INFO] ApiDb:670 - CubeFinder database generation date=2025-08-25 (1756130511)
2025-12-18 13:09:22,893 [INFO] ApiDb:671 - CubeFinder database FW Pack versions=[FP-ATR-ASTRA1_V2.0.0, FP-SNS-FLIGHT1_V5.1.0, FP-SNS-MOTENV1_V5.0.0, FP-SNS-MOTENVWB1_V1.4.0, FP-SNS-SMARTAG2_V1.2.0, FP-SNS-STBOX1_V2.1.0, STM32Cube_FW_C0_V1.4.0, STM32Cube_FW_F4_V1.28.3, STM32Cube_FW_F7_V1.17.4, STM32Cube_FW_G0_V1.6.2, STM32Cube_FW_G4_V1.6.1, STM32Cube_FW_H5_V1.5.0, STM32Cube_FW_H7RS_V1.2.0, STM32Cube_FW_H7_V1.12.1, STM32Cube_FW_L0_V1.12.2, STM32Cube_FW_L4_V1.18.1, STM32Cube_FW_L5_V1.5.1, STM32Cube_FW_N6_V1.2.0, STM32Cube_FW_U0_V1.3.0, STM32Cube_FW_U3_V1.2.0, STM32Cube_FW_U5_V1.8.0, STM32Cube_FW_WB0_V1.3.0, STM32Cube_FW_WBA_V1.7.0, STM32Cube_FW_WB_V1.23.0, STM32Cube_FW_WL3_V1.2.0, STM32Cube_FW_WL_V1.3.1, X-CUBE-ALGOBUILD_V1.4.0, X-CUBE-ALS_V1.0.2, X-CUBE-AZRTOS-F4_V1.1.0, X-CUBE-AZRTOS-F7_V1.1.0, X-CUBE-AZRTOS-G0_V1.1.0, X-CUBE-AZRTOS-G4_V2.0.0, X-CUBE-AZRTOS-H7RS_V1.1.0, X-CUBE-AZRTOS-H7_V3.4.0, X-CUBE-AZRTOS-L4_V2.0.0, X-CUBE-AZRTOS-L5_V2.0.0, X-CUBE-AZRTOS-WB_V2.0.0, X-CUBE-AZRTOS-WL_V2.0.0, X-CUBE-BLE1_V7.1.0, X-CUBE-BLE2_V3.3.0, X-CUBE-BLEMGR_V4.1.0, X-CUBE-EEPRMA1_V5.2.0, X-CUBE-FREERTOS_V1.3.1, X-CUBE-GNSS1_V6.0.0, X-CUBE-MEMS1_V11.3.0, X-CUBE-NFC4_V3.0.0, X-CUBE-NFC7_V2.0.0, X-CUBE-SFXS2LP1_V4.0.0, X-CUBE-ST67W61_V1.0.0, X-CUBE-SUBG2_V5.0.0, X-CUBE-TOF1_V3.4.3]
2025-12-18 13:09:24,244 [INFO] ApiDb:240 - Found 646 in-development CPN: [B-G473E-ZEST1S, B-WB1M-WPAN1, B-WL5M-SUBG1, NUCLEO-C031C6, NUCLEO-C071RB, NUCLEO-H503RB, NUCLEO-H533RE, NUCLEO-H563ZI, NUCLEO-H7S3L8, NUCLEO-U031R8, NUCLEO-U083RC, NUCLEO-U545RE-Q, NUCLEO-U5A5ZJ-Q, NUCLEO-WB05KZ, NUCLEO-WB07CC, NUCLEO-WB09KE, NUCLEO-WBA52CG, NUCLEO-WBA55CG, STEVAL-PROTEUS1, STEVAL-SMARTAG2, STEVAL-STWINBX1, STM320518-EVAL, STM32C0116-DK, STM32C011D6Y3TR, STM32C011D6Y6TR, STM32C011F4P3, STM32C011F4P6, STM32C011F4U3, STM32C011F4U6TR, STM32C011F6P3, STM32C011F6P6, STM32C011F6U3, STM32C011F6U6TR, STM32C011J4M3, STM32C011J4M6, STM32C011J6M3, STM32C011J6M6, STM32C0316-DK, STM32C031C4T3, STM32C031C4T6, STM32C031C4U3, STM32C031C4U6, STM32C031C6T3, STM32C031C6T6, STM32C031C6U3, STM32C031C6U6, STM32C031F4P3, STM32C031F4P6, STM32C031F6P3, STM32C031F6P6, STM32C031G4U3, STM32C031G4U6, STM32C031G6U3, STM32C031G6U6, STM32C031K4T3, STM32C031K4T6, STM32C031K4U3, STM32C031K4U6, STM32C031K6T3, STM32C031K6T6, STM32C031K6U3, STM32C031K6U6, STM32C071C8T6, STM32C071C8T6N, STM32C071C8U6, STM32C071C8U6N, STM32C071CBT6, STM32C071CBT6N, STM32C071CBU6, STM32C071CBU6N, STM32C071F8P6, STM32C071F8P6N, STM32C071FBP6, STM32C071FBP6N, STM32C071FBY6TR, STM32C071G8U6, STM32C071G8U6N, STM32C071GBU6, STM32C071GBU6N, STM32C071K8T6, STM32C071K8T6N, STM32C071K8U6, STM32C071K8U6N, STM32C071KBT6, STM32C071KBT6N, STM32C071KBU6, STM32C071KBU6N, STM32C071R8T6, STM32C071R8T6N, STM32C071RBI6N, STM32C071RBT6, STM32C071RBT6N, STM32G071K8TXN, STM32G071K8UXN, STM32G081GBU6N, STM32G081KBT6N, STM32G081KBUXN, STM32G0B1CCT6N, STM32G0B1KCT6, STM32G0B1NEY6TR, STM32G0B1RCT6N, STM32G0C1CCT6, STM32G0C1CCT6N, STM32G0C1CCU6N, STM32G0C1CET6N, STM32G0C1CEU6N, STM32G0C1KCT6, STM32G0C1NEY6TR, STM32G0C1RCI6N, STM32G0C1RCT6N, STM32G0C1REI6N, STM32G0C1RET6N, STM32G0C1VCI6, STM32G0C1VEI6, STM32G411C6T3, STM32G411C6T6, STM32G411C6U3, STM32G411C6U6, STM32G411C8T3, STM32G411C8T6, STM32G411C8U3, STM32G411C8U6, STM32G411CBT3, STM32G411CBT6, STM32G411CBU3, STM32G411CBU6, STM32G411K6T3, STM32G411K6T6, STM32G411K6U3, STM32G411K6U6, STM32G411K8T3, STM32G411K8T6, STM32G411K8U3, STM32G411K8U6, STM32G411KBT3, STM32G411KBT6, STM32G411KBU3, STM32G411KBU6, STM32G411M6T3, STM32G411M6T6, STM32G411M8T3, STM32G411M8T6, STM32G411MBT3, STM32G411MBT6, STM32G411R6T3, STM32G411R6T6, STM32G411R8T3, STM32G411R8T6, STM32G411RBT3, STM32G411RBT6, STM32G414CBT3, STM32G414CBT6, STM32G414CBU3, STM32G414CBU6, STM32G414CCT3, STM32G414CCT6, STM32G414CCU3, STM32G414CCU6, STM32G414MBT3, STM32G414MBT6, STM32G414MCT3, STM32G414MCT6, STM32G414RBT3, STM32G414RBT6, STM32G414RCT3, STM32G414RCT6, STM32G414VBT3, STM32G414VBT6, STM32G414VCT3, STM32G414VCT6, STM32G431CBT3Z, STM32G431RBT3Z, STM32G471CCT6, STM32G471CCU6, STM32G471CET3, STM32G471CET6, STM32G471CEU3, STM32G471CEU6, STM32G471MCT6, STM32G471MET3, STM32G471MET6, STM32G471MEY6TR, STM32G471QCT6, STM32G471QET3, STM32G471RCT6, STM32G471RET3, STM32G471RET6, STM32G471VCH6, STM32G471VCI6, STM32G471VCT6, STM32G471VEH3, STM32G471VEH6, STM32G471VEI3, STM32G471VEI6, STM32G471VET3, STM32G471VET6, STM32G473QET3Z, STM32G473RET3Z, STM32G474CCT6, STM32G491RET3Z, STM32H503CBT6, STM32H503CBU6, STM32H503EBY6TR, STM32H503KBU6, STM32H503RBT6, STM32H523CCT6, STM32H523CCU6, STM32H523CET6, STM32H523CEU6, STM32H523HEY6TR, STM32H523RCT6, STM32H523RET6, STM32H523VCI6, STM32H523VCT6, STM32H523VEI6, STM32H523VET6, STM32H523ZCJ6, STM32H523ZCT6, STM32H523ZEJ6, STM32H523ZET6, STM32H533CET6, STM32H533CEU6, STM32H533HEY6TR, STM32H533RET6, STM32H533VEI6, STM32H533VET6, STM32H533ZEJ6, STM32H533ZET6, STM32H562AGI6, STM32H562AII6, STM32H562IGK6, STM32H562IGT6, STM32H562IIK6, STM32H562IIT6, STM32H562RGT6, STM32H562RGV6, STM32H562RIT6, STM32H562RIV6, STM32H562VGT6, STM32H562VIT6, STM32H562ZGT6, STM32H562ZIT6, STM32H563AGI6, STM32H563AII3Q, STM32H563AII6, STM32H563IGK6, STM32H563IGT6, STM32H563IIK3Q, STM32H563IIK6, STM32H563IIT3Q, STM32H563IIT6, STM32H563MIY3QTR, STM32H563RGT6, STM32H563RGV6, STM32H563RIT6, STM32H563RIV6, STM32H563VGT6, STM32H563VIT3Q, STM32H563VIT6, STM32H563ZGT6, STM32H563ZIT3Q, STM32H563ZIT6, STM32H573AII3Q, STM32H573AII6, STM32H573I-DK, STM32H573IIK3Q, STM32H573IIK6, STM32H573IIT3Q, STM32H573IIT6, STM32H573MIY3QTR, STM32H573RIT6, STM32H573RIV6, STM32H573VIT3Q, STM32H573VIT6, STM32H573ZIT3Q, STM32H573ZIT6, STM32H7R3A8I6, STM32H7R3I8K6, STM32H7R3I8T6, STM32H7R3L8H6, STM32H7R3L8H6H, STM32H7R3R8V6, STM32H7R3V8H6, STM32H7R3V8T6, STM32H7R3V8Y6TR, STM32H7R3Z8J6, STM32H7R3Z8T6, STM32H7R7A8I6, STM32H7R7I8K6, STM32H7R7I8T6, STM32H7R7L8H6, STM32H7R7L8H6H, STM32H7R7Z8J6, STM32H7S3A8I6, STM32H7S3I8K6, STM32H7S3I8T6, STM32H7S3L8H6, STM32H7S3L8H6H, STM32H7S3R8V6, STM32H7S3V8H6, STM32H7S3V8T6, STM32H7S3V8Y6TR, STM32H7S3Z8J6, STM32H7S3Z8T6, STM32H7S78-DK, STM32H7S7A8I6, STM32H7S7I8K6, STM32H7S7I8T6, STM32H7S7L8H6, STM32H7S7L8H6H, STM32H7S7Z8J6, STM32L4R5QGI6STR, STM32MP131AAE3, STM32MP131AAF3, STM32MP131AAG3, STM32MP131CAE3, STM32MP131CAF3, STM32MP131CAG3, STM32MP131DAE7, STM32MP131DAF7, STM32MP131DAG7, STM32MP131FAE7, STM32MP131FAF7, STM32MP131FAG7, STM32MP133AAE3, STM32MP133AAF3, STM32MP133AAG3, STM32MP133CAE3, STM32MP133CAF3, STM32MP133CAG3, STM32MP133DAE7, STM32MP133DAF7, STM32MP133DAG7, STM32MP133FAE7, STM32MP133FAF7, STM32MP133FAG7, STM32MP135AAE3, STM32MP135AAF3, STM32MP135AAG3, STM32MP135CAE3, STM32MP135CAF3, STM32MP135CAG3, STM32MP135DAE7, STM32MP135DAF7, STM32MP135DAG7, STM32MP135F-DK, STM32MP135FAE7, STM32MP135FAF7, STM32MP135FAF7T, STM32MP135FAF7U, STM32MP135FAG7, STM32MP251AAI3, STM32MP251AAK3, STM32MP251AAL3, STM32MP251CAI3, STM32MP251CAK3, STM32MP251CAL3, STM32MP251DAI3, STM32MP251DAK3, STM32MP251DAL3, STM32MP251FAI3, STM32MP251FAK3, STM32MP251FAL3, STM32MP253AAI3, STM32MP253AAK3, STM32MP253AAL3, STM32MP253CAI3, STM32MP253CAK3, STM32MP253CAL3, STM32MP253DAI3, STM32MP253DAK3, STM32MP253DAL3, STM32MP253FAI3, STM32MP253FAK3, STM32MP253FAL3, STM32MP255AAI3, STM32MP255AAK3, STM32MP255AAL3, STM32MP255CAI3, STM32MP255CAK3, STM32MP255CAL3, STM32MP255DAI3, STM32MP255DAK3, STM32MP255DAL3, STM32MP255FAI3, STM32MP255FAK3, STM32MP255FAL3, STM32MP257AAI3, STM32MP257AAK3, STM32MP257AAL3, STM32MP257CAI3, STM32MP257CAK3, STM32MP257CAL3, STM32MP257DAI3, STM32MP257DAK3, STM32MP257DAL3, STM32MP257F-DK, STM32MP257F-EV1, STM32MP257FAI3, STM32MP257FAK3, STM32MP257FAL3, STM32U031C6T6, STM32U031C6U6, STM32U031C8T6, STM32U031C8U6, STM32U031F4P6, STM32U031F6P6, STM32U031F8P6, STM32U031G6Y6TR, STM32U031G8Y6TR, STM32U031K4U6, STM32U031K6U6, STM32U031K8U6, STM32U031R6I6, STM32U031R6T6, STM32U031R8I6, STM32U031R8T6, STM32U073C8T6, STM32U073C8U6, STM32U073CBT6, STM32U073CBU6, STM32U073CCT6, STM32U073CCU6, STM32U073H8Y6TR, STM32U073HBY6TR, STM32U073HCY6TR, STM32U073K8U6, STM32U073KBU6, STM32U073KCU6, STM32U073M8I6, STM32U073M8T6, STM32U073MBI6, STM32U073MBT6, STM32U073MCI6, STM32U073MCT6, STM32U073R8I6, STM32U073R8T6, STM32U073RBI6, STM32U073RBT6, STM32U073RCI6, STM32U073RCT6, STM32U083C-DK, STM32U083CCT6, STM32U083CCU6, STM32U083HCY6TR, STM32U083KCU6, STM32U083MCI6, STM32U083MCT6, STM32U083RCI6, STM32U083RCT6, STM32U535CBT6, STM32U535CBT6Q, STM32U535CBU6, STM32U535CBU6Q, STM32U535CCT6, STM32U535CCT6Q, STM32U535CCU6, STM32U535CCU6Q, STM32U535CET6, STM32U535CET6Q, STM32U535CEU6, STM32U535CEU6Q, STM32U535JEY6QTR, STM32U535NCY6QTR, STM32U535NEY6QTR, STM32U535RBI6, STM32U535RBI6Q, STM32U535RBT6, STM32U535RBT6Q, STM32U535RCI6, STM32U535RCI6Q, STM32U535RCT6, STM32U535RCT6Q, STM32U535REI6, STM32U535REI6Q, STM32U535RET6, STM32U535RET6Q, STM32U535VCI6, STM32U535VCI6Q, STM32U535VCT6, STM32U535VCT6Q, STM32U535VEI6, STM32U535VEI6Q, STM32U535VET6, STM32U535VET6Q, STM32U545CET6, STM32U545CET6Q, STM32U545CEU6, STM32U545CEU6Q, STM32U545JEY6QTR, STM32U545NEY6QTR, STM32U545REI6, STM32U545REI6Q, STM32U545RET6, STM32U545RET6Q, STM32U545VEI6, STM32U545VEI6Q, STM32U545VET6, STM32U545VET6Q, STM32U595AIH6, STM32U595AIH6Q, STM32U595AJH6, STM32U595AJH6Q, STM32U595QII6, STM32U595QII6Q, STM32U595QJI6, STM32U595QJI6Q, STM32U595RIT6, STM32U595RIT6Q, STM32U595RJT6, STM32U595RJT6Q, STM32U595VIT6, STM32U595VIT6Q, STM32U595VJT6, STM32U595VJT6Q, STM32U595ZIT6, STM32U595ZIT6Q, STM32U595ZIY6QTR, STM32U595ZJT6, STM32U595ZJT6Q, STM32U595ZJY6QTR, STM32U599BJY6QTR, STM32U599NIH6Q, STM32U599NJH6Q, STM32U599VIT6Q, STM32U599VJT6, STM32U599VJT6Q, STM32U599ZIT6Q, STM32U599ZIY6QTR, STM32U599ZJT6Q, STM32U599ZJY6QTR, STM32U5A5AJH6, STM32U5A5AJH6Q, STM32U5A5QII3Q , STM32U5A5QJI6, STM32U5A5QJI6Q, STM32U5A5RJT6, STM32U5A5RJT6Q, STM32U5A5VJT6, STM32U5A5VJT6Q, STM32U5A5ZJT6, STM32U5A5ZJT6Q, STM32U5A5ZJY6QTR, STM32U5A9BJY6QTR, STM32U5A9J-DK, STM32U5A9NJH6Q, STM32U5A9VJT6Q, STM32U5A9ZJT6Q, STM32U5A9ZJY6QTR, STM32U5F7VIT6, STM32U5F7VIT6Q, STM32U5F7VJT6, STM32U5F7VJT6Q, STM32U5F9BJY6QTR, STM32U5F9NJH6Q, STM32U5F9VIT6Q, STM32U5F9VJT6Q, STM32U5F9ZIJ6QTR, STM32U5F9ZIT6Q, STM32U5F9ZJJ6QTR, STM32U5F9ZJT6Q, STM32U5G7VJT6, STM32U5G7VJT6Q, STM32U5G9BJY6QTR, STM32U5G9J-DK1, STM32U5G9J-DK2, STM32U5G9NJH6Q, STM32U5G9VJT6Q, STM32U5G9ZJJ6QTR, STM32U5G9ZJT6Q, STM32WB05KZV6TR, STM32WB05KZV7TR, STM32WB05TZF6TR, STM32WB05TZF7TR, STM32WB06CCF6TR, STM32WB06CCF7TR, STM32WB06CCV6TR, STM32WB06CCV7TR, STM32WB06KCV6TR, STM32WB06KCV7TR, STM32WB07CCF6TR, STM32WB07CCF7TR, STM32WB07CCV6TR, STM32WB07CCV7TR, STM32WB07KCV6TR, STM32WB07KCV7TR, STM32WB09KEV6TR, STM32WB09KEV7TR, STM32WB09TEF6TR, STM32WB09TEF7TR, STM32WB1MMCH6, STM32WBA50KGU6, STM32WBA50KGU6TR, STM32WBA52CEU6, STM32WBA52CEU6TR, STM32WBA52CEU7, STM32WBA52CEU7TR, STM32WBA52CGU6, STM32WBA52CGU6TR, STM32WBA52CGU6U, STM32WBA52CGU7, STM32WBA52CGU7TR, STM32WBA52KEU6, STM32WBA52KEU6TR, STM32WBA52KGU6, STM32WBA52KGU6TR, STM32WBA54CEU6, STM32WBA54CEU6TR, STM32WBA54CEU7, STM32WBA54CEU7TR, STM32WBA54CGU6, STM32WBA54CGU6TR, STM32WBA54CGU7, STM32WBA54CGU7TR, STM32WBA54KEU6, STM32WBA54KEU6TR, STM32WBA54KEU7, STM32WBA54KEU7TR, STM32WBA54KGU6, STM32WBA54KGU6TR, STM32WBA54KGU7, STM32WBA54KGU7TR, STM32WBA55CEU6, STM32WBA55CEU6TR, STM32WBA55CEU7, STM32WBA55CEU7TR, STM32WBA55CGU6, STM32WBA55CGU6TR, STM32WBA55CGU6U, STM32WBA55CGU7, STM32WBA55CGU7TR, STM32WBA55G-DK1, STM32WBA55HEF6, STM32WBA55HEF7, STM32WBA55HGF6, STM32WBA55HGF7, STM32WBA55UEI6, STM32WBA55UEI6TR, STM32WBA55UEI7, STM32WBA55UEI7TR, STM32WBA55UGI6, STM32WBA55UGI6TR, STM32WBA55UGI7, STM32WBA55UGI7TR, STM32WL5MOCH6, STM32WL5MOCH6TR]
2025-12-18 13:09:24,247 [INFO] DbMcus:218 - Found 4733 MCUs, 4733 are supported
2025-12-18 13:09:24,247 [INFO] ApiDb:423 - Load user favorites file C:\Users\RND1/.stm32cubeide/favorites.mcus.txt: 0 item(s)
2025-12-18 13:09:24,247 [INFO] ApiDb:427 - User favorites MCUs=[]
2025-12-18 13:09:24,247 [INFO] DbMcus:224 - Set 0 / 0 favorites MCUs
2025-12-18 13:09:24,585 [INFO] BoardInfo:889 - No configuration file found for board B-WBA5M-WPAN
2025-12-18 13:09:24,585 [INFO] DbBoards:161 - Board is not supported: B-WBA5M-WPAN
2025-12-18 13:09:24,589 [INFO] BoardInfo:889 - No configuration file found for board NUCLEO-C051C8
2025-12-18 13:09:24,589 [INFO] DbBoards:161 - Board is not supported: NUCLEO-C051C8
2025-12-18 13:09:24,591 [INFO] BoardInfo:889 - No configuration file found for board NUCLEO-C092RC
2025-12-18 13:09:24,592 [INFO] DbBoards:161 - Board is not supported: NUCLEO-C092RC
2025-12-18 13:09:24,682 [INFO] BoardInfo:889 - No configuration file found for board NUCLEO-N657X0-Q
2025-12-18 13:09:24,683 [INFO] DbBoards:161 - Board is not supported: NUCLEO-N657X0-Q
2025-12-18 13:09:24,687 [INFO] BoardInfo:889 - No configuration file found for board NUCLEO-U385RG-Q
2025-12-18 13:09:24,688 [INFO] DbBoards:161 - Board is not supported: NUCLEO-U385RG-Q
2025-12-18 13:09:24,699 [INFO] BoardInfo:889 - No configuration file found for board NUCLEO-WBA65RI
2025-12-18 13:09:24,700 [INFO] DbBoards:161 - Board is not supported: NUCLEO-WBA65RI
2025-12-18 13:09:24,700 [INFO] BoardInfo:889 - No configuration file found for board NUCLEO-WL33CC1
2025-12-18 13:09:24,701 [INFO] DbBoards:161 - Board is not supported: NUCLEO-WL33CC1
2025-12-18 13:09:24,702 [INFO] BoardInfo:889 - No configuration file found for board NUCLEO-WL33CC2
2025-12-18 13:09:24,702 [INFO] DbBoards:161 - Board is not supported: NUCLEO-WL33CC2
2025-12-18 13:09:24,708 [INFO] BoardInfo:889 - No configuration file found for board P-NUCLEO-WB55
2025-12-18 13:09:24,708 [INFO] DbBoards:161 - Kit is not supported: P-NUCLEO-WB55
2025-12-18 13:09:24,712 [INFO] BoardInfo:889 - No configuration file found for board STEVAL-BFA001V1B
2025-12-18 13:09:24,712 [INFO] DbBoards:161 - Kit is not supported: STEVAL-BFA001V1B
2025-12-18 13:09:24,713 [INFO] BoardInfo:889 - No configuration file found for board STEVAL-BFA001V2B
2025-12-18 13:09:24,713 [INFO] DbBoards:161 - Kit is not supported: STEVAL-BFA001V2B
2025-12-18 13:09:24,810 [INFO] BoardInfo:889 - No configuration file found for board STM32N6570-DK
2025-12-18 13:09:24,811 [INFO] DbBoards:161 - Board is not supported: STM32N6570-DK
2025-12-18 13:09:24,819 [INFO] BoardInfo:889 - No configuration file found for board STM32WBA65I-DK1
2025-12-18 13:09:24,820 [INFO] DbBoards:161 - Board is not supported: STM32WBA65I-DK1
2025-12-18 13:09:24,820 [INFO] DbBoards:168 - Found 211 boards, 198 are supported
2025-12-18 13:09:24,820 [INFO] DbBoards:169 - Found 211 boards, 25 of them is supported for  Bsp
2025-12-18 13:09:24,822 [INFO] ApiDb:423 - Load user favorites file C:\Users\RND1/.stm32cubeide/favorites.boards.txt: 0 item(s)
2025-12-18 13:09:24,822 [INFO] ApiDb:427 - User favorites Boards=[]
2025-12-18 13:09:24,822 [INFO] DbBoards:198 - Set 0 / 0 favorites Boards
2025-12-18 13:09:24,901 [INFO] UtilMem:75 - End LoadConfig() Used Memory: 870981328 Bytes (1073741824)
2025-12-18 13:09:25,007 [WARN] ThirdParty:833 - waiting for thirdparty lock release [change project]
2025-12-18 13:09:25,008 [INFO] ThirdParty:835 - entering critical section [change project]
2025-12-18 13:09:25,008 [INFO] ThirdParty:1030 - CMSIS Pack Vendor :STMicroelectronics X-CUBE-PM33A1 1.0.0
2025-12-18 13:09:25,008 [INFO] ThirdParty:1030 - CMSIS Pack Vendor :STMicroelectronics USBPD 4.1
2025-12-18 13:09:25,008 [INFO] ThirdParty:1030 - CMSIS Pack Vendor :STMicroelectronics X-CUBE-GNSS1 6.0.0
2025-12-18 13:09:25,008 [INFO] ThirdParty:1030 - CMSIS Pack Vendor :STMicroelectronics USB_HOST 2.0.0
2025-12-18 13:09:25,008 [INFO] ThirdParty:1030 - CMSIS Pack Vendor :STMicroelectronics FP-SNS-MOTENVWB1 1.4.0
2025-12-18 13:09:25,008 [INFO] ThirdParty:1030 - CMSIS Pack Vendor :STMicroelectronics X-CUBE-AZRTOS-F4 1.1.0
2025-12-18 13:09:25,008 [INFO] ThirdParty:1030 - CMSIS Pack Vendor :STMicroelectronics LIBJPEG 8.0.0
2025-12-18 13:09:25,008 [INFO] ThirdParty:1030 - CMSIS Pack Vendor :STMicroelectronics FP-ATR-ASTRA1 2.0.2
2025-12-18 13:09:25,008 [INFO] ThirdParty:1030 - CMSIS Pack Vendor :wolfSSL I-CUBE-wolfSSL 5.6.4
2025-12-18 13:09:25,008 [INFO] ThirdParty:1030 - CMSIS Pack Vendor :STMicroelectronics FP-ATR-ASTRA1 2.0.1
2025-12-18 13:09:25,008 [INFO] ThirdParty:1030 - CMSIS Pack Vendor :STMicroelectronics X-CUBE-SMBUS 2.1.0
2025-12-18 13:09:25,008 [INFO] ThirdParty:1030 - CMSIS Pack Vendor :STMicroelectronics X-CUBE-WB05N 1.1.0
2025-12-18 13:09:25,008 [INFO] ThirdParty:1030 - CMSIS Pack Vendor :STMicroelectronics X-CUBE-ISPU 2.1.0
2025-12-18 13:09:25,008 [INFO] ThirdParty:1030 - CMSIS Pack Vendor :STMicroelectronics X-CUBE-FREERTOS 1.2.0
2025-12-18 13:09:25,008 [INFO] ThirdParty:1030 - CMSIS Pack Vendor :STMicroelectronics X-CUBE-TOUCHGFX 4.23.0
2025-12-18 13:09:25,008 [INFO] ThirdParty:1030 - CMSIS Pack Vendor :STMicroelectronics X-CUBE-NFC12 1.0.0
2025-12-18 13:09:25,008 [INFO] ThirdParty:1030 - CMSIS Pack Vendor :STMicroelectronics X-CUBE-TOUCHGFX 4.23.2
2025-12-18 13:09:25,008 [INFO] ThirdParty:1030 - CMSIS Pack Vendor :STMicroelectronics X-CUBE-AZRTOS-F7 1.1.0
2025-12-18 13:09:25,008 [INFO] ThirdParty:1030 - CMSIS Pack Vendor :STMicroelectronics X-CUBE-AZRTOS-L5 2.0.0
2025-12-18 13:09:25,008 [INFO] ThirdParty:1030 - CMSIS Pack Vendor :STMicroelectronics USB_DEVICE 2.0.0
2025-12-18 13:09:25,008 [INFO] ThirdParty:1030 - CMSIS Pack Vendor :STMicroelectronics X-CUBE-EEPRMA1 4.2.0
2025-12-18 13:09:25,008 [INFO] ThirdParty:1030 - CMSIS Pack Vendor :STMicroelectronics X-CUBE-NFC6 3.1.0
2025-12-18 13:09:25,008 [INFO] ThirdParty:1030 - CMSIS Pack Vendor :ITTIA_DB I-CUBE-ITTIADB 8.8.0
2025-12-18 13:09:25,008 [INFO] ThirdParty:1030 - CMSIS Pack Vendor :STMicroelectronics FP-SNS-MOTENV1 4.3.2
2025-12-18 13:09:25,008 [INFO] ThirdParty:1030 - CMSIS Pack Vendor :STMicroelectronics X-CUBE-MEMS1 11.0.0
2025-12-18 13:09:25,008 [INFO] ThirdParty:1030 - CMSIS Pack Vendor :STMicroelectronics FreeRTOS 0.0.1
2025-12-18 13:09:25,008 [INFO] ThirdParty:1030 - CMSIS Pack Vendor :STMicroelectronics X-CUBE-DPower 1.2.0
2025-12-18 13:09:25,008 [INFO] ThirdParty:1030 - CMSIS Pack Vendor :STMicroelectronics FP-SNS-FLIGHT1 5.0.2
2025-12-18 13:09:25,008 [INFO] ThirdParty:1030 - CMSIS Pack Vendor :STMicroelectronics X-CUBE-AI 9.0.0
2025-12-18 13:09:25,008 [INFO] ThirdParty:1030 - CMSIS Pack Vendor :STMicroelectronics PDM2PCM 3.3.0
2025-12-18 13:09:25,008 [INFO] ThirdParty:1030 - CMSIS Pack Vendor :STMicroelectronics X-CUBE-AZRTOS-H7 3.4.0
2025-12-18 13:09:25,008 [INFO] ThirdParty:1030 - CMSIS Pack Vendor :STMicroelectronics X-CUBE-DISPLAY 3.0.0
2025-12-18 13:09:25,008 [INFO] ThirdParty:1030 - CMSIS Pack Vendor :STMicroelectronics X-CUBE-BLE1 7.0.0
2025-12-18 13:09:25,008 [INFO] ThirdParty:1030 - CMSIS Pack Vendor :STMicroelectronics X-CUBE-NFC10 1.0.0
2025-12-18 13:09:25,008 [INFO] ThirdParty:1030 - CMSIS Pack Vendor :STMicroelectronics X-CUBE-BLEMGR 4.0.0
2025-12-18 13:09:25,008 [INFO] ThirdParty:1030 - CMSIS Pack Vendor :STMicroelectronics X-CUBE-FREERTOS 1.3.1
2025-12-18 13:09:25,008 [INFO] ThirdParty:1030 - CMSIS Pack Vendor :STMicroelectronics HAL Drivers 0.0.0
2025-12-18 13:09:25,008 [INFO] ThirdParty:1030 - CMSIS Pack Vendor :emotas I-CUBE-CANOPEN 1.3.0
2025-12-18 13:09:25,008 [INFO] ThirdParty:1030 - CMSIS Pack Vendor :STMicroelectronics X-CUBE-FREERTOS 1.3.0
2025-12-18 13:09:25,008 [INFO] ThirdParty:1030 - CMSIS Pack Vendor :STMicroelectronics X-CUBE-NFC7 1.0.1
2025-12-18 13:09:25,008 [INFO] ThirdParty:1030 - CMSIS Pack Vendor :STMicroelectronics MBEDTLS 2.14.1
2025-12-18 13:09:25,008 [INFO] ThirdParty:1030 - CMSIS Pack Vendor :STMicroelectronics X-CUBE-GNSS1 7.1.0
2025-12-18 13:09:25,008 [INFO] ThirdParty:1030 - CMSIS Pack Vendor :STMicroelectronics X-CUBE-TOUCHGFX 4.26.0
2025-12-18 13:09:25,009 [INFO] ThirdParty:1030 - CMSIS Pack Vendor :STMicroelectronics X-CUBE-NFC6 3.0.0
2025-12-18 13:09:25,009 [INFO] ThirdParty:1030 - CMSIS Pack Vendor :STMicroelectronics X-CUBE-BLEMGR 3.1.0
2025-12-18 13:09:25,009 [INFO] ThirdParty:1030 - CMSIS Pack Vendor :STMicroelectronics X-CUBE-AI 10.0.0
2025-12-18 13:09:25,009 [INFO] ThirdParty:1030 - CMSIS Pack Vendor :STMicroelectronics FP-SNS-SMARTAG2 1.2.0
2025-12-18 13:09:25,009 [INFO] ThirdParty:1030 - CMSIS Pack Vendor :STMicroelectronics X-CUBE-MEMS1 11.1.0
2025-12-18 13:09:25,009 [INFO] ThirdParty:1030 - CMSIS Pack Vendor :STMicroelectronics X-CUBE-AZRTOS-WL 2.0.0
2025-12-18 13:09:25,009 [INFO] ThirdParty:1030 - CMSIS Pack Vendor :STMicroelectronics X-CUBE-DPower 1.3.0
2025-12-18 13:09:25,009 [INFO] ThirdParty:1030 - CMSIS Pack Vendor :STMicroelectronics FP-SNS-MOTENV1 5.0.0
2025-12-18 13:09:25,009 [INFO] ThirdParty:1030 - CMSIS Pack Vendor :STMicroelectronics USB_DEVICE 1.0.0
2025-12-18 13:09:25,009 [INFO] ThirdParty:1030 - CMSIS Pack Vendor :STMicroelectronics X-CUBE-AZRTOS-H7RS 1.2.0
2025-12-18 13:09:25,009 [INFO] ThirdParty:1030 - CMSIS Pack Vendor :STMicroelectronics X-CUBE-AI 8.1.0
2025-12-18 13:09:25,009 [INFO] ThirdParty:1030 - CMSIS Pack Vendor :wolfSSL I-CUBE-wolfMQTT 1.19.0
2025-12-18 13:09:25,009 [INFO] ThirdParty:1030 - CMSIS Pack Vendor :STMicroelectronics X-CUBE-AZRTOS-L4 2.0.0
2025-12-18 13:09:25,009 [INFO] ThirdParty:1030 - CMSIS Pack Vendor :STMicroelectronics ThreadX 0.0.2
2025-12-18 13:09:25,009 [INFO] ThirdParty:1030 - CMSIS Pack Vendor :WES I-CUBE-Cesium 1.3.0
2025-12-18 13:09:25,009 [INFO] ThirdParty:1030 - CMSIS Pack Vendor :STMicroelectronics lwIP 2.1.2
2025-12-18 13:09:25,009 [INFO] ThirdParty:1030 - CMSIS Pack Vendor :STMicroelectronics X-CUBE-SFXS2LP1 4.0.0
2025-12-18 13:09:25,009 [INFO] ThirdParty:1030 - CMSIS Pack Vendor :STMicroelectronics X-CUBE-BLE2 3.3.0
2025-12-18 13:09:25,009 [INFO] ThirdParty:1030 - CMSIS Pack Vendor :STMicroelectronics PDM2PCM 3.2.0
2025-12-18 13:09:25,009 [INFO] ThirdParty:1030 - CMSIS Pack Vendor :STMicroelectronics X-CUBE-AZRTOS-H7 3.3.0
2025-12-18 13:09:25,009 [INFO] ThirdParty:1030 - CMSIS Pack Vendor :STMicroelectronics X-CUBE-NFC9 1.0.0
2025-12-18 13:09:25,009 [INFO] ThirdParty:1030 - CMSIS Pack Vendor :STMicroelectronics X-CUBE-BLE1 7.1.0
2025-12-18 13:09:25,009 [INFO] ThirdParty:1030 - CMSIS Pack Vendor :STMicroelectronics USB_DEVICE 3.0.0
2025-12-18 13:09:25,009 [INFO] ThirdParty:1030 - CMSIS Pack Vendor :STMicroelectronics X-CUBE-TCPP 4.1.0
2025-12-18 13:09:25,009 [INFO] ThirdParty:1030 - CMSIS Pack Vendor :STMicroelectronics X-CUBE-EEPRMA1 5.2.0
2025-12-18 13:09:25,009 [INFO] ThirdParty:1030 - CMSIS Pack Vendor :STMicroelectronics X-CUBE-IPS 3.0.0
2025-12-18 13:09:25,009 [INFO] ThirdParty:1030 - CMSIS Pack Vendor :STMicroelectronics X-CUBE-AZRTOS-WB 2.0.0
2025-12-18 13:09:25,009 [INFO] ThirdParty:1030 - CMSIS Pack Vendor :STMicroelectronics X-CUBE-GNSS1 7.0.0
2025-12-18 13:09:25,009 [INFO] ThirdParty:1030 - CMSIS Pack Vendor :STMicroelectronics X-CUBE-GNSS1 7.0.1
2025-12-18 13:09:25,009 [INFO] ThirdParty:1030 - CMSIS Pack Vendor :STMicroelectronics X-CUBE-TOUCHGFX 4.25.0
2025-12-18 13:09:25,009 [INFO] ThirdParty:1030 - CMSIS Pack Vendor :STMicroelectronics X-CUBE-AI 10.1.0
2025-12-18 13:09:25,009 [INFO] ThirdParty:1030 - CMSIS Pack Vendor :STMicroelectronics FP-SNS-STBOX1 2.0.0
2025-12-18 13:09:25,009 [INFO] ThirdParty:1030 - CMSIS Pack Vendor :STMicroelectronics X-CUBE-MEMS1 12.0.0
2025-12-18 13:09:25,009 [INFO] ThirdParty:1030 - CMSIS Pack Vendor :STMicroelectronics X-CUBE-ALGOBUILD 1.3.0
2025-12-18 13:09:25,009 [INFO] ThirdParty:1030 - CMSIS Pack Vendor :STMicroelectronics X-CUBE-MEMS1 11.2.0
2025-12-18 13:09:25,009 [INFO] ThirdParty:1030 - CMSIS Pack Vendor :STMicroelectronics X-CUBE-AZRTOS-G0 1.1.0
2025-12-18 13:09:25,009 [INFO] ThirdParty:1030 - CMSIS Pack Vendor :STMicroelectronics X-CUBE-SAFEA1 1.2.2
2025-12-18 13:09:25,009 [INFO] ThirdParty:1030 - CMSIS Pack Vendor :STMicroelectronics X-CUBE-NFC4 3.0.0
2025-12-18 13:09:25,009 [INFO] ThirdParty:1030 - CMSIS Pack Vendor :STMicroelectronics X-CUBE-SUBG2 5.0.0
2025-12-18 13:09:25,009 [INFO] ThirdParty:1030 - CMSIS Pack Vendor :STMicroelectronics X-CUBE-AZRTOS-H7RS 1.1.0
2025-12-18 13:09:25,009 [INFO] ThirdParty:1030 - CMSIS Pack Vendor :STMicroelectronics STM32_WPAN 1.0.0
2025-12-18 13:09:25,009 [INFO] ThirdParty:1030 - CMSIS Pack Vendor :wolfSSL I-CUBE-wolfMQTT 1.18.0
2025-12-18 13:09:25,009 [INFO] ThirdParty:1030 - CMSIS Pack Vendor :EmbeddedOffice I-CUBE-FS-RTOS 1.0.1
2025-12-18 13:09:25,009 [INFO] ThirdParty:1030 - CMSIS Pack Vendor :STMicroelectronics lwIP 2.0.3
2025-12-18 13:09:25,009 [INFO] ThirdParty:1030 - CMSIS Pack Vendor :STMicroelectronics USB_HOST 1.0.0
2025-12-18 13:09:25,009 [INFO] ThirdParty:1030 - CMSIS Pack Vendor :STMicroelectronics X-CUBE-AZRTOS-G4 2.0.0
2025-12-18 13:09:25,009 [INFO] ThirdParty:1030 - CMSIS Pack Vendor :STMicroelectronics X-CUBE-WB05N 2.0.0
2025-12-18 13:09:25,009 [INFO] ThirdParty:1030 - CMSIS Pack Vendor :STMicroelectronics PDM2PCM 3.1.0
2025-12-18 13:09:25,009 [INFO] ThirdParty:1030 - CMSIS Pack Vendor :Infineon AIROC-Wi-Fi-Bluetooth-STM32 1.5.1
2025-12-18 13:09:25,009 [INFO] ThirdParty:1030 - CMSIS Pack Vendor :STMicroelectronics X-CUBE-BLEMGR 3.0.0
2025-12-18 13:09:25,009 [INFO] ThirdParty:1030 - CMSIS Pack Vendor :STMicroelectronics X-CUBE-NFC7 2.0.0
2025-12-18 13:09:25,009 [INFO] ThirdParty:1030 - CMSIS Pack Vendor :RealThread X-CUBE-RT-Thread_Nano 4.1.1
2025-12-18 13:09:25,009 [INFO] ThirdParty:1030 - CMSIS Pack Vendor :STMicroelectronics FP-SNS-MOTENVWB1 1.3.1
2025-12-18 13:09:25,009 [INFO] ThirdParty:1030 - CMSIS Pack Vendor :STMicroelectronics FP-ATR-SIGFOX1 3.2.0
2025-12-18 13:09:25,009 [INFO] ThirdParty:1030 - CMSIS Pack Vendor :quantropi X-CUBE-qispace-sdk-base 1.9.3
2025-12-18 13:09:25,009 [INFO] ThirdParty:1030 - CMSIS Pack Vendor :STMicroelectronics X-CUBE-ISPU 2.0.0
2025-12-18 13:09:25,009 [INFO] ThirdParty:1030 - CMSIS Pack Vendor :STMicroelectronics X-CUBE-EEPRMA1 5.1.0
2025-12-18 13:09:25,009 [INFO] ThirdParty:1030 - CMSIS Pack Vendor :STMicroelectronics MBEDTLS 2.16.2
2025-12-18 13:09:25,009 [INFO] ThirdParty:1030 - CMSIS Pack Vendor :STMicroelectronics X-CUBE-ALS 1.0.2
2025-12-18 13:09:25,009 [INFO] ThirdParty:1030 - CMSIS Pack Vendor :STMicroelectronics X-CUBE-MEMS1 10.0.0
2025-12-18 13:09:25,009 [INFO] ThirdParty:1030 - CMSIS Pack Vendor :STMicroelectronics X-CUBE-FREERTOS 1.1.0
2025-12-18 13:09:25,009 [INFO] ThirdParty:1030 - CMSIS Pack Vendor :STMicroelectronics X-CUBE-TOUCHGFX 4.24.0
2025-12-18 13:09:25,009 [INFO] ThirdParty:1030 - CMSIS Pack Vendor :STMicroelectronics X-CUBE-TOUCHGFX 4.24.2
2025-12-18 13:09:25,009 [INFO] ThirdParty:1030 - CMSIS Pack Vendor :STMicroelectronics X-CUBE-TOUCHGFX 4.24.1
2025-12-18 13:09:25,009 [INFO] ThirdParty:1030 - CMSIS Pack Vendor :STMicroelectronics X-CUBE-STSE01 1.0.0
2025-12-18 13:09:25,009 [INFO] ThirdParty:1030 - CMSIS Pack Vendor :wolfSSL I-CUBE-wolfTPM 3.4.0
2025-12-18 13:09:25,009 [INFO] ThirdParty:1030 - CMSIS Pack Vendor :portGmbH I-Cube-SoM-uGOAL 1.1.0
2025-12-18 13:09:25,009 [INFO] ThirdParty:1030 - CMSIS Pack Vendor :STMicroelectronics X-CUBE-ALS 1.0.1
2025-12-18 13:09:25,009 [INFO] ThirdParty:1030 - CMSIS Pack Vendor :STMicroelectronics X-CUBE-AI 10.2.0
2025-12-18 13:09:25,009 [INFO] ThirdParty:1030 - CMSIS Pack Vendor :STMicroelectronics ThreadX 1.0.0
2025-12-18 13:09:25,010 [INFO] ThirdParty:1030 - CMSIS Pack Vendor :SEGGER I-CUBE-embOS 1.3.1
2025-12-18 13:09:25,010 [INFO] ThirdParty:1030 - CMSIS Pack Vendor :STMicroelectronics X-CUBE-ALGOBUILD 1.4.0
2025-12-18 13:09:25,010 [INFO] ThirdParty:1030 - CMSIS Pack Vendor :STMicroelectronics X-CUBE-MEMS1 11.3.0
2025-12-18 13:09:25,010 [INFO] ThirdParty:1030 - CMSIS Pack Vendor :STMicroelectronics X-CUBE-AZRTOS-H7RS 1.0.0
2025-12-18 13:09:25,010 [INFO] ThirdParty:1030 - CMSIS Pack Vendor :STMicroelectronics FP-ATR-ASTRA1 2.0.0
2025-12-18 13:09:25,010 [INFO] ThirdParty:1030 - CMSIS Pack Vendor :STMicroelectronics X-CUBE-TOF1 3.4.2
2025-12-18 13:09:25,010 [INFO] ThirdParty:1030 - CMSIS Pack Vendor :STMicroelectronics X-CUBE-AI 9.1.0
2025-12-18 13:09:25,010 [INFO] ThirdParty:1030 - CMSIS Pack Vendor :STMicroelectronics X-CUBE-TOF1 3.4.0
2025-12-18 13:09:25,010 [INFO] ThirdParty:1030 - CMSIS Pack Vendor :STMicroelectronics X-CUBE-TOF1 3.4.1
2025-12-18 13:09:25,010 [INFO] ThirdParty:1030 - CMSIS Pack Vendor :STMicroelectronics X-CUBE-AZRTOS-H7 3.2.0
2025-12-18 13:09:25,010 [INFO] ThirdParty:1030 - CMSIS Pack Vendor :wolfSSL I-CUBE-wolfSSH 1.4.17
2025-12-18 13:09:25,010 [INFO] ThirdParty:841 - exiting critical section [change project]
2025-12-18 13:09:25,198 [INFO] PinOutPanel:1561 - setPackage(No Configuration,No Configuration)
2025-12-18 13:09:25,200 [INFO] PinOutPanel:1561 - setPackage(STM32F103C8Tx,LQFP48)
2025-12-18 13:09:25,556 [INFO] UtilMem:75 - Before build in PCC Used Memory: 728303456 Bytes (1073741824)
2025-12-18 13:09:26,364 [INFO] UtilMem:75 - After build in PCC Used Memory: 798558048 Bytes (1073741824)
2025-12-18 13:09:26,383 [INFO] IPUIPlugin:80 - create IPUIPlugin
2025-12-18 13:09:26,383 [INFO] IPUIPlugin:80 - create IPUIPlugin
2025-12-18 13:09:26,383 [INFO] IPUIPlugin:80 - create IPUIPlugin
2025-12-18 13:09:26,383 [INFO] IPUIPlugin:80 - create IPUIPlugin
2025-12-18 13:09:26,383 [INFO] IPUIPlugin:80 - create IPUIPlugin
2025-12-18 13:09:26,383 [INFO] IPUIPlugin:80 - create IPUIPlugin
2025-12-18 13:09:26,383 [INFO] IPUIPlugin:80 - create IPUIPlugin
2025-12-18 13:09:26,383 [INFO] IPUIPlugin:80 - create IPUIPlugin
2025-12-18 13:09:26,383 [INFO] IPUIPlugin:80 - create IPUIPlugin
2025-12-18 13:09:26,384 [INFO] IPUIPlugin:80 - create IPUIPlugin
2025-12-18 13:09:26,384 [INFO] IPUIPlugin:80 - create IPUIPlugin
2025-12-18 13:09:26,384 [INFO] IPUIPlugin:80 - create IPUIPlugin
2025-12-18 13:09:26,384 [INFO] IPUIPlugin:80 - create IPUIPlugin
2025-12-18 13:09:26,384 [INFO] IPUIPlugin:80 - create IPUIPlugin
2025-12-18 13:09:26,384 [INFO] IPUIPlugin:80 - create IPUIPlugin
2025-12-18 13:09:26,384 [INFO] IPUIPlugin:80 - create IPUIPlugin
2025-12-18 13:09:26,384 [INFO] IPUIPlugin:80 - create IPUIPlugin
2025-12-18 13:09:26,384 [INFO] IPUIPlugin:80 - create IPUIPlugin
2025-12-18 13:09:26,385 [INFO] IPUIPlugin:80 - create IPUIPlugin
2025-12-18 13:09:26,385 [INFO] IPUIPlugin:80 - create IPUIPlugin
2025-12-18 13:09:26,385 [INFO] IPUIPlugin:80 - create IPUIPlugin
2025-12-18 13:09:26,385 [INFO] IPUIPlugin:80 - create IPUIPlugin
2025-12-18 13:09:26,386 [INFO] IPUIPlugin:80 - create IPUIPlugin
2025-12-18 13:09:26,386 [INFO] IPUIPlugin:80 - create IPUIPlugin
2025-12-18 13:09:26,386 [INFO] IPUIPlugin:80 - create IPUIPlugin
2025-12-18 13:09:26,386 [INFO] IPUIPlugin:80 - create IPUIPlugin
2025-12-18 13:09:26,386 [INFO] IPUIPlugin:80 - create IPUIPlugin
2025-12-18 13:09:26,633 [INFO] CADModel:165 - CPN selected for project levelSTM32F103C8T6
2025-12-18 13:09:26,633 [INFO] CADModel:114 - Register for checkConnection events
2025-12-18 13:09:26,679 [INFO] OpenFileManager:363 - Restore cursor
2025-12-18 14:26:55,190 [ERROR] LogOutputStream:75 - [STDERR_REDIRECT] 
2025-12-18 14:32:22,125 [INFO] Activator:176 - 


2025-12-18 14:32:22,126 [INFO] Activator:177 - !SESSION log4j initialized
2025-12-18 14:32:27,719 [INFO] LogOutputStream:77 - [STDOUT_REDIRECT] 
2025-12-18 14:32:34,913 [INFO] ApplicationProperties:184 - Using Application install path: C:\ST\STM32CubeIDE_1.16.1\STM32CubeIDE\plugins\com.st.stm32cube.common.mx_6.12.1.202409122256
2025-12-18 14:32:34,927 [INFO] DbMcusXml:78 - Set database path to: C:\ST\STM32CubeIDE_1.16.1\STM32CubeIDE\plugins\com.st.stm32cube.common.mx_6.12.1.202409122256\\db\/mcu/
2025-12-18 14:32:34,927 [INFO] ApiDb:274 - Set plugin database path to: C:\ST\STM32CubeIDE_1.16.1\STM32CubeIDE\plugins\com.st.stm32cube.common.mx_6.12.1.202409122256\\db\/plugins/boardmanager/
2025-12-18 14:32:34,927 [WARN] ApiDb:259 - Overriding images path with different value:  => C:\ST\STM32CubeIDE_1.16.1\STM32CubeIDE\plugins\com.st.stm32cube.common.mx_6.12.1.202409122256\\db\/plugins/mcufinder/images/
2025-12-18 14:32:34,940 [INFO] ApiDb:250 - Set database path to: C:\Users\RND1\.stmcufinder\plugins\mcufinder//mcu/
2025-12-18 14:32:34,941 [INFO] DbMcusAds:125 - Set database path to: C:\Users\RND1\.stmcufinder\plugins\mcufinder//mcu/
2025-12-18 14:32:34,945 [INFO] CrossReferenceDbSqlite:203 - Set database path to: C:\Users\RND1\.stmcufinder\plugins\mcufinder//mcu/cs/
2025-12-18 14:32:35,022 [INFO] RulesReader:64 - Compatibility file has been processed (297 Rules)
2025-12-18 14:32:35,092 [INFO] DbMcusXml:78 - Set database path to: C:\ST\STM32CubeIDE_1.16.1\STM32CubeIDE\plugins\com.st.stm32cube.common.mx_6.12.1.202409122256\\db\/mcu/
2025-12-18 14:32:35,092 [INFO] ApiDb:274 - Set plugin database path to: C:\ST\STM32CubeIDE_1.16.1\STM32CubeIDE\plugins\com.st.stm32cube.common.mx_6.12.1.202409122256\\db\/plugins/boardmanager/
2025-12-18 14:32:35,092 [INFO] ApiDb:261 - Set plugin images path to: C:\ST\STM32CubeIDE_1.16.1\STM32CubeIDE\plugins\com.st.stm32cube.common.mx_6.12.1.202409122256\\db\/plugins/mcufinder/images/
2025-12-18 14:32:35,093 [WARN] DbFile:41 - Overriding database path with different value: C:\Users\RND1\.stmcufinder\plugins\mcufinder/ => C:\Users\RND1\.stmcufinder\plugins\mcufinder
2025-12-18 14:32:35,093 [INFO] ApiDb:250 - Set database path to: C:\Users\RND1\.stmcufinder\plugins\mcufinder//mcu/
2025-12-18 14:32:35,093 [WARN] DbFile:41 - Overriding database path with different value: C:\Users\RND1\.stmcufinder\plugins\mcufinder/ => C:\Users\RND1\.stmcufinder\plugins\mcufinder
2025-12-18 14:32:35,093 [INFO] DbMcusAds:125 - Set database path to: C:\Users\RND1\.stmcufinder\plugins\mcufinder//mcu/
2025-12-18 14:32:35,093 [WARN] DbFile:41 - Overriding database path with different value: C:\Users\RND1\.stmcufinder\plugins\mcufinder/ => C:\Users\RND1\.stmcufinder\plugins\mcufinder
2025-12-18 14:32:35,093 [WARN] DbFile:41 - Overriding database path with different value: C:\Users\RND1\.stmcufinder\plugins\mcufinder/ => C:\Users\RND1\.stmcufinder\plugins\mcufinder
2025-12-18 14:32:35,093 [INFO] CrossReferenceDbSqlite:203 - Set database path to: C:\Users\RND1\.stmcufinder\plugins\mcufinder//mcu/cs/
2025-12-18 14:32:35,162 [INFO] MainPanel:268 - HeapMemory: 268435456
2025-12-18 14:32:35,241 [INFO] DbMcusXml:78 - Set database path to: C:\ST\STM32CubeIDE_1.16.1\STM32CubeIDE\plugins\com.st.stm32cube.common.mx_6.12.1.202409122256\\db\/mcu/
2025-12-18 14:32:35,241 [INFO] ApiDb:274 - Set plugin database path to: C:\ST\STM32CubeIDE_1.16.1\STM32CubeIDE\plugins\com.st.stm32cube.common.mx_6.12.1.202409122256\\db\/plugins/boardmanager/
2025-12-18 14:32:35,241 [INFO] ApiDb:261 - Set plugin images path to: C:\ST\STM32CubeIDE_1.16.1\STM32CubeIDE\plugins\com.st.stm32cube.common.mx_6.12.1.202409122256\\db\/plugins/mcufinder/images/
2025-12-18 14:32:35,241 [WARN] DbFile:41 - Overriding database path with different value: C:\Users\RND1\.stmcufinder\plugins\mcufinder/ => C:\Users\RND1\.stmcufinder\plugins\mcufinder
2025-12-18 14:32:35,241 [INFO] ApiDb:250 - Set database path to: C:\Users\RND1\.stmcufinder\plugins\mcufinder//mcu/
2025-12-18 14:32:35,241 [WARN] DbFile:41 - Overriding database path with different value: C:\Users\RND1\.stmcufinder\plugins\mcufinder/ => C:\Users\RND1\.stmcufinder\plugins\mcufinder
2025-12-18 14:32:35,241 [INFO] DbMcusAds:125 - Set database path to: C:\Users\RND1\.stmcufinder\plugins\mcufinder//mcu/
2025-12-18 14:32:35,241 [WARN] DbFile:41 - Overriding database path with different value: C:\Users\RND1\.stmcufinder\plugins\mcufinder/ => C:\Users\RND1\.stmcufinder\plugins\mcufinder
2025-12-18 14:32:35,241 [WARN] DbFile:41 - Overriding database path with different value: C:\Users\RND1\.stmcufinder\plugins\mcufinder/ => C:\Users\RND1\.stmcufinder\plugins\mcufinder
2025-12-18 14:32:35,242 [INFO] CrossReferenceDbSqlite:203 - Set database path to: C:\Users\RND1\.stmcufinder\plugins\mcufinder//mcu/cs/
2025-12-18 14:32:35,257 [INFO] ApplicationProperties:184 - Using Application install path: C:\ST\STM32CubeIDE_1.16.1\STM32CubeIDE\plugins\com.st.stm32cube.common.mx_6.12.1.202409122256
2025-12-18 14:32:35,258 [INFO] PluginManage:196 - Search for loadable plugins [exclusion list=, ]
2025-12-18 14:32:35,259 [INFO] PluginManage:310 - Check plugin analytics
2025-12-18 14:32:35,393 [INFO] AnalyticsPlugin:253 - Accepted Software Licenses: STM32CubeMX.6.10.0
2025-12-18 14:32:35,393 [INFO] AnalyticsPlugin:255 - Accepted CMSIS Pack Licenses: 
2025-12-18 14:32:35,394 [INFO] AnalyticsPlugin:257 - Accepted Firmware Licenses: FW.G4.1.5.0,FW.G4.1.6.0,FW.F4.1.28.0,FW.H7.1.11.0
2025-12-18 14:32:35,396 [INFO] PluginManage:359 - Loaded plugin analytics (category:tool,tabindex:-1)
2025-12-18 14:32:35,397 [INFO] PluginManage:310 - Check plugin cadmodel
2025-12-18 14:32:35,414 [INFO] CADModel:105 - Init CAD model plugin
2025-12-18 14:32:35,414 [INFO] PluginManage:359 - Loaded plugin cadmodel (category:power,tabindex:5)
2025-12-18 14:32:35,414 [INFO] PluginManage:310 - Check plugin clock
2025-12-18 14:32:35,431 [INFO] PluginManage:359 - Loaded plugin clock (category:base,tabindex:2)
2025-12-18 14:32:35,432 [INFO] PluginManage:310 - Check plugin ddr
2025-12-18 14:32:35,433 [INFO] PluginManage:359 - Loaded plugin ddr (category:tool,tabindex:6)
2025-12-18 14:32:35,434 [INFO] PluginManage:310 - Check plugin filemanager
2025-12-18 14:32:35,562 [INFO] PluginManage:359 - Loaded plugin filemanager (category:base,tabindex:10)
2025-12-18 14:32:35,563 [INFO] PluginManage:310 - Check plugin ipmanager
2025-12-18 14:32:35,570 [INFO] PluginManage:359 - Loaded plugin ipmanager (category:base,tabindex:5)
2025-12-18 14:32:35,570 [INFO] PluginManage:310 - Check plugin lpbam
2025-12-18 14:32:35,588 [INFO] PluginManage:359 - Loaded plugin lpbam (category:base,tabindex:0)
2025-12-18 14:32:35,589 [INFO] PluginManage:310 - Check plugin memorymap
2025-12-18 14:32:35,615 [INFO] PluginManage:359 - Loaded plugin memorymap (category:base,tabindex:4)
2025-12-18 14:32:35,615 [INFO] PluginManage:310 - Check plugin pinoutandconfiguration
2025-12-18 14:32:35,632 [INFO] PluginManage:359 - Loaded plugin pinoutandconfiguration (category:base,tabindex:1)
2025-12-18 14:32:35,632 [INFO] PluginManage:310 - Check plugin pinoutconfig
2025-12-18 14:32:35,709 [WARN] SupportedApi:132 - Cannot load RTOS API schema: s4s-elt-must-match.1: The content of 'definitions' must match (annotation?, (simpleType | complexType)?, (unique | key | keyref)*)). A problem was found starting at: attribute.
2025-12-18 14:32:35,826 [INFO] PluginManage:359 - Loaded plugin pinoutconfig (category:base,tabindex:0)
2025-12-18 14:32:35,826 [INFO] PluginManage:310 - Check plugin power
2025-12-18 14:32:35,844 [INFO] PluginManage:359 - Loaded plugin power (category:power,tabindex:4)
2025-12-18 14:32:35,844 [INFO] PluginManage:310 - Check plugin projectmanager
2025-12-18 14:32:35,856 [INFO] PluginManage:359 - Loaded plugin projectmanager (category:projectmanager,tabindex:4)
2025-12-18 14:32:35,856 [INFO] PluginManage:310 - Check plugin rif
2025-12-18 14:32:35,872 [INFO] PluginManage:359 - Loaded plugin rif (category:base,tabindex:3)
2025-12-18 14:32:35,872 [INFO] PluginManage:310 - Check plugin thirdparty
2025-12-18 14:32:36,121 [INFO] PluginManage:359 - Loaded plugin thirdparty (category:base,tabindex:-1)
2025-12-18 14:32:36,121 [WARN] IntegrityCheckThread:84 - waiting for thirdparty lock release [integrity check]
2025-12-18 14:32:36,121 [INFO] PluginManage:310 - Check plugin tools
2025-12-18 14:32:36,121 [INFO] IntegrityCheckThread:86 - entering critical section [integrity check]
2025-12-18 14:32:36,121 [INFO] ThirdPartyUpdaterWithRetryManager:70 - Updater plugin not ready yet. [1/15]
2025-12-18 14:32:36,157 [INFO] PluginManage:359 - Loaded plugin tools (category:base,tabindex:7)
2025-12-18 14:32:36,158 [INFO] PluginManage:310 - Check plugin tutovideos
2025-12-18 14:32:36,315 [INFO] PluginManage:359 - Loaded plugin tutovideos (category:base,tabindex:-1)
2025-12-18 14:32:36,315 [INFO] PluginManage:310 - Check plugin updater
2025-12-18 14:32:36,331 [INFO] PluginManage:359 - Loaded plugin updater (category:base,tabindex:12)
2025-12-18 14:32:36,331 [INFO] PluginManage:310 - Check plugin userauth
2025-12-18 14:32:36,335 [INFO] UserAuth:113 - Init User Auth plugin
2025-12-18 14:32:36,335 [INFO] PluginManage:359 - Loaded plugin userauth (category:base,tabindex:14)
2025-12-18 14:32:36,336 [INFO] PluginManage:283 - PluginManage : Loaded plugins [18]
2025-12-18 14:32:36,504 [INFO] PinOutPanel:1561 - setPackage(No Configuration,No Configuration)
2025-12-18 14:32:36,602 [INFO] CADModel:165 - CPN selected for project level
2025-12-18 14:32:36,602 [INFO] CADModel:114 - Register for checkConnection events
2025-12-18 14:32:36,626 [INFO] IPUIPlugin:80 - create IPUIPlugin
2025-12-18 14:32:36,626 [INFO] PluginManager:220 - loadIPPluginJar : add adc
2025-12-18 14:32:36,667 [INFO] IPUIPlugin:80 - create IPUIPlugin
2025-12-18 14:32:36,667 [INFO] PluginManager:220 - loadIPPluginJar : add aes
2025-12-18 14:32:36,712 [INFO] IPUIPlugin:80 - create IPUIPlugin
2025-12-18 14:32:36,713 [INFO] PluginManager:220 - loadIPPluginJar : add can
2025-12-18 14:32:36,742 [INFO] IPUIPlugin:80 - create IPUIPlugin
2025-12-18 14:32:36,742 [INFO] PluginManager:220 - loadIPPluginJar : add comp
2025-12-18 14:32:36,782 [INFO] IPUIPlugin:80 - create IPUIPlugin
2025-12-18 14:32:36,782 [INFO] PluginManager:220 - loadIPPluginJar : add cryp
2025-12-18 14:32:36,794 [INFO] IPUIPlugin:80 - create IPUIPlugin
2025-12-18 14:32:36,794 [INFO] PluginManager:220 - loadIPPluginJar : add ddr_ctrl_phy
2025-12-18 14:32:36,827 [INFO] IPUIPlugin:80 - create IPUIPlugin
2025-12-18 14:32:36,827 [INFO] PluginManager:220 - loadIPPluginJar : add dfsdm
2025-12-18 14:32:36,841 [INFO] IPUIPlugin:80 - create IPUIPlugin
2025-12-18 14:32:36,841 [INFO] PluginManager:220 - loadIPPluginJar : add dma
2025-12-18 14:32:36,889 [INFO] IPUIPlugin:80 - create IPUIPlugin
2025-12-18 14:32:36,889 [INFO] PluginManager:220 - loadIPPluginJar : add dma3
2025-12-18 14:32:36,935 [INFO] IPUIPlugin:80 - create IPUIPlugin
2025-12-18 14:32:36,935 [INFO] PluginManager:220 - loadIPPluginJar : add extmemmanager
2025-12-18 14:32:36,957 [INFO] IPUIPlugin:80 - create IPUIPlugin
2025-12-18 14:32:36,957 [INFO] PluginManager:220 - loadIPPluginJar : add fatfs
2025-12-18 14:32:37,004 [INFO] IPUIPlugin:80 - create IPUIPlugin
2025-12-18 14:32:37,005 [INFO] PluginManager:220 - loadIPPluginJar : add fmc
2025-12-18 14:32:37,019 [INFO] IPUIPlugin:80 - create IPUIPlugin
2025-12-18 14:32:37,019 [INFO] PluginManager:220 - loadIPPluginJar : add freertos
2025-12-18 14:32:37,040 [INFO] IPUIPlugin:80 - create IPUIPlugin
2025-12-18 14:32:37,040 [INFO] PluginManager:220 - loadIPPluginJar : add genericplugin
2025-12-18 14:32:37,133 [INFO] IPUIPlugin:80 - create IPUIPlugin
2025-12-18 14:32:37,133 [INFO] PluginManager:220 - loadIPPluginJar : add gfxmmu
2025-12-18 14:32:37,249 [INFO] IPUIPlugin:80 - create IPUIPlugin
2025-12-18 14:32:37,249 [INFO] PluginManager:220 - loadIPPluginJar : add gic
2025-12-18 14:32:37,260 [INFO] IPUIPlugin:80 - create IPUIPlugin
2025-12-18 14:32:37,260 [INFO] PluginManager:220 - loadIPPluginJar : add gpio
2025-12-18 14:32:37,336 [INFO] IPUIPlugin:80 - create IPUIPlugin
2025-12-18 14:32:37,336 [INFO] PluginManager:220 - loadIPPluginJar : add gtzc
2025-12-18 14:32:37,367 [INFO] IPUIPlugin:80 - create IPUIPlugin
2025-12-18 14:32:37,367 [INFO] PluginManager:220 - loadIPPluginJar : add hash
2025-12-18 14:32:37,415 [INFO] IPUIPlugin:80 - create IPUIPlugin
2025-12-18 14:32:37,415 [INFO] PluginManager:220 - loadIPPluginJar : add i2c
2025-12-18 14:32:37,450 [INFO] IPUIPlugin:80 - create IPUIPlugin
2025-12-18 14:32:37,452 [INFO] PluginManager:220 - loadIPPluginJar : add i2s
2025-12-18 14:32:37,491 [INFO] IPUIPlugin:80 - create IPUIPlugin
2025-12-18 14:32:37,491 [INFO] PluginManager:220 - loadIPPluginJar : add i3c
2025-12-18 14:32:37,583 [INFO] IPUIPlugin:80 - create IPUIPlugin
2025-12-18 14:32:37,584 [INFO] PluginManager:220 - loadIPPluginJar : add ipddr
2025-12-18 14:32:37,686 [INFO] IPUIPlugin:80 - create IPUIPlugin
2025-12-18 14:32:37,686 [INFO] PluginManager:220 - loadIPPluginJar : add linkedlist
2025-12-18 14:32:37,722 [INFO] IPUIPlugin:80 - create IPUIPlugin
2025-12-18 14:32:37,722 [INFO] PluginManager:220 - loadIPPluginJar : add lorawan
2025-12-18 14:32:37,760 [INFO] IPUIPlugin:80 - create IPUIPlugin
2025-12-18 14:32:37,760 [INFO] PluginManager:220 - loadIPPluginJar : add ltdc
2025-12-18 14:32:37,772 [INFO] IPUIPlugin:80 - create IPUIPlugin
2025-12-18 14:32:37,772 [INFO] PluginManager:220 - loadIPPluginJar : add mdma
2025-12-18 14:32:37,784 [INFO] IPUIPlugin:80 - create IPUIPlugin
2025-12-18 14:32:37,785 [INFO] PluginManager:220 - loadIPPluginJar : add nvic
2025-12-18 14:32:37,820 [INFO] IPUIPlugin:80 - create IPUIPlugin
2025-12-18 14:32:37,820 [INFO] PluginManager:220 - loadIPPluginJar : add opamp
2025-12-18 14:32:37,880 [INFO] IPUIPlugin:80 - create IPUIPlugin
2025-12-18 14:32:37,880 [INFO] PluginManager:220 - loadIPPluginJar : add openamp
2025-12-18 14:32:37,920 [INFO] IPUIPlugin:80 - create IPUIPlugin
2025-12-18 14:32:37,920 [INFO] PluginManager:220 - loadIPPluginJar : add pdm2pcm
2025-12-18 14:32:37,933 [INFO] IPUIPlugin:80 - create IPUIPlugin
2025-12-18 14:32:37,934 [INFO] PluginManager:220 - loadIPPluginJar : add plateformsettings
2025-12-18 14:32:37,958 [INFO] IPUIPlugin:80 - create IPUIPlugin
2025-12-18 14:32:37,958 [INFO] PluginManager:220 - loadIPPluginJar : add quadspi
2025-12-18 14:32:37,985 [INFO] IPUIPlugin:80 - create IPUIPlugin
2025-12-18 14:32:37,985 [INFO] PluginManager:220 - loadIPPluginJar : add radio
2025-12-18 14:32:37,998 [INFO] IPUIPlugin:80 - create IPUIPlugin
2025-12-18 14:32:37,998 [INFO] PluginManager:220 - loadIPPluginJar : add resmgrutility
2025-12-18 14:32:38,039 [INFO] IPUIPlugin:80 - create IPUIPlugin
2025-12-18 14:32:38,039 [INFO] PluginManager:220 - loadIPPluginJar : add sai
2025-12-18 14:32:38,074 [INFO] IPUIPlugin:80 - create IPUIPlugin
2025-12-18 14:32:38,074 [INFO] PluginManager:220 - loadIPPluginJar : add spi
2025-12-18 14:32:38,136 [INFO] IPUIPlugin:80 - create IPUIPlugin
2025-12-18 14:32:38,136 [INFO] PluginManager:220 - loadIPPluginJar : add stm32_wpan
2025-12-18 14:32:38,170 [INFO] IPUIPlugin:80 - create IPUIPlugin
2025-12-18 14:32:38,170 [INFO] PluginManager:220 - loadIPPluginJar : add tim
2025-12-18 14:32:38,241 [INFO] IPUIPlugin:80 - create IPUIPlugin
2025-12-18 14:32:38,241 [INFO] PluginManager:220 - loadIPPluginJar : add touchsensing
2025-12-18 14:32:38,244 [INFO] IPUIPlugin:80 - create IPUIPlugin
2025-12-18 14:32:38,244 [INFO] PluginManager:220 - loadIPPluginJar : add tracer_emb
2025-12-18 14:32:38,279 [INFO] IPUIPlugin:80 - create IPUIPlugin
2025-12-18 14:32:38,279 [INFO] PluginManager:220 - loadIPPluginJar : add ts
2025-12-18 14:32:38,307 [INFO] IPUIPlugin:80 - create IPUIPlugin
2025-12-18 14:32:38,307 [INFO] PluginManager:220 - loadIPPluginJar : add tsc
2025-12-18 14:32:38,334 [INFO] IPUIPlugin:80 - create IPUIPlugin
2025-12-18 14:32:38,334 [INFO] PluginManager:220 - loadIPPluginJar : add ucpd
2025-12-18 14:32:38,382 [INFO] IPUIPlugin:80 - create IPUIPlugin
2025-12-18 14:32:38,382 [INFO] PluginManager:220 - loadIPPluginJar : add usart
2025-12-18 14:32:38,425 [INFO] IPUIPlugin:80 - create IPUIPlugin
2025-12-18 14:32:38,425 [INFO] PluginManager:220 - loadIPPluginJar : add usbx
2025-12-18 14:32:38,537 [INFO] CADModel:165 - CPN selected for project level
2025-12-18 14:32:38,537 [INFO] CADModel:114 - Register for checkConnection events
2025-12-18 14:32:38,537 [FATAL] Updater:334 - Updater called before beeing initialized
2025-12-18 14:32:38,537 [ERROR] CADModel:125 - Updater not yet initialized, retry later 
2025-12-18 14:32:38,622 [INFO] CADModel:165 - CPN selected for project level
2025-12-18 14:32:38,622 [INFO] CADModel:114 - Register for checkConnection events
2025-12-18 14:32:38,622 [FATAL] Updater:334 - Updater called before beeing initialized
2025-12-18 14:32:38,622 [ERROR] CADModel:125 - Updater not yet initialized, retry later 
2025-12-18 14:32:38,624 [FATAL] Updater:334 - Updater called before beeing initialized
2025-12-18 14:32:38,709 [FATAL] Updater:334 - Updater called before beeing initialized
2025-12-18 14:32:38,719 [INFO] DbMcusAds:53 - JSON generation date=Tue Jul 08 17:14:27 KST 2025 (1751962467633)
2025-12-18 14:32:38,719 [FATAL] Updater:334 - Updater called before beeing initialized
2025-12-18 14:32:38,747 [WARN] DetailPanel:346 - Failed to get advertising image, set to default
2025-12-18 14:32:38,814 [FATAL] Updater:334 - Updater called before beeing initialized
2025-12-18 14:32:38,815 [FATAL] Updater:334 - Updater called before beeing initialized
2025-12-18 14:32:38,816 [FATAL] Updater:334 - Updater called before beeing initialized
2025-12-18 14:32:38,816 [WARN] DetailPanel:346 - Failed to get advertising image, set to default
2025-12-18 14:32:38,817 [FATAL] Updater:334 - Updater called before beeing initialized
2025-12-18 14:32:38,868 [ERROR] Updater:1164 - MainUpdater not yet initialized. External WinMGr cannot be set.
2025-12-18 14:32:38,879 [INFO] Updater:1100 - Updater Version found : 6.12.1
2025-12-18 14:32:38,892 [INFO] ApplicationProperties:184 - Using Application install path: C:\ST\STM32CubeIDE_1.16.1\STM32CubeIDE\plugins\com.st.stm32cube.common.mx_6.12.1.202409122256
2025-12-18 14:32:39,124 [INFO] ThirdPartyUpdaterWithRetryManager:70 - Updater plugin not ready yet. [2/15]
2025-12-18 14:32:39,389 [INFO] MainUpdater:2873 - connection check result : 10
2025-12-18 14:32:39,389 [INFO] MainUpdater:290 - Updater Check For Update Now.
2025-12-18 14:32:39,389 [INFO] MicroXplorer:498 - Change Database Version : DB.6.0.121
2025-12-18 14:32:39,405 [INFO] McuFinderGlobals:63 - Set McuFinder mode to 2 (CubeIDE integrated)
2025-12-18 14:32:39,412 [INFO] UserAuth:417 - Internet connection configuration mode: 1
2025-12-18 14:32:39,447 [INFO] JxBrowserEngine:152 - Initiate JxBrowser Engine with user profile folder
2025-12-18 14:32:39,575 [INFO] CheckServerUpdateThread:120 - End of CheckServer Thread
2025-12-18 14:32:41,316 [INFO] WebApp:167 - Instantiating new browser for Auth
2025-12-18 14:32:41,927 [INFO] WebApp:448 - Apply proxy settings
2025-12-18 14:32:41,932 [INFO] WebApp:493 - Chromium authenticates against Manually configured proxy
2025-12-18 14:32:41,939 [INFO] WebApp:501 - Username used for proxy authentication: 
2025-12-18 14:32:41,965 [INFO] WebApp:869 - Register for checkConnection events
2025-12-18 14:32:41,965 [INFO] WebApp:448 - Apply proxy settings
2025-12-18 14:32:41,968 [INFO] WebApp:493 - Chromium authenticates against Manually configured proxy
2025-12-18 14:32:41,968 [INFO] WebApp:501 - Username used for proxy authentication: 
2025-12-18 14:32:42,101 [INFO] WebApp:220 - Starting web application
2025-12-18 14:32:42,102 [INFO] WebApp:578 - Web application path used C:\ST\STM32CubeIDE_1.16.1\STM32CubeIDE\plugins\com.st.stm32cube.common.mx_6.12.1.202409122256\db\plugins\mcufinder\reactClient1\index.html
2025-12-18 14:32:42,226 [INFO] WebApp:186 - Connection restablished
2025-12-18 14:32:42,254 [INFO] UserAuth:417 - Internet connection configuration mode: 1
2025-12-18 14:32:42,412 [WARN] PackLoader:240 - Cannot read IP mode file for STMicroelectronics.FP-SNS-MOTENVWB1.1.4.0
2025-12-18 14:32:42,430 [WARN] PackLoader:240 - Cannot read IP mode file for STMicroelectronics.FP-ATR-ASTRA1.2.0.2
2025-12-18 14:32:42,442 [WARN] PackLoader:240 - Cannot read IP mode file for STMicroelectronics.FP-ATR-ASTRA1.2.0.1
2025-12-18 14:32:42,459 [WARN] PackLoader:240 - Cannot read IP mode file for STMicroelectronics.X-CUBE-SMBUS.2.1.0
2025-12-18 14:32:42,476 [WARN] PackLoader:240 - Cannot read IP mode file for STMicroelectronics.X-CUBE-WB05N.1.1.0
2025-12-18 14:32:42,489 [ERROR] Engine:466 - C:\Users\RND1\.stm32cubemx\thirdparties\pdsc\STMicroelectronics.X-CUBE-ST60.1.0.0.pdsc: PDSC version is not supported
2025-12-18 14:32:42,509 [WARN] PackLoader:240 - Cannot read IP mode file for STMicroelectronics.X-CUBE-TOUCHGFX.4.23.0
2025-12-18 14:32:42,529 [WARN] PackLoader:240 - Cannot read IP mode file for STMicroelectronics.X-CUBE-TOUCHGFX.4.23.2
2025-12-18 14:32:42,584 [WARN] PackLoader:240 - Cannot read IP mode file for STMicroelectronics.X-CUBE-AZRTOS-F7.1.1.0
2025-12-18 14:32:42,604 [WARN] PackLoader:240 - Cannot read IP mode file for STMicroelectronics.FP-SNS-MOTENV1.4.3.2
2025-12-18 14:32:42,653 [WARN] PackLoader:240 - Cannot read IP mode file for STMicroelectronics.X-CUBE-MEMS1.11.0.0
2025-12-18 14:32:42,757 [ERROR] Engine:466 - C:\Users\RND1\.stm32cubemx\thirdparties\pdsc\STMicroelectronics.FP-SNS-MOTENV1.5.1.0.pdsc: PDSC version is not supported
2025-12-18 14:32:42,771 [WARN] PackLoader:240 - Cannot read IP mode file for STMicroelectronics.FP-SNS-FLIGHT1.5.0.2
2025-12-18 14:32:42,801 [WARN] PackLoader:240 - Cannot read IP mode file for STMicroelectronics.X-CUBE-AZRTOS-H7.3.4.0
2025-12-18 14:32:42,819 [WARN] PackLoader:240 - Cannot read IP mode file for STMicroelectronics.X-CUBE-DISPLAY.3.0.0
2025-12-18 14:32:42,834 [WARN] PackLoader:240 - Cannot read IP mode file for STMicroelectronics.X-CUBE-BLE1.7.0.0
2025-12-18 14:32:42,851 [WARN] PackLoader:240 - Cannot read IP mode file for STMicroelectronics.X-CUBE-NFC10.1.0.0
2025-12-18 14:32:42,869 [WARN] PackLoader:240 - Cannot read IP mode file for STMicroelectronics.X-CUBE-BLEMGR.4.0.0
2025-12-18 14:32:42,883 [ERROR] Engine:466 - C:\Users\RND1\.stm32cubemx\thirdparties\pdsc\STMicroelectronics.X-CUBE-ST60.1.1.0.pdsc: PDSC version is not supported
2025-12-18 14:32:42,900 [WARN] PackLoader:240 - Cannot read IP mode file for emotas.I-CUBE-CANOPEN.1.3.0
2025-12-18 14:32:42,914 [WARN] PackLoader:240 - Cannot read IP mode file for STMicroelectronics.X-CUBE-GNSS1.7.1.0
2025-12-18 14:32:42,931 [WARN] PackLoader:240 - Cannot read IP mode file for STMicroelectronics.X-CUBE-BLEMGR.3.1.0
2025-12-18 14:32:42,947 [WARN] PackLoader:240 - Cannot read IP mode file for STMicroelectronics.X-CUBE-AI.10.0.0
2025-12-18 14:32:42,960 [ERROR] Engine:466 - C:\Users\RND1\.stm32cubemx\thirdparties\pdsc\STMicroelectronics.FP-SNS-STBOX1.2.1.0.pdsc: PDSC version is not supported
2025-12-18 14:32:42,973 [WARN] PackLoader:240 - Cannot read IP mode file for STMicroelectronics.FP-SNS-SMARTAG2.1.2.0
2025-12-18 14:32:42,985 [ERROR] Engine:466 - C:\Users\RND1\.stm32cubemx\thirdparties\pdsc\STMicroelectronics.FP-SNS-FLIGHT1.5.1.0.pdsc: PDSC version is not supported
2025-12-18 14:32:43,036 [WARN] PackLoader:240 - Cannot read IP mode file for STMicroelectronics.X-CUBE-MEMS1.11.1.0
2025-12-18 14:32:43,147 [INFO] LogOutputStream:77 - [STDOUT_REDIRECT] 1 : Invalid condition id : UX_CORESTACK_Condition cause : null
2025-12-18 14:32:43,148 [INFO] LogOutputStream:77 - [STDOUT_REDIRECT] 1 : Invalid condition id : UX_CORESTACK_Condition cause : null
2025-12-18 14:32:43,149 [INFO] LogOutputStream:77 - [STDOUT_REDIRECT] 1 : Invalid condition id : UX_CORESTACK_Condition cause : null
2025-12-18 14:32:43,150 [INFO] LogOutputStream:77 - [STDOUT_REDIRECT] 1 : Invalid condition id : UX_CORESTACK_Condition cause : null
2025-12-18 14:32:43,151 [INFO] LogOutputStream:77 - [STDOUT_REDIRECT] 1 : Invalid condition id : UX_CORESTACK_Condition cause : null
2025-12-18 14:32:43,152 [WARN] PackLoader:240 - Cannot read IP mode file for STMicroelectronics.X-CUBE-AZRTOS-WL.2.0.0
2025-12-18 14:32:43,166 [WARN] PackLoader:240 - Cannot read IP mode file for STMicroelectronics.FP-SNS-MOTENV1.5.0.0
2025-12-18 14:32:43,196 [WARN] PackLoader:240 - Cannot read IP mode file for STMicroelectronics.X-CUBE-AZRTOS-H7RS.1.2.0
2025-12-18 14:32:43,213 [WARN] PackLoader:240 - Cannot read IP mode file for wolfSSL.I-CUBE-wolfMQTT.1.19.0
2025-12-18 14:32:43,230 [WARN] PackLoader:240 - Cannot read IP mode file for WES.I-CUBE-Cesium.1.3.0
2025-12-18 14:32:43,246 [WARN] PackLoader:240 - Cannot read IP mode file for STMicroelectronics.X-CUBE-BLE2.3.3.0
2025-12-18 14:32:43,258 [ERROR] Engine:466 - C:\Users\RND1\.stm32cubemx\thirdparties\pdsc\Avnet-IOTCONNECT.X-CUBE-iotc-st67-sdk.1.0.0.pdsc: PDSC version is not supported
2025-12-18 14:32:43,276 [WARN] PackLoader:240 - Cannot read IP mode file for STMicroelectronics.X-CUBE-NFC9.1.0.0
2025-12-18 14:32:43,291 [WARN] PackLoader:240 - Cannot read IP mode file for STMicroelectronics.X-CUBE-BLE1.7.1.0
2025-12-18 14:32:43,305 [WARN] PackLoader:240 - Cannot read IP mode file for STMicroelectronics.X-CUBE-TCPP.4.1.0
2025-12-18 14:32:43,318 [ERROR] Engine:466 - C:\Users\RND1\.stm32cubemx\thirdparties\pdsc\STMicroelectronics.X-CUBE-FREERTOS.1.4.0.pdsc: PDSC version is not supported
2025-12-18 14:32:43,332 [WARN] PackLoader:240 - Cannot read IP mode file for STMicroelectronics.X-CUBE-EEPRMA1.5.2.0
2025-12-18 14:32:43,344 [ERROR] Engine:466 - C:\Users\RND1\.stm32cubemx\thirdparties\pdsc\STMicroelectronics.X-CUBE-ST67W61.1.1.0.pdsc: PDSC version is not supported
2025-12-18 14:32:43,356 [WARN] PackLoader:240 - Cannot read IP mode file for STMicroelectronics.X-CUBE-AI.10.1.0
2025-12-18 14:32:43,397 [WARN] PackLoader:240 - Cannot read IP mode file for STMicroelectronics.X-CUBE-MEMS1.12.0.0
2025-12-18 14:32:43,441 [WARN] PackLoader:240 - Cannot read IP mode file for STMicroelectronics.X-CUBE-ALGOBUILD.1.3.0
2025-12-18 14:32:43,473 [WARN] PackLoader:240 - Cannot read IP mode file for STMicroelectronics.X-CUBE-MEMS1.11.2.0
2025-12-18 14:32:43,539 [WARN] PackLoader:240 - Cannot read IP mode file for STMicroelectronics.X-CUBE-AZRTOS-G0.1.1.0
2025-12-18 14:32:43,553 [WARN] PackLoader:240 - Cannot read IP mode file for STMicroelectronics.X-CUBE-SAFEA1.1.2.2
2025-12-18 14:32:43,567 [WARN] PackLoader:240 - Cannot read IP mode file for STMicroelectronics.X-CUBE-NFC4.3.0.0
2025-12-18 14:32:43,579 [WARN] PackLoader:240 - Cannot read IP mode file for wolfSSL.I-CUBE-wolfMQTT.1.18.0
2025-12-18 14:32:43,596 [WARN] PackLoader:240 - Cannot read IP mode file for EmbeddedOffice.I-CUBE-FS-RTOS.1.0.1
2025-12-18 14:32:43,596 [ERROR] ConditionMgr:805 - Attr not supported : Dmpu
2025-12-18 14:32:43,596 [ERROR] ConditionMgr:805 - Attr not supported : Dmpu
2025-12-18 14:32:43,596 [ERROR] ConditionMgr:805 - Attr not supported : Dmpu
2025-12-18 14:32:43,596 [ERROR] ConditionMgr:805 - Attr not supported : Dmpu
2025-12-18 14:32:43,596 [ERROR] ConditionMgr:805 - Attr not supported : Dmpu
2025-12-18 14:32:43,596 [ERROR] ConditionMgr:805 - Attr not supported : Dmpu
2025-12-18 14:32:43,596 [ERROR] ConditionMgr:805 - Attr not supported : Dmpu
2025-12-18 14:32:43,596 [ERROR] ConditionMgr:805 - Attr not supported : Dmpu
2025-12-18 14:32:43,596 [ERROR] ConditionMgr:805 - Attr not supported : Dmpu
2025-12-18 14:32:43,596 [ERROR] ConditionMgr:805 - Attr not supported : Dmpu
2025-12-18 14:32:43,596 [ERROR] ConditionMgr:805 - Attr not supported : Dmpu
2025-12-18 14:32:43,596 [ERROR] ConditionMgr:805 - Attr not supported : Dmpu
2025-12-18 14:32:43,596 [ERROR] ConditionMgr:805 - Attr not supported : Dmpu
2025-12-18 14:32:43,596 [ERROR] ConditionMgr:805 - Attr not supported : Dmpu
2025-12-18 14:32:43,596 [ERROR] ConditionMgr:805 - Attr not supported : Dmpu
2025-12-18 14:32:43,596 [ERROR] ConditionMgr:805 - Attr not supported : Dmpu
2025-12-18 14:32:43,596 [ERROR] ConditionMgr:805 - Attr not supported : Dmpu
2025-12-18 14:32:43,596 [ERROR] ConditionMgr:805 - Attr not supported : Dmpu
2025-12-18 14:32:43,597 [ERROR] ConditionMgr:805 - Attr not supported : Dmpu
2025-12-18 14:32:43,597 [ERROR] ConditionMgr:805 - Attr not supported : Dmpu
2025-12-18 14:32:43,597 [ERROR] ConditionMgr:805 - Attr not supported : Dmpu
2025-12-18 14:32:43,597 [ERROR] ConditionMgr:805 - Attr not supported : Dmpu
2025-12-18 14:32:43,597 [ERROR] ConditionMgr:805 - Attr not supported : Dmpu
2025-12-18 14:32:43,597 [ERROR] ConditionMgr:805 - Attr not supported : Dmpu
2025-12-18 14:32:43,597 [ERROR] ConditionMgr:805 - Attr not supported : Dmpu
2025-12-18 14:32:43,597 [ERROR] ConditionMgr:805 - Attr not supported : Dmpu
2025-12-18 14:32:43,597 [ERROR] ConditionMgr:805 - Attr not supported : Dmpu
2025-12-18 14:32:43,597 [ERROR] ConditionMgr:805 - Attr not supported : Dmpu
2025-12-18 14:32:43,597 [ERROR] ConditionMgr:805 - Attr not supported : Dmpu
2025-12-18 14:32:43,597 [ERROR] ConditionMgr:805 - Attr not supported : Dmpu
2025-12-18 14:32:43,597 [ERROR] ConditionMgr:805 - Attr not supported : Dmpu
2025-12-18 14:32:43,597 [ERROR] ConditionMgr:805 - Attr not supported : Dmpu
2025-12-18 14:32:43,597 [ERROR] ConditionMgr:805 - Attr not supported : Dmpu
2025-12-18 14:32:43,597 [ERROR] ConditionMgr:805 - Attr not supported : Dmpu
2025-12-18 14:32:43,597 [ERROR] ConditionMgr:805 - Attr not supported : Dmpu
2025-12-18 14:32:43,597 [ERROR] ConditionMgr:805 - Attr not supported : Dmpu
2025-12-18 14:32:43,597 [ERROR] ConditionMgr:805 - Attr not supported : Dmpu
2025-12-18 14:32:43,597 [ERROR] ConditionMgr:805 - Attr not supported : Dmpu
2025-12-18 14:32:43,597 [ERROR] ConditionMgr:805 - Attr not supported : Dmpu
2025-12-18 14:32:43,597 [ERROR] ConditionMgr:805 - Attr not supported : Dmpu
2025-12-18 14:32:43,597 [ERROR] ConditionMgr:805 - Attr not supported : Dmpu
2025-12-18 14:32:43,597 [ERROR] ConditionMgr:805 - Attr not supported : Dmpu
2025-12-18 14:32:43,597 [ERROR] ConditionMgr:805 - Attr not supported : Dmpu
2025-12-18 14:32:43,597 [ERROR] ConditionMgr:805 - Attr not supported : Dmpu
2025-12-18 14:32:43,597 [ERROR] ConditionMgr:805 - Attr not supported : Dmpu
2025-12-18 14:32:43,598 [ERROR] ConditionMgr:805 - Attr not supported : Dmpu
2025-12-18 14:32:43,598 [ERROR] ConditionMgr:805 - Attr not supported : Dmpu
2025-12-18 14:32:43,598 [ERROR] ConditionMgr:805 - Attr not supported : Dmpu
2025-12-18 14:32:43,598 [ERROR] ConditionMgr:805 - Attr not supported : Dmpu
2025-12-18 14:32:43,598 [ERROR] ConditionMgr:805 - Attr not supported : Dmpu
2025-12-18 14:32:43,598 [ERROR] ConditionMgr:805 - Attr not supported : Dmpu
2025-12-18 14:32:43,598 [ERROR] ConditionMgr:805 - Attr not supported : Dmpu
2025-12-18 14:32:43,598 [ERROR] ConditionMgr:805 - Attr not supported : Dmpu
2025-12-18 14:32:43,598 [ERROR] ConditionMgr:805 - Attr not supported : Dmpu
2025-12-18 14:32:43,598 [ERROR] ConditionMgr:805 - Attr not supported : Dmpu
2025-12-18 14:32:43,598 [ERROR] ConditionMgr:805 - Attr not supported : Dmpu
2025-12-18 14:32:43,598 [ERROR] ConditionMgr:805 - Attr not supported : Dmpu
2025-12-18 14:32:43,598 [ERROR] ConditionMgr:805 - Attr not supported : Dmpu
2025-12-18 14:32:43,598 [ERROR] ConditionMgr:805 - Attr not supported : Dmpu
2025-12-18 14:32:43,598 [ERROR] ConditionMgr:805 - Attr not supported : Dmpu
2025-12-18 14:32:43,598 [ERROR] ConditionMgr:805 - Attr not supported : Dmpu
2025-12-18 14:32:43,598 [ERROR] ConditionMgr:805 - Attr not supported : Dmpu
2025-12-18 14:32:43,598 [ERROR] ConditionMgr:805 - Attr not supported : Dmpu
2025-12-18 14:32:43,598 [ERROR] ConditionMgr:805 - Attr not supported : Dmpu
2025-12-18 14:32:43,610 [WARN] PackLoader:240 - Cannot read IP mode file for STMicroelectronics.X-CUBE-WB05N.2.0.0
2025-12-18 14:32:43,627 [WARN] PackLoader:240 - Cannot read IP mode file for STMicroelectronics.X-CUBE-BLEMGR.3.0.0
2025-12-18 14:32:43,639 [ERROR] Engine:466 - C:\Users\RND1\.stm32cubemx\thirdparties\pdsc\STMicroelectronics.X-CUBE-TCPP.4.2.0.pdsc: PDSC version is not supported
2025-12-18 14:32:43,653 [WARN] PackLoader:240 - Cannot read IP mode file for RealThread.X-CUBE-RT-Thread_Nano.4.1.1
2025-12-18 14:32:43,664 [WARN] PackLoader:240 - Cannot read IP mode file for STMicroelectronics.FP-ATR-SIGFOX1.3.2.0
2025-12-18 14:32:43,675 [WARN] ConditionMgr:438 - getConditionDescription Invalid condition id : Cortex-A Device cause : null
2025-12-18 14:32:43,691 [WARN] ConditionMgr:1039 - genDependencies : Invalid condition id : Cortex-A Device cause : null
2025-12-18 14:32:43,692 [WARN] ConditionMgr:1039 - genDependencies : Invalid condition id : Cortex-A Device cause : null
2025-12-18 14:32:43,692 [WARN] ConditionMgr:1039 - genDependencies : Invalid condition id : Cortex-A Device cause : null
2025-12-18 14:32:43,703 [WARN] PackLoader:240 - Cannot read IP mode file for STMicroelectronics.X-CUBE-EEPRMA1.5.1.0
2025-12-18 14:32:43,715 [ERROR] Engine:466 - C:\Users\RND1\.stm32cubemx\thirdparties\pdsc\STMicroelectronics.X-CUBE-ST67W61.1.0.0.pdsc: PDSC version is not supported
2025-12-18 14:32:43,725 [WARN] PackLoader:240 - Cannot read IP mode file for STMicroelectronics.X-CUBE-AI.10.2.0
2025-12-18 14:32:43,751 [WARN] PackLoader:240 - Cannot read IP mode file for SEGGER.I-CUBE-embOS.1.3.1
2025-12-18 14:32:43,788 [WARN] PackLoader:240 - Cannot read IP mode file for STMicroelectronics.X-CUBE-ALGOBUILD.1.4.0
2025-12-18 14:32:43,826 [WARN] PackLoader:240 - Cannot read IP mode file for STMicroelectronics.X-CUBE-MEMS1.11.3.0
2025-12-18 14:32:43,902 [WARN] PackLoader:240 - Cannot read IP mode file for STMicroelectronics.X-CUBE-AI.9.1.0
2025-12-18 14:32:43,914 [WARN] PackLoader:240 - Cannot read IP mode file for STMicroelectronics.X-CUBE-PM33A1.1.0.0
2025-12-18 14:32:43,927 [WARN] PackLoader:240 - Cannot read IP mode file for STMicroelectronics.X-CUBE-GNSS1.6.0.0
2025-12-18 14:32:43,951 [WARN] PackLoader:240 - Cannot read IP mode file for STMicroelectronics.X-CUBE-AZRTOS-F4.1.1.0
2025-12-18 14:32:43,966 [WARN] PackLoader:240 - Cannot read IP mode file for wolfSSL.I-CUBE-wolfSSL.5.6.4
2025-12-18 14:32:43,979 [ERROR] Engine:466 - C:\Users\RND1\.stm32cubemx\thirdparties\pdsc\Avnet-IotConnect.X-CUBE-IoTC-DA16k-PMOD.1.0.0.pdsc: PDSC version is not supported
2025-12-18 14:32:43,991 [WARN] PackLoader:240 - Cannot read IP mode file for STMicroelectronics.X-CUBE-ISPU.2.1.0
2025-12-18 14:32:44,007 [ERROR] Engine:466 - C:\Users\RND1\.stm32cubemx\thirdparties\pdsc\STMicroelectronics.X-CUBE-IPS.3.2.0.pdsc: PDSC version is not supported
2025-12-18 14:32:44,022 [WARN] PackLoader:240 - Cannot read IP mode file for STMicroelectronics.X-CUBE-FREERTOS.1.2.0
2025-12-18 14:32:44,036 [WARN] PackLoader:240 - Cannot read IP mode file for STMicroelectronics.X-CUBE-NFC12.1.0.0
2025-12-18 14:32:44,063 [WARN] PackLoader:240 - Cannot read IP mode file for STMicroelectronics.X-CUBE-AZRTOS-L5.2.0.0
2025-12-18 14:32:44,081 [WARN] PackLoader:240 - Cannot read IP mode file for STMicroelectronics.X-CUBE-EEPRMA1.4.2.0
2025-12-18 14:32:44,096 [WARN] PackLoader:240 - Cannot read IP mode file for STMicroelectronics.X-CUBE-NFC6.3.1.0
2025-12-18 14:32:44,110 [WARN] PackLoader:240 - Cannot read IP mode file for ITTIA_DB.I-CUBE-ITTIADB.8.8.0
2025-12-18 14:32:44,124 [WARN] PackLoader:240 - Cannot read IP mode file for STMicroelectronics.X-CUBE-DPower.1.2.0
2025-12-18 14:32:44,137 [WARN] PackLoader:240 - Cannot read IP mode file for STMicroelectronics.X-CUBE-AI.9.0.0
2025-12-18 14:32:44,150 [WARN] PackLoader:240 - Cannot read IP mode file for STMicroelectronics.X-CUBE-FREERTOS.1.3.1
2025-12-18 14:32:44,162 [WARN] PackLoader:240 - Cannot read IP mode file for STMicroelectronics.X-CUBE-FREERTOS.1.3.0
2025-12-18 14:32:44,174 [WARN] PackLoader:240 - Cannot read IP mode file for STMicroelectronics.X-CUBE-NFC7.1.0.1
2025-12-18 14:32:44,185 [WARN] PackLoader:240 - Cannot read IP mode file for STMicroelectronics.X-CUBE-TOUCHGFX.4.26.0
2025-12-18 14:32:44,197 [WARN] PackLoader:240 - Cannot read IP mode file for STMicroelectronics.X-CUBE-NFC6.3.0.0
2025-12-18 14:32:44,207 [ERROR] Engine:466 - C:\Users\RND1\.stm32cubemx\thirdparties\pdsc\STMicroelectronics.FP-SNS-STAIOTCFT.1.0.0.pdsc: PDSC version is not supported
2025-12-18 14:32:44,219 [WARN] PackLoader:240 - Cannot read IP mode file for STMicroelectronics.X-CUBE-DPower.1.3.0
2025-12-18 14:32:44,230 [WARN] PackLoader:240 - Cannot read IP mode file for STMicroelectronics.X-CUBE-AI.8.1.0
2025-12-18 14:32:44,253 [WARN] ConditionMgr:438 - getConditionDescription Invalid condition id : LAN8742 Phy interface Condition cause : null
2025-12-18 14:32:44,253 [WARN] PackLoader:240 - Cannot read IP mode file for STMicroelectronics.X-CUBE-AZRTOS-L4.2.0.0
2025-12-18 14:32:44,253 [WARN] ConditionMgr:1039 - genDependencies : Invalid condition id : LAN8742 Phy interface Condition cause : null
2025-12-18 14:32:44,253 [WARN] ConditionMgr:1039 - genDependencies : Invalid condition id : LAN8742 Phy interface Condition cause : null
2025-12-18 14:32:44,254 [WARN] ConditionMgr:1039 - genDependencies : Invalid condition id : LAN8742 Phy interface Condition cause : null
2025-12-18 14:32:44,267 [WARN] PackLoader:240 - Cannot read IP mode file for STMicroelectronics.X-CUBE-SFXS2LP1.4.0.0
2025-12-18 14:32:44,290 [WARN] PackLoader:240 - Cannot read IP mode file for STMicroelectronics.X-CUBE-AZRTOS-H7.3.3.0
2025-12-18 14:32:44,302 [ERROR] Engine:466 - C:\Users\RND1\.stm32cubemx\thirdparties\pdsc\STMicroelectronics.X-CUBE-BLEMGR.4.1.0.pdsc: PDSC version is not supported
2025-12-18 14:32:44,316 [WARN] PackLoader:240 - Cannot read IP mode file for STMicroelectronics.X-CUBE-IPS.3.0.0
2025-12-18 14:32:44,335 [WARN] ConditionMgr:438 - getConditionDescription Invalid condition id : UX DEVICE CLASS RTOS Condition cause : null
2025-12-18 14:32:44,336 [WARN] ConditionMgr:438 - getConditionDescription Invalid condition id : UX DEVICE CLASS RTOS Condition cause : null
2025-12-18 14:32:44,336 [WARN] PackLoader:240 - Cannot read IP mode file for STMicroelectronics.X-CUBE-AZRTOS-WB.2.0.0
2025-12-18 14:32:44,336 [WARN] ConditionMgr:1039 - genDependencies : Invalid condition id : UX DEVICE CLASS RTOS Condition cause : null
2025-12-18 14:32:44,336 [WARN] ConditionMgr:1039 - genDependencies : Invalid condition id : UX DEVICE CLASS RTOS Condition cause : null
2025-12-18 14:32:44,337 [WARN] ConditionMgr:1039 - genDependencies : Invalid condition id : UX DEVICE CLASS RTOS Condition cause : null
2025-12-18 14:32:44,337 [WARN] ConditionMgr:1039 - genDependencies : Invalid condition id : UX DEVICE CLASS RTOS Condition cause : null
2025-12-18 14:32:44,337 [WARN] ConditionMgr:1039 - genDependencies : Invalid condition id : UX DEVICE CLASS RTOS Condition cause : null
2025-12-18 14:32:44,349 [WARN] PackLoader:240 - Cannot read IP mode file for STMicroelectronics.X-CUBE-GNSS1.7.0.0
2025-12-18 14:32:44,361 [WARN] PackLoader:240 - Cannot read IP mode file for STMicroelectronics.X-CUBE-GNSS1.7.0.1
2025-12-18 14:32:44,372 [WARN] PackLoader:240 - Cannot read IP mode file for STMicroelectronics.X-CUBE-TOUCHGFX.4.25.0
2025-12-18 14:32:44,383 [WARN] PackLoader:240 - Cannot read IP mode file for STMicroelectronics.FP-SNS-STBOX1.2.0.0
2025-12-18 14:32:44,398 [WARN] PackLoader:240 - Cannot read IP mode file for STMicroelectronics.X-CUBE-SUBG2.5.0.0
2025-12-18 14:32:44,418 [WARN] PackLoader:240 - Cannot read IP mode file for STMicroelectronics.X-CUBE-AZRTOS-H7RS.1.1.0
2025-12-18 14:32:44,438 [WARN] PackLoader:240 - Cannot read IP mode file for STMicroelectronics.X-CUBE-AZRTOS-G4.2.0.0
2025-12-18 14:32:44,456 [WARN] PackLoader:240 - Cannot read IP mode file for Infineon.AIROC-Wi-Fi-Bluetooth-STM32.1.5.1
2025-12-18 14:32:44,469 [WARN] PackLoader:240 - Cannot read IP mode file for STMicroelectronics.X-CUBE-NFC7.2.0.0
2025-12-18 14:32:44,480 [WARN] PackLoader:240 - Cannot read IP mode file for STMicroelectronics.FP-SNS-MOTENVWB1.1.3.1
2025-12-18 14:32:44,490 [WARN] PackLoader:240 - Cannot read IP mode file for STMicroelectronics.X-CUBE-ISPU.2.0.0
2025-12-18 14:32:44,503 [ERROR] Engine:466 - C:\Users\RND1\.stm32cubemx\thirdparties\pdsc\STMicroelectronics.X-CUBE-IPS.3.1.0.pdsc: PDSC version is not supported
2025-12-18 14:32:44,514 [WARN] PackLoader:240 - Cannot read IP mode file for STMicroelectronics.X-CUBE-ALS.1.0.2
2025-12-18 14:32:44,539 [WARN] PackLoader:240 - Cannot read IP mode file for STMicroelectronics.X-CUBE-MEMS1.10.0.0
2025-12-18 14:32:44,589 [WARN] PackLoader:240 - Cannot read IP mode file for STMicroelectronics.X-CUBE-FREERTOS.1.1.0
2025-12-18 14:32:44,601 [WARN] PackLoader:240 - Cannot read IP mode file for STMicroelectronics.X-CUBE-TOUCHGFX.4.24.0
2025-12-18 14:32:44,613 [WARN] PackLoader:240 - Cannot read IP mode file for STMicroelectronics.X-CUBE-TOUCHGFX.4.24.2
2025-12-18 14:32:44,623 [WARN] PackLoader:240 - Cannot read IP mode file for STMicroelectronics.X-CUBE-TOUCHGFX.4.24.1
2025-12-18 14:32:44,637 [WARN] PackLoader:240 - Cannot read IP mode file for STMicroelectronics.X-CUBE-STSE01.1.0.0
2025-12-18 14:32:44,649 [WARN] PackLoader:240 - Cannot read IP mode file for wolfSSL.I-CUBE-wolfTPM.3.4.0
2025-12-18 14:32:44,661 [WARN] PackLoader:240 - Cannot read IP mode file for portGmbH.I-Cube-SoM-uGOAL.1.1.0
2025-12-18 14:32:44,671 [WARN] PackLoader:240 - Cannot read IP mode file for STMicroelectronics.X-CUBE-ALS.1.0.1
2025-12-18 14:32:44,691 [WARN] PackLoader:240 - Cannot read IP mode file for STMicroelectronics.X-CUBE-AZRTOS-H7RS.1.0.0
2025-12-18 14:32:44,703 [WARN] PackLoader:240 - Cannot read IP mode file for STMicroelectronics.FP-ATR-ASTRA1.2.0.0
2025-12-18 14:32:44,719 [WARN] PackLoader:240 - Cannot read IP mode file for STMicroelectronics.X-CUBE-TOF1.3.4.2
2025-12-18 14:32:44,735 [ERROR] Engine:466 - C:\Users\RND1\.stm32cubemx\thirdparties\pdsc\STMicroelectronics.X-CUBE-TOF1.3.4.3.pdsc: PDSC version is not supported
2025-12-18 14:32:44,749 [WARN] PackLoader:240 - Cannot read IP mode file for STMicroelectronics.X-CUBE-TOF1.3.4.0
2025-12-18 14:32:44,766 [WARN] PackLoader:240 - Cannot read IP mode file for STMicroelectronics.X-CUBE-TOF1.3.4.1
2025-12-18 14:32:44,795 [WARN] PackLoader:240 - Cannot read IP mode file for STMicroelectronics.X-CUBE-AZRTOS-H7.3.2.0
2025-12-18 14:32:44,816 [WARN] PackLoader:240 - Cannot read IP mode file for wolfSSL.I-CUBE-wolfSSH.1.4.17
2025-12-18 14:32:44,817 [INFO] ThirdParty:978 - Integrity check success = true
2025-12-18 14:32:44,817 [INFO] IntegrityCheckThread:100 - exiting critical section [integrity check]
2025-12-18 14:32:44,817 [INFO] IntegrityCheckThread:103 - End integrity checks thread
2025-12-18 14:48:12,761 [ERROR] LogOutputStream:75 - [STDERR_REDIRECT] 
