2026-01-15 09:47:15,366 [INFO] Activator:176 - 


2026-01-15 09:47:15,366 [INFO] Activator:177 - !SESSION log4j initialized
2026-01-15 09:47:21,415 [INFO] LogOutputStream:77 - [STDOUT_REDIRECT] 
2026-01-15 09:47:27,738 [INFO] ApplicationProperties:184 - Using Application install path: C:\ST\STM32CubeIDE_1.16.1\STM32CubeIDE\plugins\com.st.stm32cube.common.mx_6.12.1.202409122256
2026-01-15 09:47:27,753 [INFO] DbMcusXml:78 - Set database path to: C:\ST\STM32CubeIDE_1.16.1\STM32CubeIDE\plugins\com.st.stm32cube.common.mx_6.12.1.202409122256\\db\/mcu/
2026-01-15 09:47:27,753 [INFO] ApiDb:274 - Set plugin database path to: C:\ST\STM32CubeIDE_1.16.1\STM32CubeIDE\plugins\com.st.stm32cube.common.mx_6.12.1.202409122256\\db\/plugins/boardmanager/
2026-01-15 09:47:27,753 [WARN] ApiDb:259 - Overriding images path with different value:  => C:\ST\STM32CubeIDE_1.16.1\STM32CubeIDE\plugins\com.st.stm32cube.common.mx_6.12.1.202409122256\\db\/plugins/mcufinder/images/
2026-01-15 09:47:27,769 [INFO] ApiDb:250 - Set database path to: C:\Users\RND1\.stmcufinder\plugins\mcufinder//mcu/
2026-01-15 09:47:27,770 [INFO] DbMcusAds:125 - Set database path to: C:\Users\RND1\.stmcufinder\plugins\mcufinder//mcu/
2026-01-15 09:47:27,773 [INFO] CrossReferenceDbSqlite:203 - Set database path to: C:\Users\RND1\.stmcufinder\plugins\mcufinder//mcu/cs/
2026-01-15 09:47:27,869 [INFO] RulesReader:64 - Compatibility file has been processed (297 Rules)
2026-01-15 09:47:27,939 [INFO] DbMcusXml:78 - Set database path to: C:\ST\STM32CubeIDE_1.16.1\STM32CubeIDE\plugins\com.st.stm32cube.common.mx_6.12.1.202409122256\\db\/mcu/
2026-01-15 09:47:27,939 [INFO] ApiDb:274 - Set plugin database path to: C:\ST\STM32CubeIDE_1.16.1\STM32CubeIDE\plugins\com.st.stm32cube.common.mx_6.12.1.202409122256\\db\/plugins/boardmanager/
2026-01-15 09:47:27,939 [INFO] ApiDb:261 - Set plugin images path to: C:\ST\STM32CubeIDE_1.16.1\STM32CubeIDE\plugins\com.st.stm32cube.common.mx_6.12.1.202409122256\\db\/plugins/mcufinder/images/
2026-01-15 09:47:27,939 [WARN] DbFile:41 - Overriding database path with different value: C:\Users\RND1\.stmcufinder\plugins\mcufinder/ => C:\Users\RND1\.stmcufinder\plugins\mcufinder
2026-01-15 09:47:27,939 [INFO] ApiDb:250 - Set database path to: C:\Users\RND1\.stmcufinder\plugins\mcufinder//mcu/
2026-01-15 09:47:27,939 [WARN] DbFile:41 - Overriding database path with different value: C:\Users\RND1\.stmcufinder\plugins\mcufinder/ => C:\Users\RND1\.stmcufinder\plugins\mcufinder
2026-01-15 09:47:27,939 [INFO] DbMcusAds:125 - Set database path to: C:\Users\RND1\.stmcufinder\plugins\mcufinder//mcu/
2026-01-15 09:47:27,939 [WARN] DbFile:41 - Overriding database path with different value: C:\Users\RND1\.stmcufinder\plugins\mcufinder/ => C:\Users\RND1\.stmcufinder\plugins\mcufinder
2026-01-15 09:47:27,939 [WARN] DbFile:41 - Overriding database path with different value: C:\Users\RND1\.stmcufinder\plugins\mcufinder/ => C:\Users\RND1\.stmcufinder\plugins\mcufinder
2026-01-15 09:47:27,939 [INFO] CrossReferenceDbSqlite:203 - Set database path to: C:\Users\RND1\.stmcufinder\plugins\mcufinder//mcu/cs/
2026-01-15 09:47:28,003 [INFO] MainPanel:268 - HeapMemory: 268435456
2026-01-15 09:47:28,082 [INFO] DbMcusXml:78 - Set database path to: C:\ST\STM32CubeIDE_1.16.1\STM32CubeIDE\plugins\com.st.stm32cube.common.mx_6.12.1.202409122256\\db\/mcu/
2026-01-15 09:47:28,082 [INFO] ApiDb:274 - Set plugin database path to: C:\ST\STM32CubeIDE_1.16.1\STM32CubeIDE\plugins\com.st.stm32cube.common.mx_6.12.1.202409122256\\db\/plugins/boardmanager/
2026-01-15 09:47:28,082 [INFO] ApiDb:261 - Set plugin images path to: C:\ST\STM32CubeIDE_1.16.1\STM32CubeIDE\plugins\com.st.stm32cube.common.mx_6.12.1.202409122256\\db\/plugins/mcufinder/images/
2026-01-15 09:47:28,082 [WARN] DbFile:41 - Overriding database path with different value: C:\Users\RND1\.stmcufinder\plugins\mcufinder/ => C:\Users\RND1\.stmcufinder\plugins\mcufinder
2026-01-15 09:47:28,082 [INFO] ApiDb:250 - Set database path to: C:\Users\RND1\.stmcufinder\plugins\mcufinder//mcu/
2026-01-15 09:47:28,082 [WARN] DbFile:41 - Overriding database path with different value: C:\Users\RND1\.stmcufinder\plugins\mcufinder/ => C:\Users\RND1\.stmcufinder\plugins\mcufinder
2026-01-15 09:47:28,082 [INFO] DbMcusAds:125 - Set database path to: C:\Users\RND1\.stmcufinder\plugins\mcufinder//mcu/
2026-01-15 09:47:28,082 [WARN] DbFile:41 - Overriding database path with different value: C:\Users\RND1\.stmcufinder\plugins\mcufinder/ => C:\Users\RND1\.stmcufinder\plugins\mcufinder
2026-01-15 09:47:28,082 [WARN] DbFile:41 - Overriding database path with different value: C:\Users\RND1\.stmcufinder\plugins\mcufinder/ => C:\Users\RND1\.stmcufinder\plugins\mcufinder
2026-01-15 09:47:28,083 [INFO] CrossReferenceDbSqlite:203 - Set database path to: C:\Users\RND1\.stmcufinder\plugins\mcufinder//mcu/cs/
2026-01-15 09:47:28,097 [INFO] ApplicationProperties:184 - Using Application install path: C:\ST\STM32CubeIDE_1.16.1\STM32CubeIDE\plugins\com.st.stm32cube.common.mx_6.12.1.202409122256
2026-01-15 09:47:28,099 [INFO] PluginManage:196 - Search for loadable plugins [exclusion list=, ]
2026-01-15 09:47:28,100 [INFO] PluginManage:310 - Check plugin analytics
2026-01-15 09:47:28,246 [INFO] AnalyticsPlugin:253 - Accepted Software Licenses: STM32CubeMX.6.10.0
2026-01-15 09:47:28,246 [INFO] AnalyticsPlugin:255 - Accepted CMSIS Pack Licenses: 
2026-01-15 09:47:28,246 [INFO] AnalyticsPlugin:257 - Accepted Firmware Licenses: FW.G4.1.5.0,FW.G4.1.6.0,FW.F4.1.28.0,FW.H7.1.11.0
2026-01-15 09:47:28,249 [INFO] PluginManage:359 - Loaded plugin analytics (category:tool,tabindex:-1)
2026-01-15 09:47:28,249 [INFO] PluginManage:310 - Check plugin cadmodel
2026-01-15 09:47:28,266 [INFO] CADModel:105 - Init CAD model plugin
2026-01-15 09:47:28,266 [INFO] PluginManage:359 - Loaded plugin cadmodel (category:power,tabindex:5)
2026-01-15 09:47:28,266 [INFO] PluginManage:310 - Check plugin clock
2026-01-15 09:47:28,287 [INFO] PluginManage:359 - Loaded plugin clock (category:base,tabindex:2)
2026-01-15 09:47:28,287 [INFO] PluginManage:310 - Check plugin ddr
2026-01-15 09:47:28,289 [INFO] PluginManage:359 - Loaded plugin ddr (category:tool,tabindex:6)
2026-01-15 09:47:28,289 [INFO] PluginManage:310 - Check plugin filemanager
2026-01-15 09:47:28,419 [INFO] PluginManage:359 - Loaded plugin filemanager (category:base,tabindex:10)
2026-01-15 09:47:28,420 [INFO] PluginManage:310 - Check plugin ipmanager
2026-01-15 09:47:28,426 [INFO] PluginManage:359 - Loaded plugin ipmanager (category:base,tabindex:5)
2026-01-15 09:47:28,427 [INFO] PluginManage:310 - Check plugin lpbam
2026-01-15 09:47:28,444 [INFO] PluginManage:359 - Loaded plugin lpbam (category:base,tabindex:0)
2026-01-15 09:47:28,445 [INFO] PluginManage:310 - Check plugin memorymap
2026-01-15 09:47:28,469 [INFO] PluginManage:359 - Loaded plugin memorymap (category:base,tabindex:4)
2026-01-15 09:47:28,469 [INFO] PluginManage:310 - Check plugin pinoutandconfiguration
2026-01-15 09:47:28,486 [INFO] PluginManage:359 - Loaded plugin pinoutandconfiguration (category:base,tabindex:1)
2026-01-15 09:47:28,486 [INFO] PluginManage:310 - Check plugin pinoutconfig
2026-01-15 09:47:28,561 [WARN] SupportedApi:132 - Cannot load RTOS API schema: s4s-elt-must-match.1: The content of 'definitions' must match (annotation?, (simpleType | complexType)?, (unique | key | keyref)*)). A problem was found starting at: attribute.
2026-01-15 09:47:28,665 [INFO] PluginManage:359 - Loaded plugin pinoutconfig (category:base,tabindex:0)
2026-01-15 09:47:28,665 [INFO] PluginManage:310 - Check plugin power
2026-01-15 09:47:28,685 [INFO] PluginManage:359 - Loaded plugin power (category:power,tabindex:4)
2026-01-15 09:47:28,685 [INFO] PluginManage:310 - Check plugin projectmanager
2026-01-15 09:47:28,698 [INFO] PluginManage:359 - Loaded plugin projectmanager (category:projectmanager,tabindex:4)
2026-01-15 09:47:28,699 [INFO] PluginManage:310 - Check plugin rif
2026-01-15 09:47:28,716 [INFO] PluginManage:359 - Loaded plugin rif (category:base,tabindex:3)
2026-01-15 09:47:28,716 [INFO] PluginManage:310 - Check plugin thirdparty
2026-01-15 09:47:28,984 [INFO] PluginManage:359 - Loaded plugin thirdparty (category:base,tabindex:-1)
2026-01-15 09:47:28,985 [INFO] PluginManage:310 - Check plugin tools
2026-01-15 09:47:28,984 [WARN] IntegrityCheckThread:84 - waiting for thirdparty lock release [integrity check]
2026-01-15 09:47:28,985 [INFO] IntegrityCheckThread:86 - entering critical section [integrity check]
2026-01-15 09:47:28,985 [INFO] ThirdPartyUpdaterWithRetryManager:70 - Updater plugin not ready yet. [1/15]
2026-01-15 09:47:29,017 [INFO] PluginManage:359 - Loaded plugin tools (category:base,tabindex:7)
2026-01-15 09:47:29,017 [INFO] PluginManage:310 - Check plugin tutovideos
2026-01-15 09:47:29,164 [INFO] PluginManage:359 - Loaded plugin tutovideos (category:base,tabindex:-1)
2026-01-15 09:47:29,164 [INFO] PluginManage:310 - Check plugin updater
2026-01-15 09:47:29,177 [INFO] PluginManage:359 - Loaded plugin updater (category:base,tabindex:12)
2026-01-15 09:47:29,177 [INFO] PluginManage:310 - Check plugin userauth
2026-01-15 09:47:29,182 [INFO] UserAuth:113 - Init User Auth plugin
2026-01-15 09:47:29,182 [INFO] PluginManage:359 - Loaded plugin userauth (category:base,tabindex:14)
2026-01-15 09:47:29,182 [INFO] PluginManage:283 - PluginManage : Loaded plugins [18]
2026-01-15 09:47:29,352 [INFO] PinOutPanel:1561 - setPackage(No Configuration,No Configuration)
2026-01-15 09:47:29,428 [INFO] CADModel:165 - CPN selected for project level
2026-01-15 09:47:29,428 [INFO] CADModel:114 - Register for checkConnection events
2026-01-15 09:47:29,452 [INFO] IPUIPlugin:80 - create IPUIPlugin
2026-01-15 09:47:29,452 [INFO] PluginManager:220 - loadIPPluginJar : add adc
2026-01-15 09:47:29,487 [INFO] IPUIPlugin:80 - create IPUIPlugin
2026-01-15 09:47:29,488 [INFO] PluginManager:220 - loadIPPluginJar : add aes
2026-01-15 09:47:29,526 [INFO] IPUIPlugin:80 - create IPUIPlugin
2026-01-15 09:47:29,526 [INFO] PluginManager:220 - loadIPPluginJar : add can
2026-01-15 09:47:29,550 [INFO] IPUIPlugin:80 - create IPUIPlugin
2026-01-15 09:47:29,550 [INFO] PluginManager:220 - loadIPPluginJar : add comp
2026-01-15 09:47:29,580 [INFO] IPUIPlugin:80 - create IPUIPlugin
2026-01-15 09:47:29,580 [INFO] PluginManager:220 - loadIPPluginJar : add cryp
2026-01-15 09:47:29,592 [INFO] IPUIPlugin:80 - create IPUIPlugin
2026-01-15 09:47:29,593 [INFO] PluginManager:220 - loadIPPluginJar : add ddr_ctrl_phy
2026-01-15 09:47:29,621 [INFO] IPUIPlugin:80 - create IPUIPlugin
2026-01-15 09:47:29,621 [INFO] PluginManager:220 - loadIPPluginJar : add dfsdm
2026-01-15 09:47:29,633 [INFO] IPUIPlugin:80 - create IPUIPlugin
2026-01-15 09:47:29,634 [INFO] PluginManager:220 - loadIPPluginJar : add dma
2026-01-15 09:47:29,671 [INFO] IPUIPlugin:80 - create IPUIPlugin
2026-01-15 09:47:29,672 [INFO] PluginManager:220 - loadIPPluginJar : add dma3
2026-01-15 09:47:29,708 [INFO] IPUIPlugin:80 - create IPUIPlugin
2026-01-15 09:47:29,709 [INFO] PluginManager:220 - loadIPPluginJar : add extmemmanager
2026-01-15 09:47:29,728 [INFO] IPUIPlugin:80 - create IPUIPlugin
2026-01-15 09:47:29,728 [INFO] PluginManager:220 - loadIPPluginJar : add fatfs
2026-01-15 09:47:29,769 [INFO] IPUIPlugin:80 - create IPUIPlugin
2026-01-15 09:47:29,769 [INFO] PluginManager:220 - loadIPPluginJar : add fmc
2026-01-15 09:47:29,783 [INFO] IPUIPlugin:80 - create IPUIPlugin
2026-01-15 09:47:29,784 [INFO] PluginManager:220 - loadIPPluginJar : add freertos
2026-01-15 09:47:29,802 [INFO] IPUIPlugin:80 - create IPUIPlugin
2026-01-15 09:47:29,802 [INFO] PluginManager:220 - loadIPPluginJar : add genericplugin
2026-01-15 09:47:29,879 [INFO] IPUIPlugin:80 - create IPUIPlugin
2026-01-15 09:47:29,879 [INFO] PluginManager:220 - loadIPPluginJar : add gfxmmu
2026-01-15 09:47:29,985 [INFO] IPUIPlugin:80 - create IPUIPlugin
2026-01-15 09:47:29,985 [INFO] PluginManager:220 - loadIPPluginJar : add gic
2026-01-15 09:47:29,996 [INFO] IPUIPlugin:80 - create IPUIPlugin
2026-01-15 09:47:29,996 [INFO] PluginManager:220 - loadIPPluginJar : add gpio
2026-01-15 09:47:30,070 [INFO] IPUIPlugin:80 - create IPUIPlugin
2026-01-15 09:47:30,070 [INFO] PluginManager:220 - loadIPPluginJar : add gtzc
2026-01-15 09:47:30,100 [INFO] IPUIPlugin:80 - create IPUIPlugin
2026-01-15 09:47:30,100 [INFO] PluginManager:220 - loadIPPluginJar : add hash
2026-01-15 09:47:30,144 [INFO] IPUIPlugin:80 - create IPUIPlugin
2026-01-15 09:47:30,144 [INFO] PluginManager:220 - loadIPPluginJar : add i2c
2026-01-15 09:47:30,177 [INFO] IPUIPlugin:80 - create IPUIPlugin
2026-01-15 09:47:30,178 [INFO] PluginManager:220 - loadIPPluginJar : add i2s
2026-01-15 09:47:30,212 [INFO] IPUIPlugin:80 - create IPUIPlugin
2026-01-15 09:47:30,212 [INFO] PluginManager:220 - loadIPPluginJar : add i3c
2026-01-15 09:47:30,292 [INFO] IPUIPlugin:80 - create IPUIPlugin
2026-01-15 09:47:30,293 [INFO] PluginManager:220 - loadIPPluginJar : add ipddr
2026-01-15 09:47:30,370 [INFO] IPUIPlugin:80 - create IPUIPlugin
2026-01-15 09:47:30,370 [INFO] PluginManager:220 - loadIPPluginJar : add linkedlist
2026-01-15 09:47:30,404 [INFO] IPUIPlugin:80 - create IPUIPlugin
2026-01-15 09:47:30,405 [INFO] PluginManager:220 - loadIPPluginJar : add lorawan
2026-01-15 09:47:30,437 [INFO] IPUIPlugin:80 - create IPUIPlugin
2026-01-15 09:47:30,437 [INFO] PluginManager:220 - loadIPPluginJar : add ltdc
2026-01-15 09:47:30,449 [INFO] IPUIPlugin:80 - create IPUIPlugin
2026-01-15 09:47:30,450 [INFO] PluginManager:220 - loadIPPluginJar : add mdma
2026-01-15 09:47:30,462 [INFO] IPUIPlugin:80 - create IPUIPlugin
2026-01-15 09:47:30,462 [INFO] PluginManager:220 - loadIPPluginJar : add nvic
2026-01-15 09:47:30,496 [INFO] IPUIPlugin:80 - create IPUIPlugin
2026-01-15 09:47:30,496 [INFO] PluginManager:220 - loadIPPluginJar : add opamp
2026-01-15 09:47:30,547 [INFO] IPUIPlugin:80 - create IPUIPlugin
2026-01-15 09:47:30,547 [INFO] PluginManager:220 - loadIPPluginJar : add openamp
2026-01-15 09:47:30,584 [INFO] IPUIPlugin:80 - create IPUIPlugin
2026-01-15 09:47:30,584 [INFO] PluginManager:220 - loadIPPluginJar : add pdm2pcm
2026-01-15 09:47:30,598 [INFO] IPUIPlugin:80 - create IPUIPlugin
2026-01-15 09:47:30,599 [INFO] PluginManager:220 - loadIPPluginJar : add plateformsettings
2026-01-15 09:47:30,621 [INFO] IPUIPlugin:80 - create IPUIPlugin
2026-01-15 09:47:30,621 [INFO] PluginManager:220 - loadIPPluginJar : add quadspi
2026-01-15 09:47:30,645 [INFO] IPUIPlugin:80 - create IPUIPlugin
2026-01-15 09:47:30,645 [INFO] PluginManager:220 - loadIPPluginJar : add radio
2026-01-15 09:47:30,658 [INFO] IPUIPlugin:80 - create IPUIPlugin
2026-01-15 09:47:30,658 [INFO] PluginManager:220 - loadIPPluginJar : add resmgrutility
2026-01-15 09:47:30,695 [INFO] IPUIPlugin:80 - create IPUIPlugin
2026-01-15 09:47:30,695 [INFO] PluginManager:220 - loadIPPluginJar : add sai
2026-01-15 09:47:30,728 [INFO] IPUIPlugin:80 - create IPUIPlugin
2026-01-15 09:47:30,728 [INFO] PluginManager:220 - loadIPPluginJar : add spi
2026-01-15 09:47:30,787 [INFO] IPUIPlugin:80 - create IPUIPlugin
2026-01-15 09:47:30,787 [INFO] PluginManager:220 - loadIPPluginJar : add stm32_wpan
2026-01-15 09:47:30,810 [INFO] IPUIPlugin:80 - create IPUIPlugin
2026-01-15 09:47:30,810 [INFO] PluginManager:220 - loadIPPluginJar : add tim
2026-01-15 09:47:30,860 [INFO] IPUIPlugin:80 - create IPUIPlugin
2026-01-15 09:47:30,860 [INFO] PluginManager:220 - loadIPPluginJar : add touchsensing
2026-01-15 09:47:30,880 [INFO] IPUIPlugin:80 - create IPUIPlugin
2026-01-15 09:47:30,880 [INFO] PluginManager:220 - loadIPPluginJar : add tracer_emb
2026-01-15 09:47:30,903 [INFO] IPUIPlugin:80 - create IPUIPlugin
2026-01-15 09:47:30,903 [INFO] PluginManager:220 - loadIPPluginJar : add ts
2026-01-15 09:47:30,926 [INFO] IPUIPlugin:80 - create IPUIPlugin
2026-01-15 09:47:30,926 [INFO] PluginManager:220 - loadIPPluginJar : add tsc
2026-01-15 09:47:30,946 [INFO] IPUIPlugin:80 - create IPUIPlugin
2026-01-15 09:47:30,946 [INFO] PluginManager:220 - loadIPPluginJar : add ucpd
2026-01-15 09:47:30,990 [INFO] IPUIPlugin:80 - create IPUIPlugin
2026-01-15 09:47:30,990 [INFO] PluginManager:220 - loadIPPluginJar : add usart
2026-01-15 09:47:31,029 [INFO] IPUIPlugin:80 - create IPUIPlugin
2026-01-15 09:47:31,029 [INFO] PluginManager:220 - loadIPPluginJar : add usbx
2026-01-15 09:47:31,141 [INFO] CADModel:165 - CPN selected for project level
2026-01-15 09:47:31,141 [INFO] CADModel:114 - Register for checkConnection events
2026-01-15 09:47:31,142 [FATAL] Updater:334 - Updater called before beeing initialized
2026-01-15 09:47:31,142 [ERROR] CADModel:125 - Updater not yet initialized, retry later 
2026-01-15 09:47:31,234 [INFO] CADModel:165 - CPN selected for project level
2026-01-15 09:47:31,234 [INFO] CADModel:114 - Register for checkConnection events
2026-01-15 09:47:31,234 [FATAL] Updater:334 - Updater called before beeing initialized
2026-01-15 09:47:31,234 [ERROR] CADModel:125 - Updater not yet initialized, retry later 
2026-01-15 09:47:31,236 [FATAL] Updater:334 - Updater called before beeing initialized
2026-01-15 09:47:31,317 [FATAL] Updater:334 - Updater called before beeing initialized
2026-01-15 09:47:31,327 [INFO] DbMcusAds:53 - JSON generation date=Tue Jul 08 17:14:27 KST 2025 (1751962467633)
2026-01-15 09:47:31,327 [FATAL] Updater:334 - Updater called before beeing initialized
2026-01-15 09:47:31,358 [WARN] DetailPanel:346 - Failed to get advertising image, set to default
2026-01-15 09:47:31,445 [FATAL] Updater:334 - Updater called before beeing initialized
2026-01-15 09:47:31,446 [FATAL] Updater:334 - Updater called before beeing initialized
2026-01-15 09:47:31,446 [FATAL] Updater:334 - Updater called before beeing initialized
2026-01-15 09:47:31,446 [WARN] DetailPanel:346 - Failed to get advertising image, set to default
2026-01-15 09:47:31,447 [FATAL] Updater:334 - Updater called before beeing initialized
2026-01-15 09:47:31,497 [ERROR] Updater:1164 - MainUpdater not yet initialized. External WinMGr cannot be set.
2026-01-15 09:47:31,507 [INFO] Updater:1100 - Updater Version found : 6.12.1
2026-01-15 09:47:31,520 [INFO] ApplicationProperties:184 - Using Application install path: C:\ST\STM32CubeIDE_1.16.1\STM32CubeIDE\plugins\com.st.stm32cube.common.mx_6.12.1.202409122256
2026-01-15 09:47:31,819 [INFO] McuFinderGlobals:63 - Set McuFinder mode to 2 (CubeIDE integrated)
2026-01-15 09:47:31,986 [INFO] ThirdPartyUpdaterWithRetryManager:70 - Updater plugin not ready yet. [2/15]
2026-01-15 09:47:32,220 [INFO] MainUpdater:2873 - connection check result : 10
2026-01-15 09:47:32,220 [INFO] MainUpdater:3567 - Updater definition file requires update
2026-01-15 09:47:32,221 [INFO] MainUpdater:290 - Updater Check For Update Now.
2026-01-15 09:47:32,221 [INFO] MicroXplorer:498 - Change Database Version : DB.6.0.121
2026-01-15 09:47:32,235 [INFO] McuFinderGlobals:63 - Set McuFinder mode to 2 (CubeIDE integrated)
2026-01-15 09:47:32,241 [INFO] UserAuth:417 - Internet connection configuration mode: 1
2026-01-15 09:47:32,265 [INFO] JxBrowserEngine:152 - Initiate JxBrowser Engine with user profile folder
2026-01-15 09:47:32,520 [INFO] ServerAccessManage:473 - Download File updaters.zip
2026-01-15 09:47:33,285 [INFO] FileExtend:240 - Unzip File : updaters.zip
2026-01-15 09:47:33,285 [INFO] FileExtend:255 - Standard Zip Deflate
2026-01-15 09:47:34,235 [INFO] ServerAccessManage:473 - Download File PacksControlFlags.xml
2026-01-15 09:47:34,646 [INFO] ServerAccessManage:473 - Download File cubemx.pidx
2026-01-15 09:47:34,739 [INFO] WebApp:167 - Instantiating new browser for Auth
2026-01-15 09:47:34,988 [WARN] MainUpdater:1194 - Updater busy. Cannot search thirdparties
2026-01-15 09:47:34,988 [INFO] ThirdPartyUpdaterWithRetryManager:96 - Updater plugin is busy. [1/15]
2026-01-15 09:47:35,602 [INFO] WebApp:448 - Apply proxy settings
2026-01-15 09:47:35,606 [INFO] WebApp:493 - Chromium authenticates against Manually configured proxy
2026-01-15 09:47:35,612 [INFO] WebApp:501 - Username used for proxy authentication: 
2026-01-15 09:47:35,638 [INFO] WebApp:869 - Register for checkConnection events
2026-01-15 09:47:35,638 [INFO] WebApp:448 - Apply proxy settings
2026-01-15 09:47:35,641 [INFO] WebApp:493 - Chromium authenticates against Manually configured proxy
2026-01-15 09:47:35,641 [INFO] WebApp:501 - Username used for proxy authentication: 
2026-01-15 09:47:35,771 [INFO] WebApp:220 - Starting web application
2026-01-15 09:47:35,771 [INFO] WebApp:578 - Web application path used C:\ST\STM32CubeIDE_1.16.1\STM32CubeIDE\plugins\com.st.stm32cube.common.mx_6.12.1.202409122256\db\plugins\mcufinder\reactClient1\index.html
2026-01-15 09:47:35,900 [INFO] UserAuth:417 - Internet connection configuration mode: 1
2026-01-15 09:47:35,960 [INFO] WebApp:186 - Connection restablished
2026-01-15 09:47:36,162 [INFO] ServerAccessManage:473 - Download File STMicroelectronics.X-CUBE-FREERTOS.pdsc
2026-01-15 09:47:37,991 [WARN] MainUpdater:1194 - Updater busy. Cannot search thirdparties
2026-01-15 09:47:37,991 [INFO] ThirdPartyUpdaterWithRetryManager:96 - Updater plugin is busy. [2/15]
2026-01-15 09:47:40,906 [INFO] ServerAccessManage:473 - Download File STMicroelectronics.X-CUBE-ST67W61.pdsc
2026-01-15 09:47:40,991 [WARN] MainUpdater:1194 - Updater busy. Cannot search thirdparties
2026-01-15 09:47:40,991 [INFO] ThirdPartyUpdaterWithRetryManager:96 - Updater plugin is busy. [3/15]
2026-01-15 09:47:42,164 [WARN] PopulateThirdPartyThread:106 - Error when creating pack: C:/Users/RND1/.stm32cubemx/thirdparties/pdsc/STMicroelectronics.X-CUBE-FREERTOS.pdsc
2026-01-15 09:47:42,166 [WARN] PopulateThirdPartyThread:106 - Error when creating pack: C:/Users/RND1/.stm32cubemx/thirdparties/pdsc/STMicroelectronics.X-CUBE-ST67W61.pdsc
2026-01-15 09:47:42,166 [INFO] PopulateThirdPartyThread:66 - Ending populate Thread
2026-01-15 09:47:42,166 [INFO] LoadServerUpdatesThread:375 - End of LoadServerUpdate Thread
2026-01-15 09:47:42,316 [INFO] CheckServerUpdateThread:120 - End of CheckServer Thread
2026-01-15 09:47:42,469 [INFO] MainUpdater:2873 - connection check result : 10
2026-01-15 09:47:42,488 [INFO] MainUpdater:2873 - connection check result : 10
2026-01-15 09:47:42,669 [INFO] RulesReader:64 - Compatibility file has been processed (297 Rules)
2026-01-15 09:47:42,674 [INFO] RulesReader:64 - Compatibility file has been processed (297 Rules)
2026-01-15 09:47:42,677 [INFO] MicroXplorer:468 - Change Database Path : 
2026-01-15 09:47:42,678 [INFO] MicroXplorer:498 - Change Database Version : DB.6.0.121
2026-01-15 09:47:42,690 [WARN] ThirdParty:871 - waiting for thirdparty lock release [close project]
2026-01-15 09:47:44,227 [WARN] PackLoader:240 - Cannot read IP mode file for STMicroelectronics.FP-SNS-MOTENVWB1.1.4.0
2026-01-15 09:47:44,234 [WARN] PackLoader:240 - Cannot read IP mode file for STMicroelectronics.FP-ATR-ASTRA1.2.0.2
2026-01-15 09:47:44,253 [WARN] PackLoader:240 - Cannot read IP mode file for STMicroelectronics.FP-ATR-ASTRA1.2.0.1
2026-01-15 09:47:44,268 [WARN] PackLoader:240 - Cannot read IP mode file for STMicroelectronics.X-CUBE-SMBUS.2.1.0
2026-01-15 09:47:44,283 [WARN] PackLoader:240 - Cannot read IP mode file for STMicroelectronics.X-CUBE-WB05N.1.1.0
2026-01-15 09:47:44,292 [ERROR] Engine:466 - C:\Users\RND1\.stm32cubemx\thirdparties\pdsc\STMicroelectronics.X-CUBE-ST60.1.0.0.pdsc: PDSC version is not supported
2026-01-15 09:47:44,303 [WARN] PackLoader:240 - Cannot read IP mode file for STMicroelectronics.X-CUBE-TOUCHGFX.4.23.0
2026-01-15 09:47:44,313 [WARN] PackLoader:240 - Cannot read IP mode file for STMicroelectronics.X-CUBE-TOUCHGFX.4.23.2
2026-01-15 09:47:44,337 [WARN] PackLoader:240 - Cannot read IP mode file for STMicroelectronics.X-CUBE-AZRTOS-F7.1.1.0
2026-01-15 09:47:44,352 [WARN] PackLoader:240 - Cannot read IP mode file for STMicroelectronics.FP-SNS-MOTENV1.4.3.2
2026-01-15 09:47:44,392 [WARN] PackLoader:240 - Cannot read IP mode file for STMicroelectronics.X-CUBE-MEMS1.11.0.0
2026-01-15 09:47:44,467 [ERROR] Engine:466 - C:\Users\RND1\.stm32cubemx\thirdparties\pdsc\STMicroelectronics.FP-SNS-MOTENV1.5.1.0.pdsc: PDSC version is not supported
2026-01-15 09:47:44,480 [WARN] PackLoader:240 - Cannot read IP mode file for STMicroelectronics.FP-SNS-FLIGHT1.5.0.2
2026-01-15 09:47:44,507 [WARN] PackLoader:240 - Cannot read IP mode file for STMicroelectronics.X-CUBE-AZRTOS-H7.3.4.0
2026-01-15 09:47:44,527 [WARN] PackLoader:240 - Cannot read IP mode file for STMicroelectronics.X-CUBE-DISPLAY.3.0.0
2026-01-15 09:47:44,542 [WARN] PackLoader:240 - Cannot read IP mode file for STMicroelectronics.X-CUBE-BLE1.7.0.0
2026-01-15 09:47:44,558 [WARN] PackLoader:240 - Cannot read IP mode file for STMicroelectronics.X-CUBE-NFC10.1.0.0
2026-01-15 09:47:44,576 [WARN] PackLoader:240 - Cannot read IP mode file for STMicroelectronics.X-CUBE-BLEMGR.4.0.0
2026-01-15 09:47:44,588 [ERROR] Engine:466 - C:\Users\RND1\.stm32cubemx\thirdparties\pdsc\STMicroelectronics.X-CUBE-ST60.1.1.0.pdsc: PDSC version is not supported
2026-01-15 09:47:44,603 [WARN] PackLoader:240 - Cannot read IP mode file for emotas.I-CUBE-CANOPEN.1.3.0
2026-01-15 09:47:44,619 [WARN] PackLoader:240 - Cannot read IP mode file for STMicroelectronics.X-CUBE-GNSS1.7.1.0
2026-01-15 09:47:44,634 [WARN] PackLoader:240 - Cannot read IP mode file for STMicroelectronics.X-CUBE-BLEMGR.3.1.0
2026-01-15 09:47:44,649 [WARN] PackLoader:240 - Cannot read IP mode file for STMicroelectronics.X-CUBE-AI.10.0.0
2026-01-15 09:47:44,663 [ERROR] Engine:466 - C:\Users\RND1\.stm32cubemx\thirdparties\pdsc\STMicroelectronics.FP-SNS-STBOX1.2.1.0.pdsc: PDSC version is not supported
2026-01-15 09:47:44,680 [WARN] PackLoader:240 - Cannot read IP mode file for STMicroelectronics.FP-SNS-SMARTAG2.1.2.0
2026-01-15 09:47:44,684 [ERROR] Engine:466 - C:\Users\RND1\.stm32cubemx\thirdparties\pdsc\STMicroelectronics.FP-SNS-FLIGHT1.5.1.0.pdsc: PDSC version is not supported
2026-01-15 09:47:44,726 [WARN] PackLoader:240 - Cannot read IP mode file for STMicroelectronics.X-CUBE-MEMS1.11.1.0
2026-01-15 09:47:44,798 [INFO] LogOutputStream:77 - [STDOUT_REDIRECT] 1 : Invalid condition id : UX_CORESTACK_Condition cause : null
2026-01-15 09:47:44,800 [INFO] LogOutputStream:77 - [STDOUT_REDIRECT] 1 : Invalid condition id : UX_CORESTACK_Condition cause : null
2026-01-15 09:47:44,800 [INFO] LogOutputStream:77 - [STDOUT_REDIRECT] 1 : Invalid condition id : UX_CORESTACK_Condition cause : null
2026-01-15 09:47:44,801 [INFO] LogOutputStream:77 - [STDOUT_REDIRECT] 1 : Invalid condition id : UX_CORESTACK_Condition cause : null
2026-01-15 09:47:44,803 [INFO] LogOutputStream:77 - [STDOUT_REDIRECT] 1 : Invalid condition id : UX_CORESTACK_Condition cause : null
2026-01-15 09:47:44,804 [WARN] PackLoader:240 - Cannot read IP mode file for STMicroelectronics.X-CUBE-AZRTOS-WL.2.0.0
2026-01-15 09:47:44,820 [WARN] PackLoader:240 - Cannot read IP mode file for STMicroelectronics.FP-SNS-MOTENV1.5.0.0
2026-01-15 09:47:44,853 [WARN] PackLoader:240 - Cannot read IP mode file for STMicroelectronics.X-CUBE-AZRTOS-H7RS.1.2.0
2026-01-15 09:47:44,861 [WARN] PackLoader:240 - Cannot read IP mode file for wolfSSL.I-CUBE-wolfMQTT.1.19.0
2026-01-15 09:47:44,876 [WARN] PackLoader:240 - Cannot read IP mode file for WES.I-CUBE-Cesium.1.3.0
2026-01-15 09:47:44,889 [WARN] PackLoader:240 - Cannot read IP mode file for STMicroelectronics.X-CUBE-BLE2.3.3.0
2026-01-15 09:47:44,893 [ERROR] Engine:466 - C:\Users\RND1\.stm32cubemx\thirdparties\pdsc\Avnet-IOTCONNECT.X-CUBE-iotc-st67-sdk.1.0.0.pdsc: PDSC version is not supported
2026-01-15 09:47:44,906 [WARN] PackLoader:240 - Cannot read IP mode file for STMicroelectronics.X-CUBE-NFC9.1.0.0
2026-01-15 09:47:44,919 [WARN] PackLoader:240 - Cannot read IP mode file for STMicroelectronics.X-CUBE-BLE1.7.1.0
2026-01-15 09:47:44,933 [WARN] PackLoader:240 - Cannot read IP mode file for STMicroelectronics.X-CUBE-TCPP.4.1.0
2026-01-15 09:47:44,936 [ERROR] Engine:466 - C:\Users\RND1\.stm32cubemx\thirdparties\pdsc\STMicroelectronics.X-CUBE-FREERTOS.1.4.0.pdsc: PDSC version is not supported
2026-01-15 09:47:44,950 [WARN] PackLoader:240 - Cannot read IP mode file for STMicroelectronics.X-CUBE-EEPRMA1.5.2.0
2026-01-15 09:47:44,963 [ERROR] Engine:466 - C:\Users\RND1\.stm32cubemx\thirdparties\pdsc\STMicroelectronics.X-CUBE-ST67W61.1.1.0.pdsc: PDSC version is not supported
2026-01-15 09:47:44,977 [WARN] PackLoader:240 - Cannot read IP mode file for STMicroelectronics.X-CUBE-AI.10.1.0
2026-01-15 09:47:45,015 [WARN] PackLoader:240 - Cannot read IP mode file for STMicroelectronics.X-CUBE-MEMS1.12.0.0
2026-01-15 09:47:45,061 [WARN] PackLoader:240 - Cannot read IP mode file for STMicroelectronics.X-CUBE-ALGOBUILD.1.3.0
2026-01-15 09:47:45,096 [WARN] PackLoader:240 - Cannot read IP mode file for STMicroelectronics.X-CUBE-MEMS1.11.2.0
2026-01-15 09:47:45,163 [WARN] PackLoader:240 - Cannot read IP mode file for STMicroelectronics.X-CUBE-AZRTOS-G0.1.1.0
2026-01-15 09:47:45,177 [WARN] PackLoader:240 - Cannot read IP mode file for STMicroelectronics.X-CUBE-SAFEA1.1.2.2
2026-01-15 09:47:45,189 [WARN] PackLoader:240 - Cannot read IP mode file for STMicroelectronics.X-CUBE-NFC4.3.0.0
2026-01-15 09:47:45,201 [WARN] PackLoader:240 - Cannot read IP mode file for wolfSSL.I-CUBE-wolfMQTT.1.18.0
2026-01-15 09:47:45,216 [WARN] PackLoader:240 - Cannot read IP mode file for EmbeddedOffice.I-CUBE-FS-RTOS.1.0.1
2026-01-15 09:47:45,217 [ERROR] ConditionMgr:805 - Attr not supported : Dmpu
2026-01-15 09:47:45,217 [ERROR] ConditionMgr:805 - Attr not supported : Dmpu
2026-01-15 09:47:45,217 [ERROR] ConditionMgr:805 - Attr not supported : Dmpu
2026-01-15 09:47:45,217 [ERROR] ConditionMgr:805 - Attr not supported : Dmpu
2026-01-15 09:47:45,217 [ERROR] ConditionMgr:805 - Attr not supported : Dmpu
2026-01-15 09:47:45,217 [ERROR] ConditionMgr:805 - Attr not supported : Dmpu
2026-01-15 09:47:45,217 [ERROR] ConditionMgr:805 - Attr not supported : Dmpu
2026-01-15 09:47:45,217 [ERROR] ConditionMgr:805 - Attr not supported : Dmpu
2026-01-15 09:47:45,217 [ERROR] ConditionMgr:805 - Attr not supported : Dmpu
2026-01-15 09:47:45,217 [ERROR] ConditionMgr:805 - Attr not supported : Dmpu
2026-01-15 09:47:45,217 [ERROR] ConditionMgr:805 - Attr not supported : Dmpu
2026-01-15 09:47:45,217 [ERROR] ConditionMgr:805 - Attr not supported : Dmpu
2026-01-15 09:47:45,217 [ERROR] ConditionMgr:805 - Attr not supported : Dmpu
2026-01-15 09:47:45,217 [ERROR] ConditionMgr:805 - Attr not supported : Dmpu
2026-01-15 09:47:45,217 [ERROR] ConditionMgr:805 - Attr not supported : Dmpu
2026-01-15 09:47:45,217 [ERROR] ConditionMgr:805 - Attr not supported : Dmpu
2026-01-15 09:47:45,217 [ERROR] ConditionMgr:805 - Attr not supported : Dmpu
2026-01-15 09:47:45,217 [ERROR] ConditionMgr:805 - Attr not supported : Dmpu
2026-01-15 09:47:45,217 [ERROR] ConditionMgr:805 - Attr not supported : Dmpu
2026-01-15 09:47:45,217 [ERROR] ConditionMgr:805 - Attr not supported : Dmpu
2026-01-15 09:47:45,218 [ERROR] ConditionMgr:805 - Attr not supported : Dmpu
2026-01-15 09:47:45,218 [ERROR] ConditionMgr:805 - Attr not supported : Dmpu
2026-01-15 09:47:45,218 [ERROR] ConditionMgr:805 - Attr not supported : Dmpu
2026-01-15 09:47:45,218 [ERROR] ConditionMgr:805 - Attr not supported : Dmpu
2026-01-15 09:47:45,218 [ERROR] ConditionMgr:805 - Attr not supported : Dmpu
2026-01-15 09:47:45,218 [ERROR] ConditionMgr:805 - Attr not supported : Dmpu
2026-01-15 09:47:45,218 [ERROR] ConditionMgr:805 - Attr not supported : Dmpu
2026-01-15 09:47:45,218 [ERROR] ConditionMgr:805 - Attr not supported : Dmpu
2026-01-15 09:47:45,218 [ERROR] ConditionMgr:805 - Attr not supported : Dmpu
2026-01-15 09:47:45,218 [ERROR] ConditionMgr:805 - Attr not supported : Dmpu
2026-01-15 09:47:45,218 [ERROR] ConditionMgr:805 - Attr not supported : Dmpu
2026-01-15 09:47:45,218 [ERROR] ConditionMgr:805 - Attr not supported : Dmpu
2026-01-15 09:47:45,218 [ERROR] ConditionMgr:805 - Attr not supported : Dmpu
2026-01-15 09:47:45,218 [ERROR] ConditionMgr:805 - Attr not supported : Dmpu
2026-01-15 09:47:45,218 [ERROR] ConditionMgr:805 - Attr not supported : Dmpu
2026-01-15 09:47:45,218 [ERROR] ConditionMgr:805 - Attr not supported : Dmpu
2026-01-15 09:47:45,218 [ERROR] ConditionMgr:805 - Attr not supported : Dmpu
2026-01-15 09:47:45,218 [ERROR] ConditionMgr:805 - Attr not supported : Dmpu
2026-01-15 09:47:45,218 [ERROR] ConditionMgr:805 - Attr not supported : Dmpu
2026-01-15 09:47:45,218 [ERROR] ConditionMgr:805 - Attr not supported : Dmpu
2026-01-15 09:47:45,218 [ERROR] ConditionMgr:805 - Attr not supported : Dmpu
2026-01-15 09:47:45,218 [ERROR] ConditionMgr:805 - Attr not supported : Dmpu
2026-01-15 09:47:45,218 [ERROR] ConditionMgr:805 - Attr not supported : Dmpu
2026-01-15 09:47:45,218 [ERROR] ConditionMgr:805 - Attr not supported : Dmpu
2026-01-15 09:47:45,218 [ERROR] ConditionMgr:805 - Attr not supported : Dmpu
2026-01-15 09:47:45,218 [ERROR] ConditionMgr:805 - Attr not supported : Dmpu
2026-01-15 09:47:45,218 [ERROR] ConditionMgr:805 - Attr not supported : Dmpu
2026-01-15 09:47:45,219 [ERROR] ConditionMgr:805 - Attr not supported : Dmpu
2026-01-15 09:47:45,219 [ERROR] ConditionMgr:805 - Attr not supported : Dmpu
2026-01-15 09:47:45,219 [ERROR] ConditionMgr:805 - Attr not supported : Dmpu
2026-01-15 09:47:45,219 [ERROR] ConditionMgr:805 - Attr not supported : Dmpu
2026-01-15 09:47:45,219 [ERROR] ConditionMgr:805 - Attr not supported : Dmpu
2026-01-15 09:47:45,219 [ERROR] ConditionMgr:805 - Attr not supported : Dmpu
2026-01-15 09:47:45,219 [ERROR] ConditionMgr:805 - Attr not supported : Dmpu
2026-01-15 09:47:45,219 [ERROR] ConditionMgr:805 - Attr not supported : Dmpu
2026-01-15 09:47:45,219 [ERROR] ConditionMgr:805 - Attr not supported : Dmpu
2026-01-15 09:47:45,219 [ERROR] ConditionMgr:805 - Attr not supported : Dmpu
2026-01-15 09:47:45,219 [ERROR] ConditionMgr:805 - Attr not supported : Dmpu
2026-01-15 09:47:45,219 [ERROR] ConditionMgr:805 - Attr not supported : Dmpu
2026-01-15 09:47:45,219 [ERROR] ConditionMgr:805 - Attr not supported : Dmpu
2026-01-15 09:47:45,219 [ERROR] ConditionMgr:805 - Attr not supported : Dmpu
2026-01-15 09:47:45,219 [ERROR] ConditionMgr:805 - Attr not supported : Dmpu
2026-01-15 09:47:45,219 [ERROR] ConditionMgr:805 - Attr not supported : Dmpu
2026-01-15 09:47:45,219 [ERROR] ConditionMgr:805 - Attr not supported : Dmpu
2026-01-15 09:47:45,232 [WARN] PackLoader:240 - Cannot read IP mode file for STMicroelectronics.X-CUBE-WB05N.2.0.0
2026-01-15 09:47:45,246 [WARN] PackLoader:240 - Cannot read IP mode file for STMicroelectronics.X-CUBE-BLEMGR.3.0.0
2026-01-15 09:47:45,258 [ERROR] Engine:466 - C:\Users\RND1\.stm32cubemx\thirdparties\pdsc\STMicroelectronics.X-CUBE-TCPP.4.2.0.pdsc: PDSC version is not supported
2026-01-15 09:47:45,270 [WARN] PackLoader:240 - Cannot read IP mode file for RealThread.X-CUBE-RT-Thread_Nano.4.1.1
2026-01-15 09:47:45,274 [WARN] PackLoader:240 - Cannot read IP mode file for STMicroelectronics.FP-ATR-SIGFOX1.3.2.0
2026-01-15 09:47:45,278 [WARN] ConditionMgr:438 - getConditionDescription Invalid condition id : Cortex-A Device cause : null
2026-01-15 09:47:45,293 [WARN] ConditionMgr:1039 - genDependencies : Invalid condition id : Cortex-A Device cause : null
2026-01-15 09:47:45,293 [WARN] ConditionMgr:1039 - genDependencies : Invalid condition id : Cortex-A Device cause : null
2026-01-15 09:47:45,293 [WARN] ConditionMgr:1039 - genDependencies : Invalid condition id : Cortex-A Device cause : null
2026-01-15 09:47:45,304 [WARN] PackLoader:240 - Cannot read IP mode file for STMicroelectronics.X-CUBE-EEPRMA1.5.1.0
2026-01-15 09:47:45,315 [ERROR] Engine:466 - C:\Users\RND1\.stm32cubemx\thirdparties\pdsc\STMicroelectronics.X-CUBE-ST67W61.1.0.0.pdsc: PDSC version is not supported
2026-01-15 09:47:45,326 [WARN] PackLoader:240 - Cannot read IP mode file for STMicroelectronics.X-CUBE-AI.10.2.0
2026-01-15 09:47:45,353 [WARN] PackLoader:240 - Cannot read IP mode file for SEGGER.I-CUBE-embOS.1.3.1
2026-01-15 09:47:45,383 [WARN] PackLoader:240 - Cannot read IP mode file for STMicroelectronics.X-CUBE-ALGOBUILD.1.4.0
2026-01-15 09:47:45,417 [WARN] PackLoader:240 - Cannot read IP mode file for STMicroelectronics.X-CUBE-MEMS1.11.3.0
2026-01-15 09:47:45,479 [WARN] PackLoader:240 - Cannot read IP mode file for STMicroelectronics.X-CUBE-AI.9.1.0
2026-01-15 09:47:45,493 [WARN] PackLoader:240 - Cannot read IP mode file for STMicroelectronics.X-CUBE-PM33A1.1.0.0
2026-01-15 09:47:45,506 [WARN] PackLoader:240 - Cannot read IP mode file for STMicroelectronics.X-CUBE-GNSS1.6.0.0
2026-01-15 09:47:45,527 [WARN] PackLoader:240 - Cannot read IP mode file for STMicroelectronics.X-CUBE-AZRTOS-F4.1.1.0
2026-01-15 09:47:45,541 [WARN] PackLoader:240 - Cannot read IP mode file for wolfSSL.I-CUBE-wolfSSL.5.6.4
2026-01-15 09:47:45,551 [ERROR] Engine:466 - C:\Users\RND1\.stm32cubemx\thirdparties\pdsc\Avnet-IotConnect.X-CUBE-IoTC-DA16k-PMOD.1.0.0.pdsc: PDSC version is not supported
2026-01-15 09:47:45,564 [WARN] PackLoader:240 - Cannot read IP mode file for STMicroelectronics.X-CUBE-ISPU.2.1.0
2026-01-15 09:47:45,577 [ERROR] Engine:466 - C:\Users\RND1\.stm32cubemx\thirdparties\pdsc\STMicroelectronics.X-CUBE-IPS.3.2.0.pdsc: PDSC version is not supported
2026-01-15 09:47:45,590 [WARN] PackLoader:240 - Cannot read IP mode file for STMicroelectronics.X-CUBE-FREERTOS.1.2.0
2026-01-15 09:47:45,604 [WARN] PackLoader:240 - Cannot read IP mode file for STMicroelectronics.X-CUBE-NFC12.1.0.0
2026-01-15 09:47:45,626 [WARN] PackLoader:240 - Cannot read IP mode file for STMicroelectronics.X-CUBE-AZRTOS-L5.2.0.0
2026-01-15 09:47:45,640 [WARN] PackLoader:240 - Cannot read IP mode file for STMicroelectronics.X-CUBE-EEPRMA1.4.2.0
2026-01-15 09:47:45,655 [WARN] PackLoader:240 - Cannot read IP mode file for STMicroelectronics.X-CUBE-NFC6.3.1.0
2026-01-15 09:47:45,668 [WARN] PackLoader:240 - Cannot read IP mode file for ITTIA_DB.I-CUBE-ITTIADB.8.8.0
2026-01-15 09:47:45,681 [WARN] PackLoader:240 - Cannot read IP mode file for STMicroelectronics.X-CUBE-DPower.1.2.0
2026-01-15 09:47:45,692 [WARN] PackLoader:240 - Cannot read IP mode file for STMicroelectronics.X-CUBE-AI.9.0.0
2026-01-15 09:47:45,704 [WARN] PackLoader:240 - Cannot read IP mode file for STMicroelectronics.X-CUBE-FREERTOS.1.3.1
2026-01-15 09:47:45,716 [WARN] PackLoader:240 - Cannot read IP mode file for STMicroelectronics.X-CUBE-FREERTOS.1.3.0
2026-01-15 09:47:45,727 [WARN] PackLoader:240 - Cannot read IP mode file for STMicroelectronics.X-CUBE-NFC7.1.0.1
2026-01-15 09:47:45,739 [WARN] PackLoader:240 - Cannot read IP mode file for STMicroelectronics.X-CUBE-TOUCHGFX.4.26.0
2026-01-15 09:47:45,752 [WARN] PackLoader:240 - Cannot read IP mode file for STMicroelectronics.X-CUBE-NFC6.3.0.0
2026-01-15 09:47:45,763 [ERROR] Engine:466 - C:\Users\RND1\.stm32cubemx\thirdparties\pdsc\STMicroelectronics.FP-SNS-STAIOTCFT.1.0.0.pdsc: PDSC version is not supported
2026-01-15 09:47:45,775 [WARN] PackLoader:240 - Cannot read IP mode file for STMicroelectronics.X-CUBE-DPower.1.3.0
2026-01-15 09:47:45,787 [WARN] PackLoader:240 - Cannot read IP mode file for STMicroelectronics.X-CUBE-AI.8.1.0
2026-01-15 09:47:45,807 [WARN] ConditionMgr:438 - getConditionDescription Invalid condition id : LAN8742 Phy interface Condition cause : null
2026-01-15 09:47:45,807 [WARN] PackLoader:240 - Cannot read IP mode file for STMicroelectronics.X-CUBE-AZRTOS-L4.2.0.0
2026-01-15 09:47:45,808 [WARN] ConditionMgr:1039 - genDependencies : Invalid condition id : LAN8742 Phy interface Condition cause : null
2026-01-15 09:47:45,808 [WARN] ConditionMgr:1039 - genDependencies : Invalid condition id : LAN8742 Phy interface Condition cause : null
2026-01-15 09:47:45,808 [WARN] ConditionMgr:1039 - genDependencies : Invalid condition id : LAN8742 Phy interface Condition cause : null
2026-01-15 09:47:45,825 [WARN] PackLoader:240 - Cannot read IP mode file for STMicroelectronics.X-CUBE-SFXS2LP1.4.0.0
2026-01-15 09:47:45,826 [ERROR] Engine:466 - C:\Users\RND1\.stm32cubemx\thirdparties\pdsc\STMicroelectronics.X-CUBE-ST67W61.1.2.0.pdsc: PDSC version is not supported
2026-01-15 09:47:45,849 [WARN] PackLoader:240 - Cannot read IP mode file for STMicroelectronics.X-CUBE-AZRTOS-H7.3.3.0
2026-01-15 09:47:45,861 [ERROR] Engine:466 - C:\Users\RND1\.stm32cubemx\thirdparties\pdsc\STMicroelectronics.X-CUBE-BLEMGR.4.1.0.pdsc: PDSC version is not supported
2026-01-15 09:47:45,874 [WARN] PackLoader:240 - Cannot read IP mode file for STMicroelectronics.X-CUBE-IPS.3.0.0
2026-01-15 09:47:45,892 [WARN] ConditionMgr:438 - getConditionDescription Invalid condition id : UX DEVICE CLASS RTOS Condition cause : null
2026-01-15 09:47:45,892 [WARN] ConditionMgr:438 - getConditionDescription Invalid condition id : UX DEVICE CLASS RTOS Condition cause : null
2026-01-15 09:47:45,893 [WARN] PackLoader:240 - Cannot read IP mode file for STMicroelectronics.X-CUBE-AZRTOS-WB.2.0.0
2026-01-15 09:47:45,893 [WARN] ConditionMgr:1039 - genDependencies : Invalid condition id : UX DEVICE CLASS RTOS Condition cause : null
2026-01-15 09:47:45,893 [WARN] ConditionMgr:1039 - genDependencies : Invalid condition id : UX DEVICE CLASS RTOS Condition cause : null
2026-01-15 09:47:45,893 [WARN] ConditionMgr:1039 - genDependencies : Invalid condition id : UX DEVICE CLASS RTOS Condition cause : null
2026-01-15 09:47:45,894 [WARN] ConditionMgr:1039 - genDependencies : Invalid condition id : UX DEVICE CLASS RTOS Condition cause : null
2026-01-15 09:47:45,894 [WARN] ConditionMgr:1039 - genDependencies : Invalid condition id : UX DEVICE CLASS RTOS Condition cause : null
2026-01-15 09:47:45,905 [WARN] PackLoader:240 - Cannot read IP mode file for STMicroelectronics.X-CUBE-GNSS1.7.0.0
2026-01-15 09:47:45,916 [WARN] PackLoader:240 - Cannot read IP mode file for STMicroelectronics.X-CUBE-GNSS1.7.0.1
2026-01-15 09:47:45,927 [WARN] PackLoader:240 - Cannot read IP mode file for STMicroelectronics.X-CUBE-TOUCHGFX.4.25.0
2026-01-15 09:47:45,938 [WARN] PackLoader:240 - Cannot read IP mode file for STMicroelectronics.FP-SNS-STBOX1.2.0.0
2026-01-15 09:47:45,954 [WARN] PackLoader:240 - Cannot read IP mode file for STMicroelectronics.X-CUBE-SUBG2.5.0.0
2026-01-15 09:47:45,975 [WARN] PackLoader:240 - Cannot read IP mode file for STMicroelectronics.X-CUBE-AZRTOS-H7RS.1.1.0
2026-01-15 09:47:45,995 [WARN] PackLoader:240 - Cannot read IP mode file for STMicroelectronics.X-CUBE-AZRTOS-G4.2.0.0
2026-01-15 09:47:46,014 [WARN] PackLoader:240 - Cannot read IP mode file for Infineon.AIROC-Wi-Fi-Bluetooth-STM32.1.5.1
2026-01-15 09:47:46,027 [WARN] PackLoader:240 - Cannot read IP mode file for STMicroelectronics.X-CUBE-NFC7.2.0.0
2026-01-15 09:47:46,037 [WARN] PackLoader:240 - Cannot read IP mode file for STMicroelectronics.FP-SNS-MOTENVWB1.1.3.1
2026-01-15 09:47:46,048 [WARN] PackLoader:240 - Cannot read IP mode file for STMicroelectronics.X-CUBE-ISPU.2.0.0
2026-01-15 09:47:46,060 [ERROR] Engine:466 - C:\Users\RND1\.stm32cubemx\thirdparties\pdsc\STMicroelectronics.X-CUBE-IPS.3.1.0.pdsc: PDSC version is not supported
2026-01-15 09:47:46,071 [WARN] PackLoader:240 - Cannot read IP mode file for STMicroelectronics.X-CUBE-ALS.1.0.2
2026-01-15 09:47:46,096 [WARN] PackLoader:240 - Cannot read IP mode file for STMicroelectronics.X-CUBE-MEMS1.10.0.0
2026-01-15 09:47:46,147 [WARN] PackLoader:240 - Cannot read IP mode file for STMicroelectronics.X-CUBE-FREERTOS.1.1.0
2026-01-15 09:47:46,159 [WARN] PackLoader:240 - Cannot read IP mode file for STMicroelectronics.X-CUBE-TOUCHGFX.4.24.0
2026-01-15 09:47:46,170 [WARN] PackLoader:240 - Cannot read IP mode file for STMicroelectronics.X-CUBE-TOUCHGFX.4.24.2
2026-01-15 09:47:46,181 [WARN] PackLoader:240 - Cannot read IP mode file for STMicroelectronics.X-CUBE-TOUCHGFX.4.24.1
2026-01-15 09:47:46,193 [WARN] PackLoader:240 - Cannot read IP mode file for STMicroelectronics.X-CUBE-STSE01.1.0.0
2026-01-15 09:47:46,196 [WARN] PackLoader:240 - Cannot read IP mode file for wolfSSL.I-CUBE-wolfTPM.3.4.0
2026-01-15 09:47:46,209 [WARN] PackLoader:240 - Cannot read IP mode file for portGmbH.I-Cube-SoM-uGOAL.1.1.0
2026-01-15 09:47:46,220 [WARN] PackLoader:240 - Cannot read IP mode file for STMicroelectronics.X-CUBE-ALS.1.0.1
2026-01-15 09:47:46,239 [WARN] PackLoader:240 - Cannot read IP mode file for STMicroelectronics.X-CUBE-AZRTOS-H7RS.1.0.0
2026-01-15 09:47:46,251 [WARN] PackLoader:240 - Cannot read IP mode file for STMicroelectronics.FP-ATR-ASTRA1.2.0.0
2026-01-15 09:47:46,266 [WARN] PackLoader:240 - Cannot read IP mode file for STMicroelectronics.X-CUBE-TOF1.3.4.2
2026-01-15 09:47:46,283 [ERROR] Engine:466 - C:\Users\RND1\.stm32cubemx\thirdparties\pdsc\STMicroelectronics.X-CUBE-TOF1.3.4.3.pdsc: PDSC version is not supported
2026-01-15 09:47:46,299 [WARN] PackLoader:240 - Cannot read IP mode file for STMicroelectronics.X-CUBE-TOF1.3.4.0
2026-01-15 09:47:46,318 [WARN] PackLoader:240 - Cannot read IP mode file for STMicroelectronics.X-CUBE-TOF1.3.4.1
2026-01-15 09:47:46,342 [WARN] PackLoader:240 - Cannot read IP mode file for STMicroelectronics.X-CUBE-AZRTOS-H7.3.2.0
2026-01-15 09:47:46,346 [WARN] PackLoader:240 - Cannot read IP mode file for wolfSSL.I-CUBE-wolfSSH.1.4.17
2026-01-15 09:47:46,346 [INFO] ThirdParty:978 - Integrity check success = true
2026-01-15 09:47:46,347 [INFO] IntegrityCheckThread:100 - exiting critical section [integrity check]
2026-01-15 09:47:46,347 [INFO] IntegrityCheckThread:103 - End integrity checks thread
2026-01-15 09:47:46,347 [INFO] ThirdParty:873 - entering critical section [close project]
2026-01-15 09:47:46,347 [INFO] ThirdParty:883 - exiting critical section [close project]
2026-01-15 09:47:46,348 [INFO] PinOutPanel:1561 - setPackage(No Configuration,No Configuration)
2026-01-15 09:47:46,350 [INFO] UtilMem:75 - Begin LoadConfig() Used Memory: 194354880 Bytes (298844160)
2026-01-15 09:47:46,350 [INFO] MicroXplorer:468 - Change Database Path : 
2026-01-15 09:47:46,350 [INFO] MicroXplorer:498 - Change Database Version : DB.6.0.121
2026-01-15 09:47:46,350 [INFO] OpenFileManager:332 - Change cursor
2026-01-15 09:47:46,378 [INFO] Mcu:2032 - Initializing MCU STM32H723ZGTx STM32H723ZGTx STM32H723ZGT6
2026-01-15 09:47:49,165 [INFO] Context:742 - Trying to add GPIOservice into a context  which must be forbidden
2026-01-15 09:47:49,977 [INFO] RtosManager:555 - Registered RTOS mode: class=CMSIS, group=RTOS, mode=CMSIS_V1, owner=FREERTOS
2026-01-15 09:47:49,977 [INFO] RtosManager:555 - Registered RTOS mode: class=CMSIS, group=RTOS2, mode=CMSIS_V2, owner=FREERTOS
2026-01-15 09:47:49,977 [INFO] RtosManager:555 - Registered RTOS mode: class=RTOS, group=Core, mode=CMSIS_V1, owner=FREERTOS
2026-01-15 09:47:49,978 [INFO] RtosManager:555 - Registered RTOS mode: class=RTOS, group=Core, mode=CMSIS_V2, owner=FREERTOS
2026-01-15 09:47:49,978 [WARN] ModelIntegratedComponent:184 - Missing modes for component STMicroelectronics:FreeRTOS:0.0.1:STMicroelectronics:RTOS:FreeRTOS:Core:::10.2.0:
2026-01-15 09:47:49,984 [WARN] ModelIntegratedComponent:63 - No mode defined for component null
2026-01-15 09:47:49,984 [WARN] ModelIntegratedComponent:63 - No mode defined for component null
2026-01-15 09:47:49,984 [WARN] ModelIntegratedComponent:63 - No mode defined for component null
2026-01-15 09:47:49,984 [WARN] ModelIntegratedComponent:63 - No mode defined for component null
2026-01-15 09:47:49,984 [WARN] ModelIntegratedComponent:63 - No mode defined for component null
2026-01-15 09:47:49,985 [WARN] ModelIntegratedComponent:63 - No mode defined for component null
2026-01-15 09:47:49,985 [WARN] ModelIntegratedComponent:63 - No mode defined for component null
2026-01-15 09:47:49,985 [WARN] ModelIntegratedComponent:63 - No mode defined for component null
2026-01-15 09:47:49,985 [WARN] ModelIntegratedComponent:63 - No mode defined for component null
2026-01-15 09:47:49,985 [WARN] ModelIntegratedComponent:63 - No mode defined for component null
2026-01-15 09:47:49,985 [WARN] ModelIntegratedComponent:63 - No mode defined for component null
2026-01-15 09:47:49,985 [WARN] ModelIntegratedComponent:63 - No mode defined for component null
2026-01-15 09:47:49,985 [WARN] ModelIntegratedComponent:63 - No mode defined for component null
2026-01-15 09:47:49,985 [WARN] ModelIntegratedComponent:63 - No mode defined for component null
2026-01-15 09:47:49,985 [WARN] ModelIntegratedComponent:63 - No mode defined for component null
2026-01-15 09:47:49,985 [WARN] ModelIntegratedComponent:63 - No mode defined for component null
2026-01-15 09:47:49,985 [WARN] ModelIntegratedComponent:63 - No mode defined for component null
2026-01-15 09:47:49,985 [WARN] ModelIntegratedComponent:63 - No mode defined for component null
2026-01-15 09:47:49,985 [WARN] ModelIntegratedComponent:63 - No mode defined for component null
2026-01-15 09:47:49,985 [WARN] ModelIntegratedComponent:63 - No mode defined for component null
2026-01-15 09:47:49,985 [WARN] ModelIntegratedComponent:63 - No mode defined for component null
2026-01-15 09:47:49,985 [WARN] ModelIntegratedComponent:63 - No mode defined for component null
2026-01-15 09:47:49,985 [WARN] ModelIntegratedComponent:63 - No mode defined for component null
2026-01-15 09:47:49,985 [WARN] ModelIntegratedComponent:63 - No mode defined for component null
2026-01-15 09:47:49,985 [WARN] ModelIntegratedComponent:63 - No mode defined for component null
2026-01-15 09:47:49,985 [WARN] ModelIntegratedComponent:63 - No mode defined for component null
2026-01-15 09:47:49,985 [WARN] ModelIntegratedComponent:63 - No mode defined for component null
2026-01-15 09:47:49,985 [WARN] ModelIntegratedComponent:63 - No mode defined for component null
2026-01-15 09:47:49,985 [WARN] ModelIntegratedComponent:63 - No mode defined for component null
2026-01-15 09:47:49,985 [WARN] ModelIntegratedComponent:63 - No mode defined for component null
2026-01-15 09:47:49,985 [WARN] ModelIntegratedComponent:63 - No mode defined for component null
2026-01-15 09:47:49,985 [WARN] ModelIntegratedComponent:63 - No mode defined for component null
2026-01-15 09:47:49,985 [WARN] ModelIntegratedComponent:63 - No mode defined for component null
2026-01-15 09:47:49,985 [WARN] ModelIntegratedComponent:63 - No mode defined for component null
2026-01-15 09:47:49,985 [WARN] ModelIntegratedComponent:63 - No mode defined for component null
2026-01-15 09:47:49,985 [WARN] ModelPack:524 - Component already loaded: STMicroelectronics:HAL Drivers:0.0.0:STMicroelectronics:Device:STMicro_Driver:XSPI:HAL::0.0.1:HAL_XSPI
2026-01-15 09:47:50,023 [WARN] ModelIntegratedComponent:182 - Modes not found for component STMicroelectronics:USB_DEVICE:1.0.0:STMicroelectronics:USB::USB Device:Audio FS::1.0:USB_DEVICE_1_0_RESTRICTED_FS
2026-01-15 09:47:50,023 [WARN] ModelIntegratedComponent:188 - Modes not found for component STMicroelectronics:USB_DEVICE:1.0.0:STMicroelectronics:USB::USB Device:Audio FS::1.0:USB_DEVICE_1_0_RESTRICTED_FS
2026-01-15 09:47:50,023 [WARN] ModelIntegratedComponent:182 - Modes not found for component STMicroelectronics:USB_DEVICE:1.0.0:STMicroelectronics:USB::USB Device:CDC FS::1.0:USB_DEVICE_1_0_RESTRICTED_FS
2026-01-15 09:47:50,023 [WARN] ModelIntegratedComponent:188 - Modes not found for component STMicroelectronics:USB_DEVICE:1.0.0:STMicroelectronics:USB::USB Device:CDC FS::1.0:USB_DEVICE_1_0_RESTRICTED_FS
2026-01-15 09:47:50,023 [WARN] ModelIntegratedComponent:182 - Modes not found for component STMicroelectronics:USB_DEVICE:1.0.0:STMicroelectronics:USB::USB Device:DFU FS::1.0:USB_DEVICE_1_0_RESTRICTED_FS
2026-01-15 09:47:50,023 [WARN] ModelIntegratedComponent:188 - Modes not found for component STMicroelectronics:USB_DEVICE:1.0.0:STMicroelectronics:USB::USB Device:DFU FS::1.0:USB_DEVICE_1_0_RESTRICTED_FS
2026-01-15 09:47:50,023 [WARN] ModelIntegratedComponent:182 - Modes not found for component STMicroelectronics:USB_DEVICE:1.0.0:STMicroelectronics:USB::USB Device:HID FS::1.0:USB_DEVICE_1_0_RESTRICTED_FS
2026-01-15 09:47:50,023 [WARN] ModelIntegratedComponent:188 - Modes not found for component STMicroelectronics:USB_DEVICE:1.0.0:STMicroelectronics:USB::USB Device:HID FS::1.0:USB_DEVICE_1_0_RESTRICTED_FS
2026-01-15 09:47:50,023 [WARN] ModelIntegratedComponent:182 - Modes not found for component STMicroelectronics:USB_DEVICE:1.0.0:STMicroelectronics:USB::USB Device:Custom HID FS::1.0:USB_DEVICE_1_0_RESTRICTED_FS
2026-01-15 09:47:50,023 [WARN] ModelIntegratedComponent:188 - Modes not found for component STMicroelectronics:USB_DEVICE:1.0.0:STMicroelectronics:USB::USB Device:Custom HID FS::1.0:USB_DEVICE_1_0_RESTRICTED_FS
2026-01-15 09:47:50,023 [WARN] ModelIntegratedComponent:182 - Modes not found for component STMicroelectronics:USB_DEVICE:1.0.0:STMicroelectronics:USB::USB Device:MSC FS::1.0:USB_DEVICE_1_0_RESTRICTED_FS
2026-01-15 09:47:50,023 [WARN] ModelIntegratedComponent:188 - Modes not found for component STMicroelectronics:USB_DEVICE:1.0.0:STMicroelectronics:USB::USB Device:MSC FS::1.0:USB_DEVICE_1_0_RESTRICTED_FS
2026-01-15 09:47:50,087 [WARN] ModelIntegratedComponent:182 - Modes not found for component STMicroelectronics:USB_HOST:1.0.0:STMicroelectronics:USB::USB Host:Audio FS::1.0:USB_HOST_1_0_RESTRICTED_FS
2026-01-15 09:47:50,088 [WARN] ModelIntegratedComponent:188 - Modes not found for component STMicroelectronics:USB_HOST:1.0.0:STMicroelectronics:USB::USB Host:Audio FS::1.0:USB_HOST_1_0_RESTRICTED_FS
2026-01-15 09:47:50,088 [WARN] ModelIntegratedComponent:182 - Modes not found for component STMicroelectronics:USB_HOST:1.0.0:STMicroelectronics:USB::USB Host:CDC FS::1.0:USB_HOST_1_0_RESTRICTED_FS
2026-01-15 09:47:50,088 [WARN] ModelIntegratedComponent:188 - Modes not found for component STMicroelectronics:USB_HOST:1.0.0:STMicroelectronics:USB::USB Host:CDC FS::1.0:USB_HOST_1_0_RESTRICTED_FS
2026-01-15 09:47:50,088 [WARN] ModelIntegratedComponent:182 - Modes not found for component STMicroelectronics:USB_HOST:1.0.0:STMicroelectronics:USB::USB Host:MSC FS::1.0:USB_HOST_1_0_RESTRICTED_FS
2026-01-15 09:47:50,088 [WARN] ModelIntegratedComponent:188 - Modes not found for component STMicroelectronics:USB_HOST:1.0.0:STMicroelectronics:USB::USB Host:MSC FS::1.0:USB_HOST_1_0_RESTRICTED_FS
2026-01-15 09:47:50,088 [WARN] ModelIntegratedComponent:182 - Modes not found for component STMicroelectronics:USB_HOST:1.0.0:STMicroelectronics:USB::USB Host:HID FS::1.0:USB_HOST_1_0_RESTRICTED_FS
2026-01-15 09:47:50,088 [WARN] ModelIntegratedComponent:188 - Modes not found for component STMicroelectronics:USB_HOST:1.0.0:STMicroelectronics:USB::USB Host:HID FS::1.0:USB_HOST_1_0_RESTRICTED_FS
2026-01-15 09:47:50,088 [WARN] ModelIntegratedComponent:182 - Modes not found for component STMicroelectronics:USB_HOST:1.0.0:STMicroelectronics:USB::USB Host:MTP FS::1.0:USB_HOST_1_0_RESTRICTED_FS
2026-01-15 09:47:50,088 [WARN] ModelIntegratedComponent:188 - Modes not found for component STMicroelectronics:USB_HOST:1.0.0:STMicroelectronics:USB::USB Host:MTP FS::1.0:USB_HOST_1_0_RESTRICTED_FS
2026-01-15 09:47:50,185 [INFO] ThirdPartyModel:298 - Start build external matchings
2026-01-15 09:47:51,343 [INFO] ThirdPartyModel:316 - End build external matchings
2026-01-15 09:47:51,376 [INFO] ImportTextPane:205 - (OptionalMessage_ERROR) IP (RCC) : Invalid parameter (FamilyName)
2026-01-15 09:47:51,376 [INFO] ImportTextPane:205 - (OptionalMessage_ERROR) IP (RCC) : Parameter (USBFreq_Value) has invalid value (137500000)
2026-01-15 09:47:52,036 [INFO] ApiDb:581 - Connected to CubeFinder SQLite database (C:\Users\RND1\.stmcufinder\plugins\mcufinder\mcu\cube-finder-db.db)
2026-01-15 09:47:52,101 [INFO] ApiDb:668 - CubeFinder database Data Model version=2.1
2026-01-15 09:47:52,101 [INFO] ApiDb:669 - CubeFinder database Configuration version=3.0.39
2026-01-15 09:47:52,102 [INFO] ApiDb:670 - CubeFinder database generation date=2025-08-25 (1756130511)
2026-01-15 09:47:52,102 [INFO] ApiDb:671 - CubeFinder database FW Pack versions=[FP-ATR-ASTRA1_V2.0.0, FP-SNS-FLIGHT1_V5.1.0, FP-SNS-MOTENV1_V5.0.0, FP-SNS-MOTENVWB1_V1.4.0, FP-SNS-SMARTAG2_V1.2.0, FP-SNS-STBOX1_V2.1.0, STM32Cube_FW_C0_V1.4.0, STM32Cube_FW_F4_V1.28.3, STM32Cube_FW_F7_V1.17.4, STM32Cube_FW_G0_V1.6.2, STM32Cube_FW_G4_V1.6.1, STM32Cube_FW_H5_V1.5.0, STM32Cube_FW_H7RS_V1.2.0, STM32Cube_FW_H7_V1.12.1, STM32Cube_FW_L0_V1.12.2, STM32Cube_FW_L4_V1.18.1, STM32Cube_FW_L5_V1.5.1, STM32Cube_FW_N6_V1.2.0, STM32Cube_FW_U0_V1.3.0, STM32Cube_FW_U3_V1.2.0, STM32Cube_FW_U5_V1.8.0, STM32Cube_FW_WB0_V1.3.0, STM32Cube_FW_WBA_V1.7.0, STM32Cube_FW_WB_V1.23.0, STM32Cube_FW_WL3_V1.2.0, STM32Cube_FW_WL_V1.3.1, X-CUBE-ALGOBUILD_V1.4.0, X-CUBE-ALS_V1.0.2, X-CUBE-AZRTOS-F4_V1.1.0, X-CUBE-AZRTOS-F7_V1.1.0, X-CUBE-AZRTOS-G0_V1.1.0, X-CUBE-AZRTOS-G4_V2.0.0, X-CUBE-AZRTOS-H7RS_V1.1.0, X-CUBE-AZRTOS-H7_V3.4.0, X-CUBE-AZRTOS-L4_V2.0.0, X-CUBE-AZRTOS-L5_V2.0.0, X-CUBE-AZRTOS-WB_V2.0.0, X-CUBE-AZRTOS-WL_V2.0.0, X-CUBE-BLE1_V7.1.0, X-CUBE-BLE2_V3.3.0, X-CUBE-BLEMGR_V4.1.0, X-CUBE-EEPRMA1_V5.2.0, X-CUBE-FREERTOS_V1.3.1, X-CUBE-GNSS1_V6.0.0, X-CUBE-MEMS1_V11.3.0, X-CUBE-NFC4_V3.0.0, X-CUBE-NFC7_V2.0.0, X-CUBE-SFXS2LP1_V4.0.0, X-CUBE-ST67W61_V1.0.0, X-CUBE-SUBG2_V5.0.0, X-CUBE-TOF1_V3.4.3]
2026-01-15 09:47:52,190 [INFO] DbBoardsSqlite:226 - include board P-NUCLEO-WB55-NUCLEO as a kit item of type 'Nucleo-64'
2026-01-15 09:47:52,191 [INFO] DbBoardsSqlite:226 - include board P-NUCLEO-WB55-USBDONGLE as a kit item of type 'Nucleo USB Dongle'
2026-01-15 09:47:52,192 [INFO] DbBoardsSqlite:226 - include board STEVAL-IDP005V1 as a kit item of type 'Evaluation Board'
2026-01-15 09:47:52,193 [INFO] DbBoardsSqlite:226 - include board STEVAL-IDP005V2 as a kit item of type 'Evaluation Board'
2026-01-15 09:47:52,454 [INFO] ApiDb:240 - Found 646 in-development CPN: [B-G473E-ZEST1S, B-WB1M-WPAN1, B-WL5M-SUBG1, NUCLEO-C031C6, NUCLEO-C071RB, NUCLEO-H503RB, NUCLEO-H533RE, NUCLEO-H563ZI, NUCLEO-H7S3L8, NUCLEO-U031R8, NUCLEO-U083RC, NUCLEO-U545RE-Q, NUCLEO-U5A5ZJ-Q, NUCLEO-WB05KZ, NUCLEO-WB07CC, NUCLEO-WB09KE, NUCLEO-WBA52CG, NUCLEO-WBA55CG, STEVAL-PROTEUS1, STEVAL-SMARTAG2, STEVAL-STWINBX1, STM320518-EVAL, STM32C0116-DK, STM32C011D6Y3TR, STM32C011D6Y6TR, STM32C011F4P3, STM32C011F4P6, STM32C011F4U3, STM32C011F4U6TR, STM32C011F6P3, STM32C011F6P6, STM32C011F6U3, STM32C011F6U6TR, STM32C011J4M3, STM32C011J4M6, STM32C011J6M3, STM32C011J6M6, STM32C0316-DK, STM32C031C4T3, STM32C031C4T6, STM32C031C4U3, STM32C031C4U6, STM32C031C6T3, STM32C031C6T6, STM32C031C6U3, STM32C031C6U6, STM32C031F4P3, STM32C031F4P6, STM32C031F6P3, STM32C031F6P6, STM32C031G4U3, STM32C031G4U6, STM32C031G6U3, STM32C031G6U6, STM32C031K4T3, STM32C031K4T6, STM32C031K4U3, STM32C031K4U6, STM32C031K6T3, STM32C031K6T6, STM32C031K6U3, STM32C031K6U6, STM32C071C8T6, STM32C071C8T6N, STM32C071C8U6, STM32C071C8U6N, STM32C071CBT6, STM32C071CBT6N, STM32C071CBU6, STM32C071CBU6N, STM32C071F8P6, STM32C071F8P6N, STM32C071FBP6, STM32C071FBP6N, STM32C071FBY6TR, STM32C071G8U6, STM32C071G8U6N, STM32C071GBU6, STM32C071GBU6N, STM32C071K8T6, STM32C071K8T6N, STM32C071K8U6, STM32C071K8U6N, STM32C071KBT6, STM32C071KBT6N, STM32C071KBU6, STM32C071KBU6N, STM32C071R8T6, STM32C071R8T6N, STM32C071RBI6N, STM32C071RBT6, STM32C071RBT6N, STM32G071K8TXN, STM32G071K8UXN, STM32G081GBU6N, STM32G081KBT6N, STM32G081KBUXN, STM32G0B1CCT6N, STM32G0B1KCT6, STM32G0B1NEY6TR, STM32G0B1RCT6N, STM32G0C1CCT6, STM32G0C1CCT6N, STM32G0C1CCU6N, STM32G0C1CET6N, STM32G0C1CEU6N, STM32G0C1KCT6, STM32G0C1NEY6TR, STM32G0C1RCI6N, STM32G0C1RCT6N, STM32G0C1REI6N, STM32G0C1RET6N, STM32G0C1VCI6, STM32G0C1VEI6, STM32G411C6T3, STM32G411C6T6, STM32G411C6U3, STM32G411C6U6, STM32G411C8T3, STM32G411C8T6, STM32G411C8U3, STM32G411C8U6, STM32G411CBT3, STM32G411CBT6, STM32G411CBU3, STM32G411CBU6, STM32G411K6T3, STM32G411K6T6, STM32G411K6U3, STM32G411K6U6, STM32G411K8T3, STM32G411K8T6, STM32G411K8U3, STM32G411K8U6, STM32G411KBT3, STM32G411KBT6, STM32G411KBU3, STM32G411KBU6, STM32G411M6T3, STM32G411M6T6, STM32G411M8T3, STM32G411M8T6, STM32G411MBT3, STM32G411MBT6, STM32G411R6T3, STM32G411R6T6, STM32G411R8T3, STM32G411R8T6, STM32G411RBT3, STM32G411RBT6, STM32G414CBT3, STM32G414CBT6, STM32G414CBU3, STM32G414CBU6, STM32G414CCT3, STM32G414CCT6, STM32G414CCU3, STM32G414CCU6, STM32G414MBT3, STM32G414MBT6, STM32G414MCT3, STM32G414MCT6, STM32G414RBT3, STM32G414RBT6, STM32G414RCT3, STM32G414RCT6, STM32G414VBT3, STM32G414VBT6, STM32G414VCT3, STM32G414VCT6, STM32G431CBT3Z, STM32G431RBT3Z, STM32G471CCT6, STM32G471CCU6, STM32G471CET3, STM32G471CET6, STM32G471CEU3, STM32G471CEU6, STM32G471MCT6, STM32G471MET3, STM32G471MET6, STM32G471MEY6TR, STM32G471QCT6, STM32G471QET3, STM32G471RCT6, STM32G471RET3, STM32G471RET6, STM32G471VCH6, STM32G471VCI6, STM32G471VCT6, STM32G471VEH3, STM32G471VEH6, STM32G471VEI3, STM32G471VEI6, STM32G471VET3, STM32G471VET6, STM32G473QET3Z, STM32G473RET3Z, STM32G474CCT6, STM32G491RET3Z, STM32H503CBT6, STM32H503CBU6, STM32H503EBY6TR, STM32H503KBU6, STM32H503RBT6, STM32H523CCT6, STM32H523CCU6, STM32H523CET6, STM32H523CEU6, STM32H523HEY6TR, STM32H523RCT6, STM32H523RET6, STM32H523VCI6, STM32H523VCT6, STM32H523VEI6, STM32H523VET6, STM32H523ZCJ6, STM32H523ZCT6, STM32H523ZEJ6, STM32H523ZET6, STM32H533CET6, STM32H533CEU6, STM32H533HEY6TR, STM32H533RET6, STM32H533VEI6, STM32H533VET6, STM32H533ZEJ6, STM32H533ZET6, STM32H562AGI6, STM32H562AII6, STM32H562IGK6, STM32H562IGT6, STM32H562IIK6, STM32H562IIT6, STM32H562RGT6, STM32H562RGV6, STM32H562RIT6, STM32H562RIV6, STM32H562VGT6, STM32H562VIT6, STM32H562ZGT6, STM32H562ZIT6, STM32H563AGI6, STM32H563AII3Q, STM32H563AII6, STM32H563IGK6, STM32H563IGT6, STM32H563IIK3Q, STM32H563IIK6, STM32H563IIT3Q, STM32H563IIT6, STM32H563MIY3QTR, STM32H563RGT6, STM32H563RGV6, STM32H563RIT6, STM32H563RIV6, STM32H563VGT6, STM32H563VIT3Q, STM32H563VIT6, STM32H563ZGT6, STM32H563ZIT3Q, STM32H563ZIT6, STM32H573AII3Q, STM32H573AII6, STM32H573I-DK, STM32H573IIK3Q, STM32H573IIK6, STM32H573IIT3Q, STM32H573IIT6, STM32H573MIY3QTR, STM32H573RIT6, STM32H573RIV6, STM32H573VIT3Q, STM32H573VIT6, STM32H573ZIT3Q, STM32H573ZIT6, STM32H7R3A8I6, STM32H7R3I8K6, STM32H7R3I8T6, STM32H7R3L8H6, STM32H7R3L8H6H, STM32H7R3R8V6, STM32H7R3V8H6, STM32H7R3V8T6, STM32H7R3V8Y6TR, STM32H7R3Z8J6, STM32H7R3Z8T6, STM32H7R7A8I6, STM32H7R7I8K6, STM32H7R7I8T6, STM32H7R7L8H6, STM32H7R7L8H6H, STM32H7R7Z8J6, STM32H7S3A8I6, STM32H7S3I8K6, STM32H7S3I8T6, STM32H7S3L8H6, STM32H7S3L8H6H, STM32H7S3R8V6, STM32H7S3V8H6, STM32H7S3V8T6, STM32H7S3V8Y6TR, STM32H7S3Z8J6, STM32H7S3Z8T6, STM32H7S78-DK, STM32H7S7A8I6, STM32H7S7I8K6, STM32H7S7I8T6, STM32H7S7L8H6, STM32H7S7L8H6H, STM32H7S7Z8J6, STM32L4R5QGI6STR, STM32MP131AAE3, STM32MP131AAF3, STM32MP131AAG3, STM32MP131CAE3, STM32MP131CAF3, STM32MP131CAG3, STM32MP131DAE7, STM32MP131DAF7, STM32MP131DAG7, STM32MP131FAE7, STM32MP131FAF7, STM32MP131FAG7, STM32MP133AAE3, STM32MP133AAF3, STM32MP133AAG3, STM32MP133CAE3, STM32MP133CAF3, STM32MP133CAG3, STM32MP133DAE7, STM32MP133DAF7, STM32MP133DAG7, STM32MP133FAE7, STM32MP133FAF7, STM32MP133FAG7, STM32MP135AAE3, STM32MP135AAF3, STM32MP135AAG3, STM32MP135CAE3, STM32MP135CAF3, STM32MP135CAG3, STM32MP135DAE7, STM32MP135DAF7, STM32MP135DAG7, STM32MP135F-DK, STM32MP135FAE7, STM32MP135FAF7, STM32MP135FAF7T, STM32MP135FAF7U, STM32MP135FAG7, STM32MP251AAI3, STM32MP251AAK3, STM32MP251AAL3, STM32MP251CAI3, STM32MP251CAK3, STM32MP251CAL3, STM32MP251DAI3, STM32MP251DAK3, STM32MP251DAL3, STM32MP251FAI3, STM32MP251FAK3, STM32MP251FAL3, STM32MP253AAI3, STM32MP253AAK3, STM32MP253AAL3, STM32MP253CAI3, STM32MP253CAK3, STM32MP253CAL3, STM32MP253DAI3, STM32MP253DAK3, STM32MP253DAL3, STM32MP253FAI3, STM32MP253FAK3, STM32MP253FAL3, STM32MP255AAI3, STM32MP255AAK3, STM32MP255AAL3, STM32MP255CAI3, STM32MP255CAK3, STM32MP255CAL3, STM32MP255DAI3, STM32MP255DAK3, STM32MP255DAL3, STM32MP255FAI3, STM32MP255FAK3, STM32MP255FAL3, STM32MP257AAI3, STM32MP257AAK3, STM32MP257AAL3, STM32MP257CAI3, STM32MP257CAK3, STM32MP257CAL3, STM32MP257DAI3, STM32MP257DAK3, STM32MP257DAL3, STM32MP257F-DK, STM32MP257F-EV1, STM32MP257FAI3, STM32MP257FAK3, STM32MP257FAL3, STM32U031C6T6, STM32U031C6U6, STM32U031C8T6, STM32U031C8U6, STM32U031F4P6, STM32U031F6P6, STM32U031F8P6, STM32U031G6Y6TR, STM32U031G8Y6TR, STM32U031K4U6, STM32U031K6U6, STM32U031K8U6, STM32U031R6I6, STM32U031R6T6, STM32U031R8I6, STM32U031R8T6, STM32U073C8T6, STM32U073C8U6, STM32U073CBT6, STM32U073CBU6, STM32U073CCT6, STM32U073CCU6, STM32U073H8Y6TR, STM32U073HBY6TR, STM32U073HCY6TR, STM32U073K8U6, STM32U073KBU6, STM32U073KCU6, STM32U073M8I6, STM32U073M8T6, STM32U073MBI6, STM32U073MBT6, STM32U073MCI6, STM32U073MCT6, STM32U073R8I6, STM32U073R8T6, STM32U073RBI6, STM32U073RBT6, STM32U073RCI6, STM32U073RCT6, STM32U083C-DK, STM32U083CCT6, STM32U083CCU6, STM32U083HCY6TR, STM32U083KCU6, STM32U083MCI6, STM32U083MCT6, STM32U083RCI6, STM32U083RCT6, STM32U535CBT6, STM32U535CBT6Q, STM32U535CBU6, STM32U535CBU6Q, STM32U535CCT6, STM32U535CCT6Q, STM32U535CCU6, STM32U535CCU6Q, STM32U535CET6, STM32U535CET6Q, STM32U535CEU6, STM32U535CEU6Q, STM32U535JEY6QTR, STM32U535NCY6QTR, STM32U535NEY6QTR, STM32U535RBI6, STM32U535RBI6Q, STM32U535RBT6, STM32U535RBT6Q, STM32U535RCI6, STM32U535RCI6Q, STM32U535RCT6, STM32U535RCT6Q, STM32U535REI6, STM32U535REI6Q, STM32U535RET6, STM32U535RET6Q, STM32U535VCI6, STM32U535VCI6Q, STM32U535VCT6, STM32U535VCT6Q, STM32U535VEI6, STM32U535VEI6Q, STM32U535VET6, STM32U535VET6Q, STM32U545CET6, STM32U545CET6Q, STM32U545CEU6, STM32U545CEU6Q, STM32U545JEY6QTR, STM32U545NEY6QTR, STM32U545REI6, STM32U545REI6Q, STM32U545RET6, STM32U545RET6Q, STM32U545VEI6, STM32U545VEI6Q, STM32U545VET6, STM32U545VET6Q, STM32U595AIH6, STM32U595AIH6Q, STM32U595AJH6, STM32U595AJH6Q, STM32U595QII6, STM32U595QII6Q, STM32U595QJI6, STM32U595QJI6Q, STM32U595RIT6, STM32U595RIT6Q, STM32U595RJT6, STM32U595RJT6Q, STM32U595VIT6, STM32U595VIT6Q, STM32U595VJT6, STM32U595VJT6Q, STM32U595ZIT6, STM32U595ZIT6Q, STM32U595ZIY6QTR, STM32U595ZJT6, STM32U595ZJT6Q, STM32U595ZJY6QTR, STM32U599BJY6QTR, STM32U599NIH6Q, STM32U599NJH6Q, STM32U599VIT6Q, STM32U599VJT6, STM32U599VJT6Q, STM32U599ZIT6Q, STM32U599ZIY6QTR, STM32U599ZJT6Q, STM32U599ZJY6QTR, STM32U5A5AJH6, STM32U5A5AJH6Q, STM32U5A5QII3Q , STM32U5A5QJI6, STM32U5A5QJI6Q, STM32U5A5RJT6, STM32U5A5RJT6Q, STM32U5A5VJT6, STM32U5A5VJT6Q, STM32U5A5ZJT6, STM32U5A5ZJT6Q, STM32U5A5ZJY6QTR, STM32U5A9BJY6QTR, STM32U5A9J-DK, STM32U5A9NJH6Q, STM32U5A9VJT6Q, STM32U5A9ZJT6Q, STM32U5A9ZJY6QTR, STM32U5F7VIT6, STM32U5F7VIT6Q, STM32U5F7VJT6, STM32U5F7VJT6Q, STM32U5F9BJY6QTR, STM32U5F9NJH6Q, STM32U5F9VIT6Q, STM32U5F9VJT6Q, STM32U5F9ZIJ6QTR, STM32U5F9ZIT6Q, STM32U5F9ZJJ6QTR, STM32U5F9ZJT6Q, STM32U5G7VJT6, STM32U5G7VJT6Q, STM32U5G9BJY6QTR, STM32U5G9J-DK1, STM32U5G9J-DK2, STM32U5G9NJH6Q, STM32U5G9VJT6Q, STM32U5G9ZJJ6QTR, STM32U5G9ZJT6Q, STM32WB05KZV6TR, STM32WB05KZV7TR, STM32WB05TZF6TR, STM32WB05TZF7TR, STM32WB06CCF6TR, STM32WB06CCF7TR, STM32WB06CCV6TR, STM32WB06CCV7TR, STM32WB06KCV6TR, STM32WB06KCV7TR, STM32WB07CCF6TR, STM32WB07CCF7TR, STM32WB07CCV6TR, STM32WB07CCV7TR, STM32WB07KCV6TR, STM32WB07KCV7TR, STM32WB09KEV6TR, STM32WB09KEV7TR, STM32WB09TEF6TR, STM32WB09TEF7TR, STM32WB1MMCH6, STM32WBA50KGU6, STM32WBA50KGU6TR, STM32WBA52CEU6, STM32WBA52CEU6TR, STM32WBA52CEU7, STM32WBA52CEU7TR, STM32WBA52CGU6, STM32WBA52CGU6TR, STM32WBA52CGU6U, STM32WBA52CGU7, STM32WBA52CGU7TR, STM32WBA52KEU6, STM32WBA52KEU6TR, STM32WBA52KGU6, STM32WBA52KGU6TR, STM32WBA54CEU6, STM32WBA54CEU6TR, STM32WBA54CEU7, STM32WBA54CEU7TR, STM32WBA54CGU6, STM32WBA54CGU6TR, STM32WBA54CGU7, STM32WBA54CGU7TR, STM32WBA54KEU6, STM32WBA54KEU6TR, STM32WBA54KEU7, STM32WBA54KEU7TR, STM32WBA54KGU6, STM32WBA54KGU6TR, STM32WBA54KGU7, STM32WBA54KGU7TR, STM32WBA55CEU6, STM32WBA55CEU6TR, STM32WBA55CEU7, STM32WBA55CEU7TR, STM32WBA55CGU6, STM32WBA55CGU6TR, STM32WBA55CGU6U, STM32WBA55CGU7, STM32WBA55CGU7TR, STM32WBA55G-DK1, STM32WBA55HEF6, STM32WBA55HEF7, STM32WBA55HGF6, STM32WBA55HGF7, STM32WBA55UEI6, STM32WBA55UEI6TR, STM32WBA55UEI7, STM32WBA55UEI7TR, STM32WBA55UGI6, STM32WBA55UGI6TR, STM32WBA55UGI7, STM32WBA55UGI7TR, STM32WL5MOCH6, STM32WL5MOCH6TR]
2026-01-15 09:47:52,457 [INFO] ApiDb:668 - CubeFinder database Data Model version=2.1
2026-01-15 09:47:52,457 [INFO] ApiDb:669 - CubeFinder database Configuration version=3.0.39
2026-01-15 09:47:52,457 [INFO] ApiDb:670 - CubeFinder database generation date=2025-08-25 (1756130511)
2026-01-15 09:47:52,457 [INFO] ApiDb:671 - CubeFinder database FW Pack versions=[FP-ATR-ASTRA1_V2.0.0, FP-SNS-FLIGHT1_V5.1.0, FP-SNS-MOTENV1_V5.0.0, FP-SNS-MOTENVWB1_V1.4.0, FP-SNS-SMARTAG2_V1.2.0, FP-SNS-STBOX1_V2.1.0, STM32Cube_FW_C0_V1.4.0, STM32Cube_FW_F4_V1.28.3, STM32Cube_FW_F7_V1.17.4, STM32Cube_FW_G0_V1.6.2, STM32Cube_FW_G4_V1.6.1, STM32Cube_FW_H5_V1.5.0, STM32Cube_FW_H7RS_V1.2.0, STM32Cube_FW_H7_V1.12.1, STM32Cube_FW_L0_V1.12.2, STM32Cube_FW_L4_V1.18.1, STM32Cube_FW_L5_V1.5.1, STM32Cube_FW_N6_V1.2.0, STM32Cube_FW_U0_V1.3.0, STM32Cube_FW_U3_V1.2.0, STM32Cube_FW_U5_V1.8.0, STM32Cube_FW_WB0_V1.3.0, STM32Cube_FW_WBA_V1.7.0, STM32Cube_FW_WB_V1.23.0, STM32Cube_FW_WL3_V1.2.0, STM32Cube_FW_WL_V1.3.1, X-CUBE-ALGOBUILD_V1.4.0, X-CUBE-ALS_V1.0.2, X-CUBE-AZRTOS-F4_V1.1.0, X-CUBE-AZRTOS-F7_V1.1.0, X-CUBE-AZRTOS-G0_V1.1.0, X-CUBE-AZRTOS-G4_V2.0.0, X-CUBE-AZRTOS-H7RS_V1.1.0, X-CUBE-AZRTOS-H7_V3.4.0, X-CUBE-AZRTOS-L4_V2.0.0, X-CUBE-AZRTOS-L5_V2.0.0, X-CUBE-AZRTOS-WB_V2.0.0, X-CUBE-AZRTOS-WL_V2.0.0, X-CUBE-BLE1_V7.1.0, X-CUBE-BLE2_V3.3.0, X-CUBE-BLEMGR_V4.1.0, X-CUBE-EEPRMA1_V5.2.0, X-CUBE-FREERTOS_V1.3.1, X-CUBE-GNSS1_V6.0.0, X-CUBE-MEMS1_V11.3.0, X-CUBE-NFC4_V3.0.0, X-CUBE-NFC7_V2.0.0, X-CUBE-SFXS2LP1_V4.0.0, X-CUBE-ST67W61_V1.0.0, X-CUBE-SUBG2_V5.0.0, X-CUBE-TOF1_V3.4.3]
2026-01-15 09:47:53,757 [INFO] ApiDb:240 - Found 646 in-development CPN: [B-G473E-ZEST1S, B-WB1M-WPAN1, B-WL5M-SUBG1, NUCLEO-C031C6, NUCLEO-C071RB, NUCLEO-H503RB, NUCLEO-H533RE, NUCLEO-H563ZI, NUCLEO-H7S3L8, NUCLEO-U031R8, NUCLEO-U083RC, NUCLEO-U545RE-Q, NUCLEO-U5A5ZJ-Q, NUCLEO-WB05KZ, NUCLEO-WB07CC, NUCLEO-WB09KE, NUCLEO-WBA52CG, NUCLEO-WBA55CG, STEVAL-PROTEUS1, STEVAL-SMARTAG2, STEVAL-STWINBX1, STM320518-EVAL, STM32C0116-DK, STM32C011D6Y3TR, STM32C011D6Y6TR, STM32C011F4P3, STM32C011F4P6, STM32C011F4U3, STM32C011F4U6TR, STM32C011F6P3, STM32C011F6P6, STM32C011F6U3, STM32C011F6U6TR, STM32C011J4M3, STM32C011J4M6, STM32C011J6M3, STM32C011J6M6, STM32C0316-DK, STM32C031C4T3, STM32C031C4T6, STM32C031C4U3, STM32C031C4U6, STM32C031C6T3, STM32C031C6T6, STM32C031C6U3, STM32C031C6U6, STM32C031F4P3, STM32C031F4P6, STM32C031F6P3, STM32C031F6P6, STM32C031G4U3, STM32C031G4U6, STM32C031G6U3, STM32C031G6U6, STM32C031K4T3, STM32C031K4T6, STM32C031K4U3, STM32C031K4U6, STM32C031K6T3, STM32C031K6T6, STM32C031K6U3, STM32C031K6U6, STM32C071C8T6, STM32C071C8T6N, STM32C071C8U6, STM32C071C8U6N, STM32C071CBT6, STM32C071CBT6N, STM32C071CBU6, STM32C071CBU6N, STM32C071F8P6, STM32C071F8P6N, STM32C071FBP6, STM32C071FBP6N, STM32C071FBY6TR, STM32C071G8U6, STM32C071G8U6N, STM32C071GBU6, STM32C071GBU6N, STM32C071K8T6, STM32C071K8T6N, STM32C071K8U6, STM32C071K8U6N, STM32C071KBT6, STM32C071KBT6N, STM32C071KBU6, STM32C071KBU6N, STM32C071R8T6, STM32C071R8T6N, STM32C071RBI6N, STM32C071RBT6, STM32C071RBT6N, STM32G071K8TXN, STM32G071K8UXN, STM32G081GBU6N, STM32G081KBT6N, STM32G081KBUXN, STM32G0B1CCT6N, STM32G0B1KCT6, STM32G0B1NEY6TR, STM32G0B1RCT6N, STM32G0C1CCT6, STM32G0C1CCT6N, STM32G0C1CCU6N, STM32G0C1CET6N, STM32G0C1CEU6N, STM32G0C1KCT6, STM32G0C1NEY6TR, STM32G0C1RCI6N, STM32G0C1RCT6N, STM32G0C1REI6N, STM32G0C1RET6N, STM32G0C1VCI6, STM32G0C1VEI6, STM32G411C6T3, STM32G411C6T6, STM32G411C6U3, STM32G411C6U6, STM32G411C8T3, STM32G411C8T6, STM32G411C8U3, STM32G411C8U6, STM32G411CBT3, STM32G411CBT6, STM32G411CBU3, STM32G411CBU6, STM32G411K6T3, STM32G411K6T6, STM32G411K6U3, STM32G411K6U6, STM32G411K8T3, STM32G411K8T6, STM32G411K8U3, STM32G411K8U6, STM32G411KBT3, STM32G411KBT6, STM32G411KBU3, STM32G411KBU6, STM32G411M6T3, STM32G411M6T6, STM32G411M8T3, STM32G411M8T6, STM32G411MBT3, STM32G411MBT6, STM32G411R6T3, STM32G411R6T6, STM32G411R8T3, STM32G411R8T6, STM32G411RBT3, STM32G411RBT6, STM32G414CBT3, STM32G414CBT6, STM32G414CBU3, STM32G414CBU6, STM32G414CCT3, STM32G414CCT6, STM32G414CCU3, STM32G414CCU6, STM32G414MBT3, STM32G414MBT6, STM32G414MCT3, STM32G414MCT6, STM32G414RBT3, STM32G414RBT6, STM32G414RCT3, STM32G414RCT6, STM32G414VBT3, STM32G414VBT6, STM32G414VCT3, STM32G414VCT6, STM32G431CBT3Z, STM32G431RBT3Z, STM32G471CCT6, STM32G471CCU6, STM32G471CET3, STM32G471CET6, STM32G471CEU3, STM32G471CEU6, STM32G471MCT6, STM32G471MET3, STM32G471MET6, STM32G471MEY6TR, STM32G471QCT6, STM32G471QET3, STM32G471RCT6, STM32G471RET3, STM32G471RET6, STM32G471VCH6, STM32G471VCI6, STM32G471VCT6, STM32G471VEH3, STM32G471VEH6, STM32G471VEI3, STM32G471VEI6, STM32G471VET3, STM32G471VET6, STM32G473QET3Z, STM32G473RET3Z, STM32G474CCT6, STM32G491RET3Z, STM32H503CBT6, STM32H503CBU6, STM32H503EBY6TR, STM32H503KBU6, STM32H503RBT6, STM32H523CCT6, STM32H523CCU6, STM32H523CET6, STM32H523CEU6, STM32H523HEY6TR, STM32H523RCT6, STM32H523RET6, STM32H523VCI6, STM32H523VCT6, STM32H523VEI6, STM32H523VET6, STM32H523ZCJ6, STM32H523ZCT6, STM32H523ZEJ6, STM32H523ZET6, STM32H533CET6, STM32H533CEU6, STM32H533HEY6TR, STM32H533RET6, STM32H533VEI6, STM32H533VET6, STM32H533ZEJ6, STM32H533ZET6, STM32H562AGI6, STM32H562AII6, STM32H562IGK6, STM32H562IGT6, STM32H562IIK6, STM32H562IIT6, STM32H562RGT6, STM32H562RGV6, STM32H562RIT6, STM32H562RIV6, STM32H562VGT6, STM32H562VIT6, STM32H562ZGT6, STM32H562ZIT6, STM32H563AGI6, STM32H563AII3Q, STM32H563AII6, STM32H563IGK6, STM32H563IGT6, STM32H563IIK3Q, STM32H563IIK6, STM32H563IIT3Q, STM32H563IIT6, STM32H563MIY3QTR, STM32H563RGT6, STM32H563RGV6, STM32H563RIT6, STM32H563RIV6, STM32H563VGT6, STM32H563VIT3Q, STM32H563VIT6, STM32H563ZGT6, STM32H563ZIT3Q, STM32H563ZIT6, STM32H573AII3Q, STM32H573AII6, STM32H573I-DK, STM32H573IIK3Q, STM32H573IIK6, STM32H573IIT3Q, STM32H573IIT6, STM32H573MIY3QTR, STM32H573RIT6, STM32H573RIV6, STM32H573VIT3Q, STM32H573VIT6, STM32H573ZIT3Q, STM32H573ZIT6, STM32H7R3A8I6, STM32H7R3I8K6, STM32H7R3I8T6, STM32H7R3L8H6, STM32H7R3L8H6H, STM32H7R3R8V6, STM32H7R3V8H6, STM32H7R3V8T6, STM32H7R3V8Y6TR, STM32H7R3Z8J6, STM32H7R3Z8T6, STM32H7R7A8I6, STM32H7R7I8K6, STM32H7R7I8T6, STM32H7R7L8H6, STM32H7R7L8H6H, STM32H7R7Z8J6, STM32H7S3A8I6, STM32H7S3I8K6, STM32H7S3I8T6, STM32H7S3L8H6, STM32H7S3L8H6H, STM32H7S3R8V6, STM32H7S3V8H6, STM32H7S3V8T6, STM32H7S3V8Y6TR, STM32H7S3Z8J6, STM32H7S3Z8T6, STM32H7S78-DK, STM32H7S7A8I6, STM32H7S7I8K6, STM32H7S7I8T6, STM32H7S7L8H6, STM32H7S7L8H6H, STM32H7S7Z8J6, STM32L4R5QGI6STR, STM32MP131AAE3, STM32MP131AAF3, STM32MP131AAG3, STM32MP131CAE3, STM32MP131CAF3, STM32MP131CAG3, STM32MP131DAE7, STM32MP131DAF7, STM32MP131DAG7, STM32MP131FAE7, STM32MP131FAF7, STM32MP131FAG7, STM32MP133AAE3, STM32MP133AAF3, STM32MP133AAG3, STM32MP133CAE3, STM32MP133CAF3, STM32MP133CAG3, STM32MP133DAE7, STM32MP133DAF7, STM32MP133DAG7, STM32MP133FAE7, STM32MP133FAF7, STM32MP133FAG7, STM32MP135AAE3, STM32MP135AAF3, STM32MP135AAG3, STM32MP135CAE3, STM32MP135CAF3, STM32MP135CAG3, STM32MP135DAE7, STM32MP135DAF7, STM32MP135DAG7, STM32MP135F-DK, STM32MP135FAE7, STM32MP135FAF7, STM32MP135FAF7T, STM32MP135FAF7U, STM32MP135FAG7, STM32MP251AAI3, STM32MP251AAK3, STM32MP251AAL3, STM32MP251CAI3, STM32MP251CAK3, STM32MP251CAL3, STM32MP251DAI3, STM32MP251DAK3, STM32MP251DAL3, STM32MP251FAI3, STM32MP251FAK3, STM32MP251FAL3, STM32MP253AAI3, STM32MP253AAK3, STM32MP253AAL3, STM32MP253CAI3, STM32MP253CAK3, STM32MP253CAL3, STM32MP253DAI3, STM32MP253DAK3, STM32MP253DAL3, STM32MP253FAI3, STM32MP253FAK3, STM32MP253FAL3, STM32MP255AAI3, STM32MP255AAK3, STM32MP255AAL3, STM32MP255CAI3, STM32MP255CAK3, STM32MP255CAL3, STM32MP255DAI3, STM32MP255DAK3, STM32MP255DAL3, STM32MP255FAI3, STM32MP255FAK3, STM32MP255FAL3, STM32MP257AAI3, STM32MP257AAK3, STM32MP257AAL3, STM32MP257CAI3, STM32MP257CAK3, STM32MP257CAL3, STM32MP257DAI3, STM32MP257DAK3, STM32MP257DAL3, STM32MP257F-DK, STM32MP257F-EV1, STM32MP257FAI3, STM32MP257FAK3, STM32MP257FAL3, STM32U031C6T6, STM32U031C6U6, STM32U031C8T6, STM32U031C8U6, STM32U031F4P6, STM32U031F6P6, STM32U031F8P6, STM32U031G6Y6TR, STM32U031G8Y6TR, STM32U031K4U6, STM32U031K6U6, STM32U031K8U6, STM32U031R6I6, STM32U031R6T6, STM32U031R8I6, STM32U031R8T6, STM32U073C8T6, STM32U073C8U6, STM32U073CBT6, STM32U073CBU6, STM32U073CCT6, STM32U073CCU6, STM32U073H8Y6TR, STM32U073HBY6TR, STM32U073HCY6TR, STM32U073K8U6, STM32U073KBU6, STM32U073KCU6, STM32U073M8I6, STM32U073M8T6, STM32U073MBI6, STM32U073MBT6, STM32U073MCI6, STM32U073MCT6, STM32U073R8I6, STM32U073R8T6, STM32U073RBI6, STM32U073RBT6, STM32U073RCI6, STM32U073RCT6, STM32U083C-DK, STM32U083CCT6, STM32U083CCU6, STM32U083HCY6TR, STM32U083KCU6, STM32U083MCI6, STM32U083MCT6, STM32U083RCI6, STM32U083RCT6, STM32U535CBT6, STM32U535CBT6Q, STM32U535CBU6, STM32U535CBU6Q, STM32U535CCT6, STM32U535CCT6Q, STM32U535CCU6, STM32U535CCU6Q, STM32U535CET6, STM32U535CET6Q, STM32U535CEU6, STM32U535CEU6Q, STM32U535JEY6QTR, STM32U535NCY6QTR, STM32U535NEY6QTR, STM32U535RBI6, STM32U535RBI6Q, STM32U535RBT6, STM32U535RBT6Q, STM32U535RCI6, STM32U535RCI6Q, STM32U535RCT6, STM32U535RCT6Q, STM32U535REI6, STM32U535REI6Q, STM32U535RET6, STM32U535RET6Q, STM32U535VCI6, STM32U535VCI6Q, STM32U535VCT6, STM32U535VCT6Q, STM32U535VEI6, STM32U535VEI6Q, STM32U535VET6, STM32U535VET6Q, STM32U545CET6, STM32U545CET6Q, STM32U545CEU6, STM32U545CEU6Q, STM32U545JEY6QTR, STM32U545NEY6QTR, STM32U545REI6, STM32U545REI6Q, STM32U545RET6, STM32U545RET6Q, STM32U545VEI6, STM32U545VEI6Q, STM32U545VET6, STM32U545VET6Q, STM32U595AIH6, STM32U595AIH6Q, STM32U595AJH6, STM32U595AJH6Q, STM32U595QII6, STM32U595QII6Q, STM32U595QJI6, STM32U595QJI6Q, STM32U595RIT6, STM32U595RIT6Q, STM32U595RJT6, STM32U595RJT6Q, STM32U595VIT6, STM32U595VIT6Q, STM32U595VJT6, STM32U595VJT6Q, STM32U595ZIT6, STM32U595ZIT6Q, STM32U595ZIY6QTR, STM32U595ZJT6, STM32U595ZJT6Q, STM32U595ZJY6QTR, STM32U599BJY6QTR, STM32U599NIH6Q, STM32U599NJH6Q, STM32U599VIT6Q, STM32U599VJT6, STM32U599VJT6Q, STM32U599ZIT6Q, STM32U599ZIY6QTR, STM32U599ZJT6Q, STM32U599ZJY6QTR, STM32U5A5AJH6, STM32U5A5AJH6Q, STM32U5A5QII3Q , STM32U5A5QJI6, STM32U5A5QJI6Q, STM32U5A5RJT6, STM32U5A5RJT6Q, STM32U5A5VJT6, STM32U5A5VJT6Q, STM32U5A5ZJT6, STM32U5A5ZJT6Q, STM32U5A5ZJY6QTR, STM32U5A9BJY6QTR, STM32U5A9J-DK, STM32U5A9NJH6Q, STM32U5A9VJT6Q, STM32U5A9ZJT6Q, STM32U5A9ZJY6QTR, STM32U5F7VIT6, STM32U5F7VIT6Q, STM32U5F7VJT6, STM32U5F7VJT6Q, STM32U5F9BJY6QTR, STM32U5F9NJH6Q, STM32U5F9VIT6Q, STM32U5F9VJT6Q, STM32U5F9ZIJ6QTR, STM32U5F9ZIT6Q, STM32U5F9ZJJ6QTR, STM32U5F9ZJT6Q, STM32U5G7VJT6, STM32U5G7VJT6Q, STM32U5G9BJY6QTR, STM32U5G9J-DK1, STM32U5G9J-DK2, STM32U5G9NJH6Q, STM32U5G9VJT6Q, STM32U5G9ZJJ6QTR, STM32U5G9ZJT6Q, STM32WB05KZV6TR, STM32WB05KZV7TR, STM32WB05TZF6TR, STM32WB05TZF7TR, STM32WB06CCF6TR, STM32WB06CCF7TR, STM32WB06CCV6TR, STM32WB06CCV7TR, STM32WB06KCV6TR, STM32WB06KCV7TR, STM32WB07CCF6TR, STM32WB07CCF7TR, STM32WB07CCV6TR, STM32WB07CCV7TR, STM32WB07KCV6TR, STM32WB07KCV7TR, STM32WB09KEV6TR, STM32WB09KEV7TR, STM32WB09TEF6TR, STM32WB09TEF7TR, STM32WB1MMCH6, STM32WBA50KGU6, STM32WBA50KGU6TR, STM32WBA52CEU6, STM32WBA52CEU6TR, STM32WBA52CEU7, STM32WBA52CEU7TR, STM32WBA52CGU6, STM32WBA52CGU6TR, STM32WBA52CGU6U, STM32WBA52CGU7, STM32WBA52CGU7TR, STM32WBA52KEU6, STM32WBA52KEU6TR, STM32WBA52KGU6, STM32WBA52KGU6TR, STM32WBA54CEU6, STM32WBA54CEU6TR, STM32WBA54CEU7, STM32WBA54CEU7TR, STM32WBA54CGU6, STM32WBA54CGU6TR, STM32WBA54CGU7, STM32WBA54CGU7TR, STM32WBA54KEU6, STM32WBA54KEU6TR, STM32WBA54KEU7, STM32WBA54KEU7TR, STM32WBA54KGU6, STM32WBA54KGU6TR, STM32WBA54KGU7, STM32WBA54KGU7TR, STM32WBA55CEU6, STM32WBA55CEU6TR, STM32WBA55CEU7, STM32WBA55CEU7TR, STM32WBA55CGU6, STM32WBA55CGU6TR, STM32WBA55CGU6U, STM32WBA55CGU7, STM32WBA55CGU7TR, STM32WBA55G-DK1, STM32WBA55HEF6, STM32WBA55HEF7, STM32WBA55HGF6, STM32WBA55HGF7, STM32WBA55UEI6, STM32WBA55UEI6TR, STM32WBA55UEI7, STM32WBA55UEI7TR, STM32WBA55UGI6, STM32WBA55UGI6TR, STM32WBA55UGI7, STM32WBA55UGI7TR, STM32WL5MOCH6, STM32WL5MOCH6TR]
2026-01-15 09:47:53,761 [INFO] DbMcus:218 - Found 4733 MCUs, 4733 are supported
2026-01-15 09:47:53,762 [INFO] ApiDb:423 - Load user favorites file C:\Users\RND1/.stm32cubeide/favorites.mcus.txt: 0 item(s)
2026-01-15 09:47:53,762 [INFO] ApiDb:427 - User favorites MCUs=[]
2026-01-15 09:47:53,762 [INFO] DbMcus:224 - Set 0 / 0 favorites MCUs
2026-01-15 09:47:54,037 [INFO] BoardInfo:889 - No configuration file found for board B-WBA5M-WPAN
2026-01-15 09:47:54,038 [INFO] DbBoards:161 - Board is not supported: B-WBA5M-WPAN
2026-01-15 09:47:54,041 [INFO] BoardInfo:889 - No configuration file found for board NUCLEO-C051C8
2026-01-15 09:47:54,042 [INFO] DbBoards:161 - Board is not supported: NUCLEO-C051C8
2026-01-15 09:47:54,044 [INFO] BoardInfo:889 - No configuration file found for board NUCLEO-C092RC
2026-01-15 09:47:54,044 [INFO] DbBoards:161 - Board is not supported: NUCLEO-C092RC
2026-01-15 09:47:54,115 [INFO] BoardInfo:889 - No configuration file found for board NUCLEO-N657X0-Q
2026-01-15 09:47:54,115 [INFO] DbBoards:161 - Board is not supported: NUCLEO-N657X0-Q
2026-01-15 09:47:54,118 [INFO] BoardInfo:889 - No configuration file found for board NUCLEO-U385RG-Q
2026-01-15 09:47:54,118 [INFO] DbBoards:161 - Board is not supported: NUCLEO-U385RG-Q
2026-01-15 09:47:54,130 [INFO] BoardInfo:889 - No configuration file found for board NUCLEO-WBA65RI
2026-01-15 09:47:54,130 [INFO] DbBoards:161 - Board is not supported: NUCLEO-WBA65RI
2026-01-15 09:47:54,131 [INFO] BoardInfo:889 - No configuration file found for board NUCLEO-WL33CC1
2026-01-15 09:47:54,131 [INFO] DbBoards:161 - Board is not supported: NUCLEO-WL33CC1
2026-01-15 09:47:54,132 [INFO] BoardInfo:889 - No configuration file found for board NUCLEO-WL33CC2
2026-01-15 09:47:54,132 [INFO] DbBoards:161 - Board is not supported: NUCLEO-WL33CC2
2026-01-15 09:47:54,137 [INFO] BoardInfo:889 - No configuration file found for board P-NUCLEO-WB55
2026-01-15 09:47:54,137 [INFO] DbBoards:161 - Kit is not supported: P-NUCLEO-WB55
2026-01-15 09:47:54,141 [INFO] BoardInfo:889 - No configuration file found for board STEVAL-BFA001V1B
2026-01-15 09:47:54,142 [INFO] DbBoards:161 - Kit is not supported: STEVAL-BFA001V1B
2026-01-15 09:47:54,143 [INFO] BoardInfo:889 - No configuration file found for board STEVAL-BFA001V2B
2026-01-15 09:47:54,143 [INFO] DbBoards:161 - Kit is not supported: STEVAL-BFA001V2B
2026-01-15 09:47:54,251 [INFO] BoardInfo:889 - No configuration file found for board STM32N6570-DK
2026-01-15 09:47:54,251 [INFO] DbBoards:161 - Board is not supported: STM32N6570-DK
2026-01-15 09:47:54,261 [INFO] BoardInfo:889 - No configuration file found for board STM32WBA65I-DK1
2026-01-15 09:47:54,261 [INFO] DbBoards:161 - Board is not supported: STM32WBA65I-DK1
2026-01-15 09:47:54,261 [INFO] DbBoards:168 - Found 211 boards, 198 are supported
2026-01-15 09:47:54,261 [INFO] DbBoards:169 - Found 211 boards, 25 of them is supported for  Bsp
2026-01-15 09:47:54,263 [INFO] ApiDb:423 - Load user favorites file C:\Users\RND1/.stm32cubeide/favorites.boards.txt: 0 item(s)
2026-01-15 09:47:54,263 [INFO] ApiDb:427 - User favorites Boards=[]
2026-01-15 09:47:54,264 [INFO] DbBoards:198 - Set 0 / 0 favorites Boards
2026-01-15 09:47:54,328 [INFO] UtilMem:75 - End LoadConfig() Used Memory: 272942352 Bytes (465567744)
2026-01-15 09:47:54,428 [WARN] ThirdParty:833 - waiting for thirdparty lock release [change project]
2026-01-15 09:47:54,429 [INFO] ThirdParty:835 - entering critical section [change project]
2026-01-15 09:47:54,429 [INFO] ThirdParty:1030 - CMSIS Pack Vendor :STMicroelectronics X-CUBE-PM33A1 1.0.0
2026-01-15 09:47:54,429 [INFO] ThirdParty:1030 - CMSIS Pack Vendor :STMicroelectronics USBPD 4.1
2026-01-15 09:47:54,429 [INFO] ThirdParty:1030 - CMSIS Pack Vendor :STMicroelectronics X-CUBE-GNSS1 6.0.0
2026-01-15 09:47:54,429 [INFO] ThirdParty:1030 - CMSIS Pack Vendor :STMicroelectronics USB_HOST 2.0.0
2026-01-15 09:47:54,429 [INFO] ThirdParty:1030 - CMSIS Pack Vendor :STMicroelectronics FP-SNS-MOTENVWB1 1.4.0
2026-01-15 09:47:54,429 [INFO] ThirdParty:1030 - CMSIS Pack Vendor :STMicroelectronics X-CUBE-AZRTOS-F4 1.1.0
2026-01-15 09:47:54,429 [INFO] ThirdParty:1030 - CMSIS Pack Vendor :STMicroelectronics LIBJPEG 8.0.0
2026-01-15 09:47:54,429 [INFO] ThirdParty:1030 - CMSIS Pack Vendor :STMicroelectronics FP-ATR-ASTRA1 2.0.2
2026-01-15 09:47:54,429 [INFO] ThirdParty:1030 - CMSIS Pack Vendor :wolfSSL I-CUBE-wolfSSL 5.6.4
2026-01-15 09:47:54,429 [INFO] ThirdParty:1030 - CMSIS Pack Vendor :STMicroelectronics FP-ATR-ASTRA1 2.0.1
2026-01-15 09:47:54,429 [INFO] ThirdParty:1030 - CMSIS Pack Vendor :STMicroelectronics X-CUBE-SMBUS 2.1.0
2026-01-15 09:47:54,429 [INFO] ThirdParty:1030 - CMSIS Pack Vendor :STMicroelectronics X-CUBE-WB05N 1.1.0
2026-01-15 09:47:54,429 [INFO] ThirdParty:1030 - CMSIS Pack Vendor :STMicroelectronics X-CUBE-ISPU 2.1.0
2026-01-15 09:47:54,429 [INFO] ThirdParty:1030 - CMSIS Pack Vendor :STMicroelectronics X-CUBE-FREERTOS 1.2.0
2026-01-15 09:47:54,429 [INFO] ThirdParty:1030 - CMSIS Pack Vendor :STMicroelectronics X-CUBE-TOUCHGFX 4.23.0
2026-01-15 09:47:54,429 [INFO] ThirdParty:1030 - CMSIS Pack Vendor :STMicroelectronics X-CUBE-NFC12 1.0.0
2026-01-15 09:47:54,429 [INFO] ThirdParty:1030 - CMSIS Pack Vendor :STMicroelectronics X-CUBE-TOUCHGFX 4.23.2
2026-01-15 09:47:54,429 [INFO] ThirdParty:1030 - CMSIS Pack Vendor :STMicroelectronics X-CUBE-AZRTOS-F7 1.1.0
2026-01-15 09:47:54,429 [INFO] ThirdParty:1030 - CMSIS Pack Vendor :STMicroelectronics X-CUBE-AZRTOS-L5 2.0.0
2026-01-15 09:47:54,429 [INFO] ThirdParty:1030 - CMSIS Pack Vendor :STMicroelectronics USB_DEVICE 2.0.0
2026-01-15 09:47:54,429 [INFO] ThirdParty:1030 - CMSIS Pack Vendor :STMicroelectronics X-CUBE-EEPRMA1 4.2.0
2026-01-15 09:47:54,429 [INFO] ThirdParty:1030 - CMSIS Pack Vendor :STMicroelectronics X-CUBE-NFC6 3.1.0
2026-01-15 09:47:54,429 [INFO] ThirdParty:1030 - CMSIS Pack Vendor :ITTIA_DB I-CUBE-ITTIADB 8.8.0
2026-01-15 09:47:54,429 [INFO] ThirdParty:1030 - CMSIS Pack Vendor :STMicroelectronics FP-SNS-MOTENV1 4.3.2
2026-01-15 09:47:54,429 [INFO] ThirdParty:1030 - CMSIS Pack Vendor :STMicroelectronics X-CUBE-MEMS1 11.0.0
2026-01-15 09:47:54,429 [INFO] ThirdParty:1030 - CMSIS Pack Vendor :STMicroelectronics FreeRTOS 0.0.1
2026-01-15 09:47:54,429 [INFO] ThirdParty:1030 - CMSIS Pack Vendor :STMicroelectronics X-CUBE-DPower 1.2.0
2026-01-15 09:47:54,429 [INFO] ThirdParty:1030 - CMSIS Pack Vendor :STMicroelectronics FP-SNS-FLIGHT1 5.0.2
2026-01-15 09:47:54,429 [INFO] ThirdParty:1030 - CMSIS Pack Vendor :STMicroelectronics X-CUBE-AI 9.0.0
2026-01-15 09:47:54,429 [INFO] ThirdParty:1030 - CMSIS Pack Vendor :STMicroelectronics PDM2PCM 3.3.0
2026-01-15 09:47:54,429 [INFO] ThirdParty:1030 - CMSIS Pack Vendor :STMicroelectronics X-CUBE-AZRTOS-H7 3.4.0
2026-01-15 09:47:54,429 [INFO] ThirdParty:1030 - CMSIS Pack Vendor :STMicroelectronics X-CUBE-DISPLAY 3.0.0
2026-01-15 09:47:54,429 [INFO] ThirdParty:1030 - CMSIS Pack Vendor :STMicroelectronics X-CUBE-BLE1 7.0.0
2026-01-15 09:47:54,429 [INFO] ThirdParty:1030 - CMSIS Pack Vendor :STMicroelectronics X-CUBE-NFC10 1.0.0
2026-01-15 09:47:54,429 [INFO] ThirdParty:1030 - CMSIS Pack Vendor :STMicroelectronics X-CUBE-BLEMGR 4.0.0
2026-01-15 09:47:54,429 [INFO] ThirdParty:1030 - CMSIS Pack Vendor :STMicroelectronics X-CUBE-FREERTOS 1.3.1
2026-01-15 09:47:54,429 [INFO] ThirdParty:1030 - CMSIS Pack Vendor :STMicroelectronics HAL Drivers 0.0.0
2026-01-15 09:47:54,429 [INFO] ThirdParty:1030 - CMSIS Pack Vendor :emotas I-CUBE-CANOPEN 1.3.0
2026-01-15 09:47:54,429 [INFO] ThirdParty:1030 - CMSIS Pack Vendor :STMicroelectronics X-CUBE-FREERTOS 1.3.0
2026-01-15 09:47:54,429 [INFO] ThirdParty:1030 - CMSIS Pack Vendor :STMicroelectronics X-CUBE-NFC7 1.0.1
2026-01-15 09:47:54,429 [INFO] ThirdParty:1030 - CMSIS Pack Vendor :STMicroelectronics MBEDTLS 2.14.1
2026-01-15 09:47:54,429 [INFO] ThirdParty:1030 - CMSIS Pack Vendor :STMicroelectronics X-CUBE-GNSS1 7.1.0
2026-01-15 09:47:54,429 [INFO] ThirdParty:1030 - CMSIS Pack Vendor :STMicroelectronics X-CUBE-TOUCHGFX 4.26.0
2026-01-15 09:47:54,429 [INFO] ThirdParty:1030 - CMSIS Pack Vendor :STMicroelectronics X-CUBE-NFC6 3.0.0
2026-01-15 09:47:54,429 [INFO] ThirdParty:1030 - CMSIS Pack Vendor :STMicroelectronics X-CUBE-BLEMGR 3.1.0
2026-01-15 09:47:54,430 [INFO] ThirdParty:1030 - CMSIS Pack Vendor :STMicroelectronics X-CUBE-AI 10.0.0
2026-01-15 09:47:54,430 [INFO] ThirdParty:1030 - CMSIS Pack Vendor :STMicroelectronics FP-SNS-SMARTAG2 1.2.0
2026-01-15 09:47:54,430 [INFO] ThirdParty:1030 - CMSIS Pack Vendor :STMicroelectronics X-CUBE-MEMS1 11.1.0
2026-01-15 09:47:54,430 [INFO] ThirdParty:1030 - CMSIS Pack Vendor :STMicroelectronics X-CUBE-AZRTOS-WL 2.0.0
2026-01-15 09:47:54,430 [INFO] ThirdParty:1030 - CMSIS Pack Vendor :STMicroelectronics X-CUBE-DPower 1.3.0
2026-01-15 09:47:54,430 [INFO] ThirdParty:1030 - CMSIS Pack Vendor :STMicroelectronics FP-SNS-MOTENV1 5.0.0
2026-01-15 09:47:54,430 [INFO] ThirdParty:1030 - CMSIS Pack Vendor :STMicroelectronics USB_DEVICE 1.0.0
2026-01-15 09:47:54,430 [INFO] ThirdParty:1030 - CMSIS Pack Vendor :STMicroelectronics X-CUBE-AZRTOS-H7RS 1.2.0
2026-01-15 09:47:54,430 [INFO] ThirdParty:1030 - CMSIS Pack Vendor :STMicroelectronics X-CUBE-AI 8.1.0
2026-01-15 09:47:54,430 [INFO] ThirdParty:1030 - CMSIS Pack Vendor :wolfSSL I-CUBE-wolfMQTT 1.19.0
2026-01-15 09:47:54,430 [INFO] ThirdParty:1030 - CMSIS Pack Vendor :STMicroelectronics X-CUBE-AZRTOS-L4 2.0.0
2026-01-15 09:47:54,430 [INFO] ThirdParty:1030 - CMSIS Pack Vendor :STMicroelectronics ThreadX 0.0.2
2026-01-15 09:47:54,430 [INFO] ThirdParty:1030 - CMSIS Pack Vendor :WES I-CUBE-Cesium 1.3.0
2026-01-15 09:47:54,430 [INFO] ThirdParty:1030 - CMSIS Pack Vendor :STMicroelectronics lwIP 2.1.2
2026-01-15 09:47:54,430 [INFO] ThirdParty:1030 - CMSIS Pack Vendor :STMicroelectronics X-CUBE-SFXS2LP1 4.0.0
2026-01-15 09:47:54,430 [INFO] ThirdParty:1030 - CMSIS Pack Vendor :STMicroelectronics X-CUBE-BLE2 3.3.0
2026-01-15 09:47:54,430 [INFO] ThirdParty:1030 - CMSIS Pack Vendor :STMicroelectronics PDM2PCM 3.2.0
2026-01-15 09:47:54,430 [INFO] ThirdParty:1030 - CMSIS Pack Vendor :STMicroelectronics X-CUBE-AZRTOS-H7 3.3.0
2026-01-15 09:47:54,430 [INFO] ThirdParty:1030 - CMSIS Pack Vendor :STMicroelectronics X-CUBE-NFC9 1.0.0
2026-01-15 09:47:54,430 [INFO] ThirdParty:1030 - CMSIS Pack Vendor :STMicroelectronics X-CUBE-BLE1 7.1.0
2026-01-15 09:47:54,430 [INFO] ThirdParty:1030 - CMSIS Pack Vendor :STMicroelectronics USB_DEVICE 3.0.0
2026-01-15 09:47:54,430 [INFO] ThirdParty:1030 - CMSIS Pack Vendor :STMicroelectronics X-CUBE-TCPP 4.1.0
2026-01-15 09:47:54,430 [INFO] ThirdParty:1030 - CMSIS Pack Vendor :STMicroelectronics X-CUBE-EEPRMA1 5.2.0
2026-01-15 09:47:54,430 [INFO] ThirdParty:1030 - CMSIS Pack Vendor :STMicroelectronics X-CUBE-IPS 3.0.0
2026-01-15 09:47:54,430 [INFO] ThirdParty:1030 - CMSIS Pack Vendor :STMicroelectronics X-CUBE-AZRTOS-WB 2.0.0
2026-01-15 09:47:54,430 [INFO] ThirdParty:1030 - CMSIS Pack Vendor :STMicroelectronics X-CUBE-GNSS1 7.0.0
2026-01-15 09:47:54,430 [INFO] ThirdParty:1030 - CMSIS Pack Vendor :STMicroelectronics X-CUBE-GNSS1 7.0.1
2026-01-15 09:47:54,430 [INFO] ThirdParty:1030 - CMSIS Pack Vendor :STMicroelectronics X-CUBE-TOUCHGFX 4.25.0
2026-01-15 09:47:54,430 [INFO] ThirdParty:1030 - CMSIS Pack Vendor :STMicroelectronics X-CUBE-AI 10.1.0
2026-01-15 09:47:54,430 [INFO] ThirdParty:1030 - CMSIS Pack Vendor :STMicroelectronics FP-SNS-STBOX1 2.0.0
2026-01-15 09:47:54,430 [INFO] ThirdParty:1030 - CMSIS Pack Vendor :STMicroelectronics X-CUBE-MEMS1 12.0.0
2026-01-15 09:47:54,430 [INFO] ThirdParty:1030 - CMSIS Pack Vendor :STMicroelectronics X-CUBE-ALGOBUILD 1.3.0
2026-01-15 09:47:54,430 [INFO] ThirdParty:1030 - CMSIS Pack Vendor :STMicroelectronics X-CUBE-MEMS1 11.2.0
2026-01-15 09:47:54,430 [INFO] ThirdParty:1030 - CMSIS Pack Vendor :STMicroelectronics X-CUBE-AZRTOS-G0 1.1.0
2026-01-15 09:47:54,430 [INFO] ThirdParty:1030 - CMSIS Pack Vendor :STMicroelectronics X-CUBE-SAFEA1 1.2.2
2026-01-15 09:47:54,430 [INFO] ThirdParty:1030 - CMSIS Pack Vendor :STMicroelectronics X-CUBE-NFC4 3.0.0
2026-01-15 09:47:54,430 [INFO] ThirdParty:1030 - CMSIS Pack Vendor :STMicroelectronics X-CUBE-SUBG2 5.0.0
2026-01-15 09:47:54,430 [INFO] ThirdParty:1030 - CMSIS Pack Vendor :STMicroelectronics X-CUBE-AZRTOS-H7RS 1.1.0
2026-01-15 09:47:54,430 [INFO] ThirdParty:1030 - CMSIS Pack Vendor :STMicroelectronics STM32_WPAN 1.0.0
2026-01-15 09:47:54,430 [INFO] ThirdParty:1030 - CMSIS Pack Vendor :wolfSSL I-CUBE-wolfMQTT 1.18.0
2026-01-15 09:47:54,430 [INFO] ThirdParty:1030 - CMSIS Pack Vendor :EmbeddedOffice I-CUBE-FS-RTOS 1.0.1
2026-01-15 09:47:54,430 [INFO] ThirdParty:1030 - CMSIS Pack Vendor :STMicroelectronics lwIP 2.0.3
2026-01-15 09:47:54,430 [INFO] ThirdParty:1030 - CMSIS Pack Vendor :STMicroelectronics USB_HOST 1.0.0
2026-01-15 09:47:54,430 [INFO] ThirdParty:1030 - CMSIS Pack Vendor :STMicroelectronics X-CUBE-AZRTOS-G4 2.0.0
2026-01-15 09:47:54,430 [INFO] ThirdParty:1030 - CMSIS Pack Vendor :STMicroelectronics X-CUBE-WB05N 2.0.0
2026-01-15 09:47:54,430 [INFO] ThirdParty:1030 - CMSIS Pack Vendor :STMicroelectronics PDM2PCM 3.1.0
2026-01-15 09:47:54,430 [INFO] ThirdParty:1030 - CMSIS Pack Vendor :Infineon AIROC-Wi-Fi-Bluetooth-STM32 1.5.1
2026-01-15 09:47:54,430 [INFO] ThirdParty:1030 - CMSIS Pack Vendor :STMicroelectronics X-CUBE-BLEMGR 3.0.0
2026-01-15 09:47:54,431 [INFO] ThirdParty:1030 - CMSIS Pack Vendor :STMicroelectronics X-CUBE-NFC7 2.0.0
2026-01-15 09:47:54,431 [INFO] ThirdParty:1030 - CMSIS Pack Vendor :RealThread X-CUBE-RT-Thread_Nano 4.1.1
2026-01-15 09:47:54,431 [INFO] ThirdParty:1030 - CMSIS Pack Vendor :STMicroelectronics FP-SNS-MOTENVWB1 1.3.1
2026-01-15 09:47:54,431 [INFO] ThirdParty:1030 - CMSIS Pack Vendor :STMicroelectronics FP-ATR-SIGFOX1 3.2.0
2026-01-15 09:47:54,431 [INFO] ThirdParty:1030 - CMSIS Pack Vendor :quantropi X-CUBE-qispace-sdk-base 1.9.3
2026-01-15 09:47:54,431 [INFO] ThirdParty:1030 - CMSIS Pack Vendor :STMicroelectronics X-CUBE-ISPU 2.0.0
2026-01-15 09:47:54,431 [INFO] ThirdParty:1030 - CMSIS Pack Vendor :STMicroelectronics X-CUBE-EEPRMA1 5.1.0
2026-01-15 09:47:54,431 [INFO] ThirdParty:1030 - CMSIS Pack Vendor :STMicroelectronics MBEDTLS 2.16.2
2026-01-15 09:47:54,431 [INFO] ThirdParty:1030 - CMSIS Pack Vendor :STMicroelectronics X-CUBE-ALS 1.0.2
2026-01-15 09:47:54,431 [INFO] ThirdParty:1030 - CMSIS Pack Vendor :STMicroelectronics X-CUBE-MEMS1 10.0.0
2026-01-15 09:47:54,431 [INFO] ThirdParty:1030 - CMSIS Pack Vendor :STMicroelectronics X-CUBE-FREERTOS 1.1.0
2026-01-15 09:47:54,431 [INFO] ThirdParty:1030 - CMSIS Pack Vendor :STMicroelectronics X-CUBE-TOUCHGFX 4.24.0
2026-01-15 09:47:54,431 [INFO] ThirdParty:1030 - CMSIS Pack Vendor :STMicroelectronics X-CUBE-TOUCHGFX 4.24.2
2026-01-15 09:47:54,431 [INFO] ThirdParty:1030 - CMSIS Pack Vendor :STMicroelectronics X-CUBE-TOUCHGFX 4.24.1
2026-01-15 09:47:54,431 [INFO] ThirdParty:1030 - CMSIS Pack Vendor :STMicroelectronics X-CUBE-STSE01 1.0.0
2026-01-15 09:47:54,431 [INFO] ThirdParty:1030 - CMSIS Pack Vendor :wolfSSL I-CUBE-wolfTPM 3.4.0
2026-01-15 09:47:54,431 [INFO] ThirdParty:1030 - CMSIS Pack Vendor :portGmbH I-Cube-SoM-uGOAL 1.1.0
2026-01-15 09:47:54,431 [INFO] ThirdParty:1030 - CMSIS Pack Vendor :STMicroelectronics X-CUBE-ALS 1.0.1
2026-01-15 09:47:54,431 [INFO] ThirdParty:1030 - CMSIS Pack Vendor :STMicroelectronics X-CUBE-AI 10.2.0
2026-01-15 09:47:54,431 [INFO] ThirdParty:1030 - CMSIS Pack Vendor :STMicroelectronics ThreadX 1.0.0
2026-01-15 09:47:54,431 [INFO] ThirdParty:1030 - CMSIS Pack Vendor :SEGGER I-CUBE-embOS 1.3.1
2026-01-15 09:47:54,431 [INFO] ThirdParty:1030 - CMSIS Pack Vendor :STMicroelectronics X-CUBE-ALGOBUILD 1.4.0
2026-01-15 09:47:54,431 [INFO] ThirdParty:1030 - CMSIS Pack Vendor :STMicroelectronics X-CUBE-MEMS1 11.3.0
2026-01-15 09:47:54,431 [INFO] ThirdParty:1030 - CMSIS Pack Vendor :STMicroelectronics X-CUBE-AZRTOS-H7RS 1.0.0
2026-01-15 09:47:54,431 [INFO] ThirdParty:1030 - CMSIS Pack Vendor :STMicroelectronics FP-ATR-ASTRA1 2.0.0
2026-01-15 09:47:54,431 [INFO] ThirdParty:1030 - CMSIS Pack Vendor :STMicroelectronics X-CUBE-TOF1 3.4.2
2026-01-15 09:47:54,431 [INFO] ThirdParty:1030 - CMSIS Pack Vendor :STMicroelectronics X-CUBE-AI 9.1.0
2026-01-15 09:47:54,431 [INFO] ThirdParty:1030 - CMSIS Pack Vendor :STMicroelectronics X-CUBE-TOF1 3.4.0
2026-01-15 09:47:54,431 [INFO] ThirdParty:1030 - CMSIS Pack Vendor :STMicroelectronics X-CUBE-TOF1 3.4.1
2026-01-15 09:47:54,431 [INFO] ThirdParty:1030 - CMSIS Pack Vendor :STMicroelectronics X-CUBE-AZRTOS-H7 3.2.0
2026-01-15 09:47:54,431 [INFO] ThirdParty:1030 - CMSIS Pack Vendor :wolfSSL I-CUBE-wolfSSH 1.4.17
2026-01-15 09:47:54,431 [INFO] ThirdParty:841 - exiting critical section [change project]
2026-01-15 09:47:54,832 [INFO] PinOutPanel:1561 - setPackage(No Configuration,No Configuration)
2026-01-15 09:47:54,833 [INFO] PinOutPanel:1561 - setPackage(STM32H723ZGTx,LQFP144)
2026-01-15 09:47:55,437 [INFO] UtilMem:75 - Before build in PCC Used Memory: 402170488 Bytes (465567744)
2026-01-15 09:47:57,475 [INFO] UtilMem:75 - After build in PCC Used Memory: 373464288 Bytes (650117120)
2026-01-15 09:47:57,501 [INFO] IPUIPlugin:80 - create IPUIPlugin
2026-01-15 09:47:57,501 [INFO] IPUIPlugin:80 - create IPUIPlugin
2026-01-15 09:47:57,501 [INFO] IPUIPlugin:80 - create IPUIPlugin
2026-01-15 09:47:57,501 [INFO] IPUIPlugin:80 - create IPUIPlugin
2026-01-15 09:47:57,501 [INFO] IPUIPlugin:80 - create IPUIPlugin
2026-01-15 09:47:57,501 [INFO] IPUIPlugin:80 - create IPUIPlugin
2026-01-15 09:47:57,502 [INFO] IPUIPlugin:80 - create IPUIPlugin
2026-01-15 09:47:57,502 [INFO] IPUIPlugin:80 - create IPUIPlugin
2026-01-15 09:47:57,502 [INFO] IPUIPlugin:80 - create IPUIPlugin
2026-01-15 09:47:57,502 [INFO] IPUIPlugin:80 - create IPUIPlugin
2026-01-15 09:47:57,502 [INFO] IPUIPlugin:80 - create IPUIPlugin
2026-01-15 09:47:57,502 [INFO] IPUIPlugin:80 - create IPUIPlugin
2026-01-15 09:47:57,502 [INFO] IPUIPlugin:80 - create IPUIPlugin
2026-01-15 09:47:57,502 [INFO] IPUIPlugin:80 - create IPUIPlugin
2026-01-15 09:47:57,502 [INFO] IPUIPlugin:80 - create IPUIPlugin
2026-01-15 09:47:57,502 [INFO] IPUIPlugin:80 - create IPUIPlugin
2026-01-15 09:47:57,503 [INFO] IPUIPlugin:80 - create IPUIPlugin
2026-01-15 09:47:57,503 [INFO] IPUIPlugin:80 - create IPUIPlugin
2026-01-15 09:47:57,503 [INFO] IPUIPlugin:80 - create IPUIPlugin
2026-01-15 09:47:57,503 [INFO] IPUIPlugin:80 - create IPUIPlugin
2026-01-15 09:47:57,503 [INFO] IPUIPlugin:80 - create IPUIPlugin
2026-01-15 09:47:57,503 [INFO] IPUIPlugin:80 - create IPUIPlugin
2026-01-15 09:47:57,503 [INFO] IPUIPlugin:80 - create IPUIPlugin
2026-01-15 09:47:57,503 [INFO] IPUIPlugin:80 - create IPUIPlugin
2026-01-15 09:47:57,503 [INFO] IPUIPlugin:80 - create IPUIPlugin
2026-01-15 09:47:57,503 [INFO] IPUIPlugin:80 - create IPUIPlugin
2026-01-15 09:47:57,503 [INFO] IPUIPlugin:80 - create IPUIPlugin
2026-01-15 09:47:57,503 [INFO] IPUIPlugin:80 - create IPUIPlugin
2026-01-15 09:47:57,503 [INFO] IPUIPlugin:80 - create IPUIPlugin
2026-01-15 09:47:57,503 [INFO] IPUIPlugin:80 - create IPUIPlugin
2026-01-15 09:47:57,503 [INFO] IPUIPlugin:80 - create IPUIPlugin
2026-01-15 09:47:57,503 [INFO] IPUIPlugin:80 - create IPUIPlugin
2026-01-15 09:47:57,503 [INFO] IPUIPlugin:80 - create IPUIPlugin
2026-01-15 09:47:57,503 [INFO] IPUIPlugin:80 - create IPUIPlugin
2026-01-15 09:47:57,503 [INFO] IPUIPlugin:80 - create IPUIPlugin
2026-01-15 09:47:57,504 [INFO] IPUIPlugin:80 - create IPUIPlugin
2026-01-15 09:47:57,504 [INFO] IPUIPlugin:80 - create IPUIPlugin
2026-01-15 09:47:57,504 [INFO] IPUIPlugin:80 - create IPUIPlugin
2026-01-15 09:47:57,505 [INFO] IPUIPlugin:80 - create IPUIPlugin
2026-01-15 09:47:57,505 [INFO] IPUIPlugin:80 - create IPUIPlugin
2026-01-15 09:47:57,505 [INFO] IPUIPlugin:80 - create IPUIPlugin
2026-01-15 09:47:57,505 [INFO] IPUIPlugin:80 - create IPUIPlugin
2026-01-15 09:47:57,505 [INFO] IPUIPlugin:80 - create IPUIPlugin
2026-01-15 09:47:57,505 [INFO] IPUIPlugin:80 - create IPUIPlugin
2026-01-15 09:47:57,506 [INFO] IPUIPlugin:80 - create IPUIPlugin
2026-01-15 09:47:57,506 [INFO] IPUIPlugin:80 - create IPUIPlugin
2026-01-15 09:47:57,506 [INFO] IPUIPlugin:80 - create IPUIPlugin
2026-01-15 09:47:57,506 [INFO] IPUIPlugin:80 - create IPUIPlugin
2026-01-15 09:47:57,506 [INFO] IPUIPlugin:80 - create IPUIPlugin
2026-01-15 09:47:57,506 [INFO] IPUIPlugin:80 - create IPUIPlugin
2026-01-15 09:47:57,507 [INFO] IPUIPlugin:80 - create IPUIPlugin
2026-01-15 09:47:57,507 [INFO] IPUIPlugin:80 - create IPUIPlugin
2026-01-15 09:47:57,507 [INFO] IPUIPlugin:80 - create IPUIPlugin
2026-01-15 09:47:57,507 [INFO] IPUIPlugin:80 - create IPUIPlugin
2026-01-15 09:47:57,507 [INFO] IPUIPlugin:80 - create IPUIPlugin
2026-01-15 09:47:57,508 [INFO] IPUIPlugin:80 - create IPUIPlugin
2026-01-15 09:47:57,508 [INFO] IPUIPlugin:80 - create IPUIPlugin
2026-01-15 09:47:57,508 [INFO] IPUIPlugin:80 - create IPUIPlugin
2026-01-15 09:47:57,508 [INFO] IPUIPlugin:80 - create IPUIPlugin
2026-01-15 09:47:57,509 [INFO] IPUIPlugin:80 - create IPUIPlugin
2026-01-15 09:47:57,509 [INFO] IPUIPlugin:80 - create IPUIPlugin
2026-01-15 09:47:57,509 [INFO] IPUIPlugin:80 - create IPUIPlugin
2026-01-15 09:47:57,510 [INFO] IPUIPlugin:80 - create IPUIPlugin
2026-01-15 09:47:57,510 [INFO] IPUIPlugin:80 - create IPUIPlugin
2026-01-15 09:47:57,510 [INFO] IPUIPlugin:80 - create IPUIPlugin
2026-01-15 09:47:57,510 [INFO] IPUIPlugin:80 - create IPUIPlugin
2026-01-15 09:47:57,511 [INFO] IPUIPlugin:80 - create IPUIPlugin
2026-01-15 09:47:57,511 [INFO] IPUIPlugin:80 - create IPUIPlugin
2026-01-15 09:47:57,511 [INFO] IPUIPlugin:80 - create IPUIPlugin
2026-01-15 09:47:57,511 [INFO] IPUIPlugin:80 - create IPUIPlugin
2026-01-15 09:47:57,512 [INFO] IPUIPlugin:80 - create IPUIPlugin
2026-01-15 09:47:57,512 [INFO] IPUIPlugin:80 - create IPUIPlugin
2026-01-15 09:47:57,512 [INFO] IPUIPlugin:80 - create IPUIPlugin
2026-01-15 09:47:57,513 [INFO] IPUIPlugin:80 - create IPUIPlugin
2026-01-15 09:47:57,513 [INFO] IPUIPlugin:80 - create IPUIPlugin
2026-01-15 09:47:57,513 [INFO] IPUIPlugin:80 - create IPUIPlugin
2026-01-15 09:47:57,514 [INFO] IPUIPlugin:80 - create IPUIPlugin
2026-01-15 09:47:57,514 [INFO] IPUIPlugin:80 - create IPUIPlugin
2026-01-15 09:47:57,514 [INFO] IPUIPlugin:80 - create IPUIPlugin
2026-01-15 09:47:57,515 [INFO] IPUIPlugin:80 - create IPUIPlugin
2026-01-15 09:47:57,515 [INFO] IPUIPlugin:80 - create IPUIPlugin
2026-01-15 09:47:57,515 [INFO] IPUIPlugin:80 - create IPUIPlugin
2026-01-15 09:47:57,515 [INFO] IPUIPlugin:80 - create IPUIPlugin
2026-01-15 09:47:57,516 [INFO] IPUIPlugin:80 - create IPUIPlugin
2026-01-15 09:47:57,516 [INFO] IPUIPlugin:80 - create IPUIPlugin
2026-01-15 09:47:57,516 [INFO] IPUIPlugin:80 - create IPUIPlugin
2026-01-15 09:47:57,517 [INFO] IPUIPlugin:80 - create IPUIPlugin
2026-01-15 09:47:57,517 [INFO] IPUIPlugin:80 - create IPUIPlugin
2026-01-15 09:47:57,517 [INFO] IPUIPlugin:80 - create IPUIPlugin
2026-01-15 09:47:57,518 [INFO] IPUIPlugin:80 - create IPUIPlugin
2026-01-15 09:47:57,519 [INFO] IPUIPlugin:80 - create IPUIPlugin
2026-01-15 09:47:57,519 [INFO] IPUIPlugin:80 - create IPUIPlugin
2026-01-15 09:47:57,520 [INFO] IPUIPlugin:80 - create IPUIPlugin
2026-01-15 09:47:57,520 [INFO] IPUIPlugin:80 - create IPUIPlugin
2026-01-15 09:47:57,521 [INFO] IPUIPlugin:80 - create IPUIPlugin
2026-01-15 09:47:57,521 [INFO] IPUIPlugin:80 - create IPUIPlugin
2026-01-15 09:47:57,522 [INFO] IPUIPlugin:80 - create IPUIPlugin
2026-01-15 09:47:57,522 [INFO] IPUIPlugin:80 - create IPUIPlugin
2026-01-15 09:47:57,523 [INFO] IPUIPlugin:80 - create IPUIPlugin
2026-01-15 09:47:57,524 [INFO] IPUIPlugin:80 - create IPUIPlugin
2026-01-15 09:47:57,524 [INFO] IPUIPlugin:80 - create IPUIPlugin
2026-01-15 09:47:57,525 [INFO] IPUIPlugin:80 - create IPUIPlugin
2026-01-15 09:47:57,525 [INFO] IPUIPlugin:80 - create IPUIPlugin
2026-01-15 09:47:57,526 [INFO] IPUIPlugin:80 - create IPUIPlugin
2026-01-15 09:47:57,526 [INFO] IPUIPlugin:80 - create IPUIPlugin
2026-01-15 09:47:57,527 [INFO] IPUIPlugin:80 - create IPUIPlugin
2026-01-15 09:47:57,606 [INFO] ApiDbMcu:508 - Load IP Config File for PDM2PCM
2026-01-15 09:47:57,768 [INFO] CADModel:165 - CPN selected for project levelSTM32H723ZGT6
2026-01-15 09:47:57,768 [INFO] CADModel:114 - Register for checkConnection events
2026-01-15 09:47:57,818 [INFO] OpenFileManager:363 - Restore cursor
2026-01-15 09:49:09,804 [INFO] RtosManager:919 - Current active RTOS is FREERTOS [Cortex-M7NS]
2026-01-15 09:49:10,166 [INFO] ApiDbMcu:508 - Load IP Config File for FREERTOS
2026-01-15 09:49:10,725 [ERROR] RtosPanel:558 - Can not restore the selected Tab for FREERTOS(A reason can be that the tab is no more available.)
2026-01-15 09:49:10,809 [ERROR] RtosPanel:558 - Can not restore the selected Tab for FREERTOS(A reason can be that the tab is no more available.)
2026-01-15 09:49:56,448 [INFO] RtosManager:930 - There is no active RTOS [Cortex-M7NS]
2026-01-15 09:51:20,595 [INFO] NvicIntPanel:101 - NVIC parent = com.st.microxplorer.plugins.ip.nvic.MultiNvicIntPanel[,0,0,453x359,layout=javax.swing.BoxLayout,alignmentX=0.0,alignmentY=0.0,border=,flags=9,maximumSize=,minimumSize=,preferredSize=]
2026-01-15 10:22:57,383 [INFO] UtilMem:75 - End SaveConfig() Used Memory: 843233488 Bytes (1073741824)
2026-01-15 10:22:57,626 [INFO] UtilMem:75 - End SaveConfig() Used Memory: 886751440 Bytes (1073741824)
2026-01-15 10:22:57,981 [INFO] BlockDiagram:2766 - set Specific Code input for plugin: RCC
2026-01-15 10:22:57,982 [INFO] BlockDiagram:2766 - set Specific Code input for plugin: ETH
2026-01-15 10:22:57,982 [INFO] BlockDiagram:2766 - set Specific Code input for plugin: MEMORYMAP
2026-01-15 10:22:57,982 [INFO] BlockDiagram:2766 - set Specific Code input for plugin: SYS
2026-01-15 10:22:57,982 [INFO] BlockDiagram:2766 - set Specific Code input for plugin: NVIC
2026-01-15 10:22:57,982 [INFO] BlockDiagram:2766 - set Specific Code input for plugin: CORTEX_M7
2026-01-15 10:22:57,982 [INFO] BlockDiagram:2766 - set Specific Code input for plugin: DEBUG
2026-01-15 10:22:57,982 [INFO] BlockDiagram:2766 - set Specific Code input for plugin: GPIO
2026-01-15 10:22:57,984 [INFO] CodeGenerator:807 - code generatio: config db path: C:\ST\STM32CubeIDE_1.16.1\STM32CubeIDE\plugins\com.st.stm32cube.common.mx_6.12.1.202409122256\\db\
2026-01-15 10:22:58,211 [INFO] CodeEngine:255 - oldGeneratedFile, C:\Users\RND1\STM32CubeIDE\workspace_1.16.1\stm32h723zg_fw\MXTmpFiles\license.tmp_save
2026-01-15 10:22:58,490 [INFO] CodeEngine:279 - Generated code: C:\Users\RND1\STM32CubeIDE\workspace_1.16.1\stm32h723zg_fw\MXTmpFiles\license.tmp
2026-01-15 10:22:58,615 [INFO] CodeEngine:255 - oldGeneratedFile, C:\Users\RND1\STM32CubeIDE\workspace_1.16.1\stm32h723zg_fw\Core\Src\gpio.c_save
2026-01-15 10:22:58,757 [INFO] CodeEngine:279 - Generated code: C:\Users\RND1\STM32CubeIDE\workspace_1.16.1\stm32h723zg_fw\Core\Src\gpio.c
2026-01-15 10:22:58,789 [INFO] CodeEngine:255 - oldGeneratedFile, C:\Users\RND1\STM32CubeIDE\workspace_1.16.1\stm32h723zg_fw\Core\Inc\gpio.h_save
2026-01-15 10:22:58,884 [INFO] CodeEngine:279 - Generated code: C:\Users\RND1\STM32CubeIDE\workspace_1.16.1\stm32h723zg_fw\Core\Inc\gpio.h
2026-01-15 10:22:58,950 [WARN] IPConfigManager:98 - WARNING: Missing Config File for DEBUG ip!!
2026-01-15 10:22:59,071 [WARN] IPConfigManager:98 - WARNING: Missing Config File for MEMORYMAP ip!!
2026-01-15 10:22:59,155 [INFO] CodeEngine:255 - oldGeneratedFile, C:\Users\RND1\STM32CubeIDE\workspace_1.16.1\stm32h723zg_fw\MXTmpFiles\cortex.tmp_save
2026-01-15 10:22:59,233 [INFO] CodeEngine:279 - Generated code: C:\Users\RND1\STM32CubeIDE\workspace_1.16.1\stm32h723zg_fw\MXTmpFiles\cortex.tmp
2026-01-15 10:22:59,256 [INFO] CodeEngine:255 - oldGeneratedFile, C:\Users\RND1\STM32CubeIDE\workspace_1.16.1\stm32h723zg_fw\Core\Src\eth.c_save
2026-01-15 10:22:59,392 [INFO] CodeEngine:279 - Generated code: C:\Users\RND1\STM32CubeIDE\workspace_1.16.1\stm32h723zg_fw\Core\Src\eth.c
2026-01-15 10:22:59,407 [INFO] CodeEngine:255 - oldGeneratedFile, C:\Users\RND1\STM32CubeIDE\workspace_1.16.1\stm32h723zg_fw\Core\Inc\eth.h_save
2026-01-15 10:22:59,480 [INFO] CodeEngine:279 - Generated code: C:\Users\RND1\STM32CubeIDE\workspace_1.16.1\stm32h723zg_fw\Core\Inc\eth.h
2026-01-15 10:22:59,497 [INFO] CodeEngine:255 - oldGeneratedFile, C:\Users\RND1\STM32CubeIDE\workspace_1.16.1\stm32h723zg_fw\Core\Src\memorymap.c_save
2026-01-15 10:22:59,577 [INFO] CodeEngine:279 - Generated code: C:\Users\RND1\STM32CubeIDE\workspace_1.16.1\stm32h723zg_fw\Core\Src\memorymap.c
2026-01-15 10:22:59,584 [INFO] CodeEngine:255 - oldGeneratedFile, C:\Users\RND1\STM32CubeIDE\workspace_1.16.1\stm32h723zg_fw\Core\Inc\memorymap.h_save
2026-01-15 10:22:59,676 [INFO] CodeEngine:279 - Generated code: C:\Users\RND1\STM32CubeIDE\workspace_1.16.1\stm32h723zg_fw\Core\Inc\memorymap.h
2026-01-15 10:22:59,719 [INFO] CodeEngine:255 - oldGeneratedFile, C:\Users\RND1\STM32CubeIDE\workspace_1.16.1\stm32h723zg_fw\Core\Src\stm32h7xx_it.c_save
2026-01-15 10:22:59,835 [INFO] CodeEngine:279 - Generated code: C:\Users\RND1\STM32CubeIDE\workspace_1.16.1\stm32h723zg_fw\Core\Src\stm32h7xx_it.c
2026-01-15 10:22:59,857 [INFO] CodeEngine:255 - oldGeneratedFile, C:\Users\RND1\STM32CubeIDE\workspace_1.16.1\stm32h723zg_fw\Core\Inc\stm32h7xx_it.h_save
2026-01-15 10:22:59,941 [INFO] CodeEngine:279 - Generated code: C:\Users\RND1\STM32CubeIDE\workspace_1.16.1\stm32h723zg_fw\Core\Inc\stm32h7xx_it.h
2026-01-15 10:23:00,054 [INFO] CodeEngine:255 - oldGeneratedFile, C:\Users\RND1\STM32CubeIDE\workspace_1.16.1\stm32h723zg_fw\Core\Src\stm32h7xx_hal_msp.c_save
2026-01-15 10:23:00,143 [INFO] CodeEngine:279 - Generated code: C:\Users\RND1\STM32CubeIDE\workspace_1.16.1\stm32h723zg_fw\Core\Src\stm32h7xx_hal_msp.c
2026-01-15 10:23:00,155 [INFO] CodeEngine:255 - oldGeneratedFile, C:\Users\RND1\STM32CubeIDE\workspace_1.16.1\stm32h723zg_fw\MXTmpFiles\system.tmp_save
2026-01-15 10:23:00,203 [INFO] CodeEngine:279 - Generated code: C:\Users\RND1\STM32CubeIDE\workspace_1.16.1\stm32h723zg_fw\MXTmpFiles\system.tmp
2026-01-15 10:23:00,228 [INFO] CodeEngine:311 - oldGeneratedFile, C:\Users\RND1\STM32CubeIDE\workspace_1.16.1\stm32h723zg_fw\Core\Inc\stm32h7xx_hal_conf.h_save
2026-01-15 10:23:00,303 [INFO] CodeEngine:335 - Generated code: C:\Users\RND1\STM32CubeIDE\workspace_1.16.1\stm32h723zg_fw\Core\Inc\stm32h7xx_hal_conf.h
2026-01-15 10:23:00,380 [INFO] CodeEngine:255 - oldGeneratedFile, C:\Users\RND1\STM32CubeIDE\workspace_1.16.1\stm32h723zg_fw\Core\Inc\main.h_save
2026-01-15 10:23:00,464 [INFO] CodeEngine:279 - Generated code: C:\Users\RND1\STM32CubeIDE\workspace_1.16.1\stm32h723zg_fw\Core\Inc\main.h
2026-01-15 10:23:00,487 [INFO] CodeEngine:255 - oldGeneratedFile, C:\Users\RND1\STM32CubeIDE\workspace_1.16.1\stm32h723zg_fw\Core\Src\main.c_save
2026-01-15 10:23:00,604 [INFO] CodeEngine:279 - Generated code: C:\Users\RND1\STM32CubeIDE\workspace_1.16.1\stm32h723zg_fw\Core\Src\main.c
2026-01-15 10:23:01,022 [INFO] ProjectBuilder:3249 - Time for Copy HAL[1] : 321mS.
2026-01-15 10:23:01,027 [INFO] ProjectBuilder:4828 - Project Generator version: 4.5.0-B34
2026-01-15 10:23:01,083 [INFO] ConfigFileManager:1531 - The Die is : DIE483
2026-01-15 10:23:01,095 [INFO] ApiDbMcu:508 - Load IP Config File for FATFS
2026-01-15 10:23:01,105 [INFO] ApiDbMcu:508 - Load IP Config File for LIBJPEG
2026-01-15 10:23:01,118 [INFO] ApiDbMcu:508 - Load IP Config File for LWIP
2026-01-15 10:23:01,132 [INFO] ApiDbMcu:508 - Load IP Config File for MBEDTLS
2026-01-15 10:23:01,147 [INFO] ApiDbMcu:508 - Load IP Config File for USB_DEVICE
2026-01-15 10:23:01,158 [INFO] ApiDbMcu:508 - Load IP Config File for USB_HOST
2026-01-15 10:23:01,711 [INFO] LogOutputStream:77 - [STDOUT_REDIRECT] 
2026-01-15 10:23:03,635 [INFO] ProjectBuilder:5097 - Time for Generating toolchain IDE Files: 2608mS.
2026-01-15 10:23:03,637 [INFO] ProjectBuilder:3107 - Time for Copy CMSIS : 1mS.
2026-01-15 10:23:03,642 [INFO] ProjectBuilder:3107 - Time for Copy CMSIS : 0mS.
2026-01-15 13:52:29,823 [INFO] MainUpdater:2873 - connection check result : 10
2026-01-15 13:52:29,833 [INFO] McuFinderGlobals:76 - Set McuFinderConnectedMode to true
2026-01-15 13:52:30,183 [INFO] ServerAccessManage:473 - Download File mcusAds.json._tmp_
2026-01-15 13:52:30,331 [INFO] LoadUrlFilesThread:156 - End of LoadUrlFiles Thread
2026-01-15 13:52:31,250 [INFO] ServerAccessManage:473 - Download File cube-finder-db.zip
2026-01-15 13:52:36,356 [INFO] FileExtend:240 - Unzip File : cube-finder-db.zip
2026-01-15 13:52:36,357 [INFO] FileExtend:255 - Standard Zip Deflate
2026-01-15 13:52:37,261 [INFO] LoadUrlFilesThread:156 - End of LoadUrlFiles Thread
2026-01-15 13:52:38,432 [INFO] ServerAccessManage:473 - Download File crdb.zip
2026-01-15 13:52:39,775 [INFO] FileExtend:240 - Unzip File : crdb.zip
2026-01-15 13:52:39,775 [INFO] FileExtend:255 - Standard Zip Deflate
2026-01-15 13:52:39,918 [INFO] LoadUrlFilesThread:156 - End of LoadUrlFiles Thread
2026-01-15 13:52:40,202 [INFO] ServerAccessManage:473 - Download File tutoVideoDB.zip
2026-01-15 13:52:40,219 [INFO] FileExtend:240 - Unzip File : tutoVideoDB.zip
2026-01-15 13:52:40,219 [INFO] FileExtend:255 - Standard Zip Deflate
2026-01-15 13:52:40,356 [INFO] LoadUrlFilesThread:156 - End of LoadUrlFiles Thread
2026-01-15 13:52:40,359 [WARN] DbFile:41 - Overriding database path with different value: C:\Users\RND1\.stmcufinder\plugins\mcufinder/ => C:\Users\RND1\.stmcufinder\plugins\mcufinder
2026-01-15 13:52:40,621 [INFO] ServerAccessManage:473 - Download File api_config.json
2026-01-15 13:52:40,760 [INFO] LoadUrlFilesThread:156 - End of LoadUrlFiles Thread
2026-01-15 13:52:40,762 [INFO] DbMcusAds:53 - JSON generation date=Fri Jan 09 00:56:32 KST 2026 (1767887792457)
2026-01-15 13:52:40,767 [INFO] ApiDb:448 - Save user favorites file C:\Users\RND1/.stm32cubeide/favorites.mcus.txt: 0 item(s)
2026-01-15 13:52:40,767 [INFO] ApiDb:452 - User favorites MCUs=[]
2026-01-15 13:52:40,773 [INFO] ApiDb:581 - Connected to CubeFinder SQLite database (C:\Users\RND1\.stmcufinder\plugins\mcufinder\mcu\cube-finder-db.db)
2026-01-15 13:52:40,818 [INFO] ApiDb:668 - CubeFinder database Data Model version=2.1
2026-01-15 13:52:40,818 [INFO] ApiDb:669 - CubeFinder database Configuration version=3.0.39
2026-01-15 13:52:40,818 [INFO] ApiDb:670 - CubeFinder database generation date=2025-12-22 (1766407740)
2026-01-15 13:52:40,818 [INFO] ApiDb:671 - CubeFinder database FW Pack versions=[FP-ATR-ASTRA1_V2.0.0, FP-SNS-FLIGHT1_V5.1.0, FP-SNS-MOTENV1_V5.1.0, FP-SNS-MOTENVWB1_V1.4.0, FP-SNS-SMARTAG2_V1.2.0, FP-SNS-STBOX1_V2.1.0, STM32Cube_FW_C0_V1.4.0, STM32Cube_FW_F4_V1.28.3, STM32Cube_FW_F7_V1.17.4, STM32Cube_FW_G0_V1.6.2, STM32Cube_FW_G4_V1.6.1, STM32Cube_FW_H5_V1.5.1, STM32Cube_FW_H7RS_V1.3.0, STM32Cube_FW_H7_V1.12.1, STM32Cube_FW_L0_V1.12.2, STM32Cube_FW_L4_V1.18.1, STM32Cube_FW_L5_V1.6.0, STM32Cube_FW_N6_V1.3.0, STM32Cube_FW_U0_V1.3.0, STM32Cube_FW_U3_V1.2.1, STM32Cube_FW_U5_V1.8.0, STM32Cube_FW_WB0_V1.4.0, STM32Cube_FW_WBA_V1.8.0, STM32Cube_FW_WB_V1.24.0, STM32Cube_FW_WL3_V1.3.0, STM32Cube_FW_WL_V1.4.0, X-CUBE-ALGOBUILD_V1.4.0, X-CUBE-ALS_V1.0.2, X-CUBE-AZRTOS-F4_V1.1.0, X-CUBE-AZRTOS-F7_V1.1.0, X-CUBE-AZRTOS-G0_V1.1.0, X-CUBE-AZRTOS-G4_V2.0.0, X-CUBE-AZRTOS-H7RS_V1.1.0, X-CUBE-AZRTOS-H7_V3.4.0, X-CUBE-AZRTOS-L4_V2.0.0, X-CUBE-AZRTOS-L5_V2.0.0, X-CUBE-AZRTOS-WB_V2.0.0, X-CUBE-AZRTOS-WL_V2.0.0, X-CUBE-BLE1_V7.1.0, X-CUBE-BLE2_V3.3.0, X-CUBE-BLEMGR_V4.1.0, X-CUBE-EEPRMA1_V5.2.0, X-CUBE-FREERTOS_V1.3.1, X-CUBE-GNSS1_V6.0.0, X-CUBE-MEMS1_V12.0.0, X-CUBE-NFC4_V3.0.0, X-CUBE-NFC7_V2.0.0, X-CUBE-SFXS2LP1_V4.0.0, X-CUBE-ST67W61_V1.1.0, X-CUBE-SUBG2_V5.0.0, X-CUBE-TOF1_V3.4.3]
2026-01-15 13:52:42,273 [INFO] ApiDb:240 - Found 646 in-development CPN: [B-G473E-ZEST1S, B-WB1M-WPAN1, B-WL5M-SUBG1, NUCLEO-C031C6, NUCLEO-C071RB, NUCLEO-H503RB, NUCLEO-H533RE, NUCLEO-H563ZI, NUCLEO-H7S3L8, NUCLEO-U031R8, NUCLEO-U083RC, NUCLEO-U545RE-Q, NUCLEO-U5A5ZJ-Q, NUCLEO-WB05KZ, NUCLEO-WB07CC, NUCLEO-WB09KE, NUCLEO-WBA52CG, NUCLEO-WBA55CG, STEVAL-PROTEUS1, STEVAL-SMARTAG2, STEVAL-STWINBX1, STM320518-EVAL, STM32C0116-DK, STM32C011D6Y3TR, STM32C011D6Y6TR, STM32C011F4P3, STM32C011F4P6, STM32C011F4U3, STM32C011F4U6TR, STM32C011F6P3, STM32C011F6P6, STM32C011F6U3, STM32C011F6U6TR, STM32C011J4M3, STM32C011J4M6, STM32C011J6M3, STM32C011J6M6, STM32C0316-DK, STM32C031C4T3, STM32C031C4T6, STM32C031C4U3, STM32C031C4U6, STM32C031C6T3, STM32C031C6T6, STM32C031C6U3, STM32C031C6U6, STM32C031F4P3, STM32C031F4P6, STM32C031F6P3, STM32C031F6P6, STM32C031G4U3, STM32C031G4U6, STM32C031G6U3, STM32C031G6U6, STM32C031K4T3, STM32C031K4T6, STM32C031K4U3, STM32C031K4U6, STM32C031K6T3, STM32C031K6T6, STM32C031K6U3, STM32C031K6U6, STM32C071C8T6, STM32C071C8T6N, STM32C071C8U6, STM32C071C8U6N, STM32C071CBT6, STM32C071CBT6N, STM32C071CBU6, STM32C071CBU6N, STM32C071F8P6, STM32C071F8P6N, STM32C071FBP6, STM32C071FBP6N, STM32C071FBY6TR, STM32C071G8U6, STM32C071G8U6N, STM32C071GBU6, STM32C071GBU6N, STM32C071K8T6, STM32C071K8T6N, STM32C071K8U6, STM32C071K8U6N, STM32C071KBT6, STM32C071KBT6N, STM32C071KBU6, STM32C071KBU6N, STM32C071R8T6, STM32C071R8T6N, STM32C071RBI6N, STM32C071RBT6, STM32C071RBT6N, STM32G071K8TXN, STM32G071K8UXN, STM32G081GBU6N, STM32G081KBT6N, STM32G081KBUXN, STM32G0B1CCT6N, STM32G0B1KCT6, STM32G0B1NEY6TR, STM32G0B1RCT6N, STM32G0C1CCT6, STM32G0C1CCT6N, STM32G0C1CCU6N, STM32G0C1CET6N, STM32G0C1CEU6N, STM32G0C1KCT6, STM32G0C1NEY6TR, STM32G0C1RCI6N, STM32G0C1RCT6N, STM32G0C1REI6N, STM32G0C1RET6N, STM32G0C1VCI6, STM32G0C1VEI6, STM32G411C6T3, STM32G411C6T6, STM32G411C6U3, STM32G411C6U6, STM32G411C8T3, STM32G411C8T6, STM32G411C8U3, STM32G411C8U6, STM32G411CBT3, STM32G411CBT6, STM32G411CBU3, STM32G411CBU6, STM32G411K6T3, STM32G411K6T6, STM32G411K6U3, STM32G411K6U6, STM32G411K8T3, STM32G411K8T6, STM32G411K8U3, STM32G411K8U6, STM32G411KBT3, STM32G411KBT6, STM32G411KBU3, STM32G411KBU6, STM32G411M6T3, STM32G411M6T6, STM32G411M8T3, STM32G411M8T6, STM32G411MBT3, STM32G411MBT6, STM32G411R6T3, STM32G411R6T6, STM32G411R8T3, STM32G411R8T6, STM32G411RBT3, STM32G411RBT6, STM32G414CBT3, STM32G414CBT6, STM32G414CBU3, STM32G414CBU6, STM32G414CCT3, STM32G414CCT6, STM32G414CCU3, STM32G414CCU6, STM32G414MBT3, STM32G414MBT6, STM32G414MCT3, STM32G414MCT6, STM32G414RBT3, STM32G414RBT6, STM32G414RCT3, STM32G414RCT6, STM32G414VBT3, STM32G414VBT6, STM32G414VCT3, STM32G414VCT6, STM32G431CBT3Z, STM32G431RBT3Z, STM32G471CCT6, STM32G471CCU6, STM32G471CET3, STM32G471CET6, STM32G471CEU3, STM32G471CEU6, STM32G471MCT6, STM32G471MET3, STM32G471MET6, STM32G471MEY6TR, STM32G471QCT6, STM32G471QET3, STM32G471RCT6, STM32G471RET3, STM32G471RET6, STM32G471VCH6, STM32G471VCI6, STM32G471VCT6, STM32G471VEH3, STM32G471VEH6, STM32G471VEI3, STM32G471VEI6, STM32G471VET3, STM32G471VET6, STM32G473QET3Z, STM32G473RET3Z, STM32G474CCT6, STM32G491RET3Z, STM32H503CBT6, STM32H503CBU6, STM32H503EBY6TR, STM32H503KBU6, STM32H503RBT6, STM32H523CCT6, STM32H523CCU6, STM32H523CET6, STM32H523CEU6, STM32H523HEY6TR, STM32H523RCT6, STM32H523RET6, STM32H523VCI6, STM32H523VCT6, STM32H523VEI6, STM32H523VET6, STM32H523ZCJ6, STM32H523ZCT6, STM32H523ZEJ6, STM32H523ZET6, STM32H533CET6, STM32H533CEU6, STM32H533HEY6TR, STM32H533RET6, STM32H533VEI6, STM32H533VET6, STM32H533ZEJ6, STM32H533ZET6, STM32H562AGI6, STM32H562AII6, STM32H562IGK6, STM32H562IGT6, STM32H562IIK6, STM32H562IIT6, STM32H562RGT6, STM32H562RGV6, STM32H562RIT6, STM32H562RIV6, STM32H562VGT6, STM32H562VIT6, STM32H562ZGT6, STM32H562ZIT6, STM32H563AGI6, STM32H563AII3Q, STM32H563AII6, STM32H563IGK6, STM32H563IGT6, STM32H563IIK3Q, STM32H563IIK6, STM32H563IIT3Q, STM32H563IIT6, STM32H563MIY3QTR, STM32H563RGT6, STM32H563RGV6, STM32H563RIT6, STM32H563RIV6, STM32H563VGT6, STM32H563VIT3Q, STM32H563VIT6, STM32H563ZGT6, STM32H563ZIT3Q, STM32H563ZIT6, STM32H573AII3Q, STM32H573AII6, STM32H573I-DK, STM32H573IIK3Q, STM32H573IIK6, STM32H573IIT3Q, STM32H573IIT6, STM32H573MIY3QTR, STM32H573RIT6, STM32H573RIV6, STM32H573VIT3Q, STM32H573VIT6, STM32H573ZIT3Q, STM32H573ZIT6, STM32H7R3A8I6, STM32H7R3I8K6, STM32H7R3I8T6, STM32H7R3L8H6, STM32H7R3L8H6H, STM32H7R3R8V6, STM32H7R3V8H6, STM32H7R3V8T6, STM32H7R3V8Y6TR, STM32H7R3Z8J6, STM32H7R3Z8T6, STM32H7R7A8I6, STM32H7R7I8K6, STM32H7R7I8T6, STM32H7R7L8H6, STM32H7R7L8H6H, STM32H7R7Z8J6, STM32H7S3A8I6, STM32H7S3I8K6, STM32H7S3I8T6, STM32H7S3L8H6, STM32H7S3L8H6H, STM32H7S3R8V6, STM32H7S3V8H6, STM32H7S3V8T6, STM32H7S3V8Y6TR, STM32H7S3Z8J6, STM32H7S3Z8T6, STM32H7S78-DK, STM32H7S7A8I6, STM32H7S7I8K6, STM32H7S7I8T6, STM32H7S7L8H6, STM32H7S7L8H6H, STM32H7S7Z8J6, STM32L4R5QGI6STR, STM32MP131AAE3, STM32MP131AAF3, STM32MP131AAG3, STM32MP131CAE3, STM32MP131CAF3, STM32MP131CAG3, STM32MP131DAE7, STM32MP131DAF7, STM32MP131DAG7, STM32MP131FAE7, STM32MP131FAF7, STM32MP131FAG7, STM32MP133AAE3, STM32MP133AAF3, STM32MP133AAG3, STM32MP133CAE3, STM32MP133CAF3, STM32MP133CAG3, STM32MP133DAE7, STM32MP133DAF7, STM32MP133DAG7, STM32MP133FAE7, STM32MP133FAF7, STM32MP133FAG7, STM32MP135AAE3, STM32MP135AAF3, STM32MP135AAG3, STM32MP135CAE3, STM32MP135CAF3, STM32MP135CAG3, STM32MP135DAE7, STM32MP135DAF7, STM32MP135DAG7, STM32MP135F-DK, STM32MP135FAE7, STM32MP135FAF7, STM32MP135FAF7T, STM32MP135FAF7U, STM32MP135FAG7, STM32MP251AAI3, STM32MP251AAK3, STM32MP251AAL3, STM32MP251CAI3, STM32MP251CAK3, STM32MP251CAL3, STM32MP251DAI3, STM32MP251DAK3, STM32MP251DAL3, STM32MP251FAI3, STM32MP251FAK3, STM32MP251FAL3, STM32MP253AAI3, STM32MP253AAK3, STM32MP253AAL3, STM32MP253CAI3, STM32MP253CAK3, STM32MP253CAL3, STM32MP253DAI3, STM32MP253DAK3, STM32MP253DAL3, STM32MP253FAI3, STM32MP253FAK3, STM32MP253FAL3, STM32MP255AAI3, STM32MP255AAK3, STM32MP255AAL3, STM32MP255CAI3, STM32MP255CAK3, STM32MP255CAL3, STM32MP255DAI3, STM32MP255DAK3, STM32MP255DAL3, STM32MP255FAI3, STM32MP255FAK3, STM32MP255FAL3, STM32MP257AAI3, STM32MP257AAK3, STM32MP257AAL3, STM32MP257CAI3, STM32MP257CAK3, STM32MP257CAL3, STM32MP257DAI3, STM32MP257DAK3, STM32MP257DAL3, STM32MP257F-DK, STM32MP257F-EV1, STM32MP257FAI3, STM32MP257FAK3, STM32MP257FAL3, STM32U031C6T6, STM32U031C6U6, STM32U031C8T6, STM32U031C8U6, STM32U031F4P6, STM32U031F6P6, STM32U031F8P6, STM32U031G6Y6TR, STM32U031G8Y6TR, STM32U031K4U6, STM32U031K6U6, STM32U031K8U6, STM32U031R6I6, STM32U031R6T6, STM32U031R8I6, STM32U031R8T6, STM32U073C8T6, STM32U073C8U6, STM32U073CBT6, STM32U073CBU6, STM32U073CCT6, STM32U073CCU6, STM32U073H8Y6TR, STM32U073HBY6TR, STM32U073HCY6TR, STM32U073K8U6, STM32U073KBU6, STM32U073KCU6, STM32U073M8I6, STM32U073M8T6, STM32U073MBI6, STM32U073MBT6, STM32U073MCI6, STM32U073MCT6, STM32U073R8I6, STM32U073R8T6, STM32U073RBI6, STM32U073RBT6, STM32U073RCI6, STM32U073RCT6, STM32U083C-DK, STM32U083CCT6, STM32U083CCU6, STM32U083HCY6TR, STM32U083KCU6, STM32U083MCI6, STM32U083MCT6, STM32U083RCI6, STM32U083RCT6, STM32U535CBT6, STM32U535CBT6Q, STM32U535CBU6, STM32U535CBU6Q, STM32U535CCT6, STM32U535CCT6Q, STM32U535CCU6, STM32U535CCU6Q, STM32U535CET6, STM32U535CET6Q, STM32U535CEU6, STM32U535CEU6Q, STM32U535JEY6QTR, STM32U535NCY6QTR, STM32U535NEY6QTR, STM32U535RBI6, STM32U535RBI6Q, STM32U535RBT6, STM32U535RBT6Q, STM32U535RCI6, STM32U535RCI6Q, STM32U535RCT6, STM32U535RCT6Q, STM32U535REI6, STM32U535REI6Q, STM32U535RET6, STM32U535RET6Q, STM32U535VCI6, STM32U535VCI6Q, STM32U535VCT6, STM32U535VCT6Q, STM32U535VEI6, STM32U535VEI6Q, STM32U535VET6, STM32U535VET6Q, STM32U545CET6, STM32U545CET6Q, STM32U545CEU6, STM32U545CEU6Q, STM32U545JEY6QTR, STM32U545NEY6QTR, STM32U545REI6, STM32U545REI6Q, STM32U545RET6, STM32U545RET6Q, STM32U545VEI6, STM32U545VEI6Q, STM32U545VET6, STM32U545VET6Q, STM32U595AIH6, STM32U595AIH6Q, STM32U595AJH6, STM32U595AJH6Q, STM32U595QII6, STM32U595QII6Q, STM32U595QJI6, STM32U595QJI6Q, STM32U595RIT6, STM32U595RIT6Q, STM32U595RJT6, STM32U595RJT6Q, STM32U595VIT6, STM32U595VIT6Q, STM32U595VJT6, STM32U595VJT6Q, STM32U595ZIT6, STM32U595ZIT6Q, STM32U595ZIY6QTR, STM32U595ZJT6, STM32U595ZJT6Q, STM32U595ZJY6QTR, STM32U599BJY6QTR, STM32U599NIH6Q, STM32U599NJH6Q, STM32U599VIT6Q, STM32U599VJT6, STM32U599VJT6Q, STM32U599ZIT6Q, STM32U599ZIY6QTR, STM32U599ZJT6Q, STM32U599ZJY6QTR, STM32U5A5AJH6, STM32U5A5AJH6Q, STM32U5A5QII3Q , STM32U5A5QJI6, STM32U5A5QJI6Q, STM32U5A5RJT6, STM32U5A5RJT6Q, STM32U5A5VJT6, STM32U5A5VJT6Q, STM32U5A5ZJT6, STM32U5A5ZJT6Q, STM32U5A5ZJY6QTR, STM32U5A9BJY6QTR, STM32U5A9J-DK, STM32U5A9NJH6Q, STM32U5A9VJT6Q, STM32U5A9ZJT6Q, STM32U5A9ZJY6QTR, STM32U5F7VIT6, STM32U5F7VIT6Q, STM32U5F7VJT6, STM32U5F7VJT6Q, STM32U5F9BJY6QTR, STM32U5F9NJH6Q, STM32U5F9VIT6Q, STM32U5F9VJT6Q, STM32U5F9ZIJ6QTR, STM32U5F9ZIT6Q, STM32U5F9ZJJ6QTR, STM32U5F9ZJT6Q, STM32U5G7VJT6, STM32U5G7VJT6Q, STM32U5G9BJY6QTR, STM32U5G9J-DK1, STM32U5G9J-DK2, STM32U5G9NJH6Q, STM32U5G9VJT6Q, STM32U5G9ZJJ6QTR, STM32U5G9ZJT6Q, STM32WB05KZV6TR, STM32WB05KZV7TR, STM32WB05TZF6TR, STM32WB05TZF7TR, STM32WB06CCF6TR, STM32WB06CCF7TR, STM32WB06CCV6TR, STM32WB06CCV7TR, STM32WB06KCV6TR, STM32WB06KCV7TR, STM32WB07CCF6TR, STM32WB07CCF7TR, STM32WB07CCV6TR, STM32WB07CCV7TR, STM32WB07KCV6TR, STM32WB07KCV7TR, STM32WB09KEV6TR, STM32WB09KEV7TR, STM32WB09TEF6TR, STM32WB09TEF7TR, STM32WB1MMCH6, STM32WBA50KGU6, STM32WBA50KGU6TR, STM32WBA52CEU6, STM32WBA52CEU6TR, STM32WBA52CEU7, STM32WBA52CEU7TR, STM32WBA52CGU6, STM32WBA52CGU6TR, STM32WBA52CGU6U, STM32WBA52CGU7, STM32WBA52CGU7TR, STM32WBA52KEU6, STM32WBA52KEU6TR, STM32WBA52KGU6, STM32WBA52KGU6TR, STM32WBA54CEU6, STM32WBA54CEU6TR, STM32WBA54CEU7, STM32WBA54CEU7TR, STM32WBA54CGU6, STM32WBA54CGU6TR, STM32WBA54CGU7, STM32WBA54CGU7TR, STM32WBA54KEU6, STM32WBA54KEU6TR, STM32WBA54KEU7, STM32WBA54KEU7TR, STM32WBA54KGU6, STM32WBA54KGU6TR, STM32WBA54KGU7, STM32WBA54KGU7TR, STM32WBA55CEU6, STM32WBA55CEU6TR, STM32WBA55CEU7, STM32WBA55CEU7TR, STM32WBA55CGU6, STM32WBA55CGU6TR, STM32WBA55CGU6U, STM32WBA55CGU7, STM32WBA55CGU7TR, STM32WBA55G-DK1, STM32WBA55HEF6, STM32WBA55HEF7, STM32WBA55HGF6, STM32WBA55HGF7, STM32WBA55UEI6, STM32WBA55UEI6TR, STM32WBA55UEI7, STM32WBA55UEI7TR, STM32WBA55UGI6, STM32WBA55UGI6TR, STM32WBA55UGI7, STM32WBA55UGI7TR, STM32WL5MOCH6, STM32WL5MOCH6TR]
2026-01-15 13:52:42,276 [INFO] DbMcus:218 - Found 4816 MCUs, 4816 are supported
2026-01-15 13:52:42,277 [INFO] ApiDb:423 - Load user favorites file C:\Users\RND1/.stm32cubeide/favorites.mcus.txt: 0 item(s)
2026-01-15 13:52:42,277 [INFO] ApiDb:427 - User favorites MCUs=[]
2026-01-15 13:52:42,277 [INFO] DbMcus:224 - Set 0 / 0 favorites MCUs
2026-01-15 13:52:42,493 [INFO] ApiDb:448 - Save user favorites file C:\Users\RND1/.stm32cubeide/favorites.boards.txt: 0 item(s)
2026-01-15 13:52:42,493 [INFO] ApiDb:452 - User favorites Boards=[]
2026-01-15 13:52:42,494 [INFO] ApiDb:581 - Connected to CubeFinder SQLite database (C:\Users\RND1\.stmcufinder\plugins\mcufinder\mcu\cube-finder-db.db)
2026-01-15 13:52:42,543 [INFO] ApiDb:668 - CubeFinder database Data Model version=2.1
2026-01-15 13:52:42,543 [INFO] ApiDb:669 - CubeFinder database Configuration version=3.0.39
2026-01-15 13:52:42,543 [INFO] ApiDb:670 - CubeFinder database generation date=2025-12-22 (1766407740)
2026-01-15 13:52:42,543 [INFO] ApiDb:671 - CubeFinder database FW Pack versions=[FP-ATR-ASTRA1_V2.0.0, FP-SNS-FLIGHT1_V5.1.0, FP-SNS-MOTENV1_V5.1.0, FP-SNS-MOTENVWB1_V1.4.0, FP-SNS-SMARTAG2_V1.2.0, FP-SNS-STBOX1_V2.1.0, STM32Cube_FW_C0_V1.4.0, STM32Cube_FW_F4_V1.28.3, STM32Cube_FW_F7_V1.17.4, STM32Cube_FW_G0_V1.6.2, STM32Cube_FW_G4_V1.6.1, STM32Cube_FW_H5_V1.5.1, STM32Cube_FW_H7RS_V1.3.0, STM32Cube_FW_H7_V1.12.1, STM32Cube_FW_L0_V1.12.2, STM32Cube_FW_L4_V1.18.1, STM32Cube_FW_L5_V1.6.0, STM32Cube_FW_N6_V1.3.0, STM32Cube_FW_U0_V1.3.0, STM32Cube_FW_U3_V1.2.1, STM32Cube_FW_U5_V1.8.0, STM32Cube_FW_WB0_V1.4.0, STM32Cube_FW_WBA_V1.8.0, STM32Cube_FW_WB_V1.24.0, STM32Cube_FW_WL3_V1.3.0, STM32Cube_FW_WL_V1.4.0, X-CUBE-ALGOBUILD_V1.4.0, X-CUBE-ALS_V1.0.2, X-CUBE-AZRTOS-F4_V1.1.0, X-CUBE-AZRTOS-F7_V1.1.0, X-CUBE-AZRTOS-G0_V1.1.0, X-CUBE-AZRTOS-G4_V2.0.0, X-CUBE-AZRTOS-H7RS_V1.1.0, X-CUBE-AZRTOS-H7_V3.4.0, X-CUBE-AZRTOS-L4_V2.0.0, X-CUBE-AZRTOS-L5_V2.0.0, X-CUBE-AZRTOS-WB_V2.0.0, X-CUBE-AZRTOS-WL_V2.0.0, X-CUBE-BLE1_V7.1.0, X-CUBE-BLE2_V3.3.0, X-CUBE-BLEMGR_V4.1.0, X-CUBE-EEPRMA1_V5.2.0, X-CUBE-FREERTOS_V1.3.1, X-CUBE-GNSS1_V6.0.0, X-CUBE-MEMS1_V12.0.0, X-CUBE-NFC4_V3.0.0, X-CUBE-NFC7_V2.0.0, X-CUBE-SFXS2LP1_V4.0.0, X-CUBE-ST67W61_V1.1.0, X-CUBE-SUBG2_V5.0.0, X-CUBE-TOF1_V3.4.3]
2026-01-15 13:52:42,579 [INFO] DbBoardsSqlite:226 - include board P-NUCLEO-WB55-NUCLEO as a kit item of type 'Nucleo-64'
2026-01-15 13:52:42,579 [INFO] DbBoardsSqlite:226 - include board P-NUCLEO-WB55-USBDONGLE as a kit item of type 'Nucleo USB Dongle'
2026-01-15 13:52:42,580 [INFO] DbBoardsSqlite:226 - include board STEVAL-IDP005V1 as a kit item of type 'Evaluation Board'
2026-01-15 13:52:42,580 [INFO] DbBoardsSqlite:226 - include board STEVAL-IDP005V2 as a kit item of type 'Evaluation Board'
2026-01-15 13:52:42,629 [INFO] ApiDb:240 - Found 646 in-development CPN: [B-G473E-ZEST1S, B-WB1M-WPAN1, B-WL5M-SUBG1, NUCLEO-C031C6, NUCLEO-C071RB, NUCLEO-H503RB, NUCLEO-H533RE, NUCLEO-H563ZI, NUCLEO-H7S3L8, NUCLEO-U031R8, NUCLEO-U083RC, NUCLEO-U545RE-Q, NUCLEO-U5A5ZJ-Q, NUCLEO-WB05KZ, NUCLEO-WB07CC, NUCLEO-WB09KE, NUCLEO-WBA52CG, NUCLEO-WBA55CG, STEVAL-PROTEUS1, STEVAL-SMARTAG2, STEVAL-STWINBX1, STM320518-EVAL, STM32C0116-DK, STM32C011D6Y3TR, STM32C011D6Y6TR, STM32C011F4P3, STM32C011F4P6, STM32C011F4U3, STM32C011F4U6TR, STM32C011F6P3, STM32C011F6P6, STM32C011F6U3, STM32C011F6U6TR, STM32C011J4M3, STM32C011J4M6, STM32C011J6M3, STM32C011J6M6, STM32C0316-DK, STM32C031C4T3, STM32C031C4T6, STM32C031C4U3, STM32C031C4U6, STM32C031C6T3, STM32C031C6T6, STM32C031C6U3, STM32C031C6U6, STM32C031F4P3, STM32C031F4P6, STM32C031F6P3, STM32C031F6P6, STM32C031G4U3, STM32C031G4U6, STM32C031G6U3, STM32C031G6U6, STM32C031K4T3, STM32C031K4T6, STM32C031K4U3, STM32C031K4U6, STM32C031K6T3, STM32C031K6T6, STM32C031K6U3, STM32C031K6U6, STM32C071C8T6, STM32C071C8T6N, STM32C071C8U6, STM32C071C8U6N, STM32C071CBT6, STM32C071CBT6N, STM32C071CBU6, STM32C071CBU6N, STM32C071F8P6, STM32C071F8P6N, STM32C071FBP6, STM32C071FBP6N, STM32C071FBY6TR, STM32C071G8U6, STM32C071G8U6N, STM32C071GBU6, STM32C071GBU6N, STM32C071K8T6, STM32C071K8T6N, STM32C071K8U6, STM32C071K8U6N, STM32C071KBT6, STM32C071KBT6N, STM32C071KBU6, STM32C071KBU6N, STM32C071R8T6, STM32C071R8T6N, STM32C071RBI6N, STM32C071RBT6, STM32C071RBT6N, STM32G071K8TXN, STM32G071K8UXN, STM32G081GBU6N, STM32G081KBT6N, STM32G081KBUXN, STM32G0B1CCT6N, STM32G0B1KCT6, STM32G0B1NEY6TR, STM32G0B1RCT6N, STM32G0C1CCT6, STM32G0C1CCT6N, STM32G0C1CCU6N, STM32G0C1CET6N, STM32G0C1CEU6N, STM32G0C1KCT6, STM32G0C1NEY6TR, STM32G0C1RCI6N, STM32G0C1RCT6N, STM32G0C1REI6N, STM32G0C1RET6N, STM32G0C1VCI6, STM32G0C1VEI6, STM32G411C6T3, STM32G411C6T6, STM32G411C6U3, STM32G411C6U6, STM32G411C8T3, STM32G411C8T6, STM32G411C8U3, STM32G411C8U6, STM32G411CBT3, STM32G411CBT6, STM32G411CBU3, STM32G411CBU6, STM32G411K6T3, STM32G411K6T6, STM32G411K6U3, STM32G411K6U6, STM32G411K8T3, STM32G411K8T6, STM32G411K8U3, STM32G411K8U6, STM32G411KBT3, STM32G411KBT6, STM32G411KBU3, STM32G411KBU6, STM32G411M6T3, STM32G411M6T6, STM32G411M8T3, STM32G411M8T6, STM32G411MBT3, STM32G411MBT6, STM32G411R6T3, STM32G411R6T6, STM32G411R8T3, STM32G411R8T6, STM32G411RBT3, STM32G411RBT6, STM32G414CBT3, STM32G414CBT6, STM32G414CBU3, STM32G414CBU6, STM32G414CCT3, STM32G414CCT6, STM32G414CCU3, STM32G414CCU6, STM32G414MBT3, STM32G414MBT6, STM32G414MCT3, STM32G414MCT6, STM32G414RBT3, STM32G414RBT6, STM32G414RCT3, STM32G414RCT6, STM32G414VBT3, STM32G414VBT6, STM32G414VCT3, STM32G414VCT6, STM32G431CBT3Z, STM32G431RBT3Z, STM32G471CCT6, STM32G471CCU6, STM32G471CET3, STM32G471CET6, STM32G471CEU3, STM32G471CEU6, STM32G471MCT6, STM32G471MET3, STM32G471MET6, STM32G471MEY6TR, STM32G471QCT6, STM32G471QET3, STM32G471RCT6, STM32G471RET3, STM32G471RET6, STM32G471VCH6, STM32G471VCI6, STM32G471VCT6, STM32G471VEH3, STM32G471VEH6, STM32G471VEI3, STM32G471VEI6, STM32G471VET3, STM32G471VET6, STM32G473QET3Z, STM32G473RET3Z, STM32G474CCT6, STM32G491RET3Z, STM32H503CBT6, STM32H503CBU6, STM32H503EBY6TR, STM32H503KBU6, STM32H503RBT6, STM32H523CCT6, STM32H523CCU6, STM32H523CET6, STM32H523CEU6, STM32H523HEY6TR, STM32H523RCT6, STM32H523RET6, STM32H523VCI6, STM32H523VCT6, STM32H523VEI6, STM32H523VET6, STM32H523ZCJ6, STM32H523ZCT6, STM32H523ZEJ6, STM32H523ZET6, STM32H533CET6, STM32H533CEU6, STM32H533HEY6TR, STM32H533RET6, STM32H533VEI6, STM32H533VET6, STM32H533ZEJ6, STM32H533ZET6, STM32H562AGI6, STM32H562AII6, STM32H562IGK6, STM32H562IGT6, STM32H562IIK6, STM32H562IIT6, STM32H562RGT6, STM32H562RGV6, STM32H562RIT6, STM32H562RIV6, STM32H562VGT6, STM32H562VIT6, STM32H562ZGT6, STM32H562ZIT6, STM32H563AGI6, STM32H563AII3Q, STM32H563AII6, STM32H563IGK6, STM32H563IGT6, STM32H563IIK3Q, STM32H563IIK6, STM32H563IIT3Q, STM32H563IIT6, STM32H563MIY3QTR, STM32H563RGT6, STM32H563RGV6, STM32H563RIT6, STM32H563RIV6, STM32H563VGT6, STM32H563VIT3Q, STM32H563VIT6, STM32H563ZGT6, STM32H563ZIT3Q, STM32H563ZIT6, STM32H573AII3Q, STM32H573AII6, STM32H573I-DK, STM32H573IIK3Q, STM32H573IIK6, STM32H573IIT3Q, STM32H573IIT6, STM32H573MIY3QTR, STM32H573RIT6, STM32H573RIV6, STM32H573VIT3Q, STM32H573VIT6, STM32H573ZIT3Q, STM32H573ZIT6, STM32H7R3A8I6, STM32H7R3I8K6, STM32H7R3I8T6, STM32H7R3L8H6, STM32H7R3L8H6H, STM32H7R3R8V6, STM32H7R3V8H6, STM32H7R3V8T6, STM32H7R3V8Y6TR, STM32H7R3Z8J6, STM32H7R3Z8T6, STM32H7R7A8I6, STM32H7R7I8K6, STM32H7R7I8T6, STM32H7R7L8H6, STM32H7R7L8H6H, STM32H7R7Z8J6, STM32H7S3A8I6, STM32H7S3I8K6, STM32H7S3I8T6, STM32H7S3L8H6, STM32H7S3L8H6H, STM32H7S3R8V6, STM32H7S3V8H6, STM32H7S3V8T6, STM32H7S3V8Y6TR, STM32H7S3Z8J6, STM32H7S3Z8T6, STM32H7S78-DK, STM32H7S7A8I6, STM32H7S7I8K6, STM32H7S7I8T6, STM32H7S7L8H6, STM32H7S7L8H6H, STM32H7S7Z8J6, STM32L4R5QGI6STR, STM32MP131AAE3, STM32MP131AAF3, STM32MP131AAG3, STM32MP131CAE3, STM32MP131CAF3, STM32MP131CAG3, STM32MP131DAE7, STM32MP131DAF7, STM32MP131DAG7, STM32MP131FAE7, STM32MP131FAF7, STM32MP131FAG7, STM32MP133AAE3, STM32MP133AAF3, STM32MP133AAG3, STM32MP133CAE3, STM32MP133CAF3, STM32MP133CAG3, STM32MP133DAE7, STM32MP133DAF7, STM32MP133DAG7, STM32MP133FAE7, STM32MP133FAF7, STM32MP133FAG7, STM32MP135AAE3, STM32MP135AAF3, STM32MP135AAG3, STM32MP135CAE3, STM32MP135CAF3, STM32MP135CAG3, STM32MP135DAE7, STM32MP135DAF7, STM32MP135DAG7, STM32MP135F-DK, STM32MP135FAE7, STM32MP135FAF7, STM32MP135FAF7T, STM32MP135FAF7U, STM32MP135FAG7, STM32MP251AAI3, STM32MP251AAK3, STM32MP251AAL3, STM32MP251CAI3, STM32MP251CAK3, STM32MP251CAL3, STM32MP251DAI3, STM32MP251DAK3, STM32MP251DAL3, STM32MP251FAI3, STM32MP251FAK3, STM32MP251FAL3, STM32MP253AAI3, STM32MP253AAK3, STM32MP253AAL3, STM32MP253CAI3, STM32MP253CAK3, STM32MP253CAL3, STM32MP253DAI3, STM32MP253DAK3, STM32MP253DAL3, STM32MP253FAI3, STM32MP253FAK3, STM32MP253FAL3, STM32MP255AAI3, STM32MP255AAK3, STM32MP255AAL3, STM32MP255CAI3, STM32MP255CAK3, STM32MP255CAL3, STM32MP255DAI3, STM32MP255DAK3, STM32MP255DAL3, STM32MP255FAI3, STM32MP255FAK3, STM32MP255FAL3, STM32MP257AAI3, STM32MP257AAK3, STM32MP257AAL3, STM32MP257CAI3, STM32MP257CAK3, STM32MP257CAL3, STM32MP257DAI3, STM32MP257DAK3, STM32MP257DAL3, STM32MP257F-DK, STM32MP257F-EV1, STM32MP257FAI3, STM32MP257FAK3, STM32MP257FAL3, STM32U031C6T6, STM32U031C6U6, STM32U031C8T6, STM32U031C8U6, STM32U031F4P6, STM32U031F6P6, STM32U031F8P6, STM32U031G6Y6TR, STM32U031G8Y6TR, STM32U031K4U6, STM32U031K6U6, STM32U031K8U6, STM32U031R6I6, STM32U031R6T6, STM32U031R8I6, STM32U031R8T6, STM32U073C8T6, STM32U073C8U6, STM32U073CBT6, STM32U073CBU6, STM32U073CCT6, STM32U073CCU6, STM32U073H8Y6TR, STM32U073HBY6TR, STM32U073HCY6TR, STM32U073K8U6, STM32U073KBU6, STM32U073KCU6, STM32U073M8I6, STM32U073M8T6, STM32U073MBI6, STM32U073MBT6, STM32U073MCI6, STM32U073MCT6, STM32U073R8I6, STM32U073R8T6, STM32U073RBI6, STM32U073RBT6, STM32U073RCI6, STM32U073RCT6, STM32U083C-DK, STM32U083CCT6, STM32U083CCU6, STM32U083HCY6TR, STM32U083KCU6, STM32U083MCI6, STM32U083MCT6, STM32U083RCI6, STM32U083RCT6, STM32U535CBT6, STM32U535CBT6Q, STM32U535CBU6, STM32U535CBU6Q, STM32U535CCT6, STM32U535CCT6Q, STM32U535CCU6, STM32U535CCU6Q, STM32U535CET6, STM32U535CET6Q, STM32U535CEU6, STM32U535CEU6Q, STM32U535JEY6QTR, STM32U535NCY6QTR, STM32U535NEY6QTR, STM32U535RBI6, STM32U535RBI6Q, STM32U535RBT6, STM32U535RBT6Q, STM32U535RCI6, STM32U535RCI6Q, STM32U535RCT6, STM32U535RCT6Q, STM32U535REI6, STM32U535REI6Q, STM32U535RET6, STM32U535RET6Q, STM32U535VCI6, STM32U535VCI6Q, STM32U535VCT6, STM32U535VCT6Q, STM32U535VEI6, STM32U535VEI6Q, STM32U535VET6, STM32U535VET6Q, STM32U545CET6, STM32U545CET6Q, STM32U545CEU6, STM32U545CEU6Q, STM32U545JEY6QTR, STM32U545NEY6QTR, STM32U545REI6, STM32U545REI6Q, STM32U545RET6, STM32U545RET6Q, STM32U545VEI6, STM32U545VEI6Q, STM32U545VET6, STM32U545VET6Q, STM32U595AIH6, STM32U595AIH6Q, STM32U595AJH6, STM32U595AJH6Q, STM32U595QII6, STM32U595QII6Q, STM32U595QJI6, STM32U595QJI6Q, STM32U595RIT6, STM32U595RIT6Q, STM32U595RJT6, STM32U595RJT6Q, STM32U595VIT6, STM32U595VIT6Q, STM32U595VJT6, STM32U595VJT6Q, STM32U595ZIT6, STM32U595ZIT6Q, STM32U595ZIY6QTR, STM32U595ZJT6, STM32U595ZJT6Q, STM32U595ZJY6QTR, STM32U599BJY6QTR, STM32U599NIH6Q, STM32U599NJH6Q, STM32U599VIT6Q, STM32U599VJT6, STM32U599VJT6Q, STM32U599ZIT6Q, STM32U599ZIY6QTR, STM32U599ZJT6Q, STM32U599ZJY6QTR, STM32U5A5AJH6, STM32U5A5AJH6Q, STM32U5A5QII3Q , STM32U5A5QJI6, STM32U5A5QJI6Q, STM32U5A5RJT6, STM32U5A5RJT6Q, STM32U5A5VJT6, STM32U5A5VJT6Q, STM32U5A5ZJT6, STM32U5A5ZJT6Q, STM32U5A5ZJY6QTR, STM32U5A9BJY6QTR, STM32U5A9J-DK, STM32U5A9NJH6Q, STM32U5A9VJT6Q, STM32U5A9ZJT6Q, STM32U5A9ZJY6QTR, STM32U5F7VIT6, STM32U5F7VIT6Q, STM32U5F7VJT6, STM32U5F7VJT6Q, STM32U5F9BJY6QTR, STM32U5F9NJH6Q, STM32U5F9VIT6Q, STM32U5F9VJT6Q, STM32U5F9ZIJ6QTR, STM32U5F9ZIT6Q, STM32U5F9ZJJ6QTR, STM32U5F9ZJT6Q, STM32U5G7VJT6, STM32U5G7VJT6Q, STM32U5G9BJY6QTR, STM32U5G9J-DK1, STM32U5G9J-DK2, STM32U5G9NJH6Q, STM32U5G9VJT6Q, STM32U5G9ZJJ6QTR, STM32U5G9ZJT6Q, STM32WB05KZV6TR, STM32WB05KZV7TR, STM32WB05TZF6TR, STM32WB05TZF7TR, STM32WB06CCF6TR, STM32WB06CCF7TR, STM32WB06CCV6TR, STM32WB06CCV7TR, STM32WB06KCV6TR, STM32WB06KCV7TR, STM32WB07CCF6TR, STM32WB07CCF7TR, STM32WB07CCV6TR, STM32WB07CCV7TR, STM32WB07KCV6TR, STM32WB07KCV7TR, STM32WB09KEV6TR, STM32WB09KEV7TR, STM32WB09TEF6TR, STM32WB09TEF7TR, STM32WB1MMCH6, STM32WBA50KGU6, STM32WBA50KGU6TR, STM32WBA52CEU6, STM32WBA52CEU6TR, STM32WBA52CEU7, STM32WBA52CEU7TR, STM32WBA52CGU6, STM32WBA52CGU6TR, STM32WBA52CGU6U, STM32WBA52CGU7, STM32WBA52CGU7TR, STM32WBA52KEU6, STM32WBA52KEU6TR, STM32WBA52KGU6, STM32WBA52KGU6TR, STM32WBA54CEU6, STM32WBA54CEU6TR, STM32WBA54CEU7, STM32WBA54CEU7TR, STM32WBA54CGU6, STM32WBA54CGU6TR, STM32WBA54CGU7, STM32WBA54CGU7TR, STM32WBA54KEU6, STM32WBA54KEU6TR, STM32WBA54KEU7, STM32WBA54KEU7TR, STM32WBA54KGU6, STM32WBA54KGU6TR, STM32WBA54KGU7, STM32WBA54KGU7TR, STM32WBA55CEU6, STM32WBA55CEU6TR, STM32WBA55CEU7, STM32WBA55CEU7TR, STM32WBA55CGU6, STM32WBA55CGU6TR, STM32WBA55CGU6U, STM32WBA55CGU7, STM32WBA55CGU7TR, STM32WBA55G-DK1, STM32WBA55HEF6, STM32WBA55HEF7, STM32WBA55HGF6, STM32WBA55HGF7, STM32WBA55UEI6, STM32WBA55UEI6TR, STM32WBA55UEI7, STM32WBA55UEI7TR, STM32WBA55UGI6, STM32WBA55UGI6TR, STM32WBA55UGI7, STM32WBA55UGI7TR, STM32WL5MOCH6, STM32WL5MOCH6TR]
2026-01-15 13:52:42,646 [INFO] BoardInfo:889 - No configuration file found for board B-WBA5M-WPAN
2026-01-15 13:52:42,646 [INFO] DbBoards:161 - Board is not supported: B-WBA5M-WPAN
2026-01-15 13:52:42,651 [INFO] BoardInfo:889 - No configuration file found for board NUCLEO-C051C8
2026-01-15 13:52:42,651 [INFO] DbBoards:161 - Board is not supported: NUCLEO-C051C8
2026-01-15 13:52:42,653 [INFO] BoardInfo:889 - No configuration file found for board NUCLEO-C092RC
2026-01-15 13:52:42,654 [INFO] DbBoards:161 - Board is not supported: NUCLEO-C092RC
2026-01-15 13:52:42,741 [INFO] BoardInfo:889 - No configuration file found for board NUCLEO-N657X0-Q
2026-01-15 13:52:42,741 [INFO] DbBoards:161 - Board is not supported: NUCLEO-N657X0-Q
2026-01-15 13:52:42,745 [INFO] BoardInfo:889 - No configuration file found for board NUCLEO-U385RG-Q
2026-01-15 13:52:42,745 [INFO] DbBoards:161 - Board is not supported: NUCLEO-U385RG-Q
2026-01-15 13:52:42,764 [INFO] BoardInfo:889 - No configuration file found for board NUCLEO-WBA65RI
2026-01-15 13:52:42,765 [INFO] DbBoards:161 - Board is not supported: NUCLEO-WBA65RI
2026-01-15 13:52:42,767 [INFO] BoardInfo:889 - No configuration file found for board NUCLEO-WL33CC1
2026-01-15 13:52:42,768 [INFO] DbBoards:161 - Board is not supported: NUCLEO-WL33CC1
2026-01-15 13:52:42,769 [INFO] BoardInfo:889 - No configuration file found for board NUCLEO-WL33CC2
2026-01-15 13:52:42,770 [INFO] DbBoards:161 - Board is not supported: NUCLEO-WL33CC2
2026-01-15 13:52:42,779 [INFO] BoardInfo:889 - No configuration file found for board P-NUCLEO-WB55
2026-01-15 13:52:42,780 [INFO] DbBoards:161 - Kit is not supported: P-NUCLEO-WB55
2026-01-15 13:52:42,785 [INFO] BoardInfo:889 - No configuration file found for board STEVAL-BFA001V1B
2026-01-15 13:52:42,786 [INFO] DbBoards:161 - Kit is not supported: STEVAL-BFA001V1B
2026-01-15 13:52:42,787 [INFO] BoardInfo:889 - No configuration file found for board STEVAL-BFA001V2B
2026-01-15 13:52:42,787 [INFO] DbBoards:161 - Kit is not supported: STEVAL-BFA001V2B
2026-01-15 13:52:42,990 [INFO] BoardInfo:889 - No configuration file found for board STM32N6570-DK
2026-01-15 13:52:42,992 [INFO] DbBoards:161 - Board is not supported: STM32N6570-DK
2026-01-15 13:52:43,007 [INFO] BoardInfo:889 - No configuration file found for board STM32WBA65I-DK1
2026-01-15 13:52:43,008 [INFO] DbBoards:161 - Board is not supported: STM32WBA65I-DK1
2026-01-15 13:52:43,008 [INFO] DbBoards:168 - Found 211 boards, 198 are supported
2026-01-15 13:52:43,008 [INFO] DbBoards:169 - Found 211 boards, 25 of them is supported for  Bsp
2026-01-15 13:52:43,011 [INFO] ApiDb:423 - Load user favorites file C:\Users\RND1/.stm32cubeide/favorites.boards.txt: 0 item(s)
2026-01-15 13:52:43,011 [INFO] ApiDb:427 - User favorites Boards=[]
2026-01-15 13:52:43,011 [INFO] DbBoards:198 - Set 0 / 0 favorites Boards
2026-01-15 13:52:43,112 [INFO] ServerAccessManage:473 - Download File 
2026-01-15 13:52:43,141 [INFO] LoadUrlFilesThread:185 - End of LoadServerUrlFiles without Thread
2026-01-15 13:52:43,142 [INFO] TargetSelectorAdapter:259 - Refresh data is successful
2026-01-15 13:52:43,144 [INFO] ApiDb:668 - CubeFinder database Data Model version=2.1
2026-01-15 13:52:43,144 [INFO] ApiDb:669 - CubeFinder database Configuration version=3.0.39
2026-01-15 13:52:43,144 [INFO] ApiDb:670 - CubeFinder database generation date=2025-12-22 (1766407740)
2026-01-15 13:52:43,144 [INFO] ApiDb:671 - CubeFinder database FW Pack versions=[FP-ATR-ASTRA1_V2.0.0, FP-SNS-FLIGHT1_V5.1.0, FP-SNS-MOTENV1_V5.1.0, FP-SNS-MOTENVWB1_V1.4.0, FP-SNS-SMARTAG2_V1.2.0, FP-SNS-STBOX1_V2.1.0, STM32Cube_FW_C0_V1.4.0, STM32Cube_FW_F4_V1.28.3, STM32Cube_FW_F7_V1.17.4, STM32Cube_FW_G0_V1.6.2, STM32Cube_FW_G4_V1.6.1, STM32Cube_FW_H5_V1.5.1, STM32Cube_FW_H7RS_V1.3.0, STM32Cube_FW_H7_V1.12.1, STM32Cube_FW_L0_V1.12.2, STM32Cube_FW_L4_V1.18.1, STM32Cube_FW_L5_V1.6.0, STM32Cube_FW_N6_V1.3.0, STM32Cube_FW_U0_V1.3.0, STM32Cube_FW_U3_V1.2.1, STM32Cube_FW_U5_V1.8.0, STM32Cube_FW_WB0_V1.4.0, STM32Cube_FW_WBA_V1.8.0, STM32Cube_FW_WB_V1.24.0, STM32Cube_FW_WL3_V1.3.0, STM32Cube_FW_WL_V1.4.0, X-CUBE-ALGOBUILD_V1.4.0, X-CUBE-ALS_V1.0.2, X-CUBE-AZRTOS-F4_V1.1.0, X-CUBE-AZRTOS-F7_V1.1.0, X-CUBE-AZRTOS-G0_V1.1.0, X-CUBE-AZRTOS-G4_V2.0.0, X-CUBE-AZRTOS-H7RS_V1.1.0, X-CUBE-AZRTOS-H7_V3.4.0, X-CUBE-AZRTOS-L4_V2.0.0, X-CUBE-AZRTOS-L5_V2.0.0, X-CUBE-AZRTOS-WB_V2.0.0, X-CUBE-AZRTOS-WL_V2.0.0, X-CUBE-BLE1_V7.1.0, X-CUBE-BLE2_V3.3.0, X-CUBE-BLEMGR_V4.1.0, X-CUBE-EEPRMA1_V5.2.0, X-CUBE-FREERTOS_V1.3.1, X-CUBE-GNSS1_V6.0.0, X-CUBE-MEMS1_V12.0.0, X-CUBE-NFC4_V3.0.0, X-CUBE-NFC7_V2.0.0, X-CUBE-SFXS2LP1_V4.0.0, X-CUBE-ST67W61_V1.1.0, X-CUBE-SUBG2_V5.0.0, X-CUBE-TOF1_V3.4.3]
2026-01-15 13:52:43,630 [ERROR] DbExamplesSqlite:437 - Missing JSON key: board_cpn
2026-01-15 13:52:43,630 [ERROR] DbExamplesSqlite:437 - Missing JSON key: board_cpn
2026-01-15 13:52:43,630 [ERROR] DbExamplesSqlite:437 - Missing JSON key: board_cpn
2026-01-15 13:52:43,630 [ERROR] DbExamplesSqlite:437 - Missing JSON key: board_cpn
2026-01-15 13:52:43,870 [ERROR] DbExamplesSqlite:437 - Missing JSON key: board_cpn
2026-01-15 13:52:43,871 [ERROR] DbExamplesSqlite:437 - Missing JSON key: board_cpn
2026-01-15 13:52:43,884 [INFO] DbExamplesSqlite:395 - Ignored 42 examples not supported by CubeIDE
2026-01-15 13:52:43,884 [INFO] DbExamplesSqlite:396 - Found 10819 examples active
2026-01-15 13:52:43,884 [INFO] DbExamplesSqlite:397 - Found 0 examples obsolete
2026-01-15 13:52:43,884 [INFO] DbExamplesSqlite:398 - Found 0 examples under development
2026-01-15 13:52:43,884 [INFO] DbExamplesSqlite:399 - Found 85 examples not building
2026-01-15 13:52:43,886 [INFO] DbExamples:125 - Found 10862 examples
2026-01-15 13:52:43,921 [ERROR] DbExamples:208 - Found 73 examples with invalid data (board or MCU)
2026-01-15 13:52:43,922 [INFO] DbExamples:222 - Found 134 boards with related examples
2026-01-15 13:52:43,923 [INFO] DbExamples:235 - Found 111 MCUs with related examples
2026-01-15 13:52:43,938 [INFO] ApiDb:423 - Load user favorites file C:\Users\RND1/.stm32cubeide/favorites.examples.txt: 0 item(s)
2026-01-15 13:52:43,939 [INFO] ApiDb:427 - User favorites Examples=[]
2026-01-15 13:52:43,939 [INFO] DbExamples:250 - Set 0 / 0 favorites Examples
2026-01-15 13:52:44,127 [INFO] McuFinderGlobals:76 - Set McuFinderConnectedMode to true
2026-01-15 13:52:44,136 [INFO] MultiScanPanel:200 - Auto-refresh data requested => check proxy status ongoing
2026-01-15 13:52:44,140 [INFO] FinderPluginLoader:95 - Searching for filters in installed packs
2026-01-15 13:52:44,986 [INFO] LoadUrlFilesThread:185 - End of LoadServerUrlFiles without Thread
2026-01-15 13:52:45,029 [INFO] DetailPanel:341 - Set advertising image to C:/Users/RND1/STM32Cube/Repository/\en.prom-stm32mp21-0126.png
2026-01-15 13:53:23,919 [INFO] MultiScanPanel:200 - Auto-refresh data requested => check proxy status ongoing
2026-01-15 13:53:23,986 [INFO] LoadUrlFilesThread:185 - End of LoadServerUrlFiles without Thread
2026-01-15 13:53:23,986 [INFO] DetailPanel:341 - Set advertising image to C:/Users/RND1/STM32Cube/Repository/\en.prom-stm32mp21-0126.png
2026-01-15 13:53:23,993 [INFO] DbBoards:642 - Loading board mini-images...
2026-01-15 13:53:25,654 [INFO] DbBoards:665 - Loaded 211 board mini-images
2026-01-15 13:54:19,965 [INFO] MainUpdater:2873 - connection check result : 10
2026-01-15 13:54:19,965 [INFO] MainUpdater:2873 - connection check result : 10
2026-01-15 13:54:19,974 [ERROR] IocParser:57 - IOException caught: C:\Users\RND1\STM32CubeIDE\workspace_1.16.1\stm32h723zg_fw\stm32h723zg_fw.ioc (지정된 경로를 찾을 수 없습니다)
2026-01-15 13:54:19,975 [ERROR] PeripheralListParser:95 - Something went wrong with ioc file reading: C:\Users\RND1\STM32CubeIDE\workspace_1.16.1\stm32h723zg_fw\stm32h723zg_fw.ioc (지정된 경로를 찾을 수 없습니다)
2026-01-15 13:54:19,975 [ERROR] RegexParser:59 - Issue caught when parsing regex: C:\Users\RND1\STM32CubeIDE\workspace_1.16.1\stm32h723zg_fw\stm32h723zg_fw.ioc (지정된 경로를 찾을 수 없습니다)
2026-01-15 13:54:20,040 [INFO] MicroXplorer:468 - Change Database Path : 
2026-01-15 13:54:20,041 [INFO] MicroXplorer:498 - Change Database Version : DB.6.0.121
2026-01-15 13:54:20,048 [ERROR] ProjectManagerView:394 - 
java.lang.NullPointerException: Cannot invoke "javax.swing.JTextField.getText()" because the return value of "java.util.List.get(int)" is null
	at com.st.microxplorer.plugins.projectmanager.gui.ProjectChoiceTab$10.caretUpdate(ProjectChoiceTab.java:2622) ~[filemanager.jar:?]
	at javax.swing.text.JTextComponent.fireCaretUpdate(JTextComponent.java:412) ~[?:?]
	at javax.swing.text.JTextComponent$MutableCaretEvent.fire(JTextComponent.java:4491) ~[?:?]
	at javax.swing.text.JTextComponent$MutableCaretEvent.stateChanged(JTextComponent.java:4513) ~[?:?]
	at javax.swing.text.DefaultCaret.fireStateChanged(DefaultCaret.java:842) ~[?:?]
	at javax.swing.text.DefaultCaret.changeCaretPosition(DefaultCaret.java:1313) ~[?:?]
	at javax.swing.text.DefaultCaret.handleSetDot(DefaultCaret.java:1212) ~[?:?]
	at javax.swing.text.DefaultCaret.setDot(DefaultCaret.java:1193) ~[?:?]
	at javax.swing.text.DefaultCaret$Handler.insertUpdate(DefaultCaret.java:1789) ~[?:?]
	at javax.swing.text.AbstractDocument.fireInsertUpdate(AbstractDocument.java:226) ~[?:?]
	at javax.swing.text.AbstractDocument.handleInsertString(AbstractDocument.java:780) ~[?:?]
	at javax.swing.text.AbstractDocument.insertString(AbstractDocument.java:739) ~[?:?]
	at javax.swing.text.PlainDocument.insertString(PlainDocument.java:131) ~[?:?]
	at javax.swing.text.AbstractDocument.replace(AbstractDocument.java:698) ~[?:?]
	at javax.swing.text.JTextComponent.setText(JTextComponent.java:1729) ~[?:?]
	at com.st.microxplorer.plugins.projectmanager.gui.ProjectChoiceTab.createHeapStackFields(ProjectChoiceTab.java:972) ~[filemanager.jar:?]
	at com.st.microxplorer.plugins.projectmanager.gui.ProjectChoiceTab.buildLinkSettingsPanel(ProjectChoiceTab.java:3597) ~[filemanager.jar:?]
	at com.st.microxplorer.plugins.projectmanager.gui.ProjectChoiceTab.defineWindowsFields(ProjectChoiceTab.java:1940) ~[filemanager.jar:?]
	at com.st.microxplorer.plugins.projectmanager.gui.ProjectChoiceTab.updateSettings(ProjectChoiceTab.java:550) ~[filemanager.jar:?]
	at com.st.microxplorer.plugins.projectmanager.gui.ProjectSettingsPanel.UpdateDialog(ProjectSettingsPanel.java:245) ~[filemanager.jar:?]
	at com.st.microxplorer.plugins.projectmanager.ProjectManagerView.propertyChange(ProjectManagerView.java:391) ~[filemanager.jar:?]
	at java.beans.PropertyChangeSupport.fire(PropertyChangeSupport.java:343) ~[?:?]
	at java.beans.PropertyChangeSupport.firePropertyChange(PropertyChangeSupport.java:335) ~[?:?]
	at java.beans.PropertyChangeSupport.firePropertyChange(PropertyChangeSupport.java:268) ~[?:?]
	at com.st.microxplorer.util.MXPropertyChangeSupport.firePropertyChange(MXPropertyChangeSupport.java:54) ~[STM32CubeMX.jar:?]
	at com.st.microxplorer.mxsystem.MxSystem.closeConfig(MxSystem.java:900) ~[STM32CubeMX.jar:?]
	at com.st.microxplorer.maingui.MainPanel.closeConfig(MainPanel.java:781) ~[STM32CubeMX.jar:?]
	at com.st.microxplorer.plugins.filemanager.engine.OpenFileManager.loadConfigurationFile(OpenFileManager.java:265) ~[filemanager.jar:?]
	at com.st.microxplorer.plugins.filemanager.engine.MainFileManager.userLoadConfig(MainFileManager.java:352) ~[filemanager.jar:?]
	at com.st.microxplorer.plugins.filemanager.FileManagerView.getSpecificTask(FileManagerView.java:250) ~[filemanager.jar:?]
	at com.st.stm32cube.common.mx.editor.CubeMxEditor.getMxTabbedPaneInstance(CubeMxEditor.java:1191) ~[com.st.stm32cube.common.mx_6.12.1.202409122256/:?]
	at com.st.stm32cube.common.mx.editor.CubeMxEditor$12$1.createSwingComponent(CubeMxEditor.java:1068) ~[com.st.stm32cube.common.mx_6.12.1.202409122256/:?]
	at com.st.stm32cube.common.mx.oss.core.awtswtbridge.EmbeddedSwingComposite.doComponentCreation(EmbeddedSwingComposite.java:492) ~[com.st.stm32cube.common.mx.oss_6.12.1.202409122256/:?]
	at com.st.stm32cube.common.mx.oss.core.awtswtbridge.EmbeddedSwingComposite$4.run(EmbeddedSwingComposite.java:291) ~[com.st.stm32cube.common.mx.oss_6.12.1.202409122256/:?]
	at com.st.stm32cube.common.mx.oss.core.awtswtbridge.AwtEnvironment$2.run(AwtEnvironment.java:166) ~[com.st.stm32cube.common.mx.oss_6.12.1.202409122256/:?]
	at java.awt.event.InvocationEvent.dispatch(InvocationEvent.java:318) ~[?:?]
	at java.awt.EventQueue.dispatchEventImpl(EventQueue.java:773) ~[?:?]
	at java.awt.EventQueue$4.run(EventQueue.java:720) ~[?:?]
	at java.awt.EventQueue$4.run(EventQueue.java:714) ~[?:?]
	at java.security.AccessController.doPrivileged(AccessController.java:399) ~[?:?]
	at java.security.ProtectionDomain$JavaSecurityAccessImpl.doIntersectionPrivilege(ProtectionDomain.java:86) ~[?:?]
	at java.awt.EventQueue.dispatchEvent(EventQueue.java:742) ~[?:?]
	at java.awt.EventDispatchThread.pumpOneEventForFilters(EventDispatchThread.java:203) ~[?:?]
	at java.awt.EventDispatchThread.pumpEventsForFilter(EventDispatchThread.java:124) ~[?:?]
	at java.awt.EventDispatchThread.pumpEventsForHierarchy(EventDispatchThread.java:113) ~[?:?]
	at java.awt.EventDispatchThread.pumpEvents(EventDispatchThread.java:109) ~[?:?]
	at java.awt.EventDispatchThread.pumpEvents(EventDispatchThread.java:101) ~[?:?]
	at java.awt.EventDispatchThread.run(EventDispatchThread.java:90) ~[?:?]
2026-01-15 13:54:20,055 [WARN] ThirdParty:871 - waiting for thirdparty lock release [close project]
2026-01-15 13:54:20,055 [INFO] ThirdParty:873 - entering critical section [close project]
2026-01-15 13:54:20,055 [INFO] ThirdParty:883 - exiting critical section [close project]
2026-01-15 13:54:20,057 [INFO] PinOutPanel:1561 - setPackage(No Configuration,No Configuration)
2026-01-15 13:54:20,064 [WARN] IpParametersView:151 - Warning: This peripheral hasn't parameters
2026-01-15 13:54:20,068 [WARN] MainPanel:284 - <html><b><center>Warning: This peripheral has no parameters to be configured<br></b></html>
2026-01-15 13:54:20,082 [INFO] HwResourcesManager:1923 - RZone for current mcu STM32H723ZGTx : STM32_DIE483_564_1024
2026-01-15 13:54:20,100 [INFO] HwResourcesManager:288 - provisioning FMC Bank1 added
2026-01-15 13:54:20,100 [INFO] HwResourcesManager:288 - provisioning OctoSPI2 added
2026-01-15 13:54:20,101 [INFO] HwResourcesManager:288 - provisioning FMC Bank3 added
2026-01-15 13:54:20,101 [INFO] HwResourcesManager:288 - provisioning OctoSPI1 added
2026-01-15 13:54:20,101 [INFO] HwResourcesManager:288 - provisioning FMC SDRAM Bank1 added
2026-01-15 13:54:20,102 [INFO] HwResourcesManager:288 - provisioning FMC SDRAM Bank2 added
2026-01-15 13:54:20,109 [INFO] HwResourcesManager:472 - Memory Region RAM_ITCM added without MPC
2026-01-15 13:54:20,111 [INFO] HwResourcesManager:472 - Memory Region Flash added without MPC
2026-01-15 13:54:20,112 [INFO] HwResourcesManager:472 - Memory Region RAM1_AHB_C added without MPC
2026-01-15 13:54:20,114 [INFO] HwResourcesManager:472 - Memory Region RAM2_AHB_C added without MPC
2026-01-15 13:54:20,115 [INFO] HwResourcesManager:472 - Memory Region System added without MPC
2026-01-15 13:54:20,117 [INFO] HwResourcesManager:472 - Memory Region RAM_DTCM added without MPC
2026-01-15 13:54:20,119 [INFO] HwResourcesManager:472 - Memory Region RAM_AXI added without MPC
2026-01-15 13:54:20,120 [INFO] HwResourcesManager:472 - Memory Region RAM1_AHB added without MPC
2026-01-15 13:54:20,122 [INFO] HwResourcesManager:472 - Memory Region RAM2_AHB added without MPC
2026-01-15 13:54:20,123 [INFO] HwResourcesManager:472 - Memory Region RAM_AHB_D3 added without MPC
2026-01-15 13:54:20,125 [INFO] HwResourcesManager:472 - Memory Region BKPSRAM added without MPC
2026-01-15 13:54:20,140 [INFO] MemInfoExtractor$FMCInfoExtractor:862 - Cannot find FMC BANK1 start address in the info provided by HWResourceManager => Set it to the default value
2026-01-15 13:54:20,140 [INFO] MemInfoExtractor$FMCInfoExtractor:865 - Cannot find FMC SDRAM BANK1 start address in the info provided by HWResourceManager => Set it to the default value
2026-01-15 13:54:20,141 [INFO] MemInfoExtractor$OctoQuadSPIInfoExtractor:1587 - Cannot find OCTOSPI1 start address in the info provided by HWResourceManager => Set it to the default value
2026-01-15 13:54:20,141 [INFO] MemInfoExtractor$OctoQuadSPIInfoExtractor:1587 - Cannot find OCTOSPI2 start address in the info provided by HWResourceManager => Set it to the default value
2026-01-15 13:54:20,285 [ERROR] HwResourcesManager:1531 - Cannot find MPC for the given IP: FLASH
2026-01-15 13:54:20,286 [ERROR] HwResourcesManager:1531 - Cannot find MPC for the given IP: FLASH
2026-01-15 13:54:20,293 [ERROR] HwResourcesManager:1531 - Cannot find MPC for the given IP: FLASH
2026-01-15 13:54:20,697 [ERROR] HwResourcesManager:1531 - Cannot find MPC for the given IP: FLASH
2026-01-15 13:54:20,698 [ERROR] HwResourcesManager:1531 - Cannot find MPC for the given IP: FLASH
2026-01-15 13:54:20,702 [ERROR] HwResourcesManager:1531 - Cannot find MPC for the given IP: FLASH
2026-01-15 13:54:21,087 [ERROR] HwResourcesManager:1531 - Cannot find MPC for the given IP: FLASH
2026-01-15 13:54:21,088 [ERROR] HwResourcesManager:1531 - Cannot find MPC for the given IP: FLASH
2026-01-15 13:54:21,092 [ERROR] HwResourcesManager:1531 - Cannot find MPC for the given IP: FLASH
2026-01-15 13:54:21,454 [ERROR] HwResourcesManager:1531 - Cannot find MPC for the given IP: FLASH
2026-01-15 13:54:21,455 [ERROR] HwResourcesManager:1531 - Cannot find MPC for the given IP: FLASH
2026-01-15 13:54:21,459 [ERROR] HwResourcesManager:1531 - Cannot find MPC for the given IP: FLASH
2026-01-15 13:54:21,833 [ERROR] HwResourcesManager:1531 - Cannot find MPC for the given IP: FLASH
2026-01-15 13:54:21,834 [ERROR] HwResourcesManager:1531 - Cannot find MPC for the given IP: FLASH
2026-01-15 13:54:21,838 [ERROR] HwResourcesManager:1531 - Cannot find MPC for the given IP: FLASH
2026-01-15 13:54:21,840 [ERROR] HwResourcesManager:1531 - Cannot find MPC for the given IP: FLASH
2026-01-15 13:54:21,879 [INFO] MemInfoExtractor:277 - EVENT_MCU_SET_IP_PARAMETER
2026-01-15 13:54:21,884 [ERROR] HwResourcesManager:1531 - Cannot find MPC for the given IP: FLASH
2026-01-15 13:54:21,885 [ERROR] HwResourcesManager:1531 - Cannot find MPC for the given IP: FLASH
2026-01-15 13:54:21,888 [ERROR] HwResourcesManager:1531 - Cannot find MPC for the given IP: FLASH
2026-01-15 13:54:22,280 [ERROR] HwResourcesManager:1531 - Cannot find MPC for the given IP: FLASH
2026-01-15 13:54:22,281 [ERROR] HwResourcesManager:1531 - Cannot find MPC for the given IP: FLASH
2026-01-15 13:54:22,287 [ERROR] HwResourcesManager:1531 - Cannot find MPC for the given IP: FLASH
2026-01-15 13:54:22,640 [ERROR] HwResourcesManager:1531 - Cannot find MPC for the given IP: FLASH
2026-01-15 13:54:22,641 [ERROR] HwResourcesManager:1531 - Cannot find MPC for the given IP: FLASH
2026-01-15 13:54:22,645 [ERROR] HwResourcesManager:1531 - Cannot find MPC for the given IP: FLASH
2026-01-15 13:54:23,018 [ERROR] HwResourcesManager:1531 - Cannot find MPC for the given IP: FLASH
2026-01-15 13:54:23,019 [ERROR] HwResourcesManager:1531 - Cannot find MPC for the given IP: FLASH
2026-01-15 13:54:23,024 [ERROR] HwResourcesManager:1531 - Cannot find MPC for the given IP: FLASH
2026-01-15 13:54:23,370 [ERROR] HwResourcesManager:1531 - Cannot find MPC for the given IP: FLASH
2026-01-15 13:54:23,371 [ERROR] HwResourcesManager:1531 - Cannot find MPC for the given IP: FLASH
2026-01-15 13:54:23,375 [ERROR] HwResourcesManager:1531 - Cannot find MPC for the given IP: FLASH
2026-01-15 13:54:23,731 [ERROR] HwResourcesManager:1531 - Cannot find MPC for the given IP: FLASH
2026-01-15 13:54:23,732 [ERROR] HwResourcesManager:1531 - Cannot find MPC for the given IP: FLASH
2026-01-15 13:54:23,735 [ERROR] HwResourcesManager:1531 - Cannot find MPC for the given IP: FLASH
2026-01-15 13:54:24,096 [ERROR] HwResourcesManager:1531 - Cannot find MPC for the given IP: FLASH
2026-01-15 13:54:24,097 [ERROR] HwResourcesManager:1531 - Cannot find MPC for the given IP: FLASH
2026-01-15 13:54:24,100 [ERROR] HwResourcesManager:1531 - Cannot find MPC for the given IP: FLASH
2026-01-15 13:54:24,103 [ERROR] HwResourcesManager:1531 - Cannot find MPC for the given IP: FLASH
2026-01-15 13:54:24,459 [ERROR] HwResourcesManager:1531 - Cannot find MPC for the given IP: FLASH
2026-01-15 13:54:24,460 [ERROR] HwResourcesManager:1531 - Cannot find MPC for the given IP: FLASH
2026-01-15 13:54:24,464 [ERROR] HwResourcesManager:1531 - Cannot find MPC for the given IP: FLASH
2026-01-15 13:54:24,844 [ERROR] HwResourcesManager:1531 - Cannot find MPC for the given IP: FLASH
2026-01-15 13:54:24,845 [ERROR] HwResourcesManager:1531 - Cannot find MPC for the given IP: FLASH
2026-01-15 13:54:24,849 [ERROR] HwResourcesManager:1531 - Cannot find MPC for the given IP: FLASH
2026-01-15 13:54:24,894 [INFO] MemInfoExtractor:277 - EVENT_MCU_SET_IP_PARAMETER
2026-01-15 13:54:24,894 [ERROR] HwResourcesManager:1531 - Cannot find MPC for the given IP: FLASH
2026-01-15 13:54:24,898 [ERROR] HwResourcesManager:1531 - Cannot find MPC for the given IP: FLASH
2026-01-15 13:54:24,898 [ERROR] HwResourcesManager:1531 - Cannot find MPC for the given IP: FLASH
2026-01-15 13:54:24,902 [ERROR] HwResourcesManager:1531 - Cannot find MPC for the given IP: FLASH
2026-01-15 13:54:24,936 [INFO] MemInfoExtractor:277 - EVENT_MCU_SET_IP_PARAMETER
2026-01-15 13:54:24,936 [ERROR] HwResourcesManager:1531 - Cannot find MPC for the given IP: FLASH
2026-01-15 13:54:24,939 [ERROR] HwResourcesManager:1531 - Cannot find MPC for the given IP: FLASH
2026-01-15 13:54:24,940 [ERROR] HwResourcesManager:1531 - Cannot find MPC for the given IP: FLASH
2026-01-15 13:54:24,944 [ERROR] HwResourcesManager:1531 - Cannot find MPC for the given IP: FLASH
2026-01-15 13:54:24,978 [INFO] MemInfoExtractor:277 - EVENT_MCU_SET_IP_PARAMETER
2026-01-15 13:54:25,055 [INFO] UtilMem:75 - Begin LoadConfig() Used Memory: 885393336 Bytes (1073741824)
2026-01-15 13:54:25,056 [INFO] OpenFileManager:332 - Change cursor
2026-01-15 13:54:25,065 [INFO] RulesReader:64 - Compatibility file has been processed (297 Rules)
2026-01-15 13:54:25,068 [INFO] ProjectFactory:442 - No CPN specified for board NUCLEO-H723ZG => set CPN to STM32H723ZGT6
2026-01-15 13:54:25,068 [INFO] Mcu:2032 - Initializing MCU STM32H723ZGTx STM32H723ZGTx STM32H723ZGT6
2026-01-15 13:54:27,340 [INFO] Context:742 - Trying to add GPIOservice into a context  which must be forbidden
2026-01-15 13:54:27,881 [INFO] Rule:228 - rule 117617 - U5Cobra4M][GTZC] default value MPCBB3 and MPCBB5 - Not Secured memory - MPCBB1 is applicable
2026-01-15 13:54:27,881 [INFO] Rule:228 - rule 117617 - U5Cobra4M][GTZC] default value MPCBB3 and MPCBB5 - Not Secured memory - MPCBB1 is applicable
2026-01-15 13:54:27,881 [INFO] Rule:228 - rule 117617 - U5Cobra4M][GTZC] default value MPCBB3 and MPCBB5 - Not Secured memory - MPCBB2 is applicable
2026-01-15 13:54:27,881 [INFO] Rule:228 - rule 117617 - U5Cobra4M][GTZC] default value MPCBB3 and MPCBB5 - Not Secured memory - MPCBB2 is applicable
2026-01-15 13:54:27,881 [INFO] Rule:228 - rule 117617 - U5Cobra4M][GTZC] default value MPCBB3 and MPCBB5 - Not Secured memory - MPCBB3 is applicable
2026-01-15 13:54:27,881 [INFO] Rule:228 - rule 117617 - U5Cobra4M][GTZC] default value MPCBB3 and MPCBB5 - Not Secured memory - MPCBB3 is applicable
2026-01-15 13:54:27,881 [INFO] Rule:228 - rule 117617 - U5Cobra4M][GTZC] default value MPCBB3 and MPCBB5 - Not Secured memory - MPCBB4 is applicable
2026-01-15 13:54:27,881 [INFO] Rule:228 - rule 117617 - U5Cobra4M][GTZC] default value MPCBB3 and MPCBB5 - Not Secured memory - MPCBB4 is applicable
2026-01-15 13:54:27,881 [INFO] Rule:228 - rule 117617 - U5Cobra4M][GTZC] default value MPCBB3 and MPCBB5 - Secured memory - MPCBB1 is applicable
2026-01-15 13:54:27,881 [INFO] Rule:228 - rule 117617 - U5Cobra4M][GTZC] default value MPCBB3 and MPCBB5 - Secured memory - MPCBB2 is applicable
2026-01-15 13:54:27,881 [INFO] Rule:228 - rule 117617 - U5Cobra4M][GTZC] default value MPCBB3 and MPCBB5 - Secured memory - MPCBB3 is applicable
2026-01-15 13:54:27,881 [INFO] Rule:228 - rule 117617 - U5Cobra4M][GTZC] default value MPCBB3 and MPCBB5 - Secured memory - MPCBB4 is applicable
2026-01-15 13:54:27,881 [INFO] Rule:228 - rule 117617 - U5Cobra4M][GTZC] default value MPCBB3 and MPCBB5 - Privileged memory - MPCBB1 is applicable
2026-01-15 13:54:27,881 [INFO] Rule:228 - rule 117617 - U5Cobra4M][GTZC] default value MPCBB3 and MPCBB5 - Privileged memory - MPCBB2 is applicable
2026-01-15 13:54:27,882 [INFO] Rule:228 - rule 117617 - U5Cobra4M][GTZC] default value MPCBB3 and MPCBB5 - Privileged memory - MPCBB3 is applicable
2026-01-15 13:54:27,882 [INFO] Rule:228 - rule 117617 - U5Cobra4M][GTZC] default value MPCBB3 and MPCBB5 - Privileged memory - MPCBB4 is applicable
2026-01-15 13:54:27,882 [INFO] Rule:228 - rule 117617 - U5Cobra4M][GTZC] default value MPCBB3 and MPCBB5 - Not Privileged memory - MPCBB1 is applicable
2026-01-15 13:54:27,882 [INFO] Rule:228 - rule 117617 - U5Cobra4M][GTZC] default value MPCBB3 and MPCBB5 - Not Privileged memory - MPCBB2 is applicable
2026-01-15 13:54:27,882 [INFO] Rule:228 - rule 117617 - U5Cobra4M][GTZC] default value MPCBB3 and MPCBB5 - Not Privileged memory - MPCBB3 is applicable
2026-01-15 13:54:27,882 [INFO] Rule:228 - rule 117617 - U5Cobra4M][GTZC] default value MPCBB3 and MPCBB5 - Not Privileged memory - MPCBB4 is applicable
2026-01-15 13:54:27,882 [INFO] Rule:228 - rule 117617 - U5Cobra4M][GTZC] default value MPCBB3 and MPCBB5 - Privileged memory - MPCBB1 is applicable
2026-01-15 13:54:27,882 [INFO] Rule:228 - rule 117617 - U5Cobra4M][GTZC] default value MPCBB3 and MPCBB5 - Privileged memory - MPCBB2 is applicable
2026-01-15 13:54:27,882 [INFO] Rule:228 - rule 117617 - U5Cobra4M][GTZC] default value MPCBB3 and MPCBB5 - Privileged memory - MPCBB3 is applicable
2026-01-15 13:54:27,882 [INFO] Rule:228 - rule 117617 - U5Cobra4M][GTZC] default value MPCBB3 and MPCBB5 - Privileged memory - MPCBB4 is applicable
2026-01-15 13:54:27,882 [INFO] Rule:228 - rule 117617 - U5Cobra4M][GTZC] default value MPCBB3 and MPCBB5 - Privileged memory - MPCBB1 is applicable
2026-01-15 13:54:27,882 [INFO] Rule:228 - rule 117617 - U5Cobra4M][GTZC] default value MPCBB3 and MPCBB5 - Privileged memory - MPCBB2 is applicable
2026-01-15 13:54:27,882 [INFO] Rule:228 - rule 117617 - U5Cobra4M][GTZC] default value MPCBB3 and MPCBB5 - Privileged memory - MPCBB3 is applicable
2026-01-15 13:54:27,882 [INFO] Rule:228 - rule 117617 - U5Cobra4M][GTZC] default value MPCBB3 and MPCBB5 - Privileged memory - MPCBB4 is applicable
2026-01-15 13:54:27,882 [INFO] Rule:228 - rule 117617 - U5Cobra4M][GTZC] default value MPCBB3 and MPCBB5 - Not Privileged memory - MPCBB1 is applicable
2026-01-15 13:54:27,882 [INFO] Rule:228 - rule 117617 - U5Cobra4M][GTZC] default value MPCBB3 and MPCBB5 - Not Privileged memory - MPCBB2 is applicable
2026-01-15 13:54:27,882 [INFO] Rule:228 - rule 117617 - U5Cobra4M][GTZC] default value MPCBB3 and MPCBB5 - Not Privileged memory - MPCBB3 is applicable
2026-01-15 13:54:27,882 [INFO] Rule:228 - rule 117617 - U5Cobra4M][GTZC] default value MPCBB3 and MPCBB5 - Not Privileged memory - MPCBB4 is applicable
2026-01-15 13:54:27,882 [INFO] Rule:228 - rule 117617 - U5Cobra4M][GTZC] default value MPCBB3 and MPCBB5 - Privileged memory - MPCBB1 is applicable
2026-01-15 13:54:27,882 [INFO] Rule:228 - rule 117617 - U5Cobra4M][GTZC] default value MPCBB3 and MPCBB5 - Privileged memory - MPCBB2 is applicable
2026-01-15 13:54:27,882 [INFO] Rule:228 - rule 117617 - U5Cobra4M][GTZC] default value MPCBB3 and MPCBB5 - Privileged memory - MPCBB3 is applicable
2026-01-15 13:54:27,882 [INFO] Rule:228 - rule 117617 - U5Cobra4M][GTZC] default value MPCBB3 and MPCBB5 - Privileged memory - MPCBB4 is applicable
2026-01-15 13:54:27,882 [INFO] Rule:228 - rule Rename SubGHz_Phy SUBGHZ_APPLICATION SUBGHZ_PINGPONG to SUBGHZ_ADV_APPLICATION is applicable
2026-01-15 13:54:27,882 [INFO] Rule:228 - rule Rename Enabled to IBEACON is applicable
2026-01-15 13:54:27,882 [INFO] Rule:228 - rule GTZC_S instance for project manager is applicable
2026-01-15 13:54:27,882 [INFO] Rule:228 - rule GTZC_S instance for context M33S is applicable
2026-01-15 13:54:27,882 [INFO] Rule:228 - rule GTZC_S instance value for IP GTZC is applicable
2026-01-15 13:54:27,882 [INFO] Rule:228 - rule GTZC_S instance for mcu.IP is applicable
2026-01-15 13:54:27,882 [INFO] Rule:228 - rule GTZC_S instance for VP is applicable
2026-01-15 13:54:27,882 [INFO] Rule:228 - rule GTZC_S instance for signal is applicable
2026-01-15 13:54:27,882 [INFO] Rule:228 - rule GTZC_S instance for mcu.Pin is applicable
2026-01-15 13:54:27,882 [INFO] Rule:228 - rule GTZC_S instance for VP is applicable
2026-01-15 13:54:27,882 [INFO] Rule:228 - rule GTZC_S instance for signal is applicable
2026-01-15 13:54:27,882 [INFO] Rule:228 - rule GTZC_S instance for mcu is applicable
2026-01-15 13:54:27,882 [INFO] Rule:228 - rule GTZC_S instance for mcu.Pin is applicable
2026-01-15 13:54:27,882 [INFO] Rule:228 - rule GTZC_S instance value for IP GTZC is applicable
2026-01-15 13:54:27,882 [INFO] Rule:228 - rule GTZC_S instance for project manager is applicable
2026-01-15 13:54:27,882 [INFO] Rule:228 - rule GTZC_S instance for context M33S is applicable
2026-01-15 13:54:27,882 [INFO] Rule:228 - rule GTZC_S instance for VP is applicable
2026-01-15 13:54:27,882 [INFO] Rule:228 - rule GTZC_S instance for signal is applicable
2026-01-15 13:54:27,882 [INFO] Rule:228 - rule WakeUp0 Mode is applicable
2026-01-15 13:54:27,882 [INFO] Rule:228 - rule WakeUp0 SIGNAL is applicable
2026-01-15 13:54:27,882 [INFO] Rule:228 - rule WakeUp1 Mode is applicable
2026-01-15 13:54:27,882 [INFO] Rule:228 - rule WakeUp1 SIGNAL is applicable
2026-01-15 13:54:27,882 [INFO] Rule:228 - rule WakeUp2 Mode is applicable
2026-01-15 13:54:27,882 [INFO] Rule:228 - rule WakeUp2 SIGNAL is applicable
2026-01-15 13:54:27,882 [INFO] Rule:228 - rule WakeUp4 Mode is applicable
2026-01-15 13:54:27,882 [INFO] Rule:228 - rule WakeUp4 SIGNAL is applicable
2026-01-15 13:54:27,882 [INFO] Rule:228 - rule WakeUp5 Mode is applicable
2026-01-15 13:54:27,882 [INFO] Rule:228 - rule WakeUp5 SIGNAL is applicable
2026-01-15 13:54:27,882 [INFO] Rule:228 - rule Change Default Value for LSE Drive Capability for WB family is applicable
2026-01-15 13:54:27,882 [INFO] Rule:228 - rule Change Default Value for ADC Clock Prescaler G0 family is applicable
2026-01-15 13:54:27,883 [INFO] Rule:228 - rule LPUART IPParameter rename Prescaler parameter to ClockPrescaler for STM32H7 is applicable
2026-01-15 13:54:27,883 [INFO] Rule:228 - rule LPUART IPParameter rename Prescaler parameter to ClockPrescaler for STM32H7 is applicable
2026-01-15 13:54:27,883 [INFO] Rule:228 - rule LPUART IPParameter rename Prescaler parameter to ClockPrescaler for STM32WB is applicable
2026-01-15 13:54:27,883 [INFO] Rule:228 - rule LPUART IPParameter rename Prescaler parameter to ClockPrescaler for STM32WB is applicable
2026-01-15 13:54:27,883 [INFO] Rule:228 - rule LPUART IPParameter rename Prescaler parameter to ClockPrescaler for STM32G4 is applicable
2026-01-15 13:54:27,883 [INFO] Rule:228 - rule LPUART IPParameter rename Prescaler parameter to ClockPrescaler for STM32G4 is applicable
2026-01-15 13:54:27,883 [INFO] Rule:228 - rule LPUART IPParameter rename Prescaler parameter to ClockPrescaler for STM32L5 is applicable
2026-01-15 13:54:27,883 [INFO] Rule:228 - rule LPUART IPParameter rename Prescaler parameter to ClockPrescaler for STM32L5 is applicable
2026-01-15 13:54:27,883 [INFO] Rule:228 - rule LPUART IPParameter rename Prescaler parameter to ClockPrescaler for STM32G4 is applicable
2026-01-15 13:54:27,883 [INFO] Rule:228 - rule LPUART IPParameter rename Prescaler parameter to ClockPrescaler for STM32G4 is applicable
2026-01-15 13:54:27,883 [INFO] Rule:228 - rule USB device lib V2.5.3 for L0 rename USBD_SUPPORT_USER_STRING parameter to USBD_SUPPORT_USER_STRING_DESC4 is applicable
2026-01-15 13:54:27,883 [INFO] Rule:228 - rule I2SCLockSelection clock entry align is applicable
2026-01-15 13:54:27,883 [INFO] Rule:228 - rule Assign TIMx context if used as SYS timebase is applicable
2026-01-15 13:54:27,883 [INFO] Rule:228 - rule Change GPIO_Pu Default Value for I2C is applicable
2026-01-15 13:54:27,883 [INFO] Rule:228 - rule Change GPIO_Pu Default Value for SMBus is applicable
2026-01-15 13:54:27,883 [INFO] Rule:228 - rule change FDCAN default value is applicable
2026-01-15 13:54:27,883 [INFO] Rule:228 - rule Rename STM32WPAN CFG_BLE_IRK to CFG_BLE_IR is applicable
2026-01-15 13:54:27,883 [INFO] Rule:228 - rule Rename STM32WPAN CFG_BLE_ERK to CFG_BLE_ER is applicable
2026-01-15 13:54:27,883 [INFO] Rule:228 - rule Rename STM32WPAN CFG_BLE_IRK_HEX to CFG_BLE_IR_HEX is applicable
2026-01-15 13:54:27,883 [INFO] Rule:228 - rule Rename STM32WPAN CFG_BLE_ERK_HEX to CFG_BLE_ER_HEX is applicable
2026-01-15 13:54:27,885 [INFO] DbConfProperties:307 - Apply Compatibility (6/86 Rules)
2026-01-15 13:54:27,890 [INFO] ImportTextPane:205 - (OptionalMessage_WARN) Unknown mode (HSE_External_Clock_Source) for pin (PH1-OSC_OUT)
2026-01-15 13:54:27,930 [INFO] ImportTextPane:205 - (OptionalMessage_ERROR) Unable to find appropriate mode for pin (PH1-OSC_OUT)
2026-01-15 13:54:27,967 [INFO] RtosManager:555 - Registered RTOS mode: class=CMSIS, group=RTOS, mode=CMSIS_V1, owner=FREERTOS
2026-01-15 13:54:27,967 [INFO] RtosManager:555 - Registered RTOS mode: class=CMSIS, group=RTOS2, mode=CMSIS_V2, owner=FREERTOS
2026-01-15 13:54:27,967 [INFO] RtosManager:555 - Registered RTOS mode: class=RTOS, group=Core, mode=CMSIS_V1, owner=FREERTOS
2026-01-15 13:54:27,967 [INFO] RtosManager:555 - Registered RTOS mode: class=RTOS, group=Core, mode=CMSIS_V2, owner=FREERTOS
2026-01-15 13:54:27,967 [WARN] ModelIntegratedComponent:184 - Missing modes for component STMicroelectronics:FreeRTOS:0.0.1:STMicroelectronics:RTOS:FreeRTOS:Core:::10.2.0:
2026-01-15 13:54:27,969 [WARN] ModelIntegratedComponent:63 - No mode defined for component null
2026-01-15 13:54:27,969 [WARN] ModelIntegratedComponent:63 - No mode defined for component null
2026-01-15 13:54:27,969 [WARN] ModelIntegratedComponent:63 - No mode defined for component null
2026-01-15 13:54:27,969 [WARN] ModelIntegratedComponent:63 - No mode defined for component null
2026-01-15 13:54:27,969 [WARN] ModelIntegratedComponent:63 - No mode defined for component null
2026-01-15 13:54:27,969 [WARN] ModelIntegratedComponent:63 - No mode defined for component null
2026-01-15 13:54:27,969 [WARN] ModelIntegratedComponent:63 - No mode defined for component null
2026-01-15 13:54:27,969 [WARN] ModelIntegratedComponent:63 - No mode defined for component null
2026-01-15 13:54:27,969 [WARN] ModelIntegratedComponent:63 - No mode defined for component null
2026-01-15 13:54:27,969 [WARN] ModelIntegratedComponent:63 - No mode defined for component null
2026-01-15 13:54:27,969 [WARN] ModelIntegratedComponent:63 - No mode defined for component null
2026-01-15 13:54:27,969 [WARN] ModelIntegratedComponent:63 - No mode defined for component null
2026-01-15 13:54:27,969 [WARN] ModelIntegratedComponent:63 - No mode defined for component null
2026-01-15 13:54:27,969 [WARN] ModelIntegratedComponent:63 - No mode defined for component null
2026-01-15 13:54:27,969 [WARN] ModelIntegratedComponent:63 - No mode defined for component null
2026-01-15 13:54:27,969 [WARN] ModelIntegratedComponent:63 - No mode defined for component null
2026-01-15 13:54:27,969 [WARN] ModelIntegratedComponent:63 - No mode defined for component null
2026-01-15 13:54:27,969 [WARN] ModelIntegratedComponent:63 - No mode defined for component null
2026-01-15 13:54:27,969 [WARN] ModelIntegratedComponent:63 - No mode defined for component null
2026-01-15 13:54:27,969 [WARN] ModelIntegratedComponent:63 - No mode defined for component null
2026-01-15 13:54:27,969 [WARN] ModelIntegratedComponent:63 - No mode defined for component null
2026-01-15 13:54:27,970 [WARN] ModelIntegratedComponent:63 - No mode defined for component null
2026-01-15 13:54:27,970 [WARN] ModelIntegratedComponent:63 - No mode defined for component null
2026-01-15 13:54:27,970 [WARN] ModelIntegratedComponent:63 - No mode defined for component null
2026-01-15 13:54:27,970 [WARN] ModelIntegratedComponent:63 - No mode defined for component null
2026-01-15 13:54:27,970 [WARN] ModelIntegratedComponent:63 - No mode defined for component null
2026-01-15 13:54:27,970 [WARN] ModelIntegratedComponent:63 - No mode defined for component null
2026-01-15 13:54:27,970 [WARN] ModelIntegratedComponent:63 - No mode defined for component null
2026-01-15 13:54:27,970 [WARN] ModelIntegratedComponent:63 - No mode defined for component null
2026-01-15 13:54:27,970 [WARN] ModelIntegratedComponent:63 - No mode defined for component null
2026-01-15 13:54:27,970 [WARN] ModelIntegratedComponent:63 - No mode defined for component null
2026-01-15 13:54:27,970 [WARN] ModelIntegratedComponent:63 - No mode defined for component null
2026-01-15 13:54:27,970 [WARN] ModelIntegratedComponent:63 - No mode defined for component null
2026-01-15 13:54:27,970 [WARN] ModelIntegratedComponent:63 - No mode defined for component null
2026-01-15 13:54:27,970 [WARN] ModelIntegratedComponent:63 - No mode defined for component null
2026-01-15 13:54:27,970 [WARN] ModelPack:524 - Component already loaded: STMicroelectronics:HAL Drivers:0.0.0:STMicroelectronics:Device:STMicro_Driver:XSPI:HAL::0.0.1:HAL_XSPI
2026-01-15 13:54:28,001 [WARN] ModelIntegratedComponent:182 - Modes not found for component STMicroelectronics:USB_DEVICE:1.0.0:STMicroelectronics:USB::USB Device:Audio FS::1.0:USB_DEVICE_1_0_RESTRICTED_FS
2026-01-15 13:54:28,001 [WARN] ModelIntegratedComponent:188 - Modes not found for component STMicroelectronics:USB_DEVICE:1.0.0:STMicroelectronics:USB::USB Device:Audio FS::1.0:USB_DEVICE_1_0_RESTRICTED_FS
2026-01-15 13:54:28,001 [WARN] ModelIntegratedComponent:182 - Modes not found for component STMicroelectronics:USB_DEVICE:1.0.0:STMicroelectronics:USB::USB Device:CDC FS::1.0:USB_DEVICE_1_0_RESTRICTED_FS
2026-01-15 13:54:28,001 [WARN] ModelIntegratedComponent:188 - Modes not found for component STMicroelectronics:USB_DEVICE:1.0.0:STMicroelectronics:USB::USB Device:CDC FS::1.0:USB_DEVICE_1_0_RESTRICTED_FS
2026-01-15 13:54:28,001 [WARN] ModelIntegratedComponent:182 - Modes not found for component STMicroelectronics:USB_DEVICE:1.0.0:STMicroelectronics:USB::USB Device:DFU FS::1.0:USB_DEVICE_1_0_RESTRICTED_FS
2026-01-15 13:54:28,001 [WARN] ModelIntegratedComponent:188 - Modes not found for component STMicroelectronics:USB_DEVICE:1.0.0:STMicroelectronics:USB::USB Device:DFU FS::1.0:USB_DEVICE_1_0_RESTRICTED_FS
2026-01-15 13:54:28,001 [WARN] ModelIntegratedComponent:182 - Modes not found for component STMicroelectronics:USB_DEVICE:1.0.0:STMicroelectronics:USB::USB Device:HID FS::1.0:USB_DEVICE_1_0_RESTRICTED_FS
2026-01-15 13:54:28,001 [WARN] ModelIntegratedComponent:188 - Modes not found for component STMicroelectronics:USB_DEVICE:1.0.0:STMicroelectronics:USB::USB Device:HID FS::1.0:USB_DEVICE_1_0_RESTRICTED_FS
2026-01-15 13:54:28,001 [WARN] ModelIntegratedComponent:182 - Modes not found for component STMicroelectronics:USB_DEVICE:1.0.0:STMicroelectronics:USB::USB Device:Custom HID FS::1.0:USB_DEVICE_1_0_RESTRICTED_FS
2026-01-15 13:54:28,001 [WARN] ModelIntegratedComponent:188 - Modes not found for component STMicroelectronics:USB_DEVICE:1.0.0:STMicroelectronics:USB::USB Device:Custom HID FS::1.0:USB_DEVICE_1_0_RESTRICTED_FS
2026-01-15 13:54:28,001 [WARN] ModelIntegratedComponent:182 - Modes not found for component STMicroelectronics:USB_DEVICE:1.0.0:STMicroelectronics:USB::USB Device:MSC FS::1.0:USB_DEVICE_1_0_RESTRICTED_FS
2026-01-15 13:54:28,001 [WARN] ModelIntegratedComponent:188 - Modes not found for component STMicroelectronics:USB_DEVICE:1.0.0:STMicroelectronics:USB::USB Device:MSC FS::1.0:USB_DEVICE_1_0_RESTRICTED_FS
2026-01-15 13:54:28,056 [WARN] ModelIntegratedComponent:182 - Modes not found for component STMicroelectronics:USB_HOST:1.0.0:STMicroelectronics:USB::USB Host:Audio FS::1.0:USB_HOST_1_0_RESTRICTED_FS
2026-01-15 13:54:28,056 [WARN] ModelIntegratedComponent:188 - Modes not found for component STMicroelectronics:USB_HOST:1.0.0:STMicroelectronics:USB::USB Host:Audio FS::1.0:USB_HOST_1_0_RESTRICTED_FS
2026-01-15 13:54:28,056 [WARN] ModelIntegratedComponent:182 - Modes not found for component STMicroelectronics:USB_HOST:1.0.0:STMicroelectronics:USB::USB Host:CDC FS::1.0:USB_HOST_1_0_RESTRICTED_FS
2026-01-15 13:54:28,056 [WARN] ModelIntegratedComponent:188 - Modes not found for component STMicroelectronics:USB_HOST:1.0.0:STMicroelectronics:USB::USB Host:CDC FS::1.0:USB_HOST_1_0_RESTRICTED_FS
2026-01-15 13:54:28,056 [WARN] ModelIntegratedComponent:182 - Modes not found for component STMicroelectronics:USB_HOST:1.0.0:STMicroelectronics:USB::USB Host:MSC FS::1.0:USB_HOST_1_0_RESTRICTED_FS
2026-01-15 13:54:28,056 [WARN] ModelIntegratedComponent:188 - Modes not found for component STMicroelectronics:USB_HOST:1.0.0:STMicroelectronics:USB::USB Host:MSC FS::1.0:USB_HOST_1_0_RESTRICTED_FS
2026-01-15 13:54:28,056 [WARN] ModelIntegratedComponent:182 - Modes not found for component STMicroelectronics:USB_HOST:1.0.0:STMicroelectronics:USB::USB Host:HID FS::1.0:USB_HOST_1_0_RESTRICTED_FS
2026-01-15 13:54:28,056 [WARN] ModelIntegratedComponent:188 - Modes not found for component STMicroelectronics:USB_HOST:1.0.0:STMicroelectronics:USB::USB Host:HID FS::1.0:USB_HOST_1_0_RESTRICTED_FS
2026-01-15 13:54:28,056 [WARN] ModelIntegratedComponent:182 - Modes not found for component STMicroelectronics:USB_HOST:1.0.0:STMicroelectronics:USB::USB Host:MTP FS::1.0:USB_HOST_1_0_RESTRICTED_FS
2026-01-15 13:54:28,056 [WARN] ModelIntegratedComponent:188 - Modes not found for component STMicroelectronics:USB_HOST:1.0.0:STMicroelectronics:USB::USB Host:MTP FS::1.0:USB_HOST_1_0_RESTRICTED_FS
2026-01-15 13:54:28,139 [INFO] ThirdPartyModel:298 - Start build external matchings
2026-01-15 13:54:29,451 [INFO] ThirdPartyModel:316 - End build external matchings
2026-01-15 13:54:29,482 [INFO] ImportTextPane:205 - (OptionalMessage_ERROR) IP (RCC) : Invalid parameter (FamilyName)
2026-01-15 13:54:29,909 [INFO] UtilMem:75 - End LoadConfig() Used Memory: 944037728 Bytes (1073741824)
2026-01-15 13:54:30,009 [WARN] ThirdParty:833 - waiting for thirdparty lock release [change project]
2026-01-15 13:54:30,009 [INFO] ThirdParty:835 - entering critical section [change project]
2026-01-15 13:54:30,009 [INFO] ThirdParty:1030 - CMSIS Pack Vendor :STMicroelectronics X-CUBE-PM33A1 1.0.0
2026-01-15 13:54:30,009 [INFO] ThirdParty:1030 - CMSIS Pack Vendor :STMicroelectronics USBPD 4.1
2026-01-15 13:54:30,009 [INFO] ThirdParty:1030 - CMSIS Pack Vendor :STMicroelectronics X-CUBE-GNSS1 6.0.0
2026-01-15 13:54:30,009 [INFO] ThirdParty:1030 - CMSIS Pack Vendor :STMicroelectronics USB_HOST 2.0.0
2026-01-15 13:54:30,009 [INFO] ThirdParty:1030 - CMSIS Pack Vendor :STMicroelectronics FP-SNS-MOTENVWB1 1.4.0
2026-01-15 13:54:30,009 [INFO] ThirdParty:1030 - CMSIS Pack Vendor :STMicroelectronics X-CUBE-AZRTOS-F4 1.1.0
2026-01-15 13:54:30,009 [INFO] ThirdParty:1030 - CMSIS Pack Vendor :STMicroelectronics LIBJPEG 8.0.0
2026-01-15 13:54:30,009 [INFO] ThirdParty:1030 - CMSIS Pack Vendor :STMicroelectronics FP-ATR-ASTRA1 2.0.2
2026-01-15 13:54:30,009 [INFO] ThirdParty:1030 - CMSIS Pack Vendor :wolfSSL I-CUBE-wolfSSL 5.6.4
2026-01-15 13:54:30,009 [INFO] ThirdParty:1030 - CMSIS Pack Vendor :STMicroelectronics FP-ATR-ASTRA1 2.0.1
2026-01-15 13:54:30,009 [INFO] ThirdParty:1030 - CMSIS Pack Vendor :STMicroelectronics X-CUBE-SMBUS 2.1.0
2026-01-15 13:54:30,009 [INFO] ThirdParty:1030 - CMSIS Pack Vendor :STMicroelectronics X-CUBE-WB05N 1.1.0
2026-01-15 13:54:30,009 [INFO] ThirdParty:1030 - CMSIS Pack Vendor :STMicroelectronics X-CUBE-ISPU 2.1.0
2026-01-15 13:54:30,009 [INFO] ThirdParty:1030 - CMSIS Pack Vendor :STMicroelectronics X-CUBE-FREERTOS 1.2.0
2026-01-15 13:54:30,009 [INFO] ThirdParty:1030 - CMSIS Pack Vendor :STMicroelectronics X-CUBE-TOUCHGFX 4.23.0
2026-01-15 13:54:30,009 [INFO] ThirdParty:1030 - CMSIS Pack Vendor :STMicroelectronics X-CUBE-NFC12 1.0.0
2026-01-15 13:54:30,009 [INFO] ThirdParty:1030 - CMSIS Pack Vendor :STMicroelectronics X-CUBE-TOUCHGFX 4.23.2
2026-01-15 13:54:30,009 [INFO] ThirdParty:1030 - CMSIS Pack Vendor :STMicroelectronics X-CUBE-AZRTOS-F7 1.1.0
2026-01-15 13:54:30,009 [INFO] ThirdParty:1030 - CMSIS Pack Vendor :STMicroelectronics X-CUBE-AZRTOS-L5 2.0.0
2026-01-15 13:54:30,009 [INFO] ThirdParty:1030 - CMSIS Pack Vendor :STMicroelectronics USB_DEVICE 2.0.0
2026-01-15 13:54:30,009 [INFO] ThirdParty:1030 - CMSIS Pack Vendor :STMicroelectronics X-CUBE-EEPRMA1 4.2.0
2026-01-15 13:54:30,009 [INFO] ThirdParty:1030 - CMSIS Pack Vendor :STMicroelectronics X-CUBE-NFC6 3.1.0
2026-01-15 13:54:30,009 [INFO] ThirdParty:1030 - CMSIS Pack Vendor :ITTIA_DB I-CUBE-ITTIADB 8.8.0
2026-01-15 13:54:30,009 [INFO] ThirdParty:1030 - CMSIS Pack Vendor :STMicroelectronics FP-SNS-MOTENV1 4.3.2
2026-01-15 13:54:30,009 [INFO] ThirdParty:1030 - CMSIS Pack Vendor :STMicroelectronics X-CUBE-MEMS1 11.0.0
2026-01-15 13:54:30,009 [INFO] ThirdParty:1030 - CMSIS Pack Vendor :STMicroelectronics FreeRTOS 0.0.1
2026-01-15 13:54:30,009 [INFO] ThirdParty:1030 - CMSIS Pack Vendor :STMicroelectronics X-CUBE-DPower 1.2.0
2026-01-15 13:54:30,009 [INFO] ThirdParty:1030 - CMSIS Pack Vendor :STMicroelectronics FP-SNS-FLIGHT1 5.0.2
2026-01-15 13:54:30,009 [INFO] ThirdParty:1030 - CMSIS Pack Vendor :STMicroelectronics X-CUBE-AI 9.0.0
2026-01-15 13:54:30,009 [INFO] ThirdParty:1030 - CMSIS Pack Vendor :STMicroelectronics PDM2PCM 3.3.0
2026-01-15 13:54:30,009 [INFO] ThirdParty:1030 - CMSIS Pack Vendor :STMicroelectronics X-CUBE-AZRTOS-H7 3.4.0
2026-01-15 13:54:30,009 [INFO] ThirdParty:1030 - CMSIS Pack Vendor :STMicroelectronics X-CUBE-DISPLAY 3.0.0
2026-01-15 13:54:30,009 [INFO] ThirdParty:1030 - CMSIS Pack Vendor :STMicroelectronics X-CUBE-BLE1 7.0.0
2026-01-15 13:54:30,009 [INFO] ThirdParty:1030 - CMSIS Pack Vendor :STMicroelectronics X-CUBE-NFC10 1.0.0
2026-01-15 13:54:30,009 [INFO] ThirdParty:1030 - CMSIS Pack Vendor :STMicroelectronics X-CUBE-BLEMGR 4.0.0
2026-01-15 13:54:30,009 [INFO] ThirdParty:1030 - CMSIS Pack Vendor :STMicroelectronics X-CUBE-FREERTOS 1.3.1
2026-01-15 13:54:30,010 [INFO] ThirdParty:1030 - CMSIS Pack Vendor :STMicroelectronics HAL Drivers 0.0.0
2026-01-15 13:54:30,010 [INFO] ThirdParty:1030 - CMSIS Pack Vendor :emotas I-CUBE-CANOPEN 1.3.0
2026-01-15 13:54:30,010 [INFO] ThirdParty:1030 - CMSIS Pack Vendor :STMicroelectronics X-CUBE-FREERTOS 1.3.0
2026-01-15 13:54:30,010 [INFO] ThirdParty:1030 - CMSIS Pack Vendor :STMicroelectronics X-CUBE-NFC7 1.0.1
2026-01-15 13:54:30,010 [INFO] ThirdParty:1030 - CMSIS Pack Vendor :STMicroelectronics MBEDTLS 2.14.1
2026-01-15 13:54:30,010 [INFO] ThirdParty:1030 - CMSIS Pack Vendor :STMicroelectronics X-CUBE-GNSS1 7.1.0
2026-01-15 13:54:30,010 [INFO] ThirdParty:1030 - CMSIS Pack Vendor :STMicroelectronics X-CUBE-TOUCHGFX 4.26.0
2026-01-15 13:54:30,010 [INFO] ThirdParty:1030 - CMSIS Pack Vendor :STMicroelectronics X-CUBE-NFC6 3.0.0
2026-01-15 13:54:30,010 [INFO] ThirdParty:1030 - CMSIS Pack Vendor :STMicroelectronics X-CUBE-BLEMGR 3.1.0
2026-01-15 13:54:30,010 [INFO] ThirdParty:1030 - CMSIS Pack Vendor :STMicroelectronics X-CUBE-AI 10.0.0
2026-01-15 13:54:30,010 [INFO] ThirdParty:1030 - CMSIS Pack Vendor :STMicroelectronics FP-SNS-SMARTAG2 1.2.0
2026-01-15 13:54:30,010 [INFO] ThirdParty:1030 - CMSIS Pack Vendor :STMicroelectronics X-CUBE-MEMS1 11.1.0
2026-01-15 13:54:30,010 [INFO] ThirdParty:1030 - CMSIS Pack Vendor :STMicroelectronics X-CUBE-AZRTOS-WL 2.0.0
2026-01-15 13:54:30,010 [INFO] ThirdParty:1030 - CMSIS Pack Vendor :STMicroelectronics X-CUBE-DPower 1.3.0
2026-01-15 13:54:30,010 [INFO] ThirdParty:1030 - CMSIS Pack Vendor :STMicroelectronics FP-SNS-MOTENV1 5.0.0
2026-01-15 13:54:30,010 [INFO] ThirdParty:1030 - CMSIS Pack Vendor :STMicroelectronics USB_DEVICE 1.0.0
2026-01-15 13:54:30,010 [INFO] ThirdParty:1030 - CMSIS Pack Vendor :STMicroelectronics X-CUBE-AZRTOS-H7RS 1.2.0
2026-01-15 13:54:30,010 [INFO] ThirdParty:1030 - CMSIS Pack Vendor :STMicroelectronics X-CUBE-AI 8.1.0
2026-01-15 13:54:30,010 [INFO] ThirdParty:1030 - CMSIS Pack Vendor :wolfSSL I-CUBE-wolfMQTT 1.19.0
2026-01-15 13:54:30,010 [INFO] ThirdParty:1030 - CMSIS Pack Vendor :STMicroelectronics X-CUBE-AZRTOS-L4 2.0.0
2026-01-15 13:54:30,010 [INFO] ThirdParty:1030 - CMSIS Pack Vendor :STMicroelectronics ThreadX 0.0.2
2026-01-15 13:54:30,010 [INFO] ThirdParty:1030 - CMSIS Pack Vendor :WES I-CUBE-Cesium 1.3.0
2026-01-15 13:54:30,010 [INFO] ThirdParty:1030 - CMSIS Pack Vendor :STMicroelectronics lwIP 2.1.2
2026-01-15 13:54:30,010 [INFO] ThirdParty:1030 - CMSIS Pack Vendor :STMicroelectronics X-CUBE-SFXS2LP1 4.0.0
2026-01-15 13:54:30,010 [INFO] ThirdParty:1030 - CMSIS Pack Vendor :STMicroelectronics X-CUBE-BLE2 3.3.0
2026-01-15 13:54:30,010 [INFO] ThirdParty:1030 - CMSIS Pack Vendor :STMicroelectronics PDM2PCM 3.2.0
2026-01-15 13:54:30,010 [INFO] ThirdParty:1030 - CMSIS Pack Vendor :STMicroelectronics X-CUBE-AZRTOS-H7 3.3.0
2026-01-15 13:54:30,010 [INFO] ThirdParty:1030 - CMSIS Pack Vendor :STMicroelectronics X-CUBE-NFC9 1.0.0
2026-01-15 13:54:30,010 [INFO] ThirdParty:1030 - CMSIS Pack Vendor :STMicroelectronics X-CUBE-BLE1 7.1.0
2026-01-15 13:54:30,010 [INFO] ThirdParty:1030 - CMSIS Pack Vendor :STMicroelectronics USB_DEVICE 3.0.0
2026-01-15 13:54:30,010 [INFO] ThirdParty:1030 - CMSIS Pack Vendor :STMicroelectronics X-CUBE-TCPP 4.1.0
2026-01-15 13:54:30,010 [INFO] ThirdParty:1030 - CMSIS Pack Vendor :STMicroelectronics X-CUBE-EEPRMA1 5.2.0
2026-01-15 13:54:30,010 [INFO] ThirdParty:1030 - CMSIS Pack Vendor :STMicroelectronics X-CUBE-IPS 3.0.0
2026-01-15 13:54:30,010 [INFO] ThirdParty:1030 - CMSIS Pack Vendor :STMicroelectronics X-CUBE-AZRTOS-WB 2.0.0
2026-01-15 13:54:30,010 [INFO] ThirdParty:1030 - CMSIS Pack Vendor :STMicroelectronics X-CUBE-GNSS1 7.0.0
2026-01-15 13:54:30,010 [INFO] ThirdParty:1030 - CMSIS Pack Vendor :STMicroelectronics X-CUBE-GNSS1 7.0.1
2026-01-15 13:54:30,010 [INFO] ThirdParty:1030 - CMSIS Pack Vendor :STMicroelectronics X-CUBE-TOUCHGFX 4.25.0
2026-01-15 13:54:30,010 [INFO] ThirdParty:1030 - CMSIS Pack Vendor :STMicroelectronics X-CUBE-AI 10.1.0
2026-01-15 13:54:30,010 [INFO] ThirdParty:1030 - CMSIS Pack Vendor :STMicroelectronics FP-SNS-STBOX1 2.0.0
2026-01-15 13:54:30,010 [INFO] ThirdParty:1030 - CMSIS Pack Vendor :STMicroelectronics X-CUBE-MEMS1 12.0.0
2026-01-15 13:54:30,010 [INFO] ThirdParty:1030 - CMSIS Pack Vendor :STMicroelectronics X-CUBE-ALGOBUILD 1.3.0
2026-01-15 13:54:30,010 [INFO] ThirdParty:1030 - CMSIS Pack Vendor :STMicroelectronics X-CUBE-MEMS1 11.2.0
2026-01-15 13:54:30,010 [INFO] ThirdParty:1030 - CMSIS Pack Vendor :STMicroelectronics X-CUBE-AZRTOS-G0 1.1.0
2026-01-15 13:54:30,010 [INFO] ThirdParty:1030 - CMSIS Pack Vendor :STMicroelectronics X-CUBE-SAFEA1 1.2.2
2026-01-15 13:54:30,010 [INFO] ThirdParty:1030 - CMSIS Pack Vendor :STMicroelectronics X-CUBE-NFC4 3.0.0
2026-01-15 13:54:30,010 [INFO] ThirdParty:1030 - CMSIS Pack Vendor :STMicroelectronics X-CUBE-SUBG2 5.0.0
2026-01-15 13:54:30,010 [INFO] ThirdParty:1030 - CMSIS Pack Vendor :STMicroelectronics X-CUBE-AZRTOS-H7RS 1.1.0
2026-01-15 13:54:30,010 [INFO] ThirdParty:1030 - CMSIS Pack Vendor :STMicroelectronics STM32_WPAN 1.0.0
2026-01-15 13:54:30,010 [INFO] ThirdParty:1030 - CMSIS Pack Vendor :wolfSSL I-CUBE-wolfMQTT 1.18.0
2026-01-15 13:54:30,010 [INFO] ThirdParty:1030 - CMSIS Pack Vendor :EmbeddedOffice I-CUBE-FS-RTOS 1.0.1
2026-01-15 13:54:30,010 [INFO] ThirdParty:1030 - CMSIS Pack Vendor :STMicroelectronics lwIP 2.0.3
2026-01-15 13:54:30,010 [INFO] ThirdParty:1030 - CMSIS Pack Vendor :STMicroelectronics USB_HOST 1.0.0
2026-01-15 13:54:30,010 [INFO] ThirdParty:1030 - CMSIS Pack Vendor :STMicroelectronics X-CUBE-AZRTOS-G4 2.0.0
2026-01-15 13:54:30,010 [INFO] ThirdParty:1030 - CMSIS Pack Vendor :STMicroelectronics X-CUBE-WB05N 2.0.0
2026-01-15 13:54:30,010 [INFO] ThirdParty:1030 - CMSIS Pack Vendor :STMicroelectronics PDM2PCM 3.1.0
2026-01-15 13:54:30,010 [INFO] ThirdParty:1030 - CMSIS Pack Vendor :Infineon AIROC-Wi-Fi-Bluetooth-STM32 1.5.1
2026-01-15 13:54:30,010 [INFO] ThirdParty:1030 - CMSIS Pack Vendor :STMicroelectronics X-CUBE-BLEMGR 3.0.0
2026-01-15 13:54:30,010 [INFO] ThirdParty:1030 - CMSIS Pack Vendor :STMicroelectronics X-CUBE-NFC7 2.0.0
2026-01-15 13:54:30,010 [INFO] ThirdParty:1030 - CMSIS Pack Vendor :RealThread X-CUBE-RT-Thread_Nano 4.1.1
2026-01-15 13:54:30,010 [INFO] ThirdParty:1030 - CMSIS Pack Vendor :STMicroelectronics FP-SNS-MOTENVWB1 1.3.1
2026-01-15 13:54:30,010 [INFO] ThirdParty:1030 - CMSIS Pack Vendor :STMicroelectronics FP-ATR-SIGFOX1 3.2.0
2026-01-15 13:54:30,010 [INFO] ThirdParty:1030 - CMSIS Pack Vendor :quantropi X-CUBE-qispace-sdk-base 1.9.3
2026-01-15 13:54:30,010 [INFO] ThirdParty:1030 - CMSIS Pack Vendor :STMicroelectronics X-CUBE-ISPU 2.0.0
2026-01-15 13:54:30,010 [INFO] ThirdParty:1030 - CMSIS Pack Vendor :STMicroelectronics X-CUBE-EEPRMA1 5.1.0
2026-01-15 13:54:30,010 [INFO] ThirdParty:1030 - CMSIS Pack Vendor :STMicroelectronics MBEDTLS 2.16.2
2026-01-15 13:54:30,011 [INFO] ThirdParty:1030 - CMSIS Pack Vendor :STMicroelectronics X-CUBE-ALS 1.0.2
2026-01-15 13:54:30,011 [INFO] ThirdParty:1030 - CMSIS Pack Vendor :STMicroelectronics X-CUBE-MEMS1 10.0.0
2026-01-15 13:54:30,011 [INFO] ThirdParty:1030 - CMSIS Pack Vendor :STMicroelectronics X-CUBE-FREERTOS 1.1.0
2026-01-15 13:54:30,011 [INFO] ThirdParty:1030 - CMSIS Pack Vendor :STMicroelectronics X-CUBE-TOUCHGFX 4.24.0
2026-01-15 13:54:30,011 [INFO] ThirdParty:1030 - CMSIS Pack Vendor :STMicroelectronics X-CUBE-TOUCHGFX 4.24.2
2026-01-15 13:54:30,011 [INFO] ThirdParty:1030 - CMSIS Pack Vendor :STMicroelectronics X-CUBE-TOUCHGFX 4.24.1
2026-01-15 13:54:30,011 [INFO] ThirdParty:1030 - CMSIS Pack Vendor :STMicroelectronics X-CUBE-STSE01 1.0.0
2026-01-15 13:54:30,011 [INFO] ThirdParty:1030 - CMSIS Pack Vendor :wolfSSL I-CUBE-wolfTPM 3.4.0
2026-01-15 13:54:30,011 [INFO] ThirdParty:1030 - CMSIS Pack Vendor :portGmbH I-Cube-SoM-uGOAL 1.1.0
2026-01-15 13:54:30,011 [INFO] ThirdParty:1030 - CMSIS Pack Vendor :STMicroelectronics X-CUBE-ALS 1.0.1
2026-01-15 13:54:30,011 [INFO] ThirdParty:1030 - CMSIS Pack Vendor :STMicroelectronics X-CUBE-AI 10.2.0
2026-01-15 13:54:30,011 [INFO] ThirdParty:1030 - CMSIS Pack Vendor :STMicroelectronics ThreadX 1.0.0
2026-01-15 13:54:30,011 [INFO] ThirdParty:1030 - CMSIS Pack Vendor :SEGGER I-CUBE-embOS 1.3.1
2026-01-15 13:54:30,011 [INFO] ThirdParty:1030 - CMSIS Pack Vendor :STMicroelectronics X-CUBE-ALGOBUILD 1.4.0
2026-01-15 13:54:30,011 [INFO] ThirdParty:1030 - CMSIS Pack Vendor :STMicroelectronics X-CUBE-MEMS1 11.3.0
2026-01-15 13:54:30,011 [INFO] ThirdParty:1030 - CMSIS Pack Vendor :STMicroelectronics X-CUBE-AZRTOS-H7RS 1.0.0
2026-01-15 13:54:30,011 [INFO] ThirdParty:1030 - CMSIS Pack Vendor :STMicroelectronics FP-ATR-ASTRA1 2.0.0
2026-01-15 13:54:30,011 [INFO] ThirdParty:1030 - CMSIS Pack Vendor :STMicroelectronics X-CUBE-TOF1 3.4.2
2026-01-15 13:54:30,011 [INFO] ThirdParty:1030 - CMSIS Pack Vendor :STMicroelectronics X-CUBE-AI 9.1.0
2026-01-15 13:54:30,011 [INFO] ThirdParty:1030 - CMSIS Pack Vendor :STMicroelectronics X-CUBE-TOF1 3.4.0
2026-01-15 13:54:30,011 [INFO] ThirdParty:1030 - CMSIS Pack Vendor :STMicroelectronics X-CUBE-TOF1 3.4.1
2026-01-15 13:54:30,011 [INFO] ThirdParty:1030 - CMSIS Pack Vendor :STMicroelectronics X-CUBE-AZRTOS-H7 3.2.0
2026-01-15 13:54:30,011 [INFO] ThirdParty:1030 - CMSIS Pack Vendor :wolfSSL I-CUBE-wolfSSH 1.4.17
2026-01-15 13:54:30,011 [INFO] ThirdParty:841 - exiting critical section [change project]
2026-01-15 13:54:30,224 [INFO] PinOutPanel:1561 - setPackage(No Configuration,No Configuration)
2026-01-15 13:54:30,226 [INFO] PinOutPanel:1561 - setPackage(STM32H723ZGTx,LQFP144)
2026-01-15 13:54:30,727 [INFO] UtilMem:75 - Before build in PCC Used Memory: 971222312 Bytes (1073741824)
2026-01-15 13:54:31,512 [INFO] UtilMem:75 - After build in PCC Used Memory: 991240536 Bytes (1073741824)
2026-01-15 13:54:31,547 [INFO] IPUIPlugin:80 - create IPUIPlugin
2026-01-15 13:54:31,547 [INFO] IPUIPlugin:80 - create IPUIPlugin
2026-01-15 13:54:31,547 [INFO] IPUIPlugin:80 - create IPUIPlugin
2026-01-15 13:54:31,547 [INFO] IPUIPlugin:80 - create IPUIPlugin
2026-01-15 13:54:31,547 [INFO] IPUIPlugin:80 - create IPUIPlugin
2026-01-15 13:54:31,547 [INFO] IPUIPlugin:80 - create IPUIPlugin
2026-01-15 13:54:31,547 [INFO] IPUIPlugin:80 - create IPUIPlugin
2026-01-15 13:54:31,548 [INFO] IPUIPlugin:80 - create IPUIPlugin
2026-01-15 13:54:31,548 [INFO] IPUIPlugin:80 - create IPUIPlugin
2026-01-15 13:54:31,548 [INFO] IPUIPlugin:80 - create IPUIPlugin
2026-01-15 13:54:31,548 [INFO] IPUIPlugin:80 - create IPUIPlugin
2026-01-15 13:54:31,548 [INFO] IPUIPlugin:80 - create IPUIPlugin
2026-01-15 13:54:31,548 [INFO] IPUIPlugin:80 - create IPUIPlugin
2026-01-15 13:54:31,548 [INFO] IPUIPlugin:80 - create IPUIPlugin
2026-01-15 13:54:31,548 [INFO] IPUIPlugin:80 - create IPUIPlugin
2026-01-15 13:54:31,548 [INFO] IPUIPlugin:80 - create IPUIPlugin
2026-01-15 13:54:31,548 [INFO] IPUIPlugin:80 - create IPUIPlugin
2026-01-15 13:54:31,548 [INFO] IPUIPlugin:80 - create IPUIPlugin
2026-01-15 13:54:31,548 [INFO] IPUIPlugin:80 - create IPUIPlugin
2026-01-15 13:54:31,548 [INFO] IPUIPlugin:80 - create IPUIPlugin
2026-01-15 13:54:31,548 [INFO] IPUIPlugin:80 - create IPUIPlugin
2026-01-15 13:54:31,548 [INFO] IPUIPlugin:80 - create IPUIPlugin
2026-01-15 13:54:31,549 [INFO] IPUIPlugin:80 - create IPUIPlugin
2026-01-15 13:54:31,549 [INFO] IPUIPlugin:80 - create IPUIPlugin
2026-01-15 13:54:31,549 [INFO] IPUIPlugin:80 - create IPUIPlugin
2026-01-15 13:54:31,549 [INFO] IPUIPlugin:80 - create IPUIPlugin
2026-01-15 13:54:31,549 [INFO] IPUIPlugin:80 - create IPUIPlugin
2026-01-15 13:54:31,549 [INFO] IPUIPlugin:80 - create IPUIPlugin
2026-01-15 13:54:31,549 [INFO] IPUIPlugin:80 - create IPUIPlugin
2026-01-15 13:54:31,549 [INFO] IPUIPlugin:80 - create IPUIPlugin
2026-01-15 13:54:31,549 [INFO] IPUIPlugin:80 - create IPUIPlugin
2026-01-15 13:54:31,549 [INFO] IPUIPlugin:80 - create IPUIPlugin
2026-01-15 13:54:31,549 [INFO] IPUIPlugin:80 - create IPUIPlugin
2026-01-15 13:54:31,549 [INFO] IPUIPlugin:80 - create IPUIPlugin
2026-01-15 13:54:31,549 [INFO] IPUIPlugin:80 - create IPUIPlugin
2026-01-15 13:54:31,550 [INFO] IPUIPlugin:80 - create IPUIPlugin
2026-01-15 13:54:31,550 [INFO] IPUIPlugin:80 - create IPUIPlugin
2026-01-15 13:54:31,550 [INFO] IPUIPlugin:80 - create IPUIPlugin
2026-01-15 13:54:31,550 [INFO] IPUIPlugin:80 - create IPUIPlugin
2026-01-15 13:54:31,550 [INFO] IPUIPlugin:80 - create IPUIPlugin
2026-01-15 13:54:31,550 [INFO] IPUIPlugin:80 - create IPUIPlugin
2026-01-15 13:54:31,551 [INFO] IPUIPlugin:80 - create IPUIPlugin
2026-01-15 13:54:31,551 [INFO] IPUIPlugin:80 - create IPUIPlugin
2026-01-15 13:54:31,551 [INFO] IPUIPlugin:80 - create IPUIPlugin
2026-01-15 13:54:31,552 [INFO] IPUIPlugin:80 - create IPUIPlugin
2026-01-15 13:54:31,552 [INFO] IPUIPlugin:80 - create IPUIPlugin
2026-01-15 13:54:31,552 [INFO] IPUIPlugin:80 - create IPUIPlugin
2026-01-15 13:54:31,552 [INFO] IPUIPlugin:80 - create IPUIPlugin
2026-01-15 13:54:31,552 [INFO] IPUIPlugin:80 - create IPUIPlugin
2026-01-15 13:54:31,552 [INFO] IPUIPlugin:80 - create IPUIPlugin
2026-01-15 13:54:31,553 [INFO] IPUIPlugin:80 - create IPUIPlugin
2026-01-15 13:54:31,553 [INFO] IPUIPlugin:80 - create IPUIPlugin
2026-01-15 13:54:31,553 [INFO] IPUIPlugin:80 - create IPUIPlugin
2026-01-15 13:54:31,553 [INFO] IPUIPlugin:80 - create IPUIPlugin
2026-01-15 13:54:31,553 [INFO] IPUIPlugin:80 - create IPUIPlugin
2026-01-15 13:54:31,553 [INFO] IPUIPlugin:80 - create IPUIPlugin
2026-01-15 13:54:31,553 [INFO] IPUIPlugin:80 - create IPUIPlugin
2026-01-15 13:54:31,554 [INFO] IPUIPlugin:80 - create IPUIPlugin
2026-01-15 13:54:31,554 [INFO] IPUIPlugin:80 - create IPUIPlugin
2026-01-15 13:54:31,554 [INFO] IPUIPlugin:80 - create IPUIPlugin
2026-01-15 13:54:31,554 [INFO] IPUIPlugin:80 - create IPUIPlugin
2026-01-15 13:54:31,554 [INFO] IPUIPlugin:80 - create IPUIPlugin
2026-01-15 13:54:31,554 [INFO] IPUIPlugin:80 - create IPUIPlugin
2026-01-15 13:54:31,554 [INFO] IPUIPlugin:80 - create IPUIPlugin
2026-01-15 13:54:31,555 [INFO] IPUIPlugin:80 - create IPUIPlugin
2026-01-15 13:54:31,555 [INFO] IPUIPlugin:80 - create IPUIPlugin
2026-01-15 13:54:31,555 [INFO] IPUIPlugin:80 - create IPUIPlugin
2026-01-15 13:54:31,555 [INFO] IPUIPlugin:80 - create IPUIPlugin
2026-01-15 13:54:31,555 [INFO] IPUIPlugin:80 - create IPUIPlugin
2026-01-15 13:54:31,556 [INFO] IPUIPlugin:80 - create IPUIPlugin
2026-01-15 13:54:31,556 [INFO] IPUIPlugin:80 - create IPUIPlugin
2026-01-15 13:54:31,556 [INFO] IPUIPlugin:80 - create IPUIPlugin
2026-01-15 13:54:31,556 [INFO] IPUIPlugin:80 - create IPUIPlugin
2026-01-15 13:54:31,556 [INFO] IPUIPlugin:80 - create IPUIPlugin
2026-01-15 13:54:31,556 [INFO] IPUIPlugin:80 - create IPUIPlugin
2026-01-15 13:54:31,557 [INFO] IPUIPlugin:80 - create IPUIPlugin
2026-01-15 13:54:31,557 [INFO] IPUIPlugin:80 - create IPUIPlugin
2026-01-15 13:54:31,557 [INFO] IPUIPlugin:80 - create IPUIPlugin
2026-01-15 13:54:31,557 [INFO] IPUIPlugin:80 - create IPUIPlugin
2026-01-15 13:54:31,557 [INFO] IPUIPlugin:80 - create IPUIPlugin
2026-01-15 13:54:31,557 [INFO] IPUIPlugin:80 - create IPUIPlugin
2026-01-15 13:54:31,558 [INFO] IPUIPlugin:80 - create IPUIPlugin
2026-01-15 13:54:31,558 [INFO] IPUIPlugin:80 - create IPUIPlugin
2026-01-15 13:54:31,558 [INFO] IPUIPlugin:80 - create IPUIPlugin
2026-01-15 13:54:31,558 [INFO] IPUIPlugin:80 - create IPUIPlugin
2026-01-15 13:54:31,558 [INFO] IPUIPlugin:80 - create IPUIPlugin
2026-01-15 13:54:31,559 [INFO] IPUIPlugin:80 - create IPUIPlugin
2026-01-15 13:54:31,559 [INFO] IPUIPlugin:80 - create IPUIPlugin
2026-01-15 13:54:31,559 [INFO] IPUIPlugin:80 - create IPUIPlugin
2026-01-15 13:54:31,559 [INFO] IPUIPlugin:80 - create IPUIPlugin
2026-01-15 13:54:31,560 [INFO] IPUIPlugin:80 - create IPUIPlugin
2026-01-15 13:54:31,560 [INFO] IPUIPlugin:80 - create IPUIPlugin
2026-01-15 13:54:31,560 [INFO] IPUIPlugin:80 - create IPUIPlugin
2026-01-15 13:54:31,560 [INFO] IPUIPlugin:80 - create IPUIPlugin
2026-01-15 13:54:31,561 [INFO] IPUIPlugin:80 - create IPUIPlugin
2026-01-15 13:54:31,562 [INFO] IPUIPlugin:80 - create IPUIPlugin
2026-01-15 13:54:31,562 [INFO] IPUIPlugin:80 - create IPUIPlugin
2026-01-15 13:54:31,563 [INFO] IPUIPlugin:80 - create IPUIPlugin
2026-01-15 13:54:31,563 [INFO] IPUIPlugin:80 - create IPUIPlugin
2026-01-15 13:54:31,563 [INFO] IPUIPlugin:80 - create IPUIPlugin
2026-01-15 13:54:31,564 [INFO] IPUIPlugin:80 - create IPUIPlugin
2026-01-15 13:54:31,564 [INFO] IPUIPlugin:80 - create IPUIPlugin
2026-01-15 13:54:31,564 [INFO] IPUIPlugin:80 - create IPUIPlugin
2026-01-15 13:54:31,565 [INFO] IPUIPlugin:80 - create IPUIPlugin
2026-01-15 13:54:31,565 [INFO] IPUIPlugin:80 - create IPUIPlugin
2026-01-15 13:54:31,565 [INFO] IPUIPlugin:80 - create IPUIPlugin
2026-01-15 13:54:31,568 [INFO] ApiDbMcu:508 - Load IP Config File for PDM2PCM
2026-01-15 13:54:31,650 [INFO] CADModel:165 - CPN selected for project levelSTM32H723ZGT6
2026-01-15 13:54:31,650 [INFO] CADModel:114 - Register for checkConnection events
2026-01-15 13:54:31,688 [INFO] OpenFileManager:363 - Restore cursor
2026-01-15 13:54:32,167 [INFO] UtilMem:75 - End SaveConfig() Used Memory: 967205920 Bytes (1073741824)
2026-01-15 13:54:32,253 [WARN] Context:815 - Trying to set MEMORYMAP twice on same context Cortex-M7NS
2026-01-15 13:54:32,271 [INFO] UtilMem:75 - End SaveConfig() Used Memory: 952493824 Bytes (1073741824)
2026-01-15 13:54:32,420 [INFO] BlockDiagram:2766 - set Specific Code input for plugin: USB_OTG_HS
2026-01-15 13:54:32,420 [INFO] BlockDiagram:2766 - set Specific Code input for plugin: RCC
2026-01-15 13:54:32,420 [INFO] BlockDiagram:2766 - set Specific Code input for plugin: USART
2026-01-15 13:54:32,420 [INFO] BlockDiagram:2766 - set Specific Code input for plugin: ETH
2026-01-15 13:54:32,420 [INFO] BlockDiagram:2766 - set Specific Code input for plugin: MEMORYMAP
2026-01-15 13:54:32,420 [INFO] BlockDiagram:2766 - set Specific Code input for plugin: SYS
2026-01-15 13:54:32,420 [INFO] BlockDiagram:2766 - set Specific Code input for plugin: NVIC
2026-01-15 13:54:32,420 [INFO] BlockDiagram:2766 - set Specific Code input for plugin: DEBUG
2026-01-15 13:54:32,420 [INFO] BlockDiagram:2766 - set Specific Code input for plugin: GPIO
2026-01-15 13:54:32,421 [INFO] CodeGenerator:807 - code generatio: config db path: C:\ST\STM32CubeIDE_1.16.1\STM32CubeIDE\plugins\com.st.stm32cube.common.mx_6.12.1.202409122256\\db\
2026-01-15 13:54:32,510 [INFO] CodeEngine:255 - oldGeneratedFile, C:\Users\RND1\STM32CubeIDE\workspace_1.16.1\nucleo_h723_fw\MXTmpFiles\license.tmp_save
2026-01-15 13:54:32,617 [INFO] CodeEngine:279 - Generated code: C:\Users\RND1\STM32CubeIDE\workspace_1.16.1\nucleo_h723_fw\MXTmpFiles\license.tmp
2026-01-15 13:54:32,700 [INFO] CodeEngine:255 - oldGeneratedFile, C:\Users\RND1\STM32CubeIDE\workspace_1.16.1\nucleo_h723_fw\MXTmpFiles\gpio.tmp_save
2026-01-15 13:54:32,818 [INFO] CodeEngine:279 - Generated code: C:\Users\RND1\STM32CubeIDE\workspace_1.16.1\nucleo_h723_fw\MXTmpFiles\gpio.tmp
2026-01-15 13:54:32,859 [WARN] IPConfigManager:98 - WARNING: Missing Config File for DEBUG ip!!
2026-01-15 13:54:32,942 [WARN] IPConfigManager:98 - WARNING: Missing Config File for MEMORYMAP ip!!
2026-01-15 13:54:33,108 [WARN] IPConfigManager:98 - WARNING: Missing Config File for USB ip!!
2026-01-15 13:54:33,162 [INFO] CodeEngine:255 - oldGeneratedFile, C:\Users\RND1\STM32CubeIDE\workspace_1.16.1\nucleo_h723_fw\MXTmpFiles\cortex.tmp_save
2026-01-15 13:54:33,255 [INFO] CodeEngine:279 - Generated code: C:\Users\RND1\STM32CubeIDE\workspace_1.16.1\nucleo_h723_fw\MXTmpFiles\cortex.tmp
2026-01-15 13:54:33,272 [INFO] CodeEngine:255 - oldGeneratedFile, C:\Users\RND1\STM32CubeIDE\workspace_1.16.1\nucleo_h723_fw\Core\Src\stm32h7xx_it.c_save
2026-01-15 13:54:33,425 [INFO] CodeEngine:279 - Generated code: C:\Users\RND1\STM32CubeIDE\workspace_1.16.1\nucleo_h723_fw\Core\Src\stm32h7xx_it.c
2026-01-15 13:54:33,430 [INFO] CodeEngine:255 - oldGeneratedFile, C:\Users\RND1\STM32CubeIDE\workspace_1.16.1\nucleo_h723_fw\Core\Inc\stm32h7xx_it.h_save
2026-01-15 13:54:33,493 [INFO] CodeEngine:279 - Generated code: C:\Users\RND1\STM32CubeIDE\workspace_1.16.1\nucleo_h723_fw\Core\Inc\stm32h7xx_it.h
2026-01-15 13:54:33,570 [INFO] CodeEngine:255 - oldGeneratedFile, C:\Users\RND1\STM32CubeIDE\workspace_1.16.1\nucleo_h723_fw\Core\Src\stm32h7xx_hal_msp.c_save
2026-01-15 13:54:33,672 [INFO] CodeEngine:279 - Generated code: C:\Users\RND1\STM32CubeIDE\workspace_1.16.1\nucleo_h723_fw\Core\Src\stm32h7xx_hal_msp.c
2026-01-15 13:54:33,675 [INFO] CodeEngine:255 - oldGeneratedFile, C:\Users\RND1\STM32CubeIDE\workspace_1.16.1\nucleo_h723_fw\MXTmpFiles\system.tmp_save
2026-01-15 13:54:33,730 [INFO] CodeEngine:279 - Generated code: C:\Users\RND1\STM32CubeIDE\workspace_1.16.1\nucleo_h723_fw\MXTmpFiles\system.tmp
2026-01-15 13:54:33,740 [INFO] CodeEngine:311 - oldGeneratedFile, C:\Users\RND1\STM32CubeIDE\workspace_1.16.1\nucleo_h723_fw\Core\Inc\stm32h7xx_hal_conf.h_save
2026-01-15 13:54:33,843 [INFO] CodeEngine:335 - Generated code: C:\Users\RND1\STM32CubeIDE\workspace_1.16.1\nucleo_h723_fw\Core\Inc\stm32h7xx_hal_conf.h
2026-01-15 13:54:33,876 [WARN] IPConfigManager:3554 - IP not found : USB_OTG
2026-01-15 13:54:33,878 [WARN] CodeGenerator:4002 - IP not found : null
2026-01-15 13:54:33,885 [INFO] CodeEngine:255 - oldGeneratedFile, C:\Users\RND1\STM32CubeIDE\workspace_1.16.1\nucleo_h723_fw\Core\Inc\main.h_save
2026-01-15 13:54:33,994 [INFO] CodeEngine:279 - Generated code: C:\Users\RND1\STM32CubeIDE\workspace_1.16.1\nucleo_h723_fw\Core\Inc\main.h
2026-01-15 13:54:33,999 [INFO] CodeEngine:255 - oldGeneratedFile, C:\Users\RND1\STM32CubeIDE\workspace_1.16.1\nucleo_h723_fw\Core\Src\main.c_save
2026-01-15 13:54:34,108 [INFO] CodeEngine:279 - Generated code: C:\Users\RND1\STM32CubeIDE\workspace_1.16.1\nucleo_h723_fw\Core\Src\main.c
2026-01-15 13:54:34,333 [INFO] ProjectBuilder:3249 - Time for Copy HAL[1] : 138mS.
2026-01-15 13:54:34,337 [INFO] ProjectBuilder:4828 - Project Generator version: 4.5.0-B34
2026-01-15 13:54:34,378 [INFO] ConfigFileManager:1531 - The Die is : DIE483
2026-01-15 13:54:34,379 [INFO] ApiDbMcu:508 - Load IP Config File for FATFS
2026-01-15 13:54:34,381 [INFO] ApiDbMcu:508 - Load IP Config File for FREERTOS
2026-01-15 13:54:34,382 [INFO] ApiDbMcu:508 - Load IP Config File for LIBJPEG
2026-01-15 13:54:34,386 [INFO] ApiDbMcu:508 - Load IP Config File for LWIP
2026-01-15 13:54:34,388 [INFO] ApiDbMcu:508 - Load IP Config File for MBEDTLS
2026-01-15 13:54:34,391 [INFO] ApiDbMcu:508 - Load IP Config File for USB_DEVICE
2026-01-15 13:54:34,393 [INFO] ApiDbMcu:508 - Load IP Config File for USB_HOST
2026-01-15 13:54:37,190 [INFO] ProjectBuilder:5097 - Time for Generating toolchain IDE Files: 2853mS.
2026-01-15 13:54:37,191 [INFO] ProjectBuilder:3107 - Time for Copy CMSIS : 1mS.
2026-01-15 13:54:37,194 [INFO] ProjectBuilder:3107 - Time for Copy CMSIS : 0mS.
2026-01-15 13:54:38,913 [INFO] McuFinderGlobals:76 - Set McuFinderConnectedMode to true
2026-01-15 13:54:38,916 [INFO] ApiDb:448 - Save user favorites file C:\Users\RND1/.stm32cubeide/favorites.mcus.txt: 0 item(s)
2026-01-15 13:54:38,917 [INFO] ApiDb:452 - User favorites MCUs=[]
2026-01-15 13:54:38,918 [INFO] ApiDb:448 - Save user favorites file C:\Users\RND1/.stm32cubeide/favorites.boards.txt: 0 item(s)
2026-01-15 13:54:38,918 [INFO] ApiDb:452 - User favorites Boards=[]
2026-01-15 13:56:07,073 [INFO] MainUpdater:2873 - connection check result : 10
2026-01-15 13:56:07,162 [INFO] McuFinderGlobals:76 - Set McuFinderConnectedMode to true
2026-01-15 13:56:07,162 [INFO] MultiScanPanel:200 - Auto-refresh data requested => check proxy status ongoing
2026-01-15 13:56:07,164 [INFO] FinderPluginLoader:95 - Searching for filters in installed packs
2026-01-15 13:56:07,585 [INFO] LoadUrlFilesThread:185 - End of LoadServerUrlFiles without Thread
2026-01-15 13:56:07,585 [INFO] DetailPanel:341 - Set advertising image to C:/Users/RND1/STM32Cube/Repository/\en.prom-stm32mp21-0126.png
2026-01-15 13:56:16,154 [INFO] MultiScanPanel:200 - Auto-refresh data requested => check proxy status ongoing
2026-01-15 13:56:16,188 [INFO] LoadUrlFilesThread:185 - End of LoadServerUrlFiles without Thread
2026-01-15 13:56:16,188 [INFO] DetailPanel:341 - Set advertising image to C:/Users/RND1/STM32Cube/Repository/\en.prom-stm32mp21-0126.png
2026-01-15 13:56:19,827 [INFO] MultiScanPanel:200 - Auto-refresh data requested => check proxy status ongoing
2026-01-15 13:56:19,828 [INFO] ApiDb:581 - Connected to CubeFinder SQLite database (C:\Users\RND1\.stmcufinder\plugins\mcufinder\mcu\cube-finder-db.db)
2026-01-15 13:56:19,871 [INFO] ApiDb:668 - CubeFinder database Data Model version=2.1
2026-01-15 13:56:19,871 [INFO] ApiDb:669 - CubeFinder database Configuration version=3.0.39
2026-01-15 13:56:19,871 [INFO] ApiDb:670 - CubeFinder database generation date=2025-12-22 (1766407740)
2026-01-15 13:56:19,871 [INFO] ApiDb:671 - CubeFinder database FW Pack versions=[FP-ATR-ASTRA1_V2.0.0, FP-SNS-FLIGHT1_V5.1.0, FP-SNS-MOTENV1_V5.1.0, FP-SNS-MOTENVWB1_V1.4.0, FP-SNS-SMARTAG2_V1.2.0, FP-SNS-STBOX1_V2.1.0, STM32Cube_FW_C0_V1.4.0, STM32Cube_FW_F4_V1.28.3, STM32Cube_FW_F7_V1.17.4, STM32Cube_FW_G0_V1.6.2, STM32Cube_FW_G4_V1.6.1, STM32Cube_FW_H5_V1.5.1, STM32Cube_FW_H7RS_V1.3.0, STM32Cube_FW_H7_V1.12.1, STM32Cube_FW_L0_V1.12.2, STM32Cube_FW_L4_V1.18.1, STM32Cube_FW_L5_V1.6.0, STM32Cube_FW_N6_V1.3.0, STM32Cube_FW_U0_V1.3.0, STM32Cube_FW_U3_V1.2.1, STM32Cube_FW_U5_V1.8.0, STM32Cube_FW_WB0_V1.4.0, STM32Cube_FW_WBA_V1.8.0, STM32Cube_FW_WB_V1.24.0, STM32Cube_FW_WL3_V1.3.0, STM32Cube_FW_WL_V1.4.0, X-CUBE-ALGOBUILD_V1.4.0, X-CUBE-ALS_V1.0.2, X-CUBE-AZRTOS-F4_V1.1.0, X-CUBE-AZRTOS-F7_V1.1.0, X-CUBE-AZRTOS-G0_V1.1.0, X-CUBE-AZRTOS-G4_V2.0.0, X-CUBE-AZRTOS-H7RS_V1.1.0, X-CUBE-AZRTOS-H7_V3.4.0, X-CUBE-AZRTOS-L4_V2.0.0, X-CUBE-AZRTOS-L5_V2.0.0, X-CUBE-AZRTOS-WB_V2.0.0, X-CUBE-AZRTOS-WL_V2.0.0, X-CUBE-BLE1_V7.1.0, X-CUBE-BLE2_V3.3.0, X-CUBE-BLEMGR_V4.1.0, X-CUBE-EEPRMA1_V5.2.0, X-CUBE-FREERTOS_V1.3.1, X-CUBE-GNSS1_V6.0.0, X-CUBE-MEMS1_V12.0.0, X-CUBE-NFC4_V3.0.0, X-CUBE-NFC7_V2.0.0, X-CUBE-SFXS2LP1_V4.0.0, X-CUBE-ST67W61_V1.1.0, X-CUBE-SUBG2_V5.0.0, X-CUBE-TOF1_V3.4.3]
2026-01-15 13:56:20,286 [ERROR] DbExamplesSqlite:437 - Missing JSON key: board_cpn
2026-01-15 13:56:20,286 [ERROR] DbExamplesSqlite:437 - Missing JSON key: board_cpn
2026-01-15 13:56:20,287 [ERROR] DbExamplesSqlite:437 - Missing JSON key: board_cpn
2026-01-15 13:56:20,287 [ERROR] DbExamplesSqlite:437 - Missing JSON key: board_cpn
2026-01-15 13:56:20,492 [ERROR] DbExamplesSqlite:437 - Missing JSON key: board_cpn
2026-01-15 13:56:20,492 [ERROR] DbExamplesSqlite:437 - Missing JSON key: board_cpn
2026-01-15 13:56:20,501 [INFO] DbExamplesSqlite:395 - Ignored 42 examples not supported by CubeIDE
2026-01-15 13:56:20,501 [INFO] DbExamplesSqlite:396 - Found 10819 examples active
2026-01-15 13:56:20,501 [INFO] DbExamplesSqlite:397 - Found 0 examples obsolete
2026-01-15 13:56:20,501 [INFO] DbExamplesSqlite:398 - Found 0 examples under development
2026-01-15 13:56:20,501 [INFO] DbExamplesSqlite:399 - Found 85 examples not building
2026-01-15 13:56:20,503 [INFO] DbExamples:125 - Found 10862 examples
2026-01-15 13:56:20,518 [ERROR] DbExamples:208 - Found 73 examples with invalid data (board or MCU)
2026-01-15 13:56:20,518 [INFO] DbExamples:222 - Found 134 boards with related examples
2026-01-15 13:56:20,519 [INFO] DbExamples:235 - Found 111 MCUs with related examples
2026-01-15 13:56:20,528 [INFO] ApiDb:423 - Load user favorites file C:\Users\RND1/.stm32cubeide/favorites.examples.txt: 0 item(s)
2026-01-15 13:56:20,528 [INFO] ApiDb:427 - User favorites Examples=[]
2026-01-15 13:56:20,528 [INFO] DbExamples:250 - Set 0 / 0 favorites Examples
2026-01-15 13:56:20,811 [INFO] SoftwarePacks:127 - Download is needed for SW pack 'FP-ATR-ASTRA1_V2.0.0'
2026-01-15 13:56:20,811 [INFO] SoftwarePacks:127 - Download is needed for SW pack 'FP-SNS-FLIGHT1_V5.1.0'
2026-01-15 13:56:20,811 [INFO] SoftwarePacks:127 - Download is needed for SW pack 'FP-SNS-MOTENV1_V5.1.0'
2026-01-15 13:56:20,811 [INFO] SoftwarePacks:127 - Download is needed for SW pack 'FP-SNS-MOTENVWB1_V1.4.0'
2026-01-15 13:56:20,811 [INFO] SoftwarePacks:127 - Download is needed for SW pack 'FP-SNS-SMARTAG2_V1.2.0'
2026-01-15 13:56:20,811 [INFO] SoftwarePacks:127 - Download is needed for SW pack 'FP-SNS-STBOX1_V2.1.0'
2026-01-15 13:56:20,827 [INFO] SoftwarePacks:127 - Download is needed for SW pack 'STM32Cube_FW_C0_V1.4.0'
2026-01-15 13:56:20,836 [INFO] SoftwarePacks:127 - Download is needed for SW pack 'STM32Cube_FW_F4_V1.28.3'
2026-01-15 13:56:20,848 [INFO] SoftwarePacks:127 - Download is needed for SW pack 'STM32Cube_FW_F7_V1.17.4'
2026-01-15 13:56:20,858 [INFO] SoftwarePacks:127 - Download is needed for SW pack 'STM32Cube_FW_G0_V1.6.2'
2026-01-15 13:56:20,870 [INFO] SoftwarePacks:131 - Found SW pack 'STM32Cube_FW_G4_V1.6.1' up-to-date on disk.
2026-01-15 13:56:20,894 [INFO] SoftwarePacks:127 - Download is needed for SW pack 'STM32Cube_FW_H5_V1.5.1'
2026-01-15 13:56:20,903 [INFO] SoftwarePacks:127 - Download is needed for SW pack 'STM32Cube_FW_H7RS_V1.3.0'
2026-01-15 13:56:20,912 [INFO] SoftwarePacks:127 - Download is needed for SW pack 'STM32Cube_FW_H7_V1.12.1'
2026-01-15 13:56:20,922 [INFO] SoftwarePacks:127 - Download is needed for SW pack 'STM32Cube_FW_L0_V1.12.2'
2026-01-15 13:56:20,936 [INFO] SoftwarePacks:127 - Download is needed for SW pack 'STM32Cube_FW_L4_V1.18.1'
2026-01-15 13:56:20,946 [INFO] SoftwarePacks:127 - Download is needed for SW pack 'STM32Cube_FW_L5_V1.6.0'
2026-01-15 13:56:20,956 [INFO] SoftwarePacks:127 - Download is needed for SW pack 'STM32Cube_FW_N6_V1.3.0'
2026-01-15 13:56:20,966 [INFO] SoftwarePacks:127 - Download is needed for SW pack 'STM32Cube_FW_U0_V1.3.0'
2026-01-15 13:56:21,007 [INFO] SoftwarePacks:127 - Download is needed for SW pack 'STM32Cube_FW_U3_V1.2.1'
2026-01-15 13:56:21,016 [INFO] SoftwarePacks:127 - Download is needed for SW pack 'STM32Cube_FW_U5_V1.8.0'
2026-01-15 13:56:21,028 [INFO] SoftwarePacks:127 - Download is needed for SW pack 'STM32Cube_FW_WB0_V1.4.0'
2026-01-15 13:56:21,041 [INFO] SoftwarePacks:127 - Download is needed for SW pack 'STM32Cube_FW_WBA_V1.8.0'
2026-01-15 13:56:21,056 [INFO] SoftwarePacks:127 - Download is needed for SW pack 'STM32Cube_FW_WB_V1.24.0'
2026-01-15 13:56:21,071 [INFO] SoftwarePacks:127 - Download is needed for SW pack 'STM32Cube_FW_WL3_V1.3.0'
2026-01-15 13:56:21,087 [INFO] SoftwarePacks:127 - Download is needed for SW pack 'STM32Cube_FW_WL_V1.4.0'
2026-01-15 13:56:21,087 [INFO] SoftwarePacks:127 - Download is needed for SW pack 'X-CUBE-ALGOBUILD_V1.4.0'
2026-01-15 13:56:21,088 [INFO] SoftwarePacks:127 - Download is needed for SW pack 'X-CUBE-ALS_V1.0.2'
2026-01-15 13:56:21,088 [INFO] SoftwarePacks:127 - Download is needed for SW pack 'X-CUBE-AZRTOS-F4_V1.1.0'
2026-01-15 13:56:21,088 [INFO] SoftwarePacks:127 - Download is needed for SW pack 'X-CUBE-AZRTOS-F7_V1.1.0'
2026-01-15 13:56:21,088 [INFO] SoftwarePacks:127 - Download is needed for SW pack 'X-CUBE-AZRTOS-G0_V1.1.0'
2026-01-15 13:56:21,088 [INFO] SoftwarePacks:127 - Download is needed for SW pack 'X-CUBE-AZRTOS-G4_V2.0.0'
2026-01-15 13:56:21,088 [INFO] SoftwarePacks:127 - Download is needed for SW pack 'X-CUBE-AZRTOS-H7RS_V1.1.0'
2026-01-15 13:56:21,088 [INFO] SoftwarePacks:127 - Download is needed for SW pack 'X-CUBE-AZRTOS-H7_V3.4.0'
2026-01-15 13:56:21,088 [INFO] SoftwarePacks:127 - Download is needed for SW pack 'X-CUBE-AZRTOS-L4_V2.0.0'
2026-01-15 13:56:21,088 [INFO] SoftwarePacks:127 - Download is needed for SW pack 'X-CUBE-AZRTOS-L5_V2.0.0'
2026-01-15 13:56:21,088 [INFO] SoftwarePacks:127 - Download is needed for SW pack 'X-CUBE-AZRTOS-WB_V2.0.0'
2026-01-15 13:56:21,088 [INFO] SoftwarePacks:127 - Download is needed for SW pack 'X-CUBE-AZRTOS-WL_V2.0.0'
2026-01-15 13:56:21,088 [INFO] SoftwarePacks:127 - Download is needed for SW pack 'X-CUBE-BLE1_V7.1.0'
2026-01-15 13:56:21,088 [INFO] SoftwarePacks:127 - Download is needed for SW pack 'X-CUBE-BLE2_V3.3.0'
2026-01-15 13:56:21,088 [INFO] SoftwarePacks:127 - Download is needed for SW pack 'X-CUBE-BLEMGR_V4.1.0'
2026-01-15 13:56:21,089 [INFO] SoftwarePacks:127 - Download is needed for SW pack 'X-CUBE-EEPRMA1_V5.2.0'
2026-01-15 13:56:21,089 [INFO] SoftwarePacks:127 - Download is needed for SW pack 'X-CUBE-FREERTOS_V1.3.1'
2026-01-15 13:56:21,089 [INFO] SoftwarePacks:127 - Download is needed for SW pack 'X-CUBE-GNSS1_V6.0.0'
2026-01-15 13:56:21,089 [INFO] SoftwarePacks:127 - Download is needed for SW pack 'X-CUBE-MEMS1_V12.0.0'
2026-01-15 13:56:21,089 [INFO] SoftwarePacks:127 - Download is needed for SW pack 'X-CUBE-NFC4_V3.0.0'
2026-01-15 13:56:21,089 [INFO] SoftwarePacks:127 - Download is needed for SW pack 'X-CUBE-NFC7_V2.0.0'
2026-01-15 13:56:21,089 [INFO] SoftwarePacks:127 - Download is needed for SW pack 'X-CUBE-SFXS2LP1_V4.0.0'
2026-01-15 13:56:21,089 [INFO] SoftwarePacks:127 - Download is needed for SW pack 'X-CUBE-ST67W61_V1.1.0'
2026-01-15 13:56:21,089 [INFO] SoftwarePacks:127 - Download is needed for SW pack 'X-CUBE-SUBG2_V5.0.0'
2026-01-15 13:56:21,089 [INFO] SoftwarePacks:127 - Download is needed for SW pack 'X-CUBE-TOF1_V3.4.3'
2026-01-15 13:56:22,782 [INFO] LoadUrlFilesThread:185 - End of LoadServerUrlFiles without Thread
2026-01-15 13:56:22,782 [INFO] DetailPanel:341 - Set advertising image to C:/Users/RND1/STM32Cube/Repository/\en.prom-stm32mp21-0126.png
2026-01-15 13:56:22,791 [ERROR] AppliInfo:139 - Unknown STM32CubeMX version: 6.13.0
2026-01-15 13:56:22,792 [ERROR] AppliInfo:139 - Unknown STM32CubeMX version: 6.13.0
2026-01-15 13:56:22,792 [ERROR] AppliInfo:139 - Unknown STM32CubeMX version: 6.13.0
2026-01-15 13:56:22,792 [ERROR] AppliInfo:139 - Unknown STM32CubeMX version: 6.13.0
2026-01-15 13:56:22,792 [ERROR] AppliInfo:139 - Unknown STM32CubeMX version: 6.13.0
2026-01-15 13:56:22,792 [ERROR] AppliInfo:139 - Unknown STM32CubeMX version: 6.13.0
2026-01-15 13:56:22,792 [ERROR] AppliInfo:139 - Unknown STM32CubeMX version: 6.13.0
2026-01-15 13:56:22,792 [ERROR] AppliInfo:139 - Unknown STM32CubeMX version: 6.13.0
2026-01-15 13:56:22,792 [ERROR] AppliInfo:139 - Unknown STM32CubeMX version: 6.15.0
2026-01-15 13:56:22,793 [ERROR] AppliInfo:139 - Unknown STM32CubeMX version: 6.15.0
2026-01-15 13:56:22,793 [ERROR] AppliInfo:139 - Unknown STM32CubeMX version: 6.15.0
2026-01-15 13:56:22,793 [ERROR] AppliInfo:139 - Unknown STM32CubeMX version: 6.15.0
2026-01-15 13:56:22,793 [ERROR] AppliInfo:139 - Unknown STM32CubeMX version: 6.15.0
2026-01-15 13:56:22,793 [ERROR] AppliInfo:139 - Unknown STM32CubeMX version: 6.15.0
2026-01-15 13:56:22,794 [ERROR] AppliInfo:139 - Unknown STM32CubeMX version: 6.14.1
2026-01-15 13:56:22,794 [ERROR] AppliInfo:139 - Unknown STM32CubeMX version: 6.14.1
2026-01-15 13:56:22,794 [ERROR] AppliInfo:139 - Unknown STM32CubeMX version: 6.14.1
2026-01-15 13:56:22,794 [ERROR] AppliInfo:139 - Unknown STM32CubeMX version: 6.14.1
2026-01-15 13:56:22,794 [ERROR] AppliInfo:139 - Unknown STM32CubeMX version: 6.14.1
2026-01-15 13:56:22,794 [ERROR] AppliInfo:139 - Unknown STM32CubeMX version: 6.14.1
2026-01-15 13:56:22,794 [ERROR] AppliInfo:139 - Unknown STM32CubeMX version: 6.14.1
2026-01-15 13:56:22,794 [ERROR] AppliInfo:139 - Unknown STM32CubeMX version: 6.14.1
2026-01-15 13:56:22,794 [ERROR] AppliInfo:139 - Unknown STM32CubeMX version: 6.14.1
2026-01-15 13:56:22,795 [ERROR] AppliInfo:139 - Unknown STM32CubeMX version: 6.14.1
2026-01-15 13:56:22,795 [ERROR] AppliInfo:139 - Unknown STM32CubeMX version: 6.14.1
2026-01-15 13:56:22,795 [ERROR] AppliInfo:139 - Unknown STM32CubeMX version: 6.14.1
2026-01-15 13:56:22,795 [ERROR] AppliInfo:139 - Unknown STM32CubeMX version: 6.14.1
2026-01-15 13:56:22,795 [ERROR] AppliInfo:139 - Unknown STM32CubeMX version: 6.14.1
2026-01-15 13:56:22,807 [ERROR] AppliInfo:139 - Unknown STM32CubeMX version: 6.13.0
2026-01-15 13:56:22,807 [ERROR] AppliInfo:139 - Unknown STM32CubeMX version: 6.13.0
2026-01-15 13:56:22,807 [ERROR] AppliInfo:139 - Unknown STM32CubeMX version: 6.13.0
2026-01-15 13:56:22,807 [ERROR] AppliInfo:139 - Unknown STM32CubeMX version: 6.13.0
2026-01-15 13:56:22,807 [ERROR] AppliInfo:139 - Unknown STM32CubeMX version: 6.13.0
2026-01-15 13:56:22,807 [ERROR] AppliInfo:139 - Unknown STM32CubeMX version: 6.13.0
2026-01-15 13:56:22,807 [ERROR] AppliInfo:139 - Unknown STM32CubeMX version: 6.13.0
2026-01-15 13:56:22,807 [ERROR] AppliInfo:139 - Unknown STM32CubeMX version: 6.13.0
2026-01-15 13:56:22,808 [ERROR] AppliInfo:139 - Unknown STM32CubeMX version: 6.13.0
2026-01-15 13:56:22,808 [ERROR] AppliInfo:139 - Unknown STM32CubeMX version: 6.13.0
2026-01-15 13:56:22,808 [ERROR] AppliInfo:139 - Unknown STM32CubeMX version: 6.13.0
2026-01-15 13:56:22,808 [ERROR] AppliInfo:139 - Unknown STM32CubeMX version: 6.13.0
2026-01-15 13:56:22,808 [ERROR] AppliInfo:139 - Unknown STM32CubeMX version: 6.13.0
2026-01-15 13:56:22,808 [ERROR] AppliInfo:139 - Unknown STM32CubeMX version: 6.13.0
2026-01-15 13:56:22,808 [ERROR] AppliInfo:139 - Unknown STM32CubeMX version: 6.13.0
2026-01-15 13:56:22,808 [ERROR] AppliInfo:139 - Unknown STM32CubeMX version: 6.13.0
2026-01-15 13:56:22,986 [ERROR] AppliInfo:139 - Unknown STM32CubeMX version: 6.13.0
2026-01-15 13:56:22,986 [ERROR] AppliInfo:139 - Unknown STM32CubeMX version: 6.13.0
2026-01-15 13:56:22,986 [ERROR] AppliInfo:139 - Unknown STM32CubeMX version: 6.13.0
2026-01-15 13:56:22,987 [ERROR] AppliInfo:139 - Unknown STM32CubeMX version: 6.13.0
2026-01-15 13:56:22,987 [ERROR] AppliInfo:139 - Unknown STM32CubeMX version: 6.13.0
2026-01-15 13:56:22,987 [ERROR] AppliInfo:139 - Unknown STM32CubeMX version: 6.13.0
2026-01-15 13:56:22,987 [ERROR] AppliInfo:139 - Unknown STM32CubeMX version: 6.13.0
2026-01-15 13:56:22,987 [ERROR] AppliInfo:139 - Unknown STM32CubeMX version: 6.13.0
2026-01-15 13:56:22,987 [ERROR] AppliInfo:139 - Unknown STM32CubeMX version: 6.13.0
2026-01-15 13:56:22,987 [ERROR] AppliInfo:139 - Unknown STM32CubeMX version: 6.13.0
2026-01-15 13:56:22,987 [ERROR] AppliInfo:139 - Unknown STM32CubeMX version: 6.13.0
2026-01-15 13:56:22,987 [ERROR] AppliInfo:139 - Unknown STM32CubeMX version: 6.13.0
2026-01-15 13:56:22,987 [ERROR] AppliInfo:139 - Unknown STM32CubeMX version: 6.14.0
2026-01-15 13:56:22,987 [ERROR] AppliInfo:139 - Unknown STM32CubeMX version: 6.14.0
2026-01-15 13:56:22,987 [ERROR] AppliInfo:139 - Unknown STM32CubeMX version: 6.14.0
2026-01-15 13:56:22,988 [ERROR] AppliInfo:139 - Unknown STM32CubeMX version: 6.14.0
2026-01-15 13:56:22,988 [ERROR] AppliInfo:139 - Unknown STM32CubeMX version: 6.14.0
2026-01-15 13:56:22,988 [ERROR] AppliInfo:139 - Unknown STM32CubeMX version: 6.14.0
2026-01-15 13:56:22,988 [ERROR] AppliInfo:139 - Unknown STM32CubeMX version: 6.14.0
2026-01-15 13:56:22,988 [ERROR] AppliInfo:139 - Unknown STM32CubeMX version: 6.13.0
2026-01-15 13:56:22,988 [ERROR] AppliInfo:139 - Unknown STM32CubeMX version: 6.13.0
2026-01-15 13:56:22,988 [ERROR] AppliInfo:139 - Unknown STM32CubeMX version: 6.13.0
2026-01-15 13:56:22,988 [ERROR] AppliInfo:139 - Unknown STM32CubeMX version: 6.13.0
2026-01-15 13:56:22,988 [ERROR] AppliInfo:139 - Unknown STM32CubeMX version: 6.13.0
2026-01-15 13:56:22,988 [ERROR] AppliInfo:139 - Unknown STM32CubeMX version: 6.13.0
2026-01-15 13:56:22,988 [ERROR] AppliInfo:139 - Unknown STM32CubeMX version: 6.13.0
2026-01-15 13:56:22,988 [ERROR] AppliInfo:139 - Unknown STM32CubeMX version: 6.13.0
2026-01-15 13:56:22,988 [ERROR] AppliInfo:139 - Unknown STM32CubeMX version: 6.13.0
2026-01-15 13:56:22,988 [ERROR] AppliInfo:139 - Unknown STM32CubeMX version: 6.13.0
2026-01-15 13:56:22,988 [ERROR] AppliInfo:139 - Unknown STM32CubeMX version: 6.13.0
2026-01-15 13:56:22,989 [ERROR] AppliInfo:139 - Unknown STM32CubeMX version: 6.13.0
2026-01-15 13:56:22,989 [ERROR] AppliInfo:139 - Unknown STM32CubeMX version: 6.13.0
2026-01-15 13:56:22,989 [ERROR] AppliInfo:139 - Unknown STM32CubeMX version: 6.13.0
2026-01-15 13:56:22,989 [ERROR] AppliInfo:139 - Unknown STM32CubeMX version: 6.13.0
2026-01-15 13:56:22,989 [ERROR] AppliInfo:139 - Unknown STM32CubeMX version: 6.13.0
2026-01-15 13:56:22,989 [ERROR] AppliInfo:139 - Unknown STM32CubeMX version: 6.13.0
2026-01-15 13:56:22,989 [ERROR] AppliInfo:139 - Unknown STM32CubeMX version: 6.13.0
2026-01-15 13:56:22,989 [ERROR] AppliInfo:139 - Unknown STM32CubeMX version: 6.13.0
2026-01-15 13:56:22,989 [ERROR] AppliInfo:139 - Unknown STM32CubeMX version: 6.13.0
2026-01-15 13:56:22,989 [ERROR] AppliInfo:139 - Unknown STM32CubeMX version: 6.13.0
2026-01-15 13:56:22,989 [ERROR] AppliInfo:139 - Unknown STM32CubeMX version: 6.13.0
2026-01-15 13:56:22,989 [ERROR] AppliInfo:139 - Unknown STM32CubeMX version: 6.13.0
2026-01-15 13:56:22,989 [ERROR] AppliInfo:139 - Unknown STM32CubeMX version: 6.13.0
2026-01-15 13:56:22,989 [ERROR] AppliInfo:139 - Unknown STM32CubeMX version: 6.14.0
2026-01-15 13:56:22,989 [ERROR] AppliInfo:139 - Unknown STM32CubeMX version: 6.14.0
2026-01-15 13:56:22,989 [ERROR] AppliInfo:139 - Unknown STM32CubeMX version: 6.14.0
2026-01-15 13:56:22,990 [ERROR] AppliInfo:139 - Unknown STM32CubeMX version: 6.14.0
2026-01-15 13:56:22,990 [ERROR] AppliInfo:139 - Unknown STM32CubeMX version: 6.14.0
2026-01-15 13:56:22,990 [ERROR] AppliInfo:139 - Unknown STM32CubeMX version: 6.14.0
2026-01-15 13:56:22,990 [ERROR] AppliInfo:139 - Unknown STM32CubeMX version: 6.14.0
2026-01-15 13:56:22,990 [ERROR] AppliInfo:139 - Unknown STM32CubeMX version: 6.14.0
2026-01-15 13:56:22,990 [ERROR] AppliInfo:139 - Unknown STM32CubeMX version: 6.14.0
2026-01-15 13:56:22,990 [ERROR] AppliInfo:139 - Unknown STM32CubeMX version: 6.14.0
2026-01-15 13:56:22,990 [ERROR] AppliInfo:139 - Unknown STM32CubeMX version: 6.14.0
2026-01-15 13:56:22,990 [ERROR] AppliInfo:139 - Unknown STM32CubeMX version: 6.14.0
2026-01-15 13:56:22,990 [ERROR] AppliInfo:139 - Unknown STM32CubeMX version: 6.14.0
2026-01-15 13:56:22,990 [ERROR] AppliInfo:139 - Unknown STM32CubeMX version: 6.14.0
2026-01-15 13:56:22,990 [ERROR] AppliInfo:139 - Unknown STM32CubeMX version: 6.14.0
2026-01-15 13:56:22,990 [ERROR] AppliInfo:139 - Unknown STM32CubeMX version: 6.14.0
2026-01-15 13:56:22,990 [ERROR] AppliInfo:139 - Unknown STM32CubeMX version: 6.14.0
2026-01-15 13:56:22,990 [ERROR] AppliInfo:139 - Unknown STM32CubeMX version: 6.14.0
2026-01-15 13:56:22,990 [ERROR] AppliInfo:139 - Unknown STM32CubeMX version: 6.14.0
2026-01-15 13:56:22,990 [ERROR] AppliInfo:139 - Unknown STM32CubeMX version: 6.14.0
2026-01-15 13:56:22,991 [ERROR] AppliInfo:139 - Unknown STM32CubeMX version: 6.14.0
2026-01-15 13:56:22,991 [ERROR] AppliInfo:139 - Unknown STM32CubeMX version: 6.14.0
2026-01-15 13:56:22,991 [ERROR] AppliInfo:139 - Unknown STM32CubeMX version: 6.14.0
2026-01-15 13:56:22,991 [ERROR] AppliInfo:139 - Unknown STM32CubeMX version: 6.14.0
2026-01-15 13:56:22,991 [ERROR] AppliInfo:139 - Unknown STM32CubeMX version: 6.14.0
2026-01-15 13:56:22,991 [ERROR] AppliInfo:139 - Unknown STM32CubeMX version: 6.14.0
2026-01-15 13:56:22,991 [ERROR] AppliInfo:139 - Unknown STM32CubeMX version: 6.14.0
2026-01-15 13:56:22,991 [ERROR] AppliInfo:139 - Unknown STM32CubeMX version: 6.14.0
2026-01-15 13:56:22,991 [ERROR] AppliInfo:139 - Unknown STM32CubeMX version: 6.14.0
2026-01-15 13:56:22,991 [ERROR] AppliInfo:139 - Unknown STM32CubeMX version: 6.14.0
2026-01-15 13:56:22,991 [ERROR] AppliInfo:139 - Unknown STM32CubeMX version: 6.14.0
2026-01-15 13:56:22,991 [ERROR] AppliInfo:139 - Unknown STM32CubeMX version: 6.14.0
2026-01-15 13:56:22,991 [ERROR] AppliInfo:139 - Unknown STM32CubeMX version: 6.14.0
2026-01-15 13:56:22,991 [ERROR] AppliInfo:139 - Unknown STM32CubeMX version: 6.14.0
2026-01-15 13:56:22,992 [ERROR] AppliInfo:139 - Unknown STM32CubeMX version: 6.14.0
2026-01-15 13:56:22,992 [ERROR] AppliInfo:139 - Unknown STM32CubeMX version: 6.14.0
2026-01-15 13:56:22,992 [ERROR] AppliInfo:139 - Unknown STM32CubeMX version: 6.14.0
2026-01-15 13:56:22,992 [ERROR] AppliInfo:139 - Unknown STM32CubeMX version: 6.14.0
2026-01-15 13:56:22,992 [ERROR] AppliInfo:139 - Unknown STM32CubeMX version: 6.14.0
2026-01-15 13:56:22,992 [ERROR] AppliInfo:139 - Unknown STM32CubeMX version: 6.14.0
2026-01-15 13:56:22,992 [ERROR] AppliInfo:139 - Unknown STM32CubeMX version: 6.14.0
2026-01-15 13:56:22,992 [ERROR] AppliInfo:139 - Unknown STM32CubeMX version: 6.14.0
2026-01-15 13:56:22,992 [ERROR] AppliInfo:139 - Unknown STM32CubeMX version: 6.14.0
2026-01-15 13:56:22,992 [ERROR] AppliInfo:139 - Unknown STM32CubeMX version: 6.14.0
2026-01-15 13:56:22,992 [ERROR] AppliInfo:139 - Unknown STM32CubeMX version: 6.14.0
2026-01-15 13:56:22,992 [ERROR] AppliInfo:139 - Unknown STM32CubeMX version: 6.14.0
2026-01-15 13:56:22,992 [ERROR] AppliInfo:139 - Unknown STM32CubeMX version: 6.14.0
2026-01-15 13:56:22,992 [ERROR] AppliInfo:139 - Unknown STM32CubeMX version: 6.14.0
2026-01-15 13:56:22,993 [ERROR] AppliInfo:139 - Unknown STM32CubeMX version: 6.14.0
2026-01-15 13:56:22,993 [ERROR] AppliInfo:139 - Unknown STM32CubeMX version: 6.14.0
2026-01-15 13:56:22,993 [ERROR] AppliInfo:139 - Unknown STM32CubeMX version: 6.14.0
2026-01-15 13:56:22,993 [ERROR] AppliInfo:139 - Unknown STM32CubeMX version: 6.14.0
2026-01-15 13:56:22,993 [ERROR] AppliInfo:139 - Unknown STM32CubeMX version: 6.14.0
2026-01-15 13:56:22,993 [ERROR] AppliInfo:139 - Unknown STM32CubeMX version: 6.14.0
2026-01-15 13:56:22,993 [ERROR] AppliInfo:139 - Unknown STM32CubeMX version: 6.14.0
2026-01-15 13:56:22,993 [ERROR] AppliInfo:139 - Unknown STM32CubeMX version: 6.14.0
2026-01-15 13:56:22,993 [ERROR] AppliInfo:139 - Unknown STM32CubeMX version: 6.14.0
2026-01-15 13:56:22,993 [ERROR] AppliInfo:139 - Unknown STM32CubeMX version: 6.14.0
2026-01-15 13:56:22,993 [ERROR] AppliInfo:139 - Unknown STM32CubeMX version: 6.14.0
2026-01-15 13:56:34,616 [ERROR] LogOutputStream:75 - [STDERR_REDIRECT] Exception in thread "TimerQueue" Exception in thread "AWT-EventQueue-0" java.lang.OutOfMemoryError: Java heap space
2026-01-15 13:56:34,617 [ERROR] LogOutputStream:75 - [STDERR_REDIRECT] 	at java.base/java.util.concurrent.locks.ReentrantLock$Sync.newCondition(ReentrantLock.java:190)
2026-01-15 13:56:34,618 [ERROR] LogOutputStream:75 - [STDERR_REDIRECT] 	at java.base/java.util.concurrent.locks.ReentrantLock.newCondition(ReentrantLock.java:537)
2026-01-15 13:56:35,057 [ERROR] LogOutputStream:75 - [STDERR_REDIRECT] 	at java.desktop/javax.swing.TimerQueue.run(TimerQueue.java:195)
2026-01-15 13:56:35,058 [ERROR] LogOutputStream:75 - [STDERR_REDIRECT] 	at java.base/java.lang.Thread.run(Thread.java:840)
2026-01-15 13:56:35,059 [ERROR] LogOutputStream:75 - [STDERR_REDIRECT] java.lang.OutOfMemoryError: Java heap space
2026-01-15 13:56:35,059 [ERROR] LogOutputStream:75 - [STDERR_REDIRECT] 	at java.base/java.util.Arrays.asList(Arrays.java:4122)
2026-01-15 13:56:35,060 [ERROR] LogOutputStream:75 - [STDERR_REDIRECT] 	at com.st.components.swing.DefaultCellAttribute.createCellSpan(DefaultCellAttribute.java:258)
2026-01-15 13:56:35,061 [ERROR] LogOutputStream:75 - [STDERR_REDIRECT] 	at com.st.components.swing.DefaultCellAttribute.createRowSpan(DefaultCellAttribute.java:248)
2026-01-15 13:56:35,061 [ERROR] LogOutputStream:75 - [STDERR_REDIRECT] 	at com.st.components.swing.DefaultCellAttribute.addRow(DefaultCellAttribute.java:238)
2026-01-15 13:56:35,062 [ERROR] LogOutputStream:75 - [STDERR_REDIRECT] 	at com.st.components.swing.CellTableModel.addRow(CellTableModel.java:135)
2026-01-15 13:56:35,062 [ERROR] LogOutputStream:75 - [STDERR_REDIRECT] 	at com.st.components.swing.DynamicCellTableModel.addRow(DynamicCellTableModel.java:145)
2026-01-15 13:56:35,063 [ERROR] LogOutputStream:75 - [STDERR_REDIRECT] 	at com.st.microxplorer.mcufinder.gui.exampleselector.ExampleResultTable.addItem(ExampleResultTable.java:547)
2026-01-15 13:56:35,064 [ERROR] LogOutputStream:75 - [STDERR_REDIRECT] 	at com.st.microxplorer.mcufinder.gui.exampleselector.ExampleResultTable.fillTable(ExampleResultTable.java:667)
2026-01-15 13:56:35,502 [ERROR] LogOutputStream:75 - [STDERR_REDIRECT] 	at com.st.microxplorer.mcufinder.gui.exampleselector.ExampleResultTable.refreshMergedCells(ExampleResultTable.java:722)
2026-01-15 13:56:35,503 [ERROR] LogOutputStream:75 - [STDERR_REDIRECT] 	at com.st.microxplorer.mcufinder.gui.selector.TableColumnManager$3.sorterChanged(TableColumnManager.java:264)
2026-01-15 13:56:35,504 [ERROR] LogOutputStream:75 - [STDERR_REDIRECT] 	at java.desktop/javax.swing.RowSorter.fireRowSorterChanged(RowSorter.java:341)
2026-01-15 13:56:35,504 [ERROR] LogOutputStream:75 - [STDERR_REDIRECT] 	at java.desktop/javax.swing.RowSorter.fireRowSorterChanged(RowSorter.java:332)
2026-01-15 13:56:35,505 [ERROR] LogOutputStream:75 - [STDERR_REDIRECT] 	at java.desktop/javax.swing.DefaultRowSorter.sort(DefaultRowSorter.java:621)
2026-01-15 13:56:35,506 [ERROR] LogOutputStream:75 - [STDERR_REDIRECT] 	at java.desktop/javax.swing.DefaultRowSorter.setSortKeys(DefaultRowSorter.java:315)
2026-01-15 13:56:35,506 [ERROR] LogOutputStream:75 - [STDERR_REDIRECT] 	at com.st.microxplorer.mcufinder.gui.selector.ResultTable.sortColumn(ResultTable.java:221)
2026-01-15 13:56:35,507 [ERROR] LogOutputStream:75 - [STDERR_REDIRECT] 	at com.st.microxplorer.mcufinder.gui.exampleselector.ExampleResultTable.sortOrderAndPrecedenceForColumns(ExampleResultTable.java:731)
2026-01-15 13:56:35,508 [ERROR] LogOutputStream:75 - [STDERR_REDIRECT] 	at com.st.microxplorer.mcufinder.gui.selector.MultiScanPanel.createResultGUI(MultiScanPanel.java:257)
2026-01-15 13:56:35,932 [ERROR] LogOutputStream:75 - [STDERR_REDIRECT] 	at com.st.microxplorer.mcufinder.gui.selector.MultiScanPanel.createGUI(MultiScanPanel.java:484)
2026-01-15 13:56:35,933 [ERROR] LogOutputStream:75 - [STDERR_REDIRECT] 	at com.st.microxplorer.mcufinder.gui.exampleselector.ExampleMultiScanPanel.<init>(ExampleMultiScanPanel.java:172)
2026-01-15 13:56:35,934 [ERROR] LogOutputStream:75 - [STDERR_REDIRECT] 	at com.st.microxplorer.mcufinder.gui.selector.MultiSelectorPanel.createExampleSelectorPanel(MultiSelectorPanel.java:225)
2026-01-15 13:56:35,934 [ERROR] LogOutputStream:75 - [STDERR_REDIRECT] 	at com.st.microxplorer.mcufinder.gui.selector.MultiSelectorPanel.setSelectedTabIndex(MultiSelectorPanel.java:433)
2026-01-15 13:56:35,935 [ERROR] LogOutputStream:75 - [STDERR_REDIRECT] 	at com.st.stm32cube.common.mx.targetselector.IdeMcuFinder.initializeExampleTab(IdeMcuFinder.java:334)
2026-01-15 13:56:35,936 [ERROR] LogOutputStream:75 - [STDERR_REDIRECT] 	at com.st.stm32cube.common.mx.targetselector.IdeMcuFinder$2.stateChanged(IdeMcuFinder.java:278)
2026-01-15 13:56:35,937 [ERROR] LogOutputStream:75 - [STDERR_REDIRECT] 	at java.desktop/javax.swing.JTabbedPane.fireStateChanged(JTabbedPane.java:444)
2026-01-15 13:56:35,937 [ERROR] LogOutputStream:75 - [STDERR_REDIRECT] 	at java.desktop/javax.swing.JTabbedPane$ModelListener.stateChanged(JTabbedPane.java:295)
2026-01-15 13:56:35,938 [ERROR] LogOutputStream:75 - [STDERR_REDIRECT] 	at java.desktop/javax.swing.DefaultSingleSelectionModel.fireStateChanged(DefaultSingleSelectionModel.java:148)
2026-01-15 13:56:36,370 [ERROR] LogOutputStream:75 - [STDERR_REDIRECT] 	at java.desktop/javax.swing.DefaultSingleSelectionModel.setSelectedIndex(DefaultSingleSelectionModel.java:79)
2026-01-15 13:56:37,212 [ERROR] LogOutputStream:75 - [STDERR_REDIRECT] 	at java.desktop/javax.swing.JTabbedPane.setSelectedIndexImpl(JTabbedPane.java:648)
2026-01-15 13:56:37,641 [ERROR] LogOutputStream:75 - [STDERR_REDIRECT] 	at java.desktop/javax.swing.JTabbedPane.setSelectedIndex(JTabbedPane.java:623)
2026-01-15 13:56:37,642 [ERROR] LogOutputStream:75 - [STDERR_REDIRECT] 	at java.desktop/javax.swing.plaf.basic.BasicTabbedPaneUI$Handler.mousePressed(BasicTabbedPaneUI.java:4101)
2026-01-15 13:56:37,642 [ERROR] LogOutputStream:75 - [STDERR_REDIRECT] 	at java.desktop/java.awt.Component.processMouseEvent(Component.java:6623)
2026-01-15 13:56:37,643 [ERROR] LogOutputStream:75 - [STDERR_REDIRECT] 	at java.desktop/javax.swing.JComponent.processMouseEvent(JComponent.java:3389)
2026-01-15 13:58:40,382 [INFO] Activator:176 - 


2026-01-15 13:58:40,384 [INFO] Activator:177 - !SESSION log4j initialized
2026-01-15 13:58:45,299 [INFO] LogOutputStream:77 - [STDOUT_REDIRECT] 
2026-01-15 13:58:48,639 [INFO] ApplicationProperties:184 - Using Application install path: C:\ST\STM32CubeIDE_1.16.1\STM32CubeIDE\plugins\com.st.stm32cube.common.mx_6.12.1.202409122256
2026-01-15 13:58:48,653 [INFO] DbMcusXml:78 - Set database path to: C:\ST\STM32CubeIDE_1.16.1\STM32CubeIDE\plugins\com.st.stm32cube.common.mx_6.12.1.202409122256\\db\/mcu/
2026-01-15 13:58:48,654 [INFO] ApiDb:274 - Set plugin database path to: C:\ST\STM32CubeIDE_1.16.1\STM32CubeIDE\plugins\com.st.stm32cube.common.mx_6.12.1.202409122256\\db\/plugins/boardmanager/
2026-01-15 13:58:48,654 [WARN] ApiDb:259 - Overriding images path with different value:  => C:\ST\STM32CubeIDE_1.16.1\STM32CubeIDE\plugins\com.st.stm32cube.common.mx_6.12.1.202409122256\\db\/plugins/mcufinder/images/
2026-01-15 13:58:48,658 [INFO] ApiDb:250 - Set database path to: C:\Users\RND1\.stmcufinder\plugins\mcufinder//mcu/
2026-01-15 13:58:48,659 [INFO] DbMcusAds:125 - Set database path to: C:\Users\RND1\.stmcufinder\plugins\mcufinder//mcu/
2026-01-15 13:58:48,662 [INFO] CrossReferenceDbSqlite:203 - Set database path to: C:\Users\RND1\.stmcufinder\plugins\mcufinder//mcu/cs/
2026-01-15 13:58:48,736 [INFO] RulesReader:64 - Compatibility file has been processed (297 Rules)
2026-01-15 13:58:48,816 [INFO] DbMcusXml:78 - Set database path to: C:\ST\STM32CubeIDE_1.16.1\STM32CubeIDE\plugins\com.st.stm32cube.common.mx_6.12.1.202409122256\\db\/mcu/
2026-01-15 13:58:48,817 [INFO] ApiDb:274 - Set plugin database path to: C:\ST\STM32CubeIDE_1.16.1\STM32CubeIDE\plugins\com.st.stm32cube.common.mx_6.12.1.202409122256\\db\/plugins/boardmanager/
2026-01-15 13:58:48,817 [INFO] ApiDb:261 - Set plugin images path to: C:\ST\STM32CubeIDE_1.16.1\STM32CubeIDE\plugins\com.st.stm32cube.common.mx_6.12.1.202409122256\\db\/plugins/mcufinder/images/
2026-01-15 13:58:48,817 [WARN] DbFile:41 - Overriding database path with different value: C:\Users\RND1\.stmcufinder\plugins\mcufinder/ => C:\Users\RND1\.stmcufinder\plugins\mcufinder
2026-01-15 13:58:48,817 [INFO] ApiDb:250 - Set database path to: C:\Users\RND1\.stmcufinder\plugins\mcufinder//mcu/
2026-01-15 13:58:48,817 [WARN] DbFile:41 - Overriding database path with different value: C:\Users\RND1\.stmcufinder\plugins\mcufinder/ => C:\Users\RND1\.stmcufinder\plugins\mcufinder
2026-01-15 13:58:48,817 [INFO] DbMcusAds:125 - Set database path to: C:\Users\RND1\.stmcufinder\plugins\mcufinder//mcu/
2026-01-15 13:58:48,817 [WARN] DbFile:41 - Overriding database path with different value: C:\Users\RND1\.stmcufinder\plugins\mcufinder/ => C:\Users\RND1\.stmcufinder\plugins\mcufinder
2026-01-15 13:58:48,818 [WARN] DbFile:41 - Overriding database path with different value: C:\Users\RND1\.stmcufinder\plugins\mcufinder/ => C:\Users\RND1\.stmcufinder\plugins\mcufinder
2026-01-15 13:58:48,818 [INFO] CrossReferenceDbSqlite:203 - Set database path to: C:\Users\RND1\.stmcufinder\plugins\mcufinder//mcu/cs/
2026-01-15 13:58:48,889 [INFO] MainPanel:268 - HeapMemory: 268435456
2026-01-15 13:58:48,969 [INFO] DbMcusXml:78 - Set database path to: C:\ST\STM32CubeIDE_1.16.1\STM32CubeIDE\plugins\com.st.stm32cube.common.mx_6.12.1.202409122256\\db\/mcu/
2026-01-15 13:58:48,969 [INFO] ApiDb:274 - Set plugin database path to: C:\ST\STM32CubeIDE_1.16.1\STM32CubeIDE\plugins\com.st.stm32cube.common.mx_6.12.1.202409122256\\db\/plugins/boardmanager/
2026-01-15 13:58:48,969 [INFO] ApiDb:261 - Set plugin images path to: C:\ST\STM32CubeIDE_1.16.1\STM32CubeIDE\plugins\com.st.stm32cube.common.mx_6.12.1.202409122256\\db\/plugins/mcufinder/images/
2026-01-15 13:58:48,969 [WARN] DbFile:41 - Overriding database path with different value: C:\Users\RND1\.stmcufinder\plugins\mcufinder/ => C:\Users\RND1\.stmcufinder\plugins\mcufinder
2026-01-15 13:58:48,969 [INFO] ApiDb:250 - Set database path to: C:\Users\RND1\.stmcufinder\plugins\mcufinder//mcu/
2026-01-15 13:58:48,969 [WARN] DbFile:41 - Overriding database path with different value: C:\Users\RND1\.stmcufinder\plugins\mcufinder/ => C:\Users\RND1\.stmcufinder\plugins\mcufinder
2026-01-15 13:58:48,969 [INFO] DbMcusAds:125 - Set database path to: C:\Users\RND1\.stmcufinder\plugins\mcufinder//mcu/
2026-01-15 13:58:48,969 [WARN] DbFile:41 - Overriding database path with different value: C:\Users\RND1\.stmcufinder\plugins\mcufinder/ => C:\Users\RND1\.stmcufinder\plugins\mcufinder
2026-01-15 13:58:48,969 [WARN] DbFile:41 - Overriding database path with different value: C:\Users\RND1\.stmcufinder\plugins\mcufinder/ => C:\Users\RND1\.stmcufinder\plugins\mcufinder
2026-01-15 13:58:48,970 [INFO] CrossReferenceDbSqlite:203 - Set database path to: C:\Users\RND1\.stmcufinder\plugins\mcufinder//mcu/cs/
2026-01-15 13:58:48,984 [INFO] ApplicationProperties:184 - Using Application install path: C:\ST\STM32CubeIDE_1.16.1\STM32CubeIDE\plugins\com.st.stm32cube.common.mx_6.12.1.202409122256
2026-01-15 13:58:48,985 [INFO] PluginManage:196 - Search for loadable plugins [exclusion list=, ]
2026-01-15 13:58:48,986 [INFO] PluginManage:310 - Check plugin analytics
2026-01-15 13:58:49,145 [INFO] AnalyticsPlugin:253 - Accepted Software Licenses: STM32CubeMX.6.10.0
2026-01-15 13:58:49,145 [INFO] AnalyticsPlugin:255 - Accepted CMSIS Pack Licenses: 
2026-01-15 13:58:49,145 [INFO] AnalyticsPlugin:257 - Accepted Firmware Licenses: FW.G4.1.5.0,FW.G4.1.6.0,FW.F4.1.28.0,FW.H7.1.11.0
2026-01-15 13:58:49,148 [INFO] PluginManage:359 - Loaded plugin analytics (category:tool,tabindex:-1)
2026-01-15 13:58:49,149 [INFO] PluginManage:310 - Check plugin cadmodel
2026-01-15 13:58:49,154 [INFO] CADModel:105 - Init CAD model plugin
2026-01-15 13:58:49,154 [INFO] PluginManage:359 - Loaded plugin cadmodel (category:power,tabindex:5)
2026-01-15 13:58:49,154 [INFO] PluginManage:310 - Check plugin clock
2026-01-15 13:58:49,167 [INFO] PluginManage:359 - Loaded plugin clock (category:base,tabindex:2)
2026-01-15 13:58:49,167 [INFO] PluginManage:310 - Check plugin ddr
2026-01-15 13:58:49,171 [INFO] PluginManage:359 - Loaded plugin ddr (category:tool,tabindex:6)
2026-01-15 13:58:49,171 [INFO] PluginManage:310 - Check plugin filemanager
2026-01-15 13:58:49,301 [INFO] PluginManage:359 - Loaded plugin filemanager (category:base,tabindex:10)
2026-01-15 13:58:49,301 [INFO] PluginManage:310 - Check plugin ipmanager
2026-01-15 13:58:49,307 [INFO] PluginManage:359 - Loaded plugin ipmanager (category:base,tabindex:5)
2026-01-15 13:58:49,308 [INFO] PluginManage:310 - Check plugin lpbam
2026-01-15 13:58:49,314 [INFO] PluginManage:359 - Loaded plugin lpbam (category:base,tabindex:0)
2026-01-15 13:58:49,314 [INFO] PluginManage:310 - Check plugin memorymap
2026-01-15 13:58:49,326 [INFO] PluginManage:359 - Loaded plugin memorymap (category:base,tabindex:4)
2026-01-15 13:58:49,326 [INFO] PluginManage:310 - Check plugin pinoutandconfiguration
2026-01-15 13:58:49,333 [INFO] PluginManage:359 - Loaded plugin pinoutandconfiguration (category:base,tabindex:1)
2026-01-15 13:58:49,333 [INFO] PluginManage:310 - Check plugin pinoutconfig
2026-01-15 13:58:49,393 [WARN] SupportedApi:132 - Cannot load RTOS API schema: s4s-elt-must-match.1: The content of 'definitions' must match (annotation?, (simpleType | complexType)?, (unique | key | keyref)*)). A problem was found starting at: attribute.
2026-01-15 13:58:49,497 [INFO] PluginManage:359 - Loaded plugin pinoutconfig (category:base,tabindex:0)
2026-01-15 13:58:49,497 [INFO] PluginManage:310 - Check plugin power
2026-01-15 13:58:49,503 [INFO] PluginManage:359 - Loaded plugin power (category:power,tabindex:4)
2026-01-15 13:58:49,504 [INFO] PluginManage:310 - Check plugin projectmanager
2026-01-15 13:58:49,518 [INFO] PluginManage:359 - Loaded plugin projectmanager (category:projectmanager,tabindex:4)
2026-01-15 13:58:49,518 [INFO] PluginManage:310 - Check plugin rif
2026-01-15 13:58:49,533 [INFO] PluginManage:359 - Loaded plugin rif (category:base,tabindex:3)
2026-01-15 13:58:49,533 [INFO] PluginManage:310 - Check plugin thirdparty
2026-01-15 13:58:49,776 [INFO] PluginManage:359 - Loaded plugin thirdparty (category:base,tabindex:-1)
2026-01-15 13:58:49,777 [INFO] PluginManage:310 - Check plugin tools
2026-01-15 13:58:49,776 [WARN] IntegrityCheckThread:84 - waiting for thirdparty lock release [integrity check]
2026-01-15 13:58:49,777 [INFO] IntegrityCheckThread:86 - entering critical section [integrity check]
2026-01-15 13:58:49,777 [INFO] ThirdPartyUpdaterWithRetryManager:70 - Updater plugin not ready yet. [1/15]
2026-01-15 13:58:49,778 [INFO] PluginManage:359 - Loaded plugin tools (category:base,tabindex:7)
2026-01-15 13:58:49,778 [INFO] PluginManage:310 - Check plugin tutovideos
2026-01-15 13:58:49,912 [INFO] PluginManage:359 - Loaded plugin tutovideos (category:base,tabindex:-1)
2026-01-15 13:58:49,912 [INFO] PluginManage:310 - Check plugin updater
2026-01-15 13:58:49,927 [INFO] PluginManage:359 - Loaded plugin updater (category:base,tabindex:12)
2026-01-15 13:58:49,927 [INFO] PluginManage:310 - Check plugin userauth
2026-01-15 13:58:49,932 [INFO] UserAuth:113 - Init User Auth plugin
2026-01-15 13:58:49,932 [INFO] PluginManage:359 - Loaded plugin userauth (category:base,tabindex:14)
2026-01-15 13:58:49,932 [INFO] PluginManage:283 - PluginManage : Loaded plugins [18]
2026-01-15 13:58:50,100 [INFO] PinOutPanel:1561 - setPackage(No Configuration,No Configuration)
2026-01-15 13:58:50,171 [INFO] CADModel:165 - CPN selected for project level
2026-01-15 13:58:50,171 [INFO] CADModel:114 - Register for checkConnection events
2026-01-15 13:58:50,183 [INFO] IPUIPlugin:80 - create IPUIPlugin
2026-01-15 13:58:50,183 [INFO] PluginManager:220 - loadIPPluginJar : add adc
2026-01-15 13:58:50,185 [INFO] IPUIPlugin:80 - create IPUIPlugin
2026-01-15 13:58:50,185 [INFO] PluginManager:220 - loadIPPluginJar : add aes
2026-01-15 13:58:50,187 [INFO] IPUIPlugin:80 - create IPUIPlugin
2026-01-15 13:58:50,187 [INFO] PluginManager:220 - loadIPPluginJar : add can
2026-01-15 13:58:50,189 [INFO] IPUIPlugin:80 - create IPUIPlugin
2026-01-15 13:58:50,189 [INFO] PluginManager:220 - loadIPPluginJar : add comp
2026-01-15 13:58:50,191 [INFO] IPUIPlugin:80 - create IPUIPlugin
2026-01-15 13:58:50,191 [INFO] PluginManager:220 - loadIPPluginJar : add cryp
2026-01-15 13:58:50,203 [INFO] IPUIPlugin:80 - create IPUIPlugin
2026-01-15 13:58:50,204 [INFO] PluginManager:220 - loadIPPluginJar : add ddr_ctrl_phy
2026-01-15 13:58:50,206 [INFO] IPUIPlugin:80 - create IPUIPlugin
2026-01-15 13:58:50,206 [INFO] PluginManager:220 - loadIPPluginJar : add dfsdm
2026-01-15 13:58:50,210 [INFO] IPUIPlugin:80 - create IPUIPlugin
2026-01-15 13:58:50,210 [INFO] PluginManager:220 - loadIPPluginJar : add dma
2026-01-15 13:58:50,212 [INFO] IPUIPlugin:80 - create IPUIPlugin
2026-01-15 13:58:50,212 [INFO] PluginManager:220 - loadIPPluginJar : add dma3
2026-01-15 13:58:50,214 [INFO] IPUIPlugin:80 - create IPUIPlugin
2026-01-15 13:58:50,214 [INFO] PluginManager:220 - loadIPPluginJar : add extmemmanager
2026-01-15 13:58:50,215 [INFO] IPUIPlugin:80 - create IPUIPlugin
2026-01-15 13:58:50,215 [INFO] PluginManager:220 - loadIPPluginJar : add fatfs
2026-01-15 13:58:50,218 [INFO] IPUIPlugin:80 - create IPUIPlugin
2026-01-15 13:58:50,219 [INFO] PluginManager:220 - loadIPPluginJar : add fmc
2026-01-15 13:58:50,222 [INFO] IPUIPlugin:80 - create IPUIPlugin
2026-01-15 13:58:50,223 [INFO] PluginManager:220 - loadIPPluginJar : add freertos
2026-01-15 13:58:50,224 [INFO] IPUIPlugin:80 - create IPUIPlugin
2026-01-15 13:58:50,224 [INFO] PluginManager:220 - loadIPPluginJar : add genericplugin
2026-01-15 13:58:50,225 [INFO] IPUIPlugin:80 - create IPUIPlugin
2026-01-15 13:58:50,225 [INFO] PluginManager:220 - loadIPPluginJar : add gfxmmu
2026-01-15 13:58:50,228 [INFO] IPUIPlugin:80 - create IPUIPlugin
2026-01-15 13:58:50,229 [INFO] PluginManager:220 - loadIPPluginJar : add gic
2026-01-15 13:58:50,231 [INFO] IPUIPlugin:80 - create IPUIPlugin
2026-01-15 13:58:50,231 [INFO] PluginManager:220 - loadIPPluginJar : add gpio
2026-01-15 13:58:50,233 [INFO] IPUIPlugin:80 - create IPUIPlugin
2026-01-15 13:58:50,233 [INFO] PluginManager:220 - loadIPPluginJar : add gtzc
2026-01-15 13:58:50,235 [INFO] IPUIPlugin:80 - create IPUIPlugin
2026-01-15 13:58:50,235 [INFO] PluginManager:220 - loadIPPluginJar : add hash
2026-01-15 13:58:50,237 [INFO] IPUIPlugin:80 - create IPUIPlugin
2026-01-15 13:58:50,237 [INFO] PluginManager:220 - loadIPPluginJar : add i2c
2026-01-15 13:58:50,238 [INFO] IPUIPlugin:80 - create IPUIPlugin
2026-01-15 13:58:50,239 [INFO] PluginManager:220 - loadIPPluginJar : add i2s
2026-01-15 13:58:50,240 [INFO] IPUIPlugin:80 - create IPUIPlugin
2026-01-15 13:58:50,241 [INFO] PluginManager:220 - loadIPPluginJar : add i3c
2026-01-15 13:58:50,329 [INFO] IPUIPlugin:80 - create IPUIPlugin
2026-01-15 13:58:50,329 [INFO] PluginManager:220 - loadIPPluginJar : add ipddr
2026-01-15 13:58:50,334 [INFO] IPUIPlugin:80 - create IPUIPlugin
2026-01-15 13:58:50,334 [INFO] PluginManager:220 - loadIPPluginJar : add linkedlist
2026-01-15 13:58:50,336 [INFO] IPUIPlugin:80 - create IPUIPlugin
2026-01-15 13:58:50,336 [INFO] PluginManager:220 - loadIPPluginJar : add lorawan
2026-01-15 13:58:50,337 [INFO] IPUIPlugin:80 - create IPUIPlugin
2026-01-15 13:58:50,337 [INFO] PluginManager:220 - loadIPPluginJar : add ltdc
2026-01-15 13:58:50,340 [INFO] IPUIPlugin:80 - create IPUIPlugin
2026-01-15 13:58:50,340 [INFO] PluginManager:220 - loadIPPluginJar : add mdma
2026-01-15 13:58:50,343 [INFO] IPUIPlugin:80 - create IPUIPlugin
2026-01-15 13:58:50,343 [INFO] PluginManager:220 - loadIPPluginJar : add nvic
2026-01-15 13:58:50,345 [INFO] IPUIPlugin:80 - create IPUIPlugin
2026-01-15 13:58:50,345 [INFO] PluginManager:220 - loadIPPluginJar : add opamp
2026-01-15 13:58:50,347 [INFO] IPUIPlugin:80 - create IPUIPlugin
2026-01-15 13:58:50,347 [INFO] PluginManager:220 - loadIPPluginJar : add openamp
2026-01-15 13:58:50,349 [INFO] IPUIPlugin:80 - create IPUIPlugin
2026-01-15 13:58:50,349 [INFO] PluginManager:220 - loadIPPluginJar : add pdm2pcm
2026-01-15 13:58:50,352 [INFO] IPUIPlugin:80 - create IPUIPlugin
2026-01-15 13:58:50,354 [INFO] PluginManager:220 - loadIPPluginJar : add plateformsettings
2026-01-15 13:58:50,355 [INFO] IPUIPlugin:80 - create IPUIPlugin
2026-01-15 13:58:50,355 [INFO] PluginManager:220 - loadIPPluginJar : add quadspi
2026-01-15 13:58:50,356 [INFO] IPUIPlugin:80 - create IPUIPlugin
2026-01-15 13:58:50,356 [INFO] PluginManager:220 - loadIPPluginJar : add radio
2026-01-15 13:58:50,358 [INFO] IPUIPlugin:80 - create IPUIPlugin
2026-01-15 13:58:50,358 [INFO] PluginManager:220 - loadIPPluginJar : add resmgrutility
2026-01-15 13:58:50,360 [INFO] IPUIPlugin:80 - create IPUIPlugin
2026-01-15 13:58:50,360 [INFO] PluginManager:220 - loadIPPluginJar : add sai
2026-01-15 13:58:50,362 [INFO] IPUIPlugin:80 - create IPUIPlugin
2026-01-15 13:58:50,362 [INFO] PluginManager:220 - loadIPPluginJar : add spi
2026-01-15 13:58:50,365 [INFO] IPUIPlugin:80 - create IPUIPlugin
2026-01-15 13:58:50,365 [INFO] PluginManager:220 - loadIPPluginJar : add stm32_wpan
2026-01-15 13:58:50,366 [INFO] IPUIPlugin:80 - create IPUIPlugin
2026-01-15 13:58:50,366 [INFO] PluginManager:220 - loadIPPluginJar : add tim
2026-01-15 13:58:50,368 [INFO] IPUIPlugin:80 - create IPUIPlugin
2026-01-15 13:58:50,368 [INFO] PluginManager:220 - loadIPPluginJar : add touchsensing
2026-01-15 13:58:50,370 [INFO] IPUIPlugin:80 - create IPUIPlugin
2026-01-15 13:58:50,370 [INFO] PluginManager:220 - loadIPPluginJar : add tracer_emb
2026-01-15 13:58:50,371 [INFO] IPUIPlugin:80 - create IPUIPlugin
2026-01-15 13:58:50,371 [INFO] PluginManager:220 - loadIPPluginJar : add ts
2026-01-15 13:58:50,372 [INFO] IPUIPlugin:80 - create IPUIPlugin
2026-01-15 13:58:50,372 [INFO] PluginManager:220 - loadIPPluginJar : add tsc
2026-01-15 13:58:50,373 [INFO] IPUIPlugin:80 - create IPUIPlugin
2026-01-15 13:58:50,374 [INFO] PluginManager:220 - loadIPPluginJar : add ucpd
2026-01-15 13:58:50,375 [INFO] IPUIPlugin:80 - create IPUIPlugin
2026-01-15 13:58:50,375 [INFO] PluginManager:220 - loadIPPluginJar : add usart
2026-01-15 13:58:50,377 [INFO] IPUIPlugin:80 - create IPUIPlugin
2026-01-15 13:58:50,377 [INFO] PluginManager:220 - loadIPPluginJar : add usbx
2026-01-15 13:58:50,492 [INFO] CADModel:165 - CPN selected for project level
2026-01-15 13:58:50,492 [INFO] CADModel:114 - Register for checkConnection events
2026-01-15 13:58:50,493 [FATAL] Updater:334 - Updater called before beeing initialized
2026-01-15 13:58:50,493 [ERROR] CADModel:125 - Updater not yet initialized, retry later 
2026-01-15 13:58:50,594 [INFO] CADModel:165 - CPN selected for project level
2026-01-15 13:58:50,594 [INFO] CADModel:114 - Register for checkConnection events
2026-01-15 13:58:50,594 [FATAL] Updater:334 - Updater called before beeing initialized
2026-01-15 13:58:50,594 [ERROR] CADModel:125 - Updater not yet initialized, retry later 
2026-01-15 13:58:50,597 [FATAL] Updater:334 - Updater called before beeing initialized
2026-01-15 13:58:50,674 [FATAL] Updater:334 - Updater called before beeing initialized
2026-01-15 13:58:50,677 [INFO] DbMcusAds:53 - JSON generation date=Fri Jan 09 00:56:32 KST 2026 (1767887792457)
2026-01-15 13:58:50,677 [FATAL] Updater:334 - Updater called before beeing initialized
2026-01-15 13:58:50,706 [WARN] DetailPanel:346 - Failed to get advertising image, set to default
2026-01-15 13:58:50,794 [FATAL] Updater:334 - Updater called before beeing initialized
2026-01-15 13:58:50,795 [FATAL] Updater:334 - Updater called before beeing initialized
2026-01-15 13:58:50,796 [FATAL] Updater:334 - Updater called before beeing initialized
2026-01-15 13:58:50,796 [WARN] DetailPanel:346 - Failed to get advertising image, set to default
2026-01-15 13:58:50,796 [FATAL] Updater:334 - Updater called before beeing initialized
2026-01-15 13:58:50,841 [ERROR] Updater:1164 - MainUpdater not yet initialized. External WinMGr cannot be set.
2026-01-15 13:58:50,850 [INFO] Updater:1100 - Updater Version found : 6.12.1
2026-01-15 13:58:50,862 [INFO] ApplicationProperties:184 - Using Application install path: C:\ST\STM32CubeIDE_1.16.1\STM32CubeIDE\plugins\com.st.stm32cube.common.mx_6.12.1.202409122256
2026-01-15 13:58:51,722 [INFO] MainUpdater:2873 - connection check result : 10
2026-01-15 13:58:51,722 [INFO] MainUpdater:290 - Updater Check For Update Now.
2026-01-15 13:58:51,722 [INFO] MicroXplorer:498 - Change Database Version : DB.6.0.121
2026-01-15 13:58:51,747 [INFO] McuFinderGlobals:63 - Set McuFinder mode to 2 (CubeIDE integrated)
2026-01-15 13:58:51,756 [INFO] UserAuth:417 - Internet connection configuration mode: 1
2026-01-15 13:58:51,787 [INFO] JxBrowserEngine:152 - Initiate JxBrowser Engine with user profile folder
2026-01-15 13:58:51,893 [INFO] CheckServerUpdateThread:120 - End of CheckServer Thread
2026-01-15 13:58:52,171 [INFO] McuFinderGlobals:63 - Set McuFinder mode to 2 (CubeIDE integrated)
2026-01-15 13:58:52,186 [INFO] MainUpdater:2873 - connection check result : 10
2026-01-15 13:58:52,460 [INFO] ApiDb:581 - Connected to CubeFinder SQLite database (C:\Users\RND1\.stmcufinder\plugins\mcufinder\mcu\cube-finder-db.db)
2026-01-15 13:58:52,508 [INFO] ApiDb:668 - CubeFinder database Data Model version=2.1
2026-01-15 13:58:52,508 [INFO] ApiDb:669 - CubeFinder database Configuration version=3.0.39
2026-01-15 13:58:52,508 [INFO] ApiDb:670 - CubeFinder database generation date=2025-12-22 (1766407740)
2026-01-15 13:58:52,508 [INFO] ApiDb:671 - CubeFinder database FW Pack versions=[FP-ATR-ASTRA1_V2.0.0, FP-SNS-FLIGHT1_V5.1.0, FP-SNS-MOTENV1_V5.1.0, FP-SNS-MOTENVWB1_V1.4.0, FP-SNS-SMARTAG2_V1.2.0, FP-SNS-STBOX1_V2.1.0, STM32Cube_FW_C0_V1.4.0, STM32Cube_FW_F4_V1.28.3, STM32Cube_FW_F7_V1.17.4, STM32Cube_FW_G0_V1.6.2, STM32Cube_FW_G4_V1.6.1, STM32Cube_FW_H5_V1.5.1, STM32Cube_FW_H7RS_V1.3.0, STM32Cube_FW_H7_V1.12.1, STM32Cube_FW_L0_V1.12.2, STM32Cube_FW_L4_V1.18.1, STM32Cube_FW_L5_V1.6.0, STM32Cube_FW_N6_V1.3.0, STM32Cube_FW_U0_V1.3.0, STM32Cube_FW_U3_V1.2.1, STM32Cube_FW_U5_V1.8.0, STM32Cube_FW_WB0_V1.4.0, STM32Cube_FW_WBA_V1.8.0, STM32Cube_FW_WB_V1.24.0, STM32Cube_FW_WL3_V1.3.0, STM32Cube_FW_WL_V1.4.0, X-CUBE-ALGOBUILD_V1.4.0, X-CUBE-ALS_V1.0.2, X-CUBE-AZRTOS-F4_V1.1.0, X-CUBE-AZRTOS-F7_V1.1.0, X-CUBE-AZRTOS-G0_V1.1.0, X-CUBE-AZRTOS-G4_V2.0.0, X-CUBE-AZRTOS-H7RS_V1.1.0, X-CUBE-AZRTOS-H7_V3.4.0, X-CUBE-AZRTOS-L4_V2.0.0, X-CUBE-AZRTOS-L5_V2.0.0, X-CUBE-AZRTOS-WB_V2.0.0, X-CUBE-AZRTOS-WL_V2.0.0, X-CUBE-BLE1_V7.1.0, X-CUBE-BLE2_V3.3.0, X-CUBE-BLEMGR_V4.1.0, X-CUBE-EEPRMA1_V5.2.0, X-CUBE-FREERTOS_V1.3.1, X-CUBE-GNSS1_V6.0.0, X-CUBE-MEMS1_V12.0.0, X-CUBE-NFC4_V3.0.0, X-CUBE-NFC7_V2.0.0, X-CUBE-SFXS2LP1_V4.0.0, X-CUBE-ST67W61_V1.1.0, X-CUBE-SUBG2_V5.0.0, X-CUBE-TOF1_V3.4.3]
2026-01-15 13:58:52,552 [INFO] DbBoardsSqlite:226 - include board P-NUCLEO-WB55-NUCLEO as a kit item of type 'Nucleo-64'
2026-01-15 13:58:52,553 [INFO] DbBoardsSqlite:226 - include board P-NUCLEO-WB55-USBDONGLE as a kit item of type 'Nucleo USB Dongle'
2026-01-15 13:58:52,553 [INFO] DbBoardsSqlite:226 - include board STEVAL-IDP005V1 as a kit item of type 'Evaluation Board'
2026-01-15 13:58:52,553 [INFO] DbBoardsSqlite:226 - include board STEVAL-IDP005V2 as a kit item of type 'Evaluation Board'
2026-01-15 13:58:52,601 [INFO] ApiDb:240 - Found 646 in-development CPN: [B-G473E-ZEST1S, B-WB1M-WPAN1, B-WL5M-SUBG1, NUCLEO-C031C6, NUCLEO-C071RB, NUCLEO-H503RB, NUCLEO-H533RE, NUCLEO-H563ZI, NUCLEO-H7S3L8, NUCLEO-U031R8, NUCLEO-U083RC, NUCLEO-U545RE-Q, NUCLEO-U5A5ZJ-Q, NUCLEO-WB05KZ, NUCLEO-WB07CC, NUCLEO-WB09KE, NUCLEO-WBA52CG, NUCLEO-WBA55CG, STEVAL-PROTEUS1, STEVAL-SMARTAG2, STEVAL-STWINBX1, STM320518-EVAL, STM32C0116-DK, STM32C011D6Y3TR, STM32C011D6Y6TR, STM32C011F4P3, STM32C011F4P6, STM32C011F4U3, STM32C011F4U6TR, STM32C011F6P3, STM32C011F6P6, STM32C011F6U3, STM32C011F6U6TR, STM32C011J4M3, STM32C011J4M6, STM32C011J6M3, STM32C011J6M6, STM32C0316-DK, STM32C031C4T3, STM32C031C4T6, STM32C031C4U3, STM32C031C4U6, STM32C031C6T3, STM32C031C6T6, STM32C031C6U3, STM32C031C6U6, STM32C031F4P3, STM32C031F4P6, STM32C031F6P3, STM32C031F6P6, STM32C031G4U3, STM32C031G4U6, STM32C031G6U3, STM32C031G6U6, STM32C031K4T3, STM32C031K4T6, STM32C031K4U3, STM32C031K4U6, STM32C031K6T3, STM32C031K6T6, STM32C031K6U3, STM32C031K6U6, STM32C071C8T6, STM32C071C8T6N, STM32C071C8U6, STM32C071C8U6N, STM32C071CBT6, STM32C071CBT6N, STM32C071CBU6, STM32C071CBU6N, STM32C071F8P6, STM32C071F8P6N, STM32C071FBP6, STM32C071FBP6N, STM32C071FBY6TR, STM32C071G8U6, STM32C071G8U6N, STM32C071GBU6, STM32C071GBU6N, STM32C071K8T6, STM32C071K8T6N, STM32C071K8U6, STM32C071K8U6N, STM32C071KBT6, STM32C071KBT6N, STM32C071KBU6, STM32C071KBU6N, STM32C071R8T6, STM32C071R8T6N, STM32C071RBI6N, STM32C071RBT6, STM32C071RBT6N, STM32G071K8TXN, STM32G071K8UXN, STM32G081GBU6N, STM32G081KBT6N, STM32G081KBUXN, STM32G0B1CCT6N, STM32G0B1KCT6, STM32G0B1NEY6TR, STM32G0B1RCT6N, STM32G0C1CCT6, STM32G0C1CCT6N, STM32G0C1CCU6N, STM32G0C1CET6N, STM32G0C1CEU6N, STM32G0C1KCT6, STM32G0C1NEY6TR, STM32G0C1RCI6N, STM32G0C1RCT6N, STM32G0C1REI6N, STM32G0C1RET6N, STM32G0C1VCI6, STM32G0C1VEI6, STM32G411C6T3, STM32G411C6T6, STM32G411C6U3, STM32G411C6U6, STM32G411C8T3, STM32G411C8T6, STM32G411C8U3, STM32G411C8U6, STM32G411CBT3, STM32G411CBT6, STM32G411CBU3, STM32G411CBU6, STM32G411K6T3, STM32G411K6T6, STM32G411K6U3, STM32G411K6U6, STM32G411K8T3, STM32G411K8T6, STM32G411K8U3, STM32G411K8U6, STM32G411KBT3, STM32G411KBT6, STM32G411KBU3, STM32G411KBU6, STM32G411M6T3, STM32G411M6T6, STM32G411M8T3, STM32G411M8T6, STM32G411MBT3, STM32G411MBT6, STM32G411R6T3, STM32G411R6T6, STM32G411R8T3, STM32G411R8T6, STM32G411RBT3, STM32G411RBT6, STM32G414CBT3, STM32G414CBT6, STM32G414CBU3, STM32G414CBU6, STM32G414CCT3, STM32G414CCT6, STM32G414CCU3, STM32G414CCU6, STM32G414MBT3, STM32G414MBT6, STM32G414MCT3, STM32G414MCT6, STM32G414RBT3, STM32G414RBT6, STM32G414RCT3, STM32G414RCT6, STM32G414VBT3, STM32G414VBT6, STM32G414VCT3, STM32G414VCT6, STM32G431CBT3Z, STM32G431RBT3Z, STM32G471CCT6, STM32G471CCU6, STM32G471CET3, STM32G471CET6, STM32G471CEU3, STM32G471CEU6, STM32G471MCT6, STM32G471MET3, STM32G471MET6, STM32G471MEY6TR, STM32G471QCT6, STM32G471QET3, STM32G471RCT6, STM32G471RET3, STM32G471RET6, STM32G471VCH6, STM32G471VCI6, STM32G471VCT6, STM32G471VEH3, STM32G471VEH6, STM32G471VEI3, STM32G471VEI6, STM32G471VET3, STM32G471VET6, STM32G473QET3Z, STM32G473RET3Z, STM32G474CCT6, STM32G491RET3Z, STM32H503CBT6, STM32H503CBU6, STM32H503EBY6TR, STM32H503KBU6, STM32H503RBT6, STM32H523CCT6, STM32H523CCU6, STM32H523CET6, STM32H523CEU6, STM32H523HEY6TR, STM32H523RCT6, STM32H523RET6, STM32H523VCI6, STM32H523VCT6, STM32H523VEI6, STM32H523VET6, STM32H523ZCJ6, STM32H523ZCT6, STM32H523ZEJ6, STM32H523ZET6, STM32H533CET6, STM32H533CEU6, STM32H533HEY6TR, STM32H533RET6, STM32H533VEI6, STM32H533VET6, STM32H533ZEJ6, STM32H533ZET6, STM32H562AGI6, STM32H562AII6, STM32H562IGK6, STM32H562IGT6, STM32H562IIK6, STM32H562IIT6, STM32H562RGT6, STM32H562RGV6, STM32H562RIT6, STM32H562RIV6, STM32H562VGT6, STM32H562VIT6, STM32H562ZGT6, STM32H562ZIT6, STM32H563AGI6, STM32H563AII3Q, STM32H563AII6, STM32H563IGK6, STM32H563IGT6, STM32H563IIK3Q, STM32H563IIK6, STM32H563IIT3Q, STM32H563IIT6, STM32H563MIY3QTR, STM32H563RGT6, STM32H563RGV6, STM32H563RIT6, STM32H563RIV6, STM32H563VGT6, STM32H563VIT3Q, STM32H563VIT6, STM32H563ZGT6, STM32H563ZIT3Q, STM32H563ZIT6, STM32H573AII3Q, STM32H573AII6, STM32H573I-DK, STM32H573IIK3Q, STM32H573IIK6, STM32H573IIT3Q, STM32H573IIT6, STM32H573MIY3QTR, STM32H573RIT6, STM32H573RIV6, STM32H573VIT3Q, STM32H573VIT6, STM32H573ZIT3Q, STM32H573ZIT6, STM32H7R3A8I6, STM32H7R3I8K6, STM32H7R3I8T6, STM32H7R3L8H6, STM32H7R3L8H6H, STM32H7R3R8V6, STM32H7R3V8H6, STM32H7R3V8T6, STM32H7R3V8Y6TR, STM32H7R3Z8J6, STM32H7R3Z8T6, STM32H7R7A8I6, STM32H7R7I8K6, STM32H7R7I8T6, STM32H7R7L8H6, STM32H7R7L8H6H, STM32H7R7Z8J6, STM32H7S3A8I6, STM32H7S3I8K6, STM32H7S3I8T6, STM32H7S3L8H6, STM32H7S3L8H6H, STM32H7S3R8V6, STM32H7S3V8H6, STM32H7S3V8T6, STM32H7S3V8Y6TR, STM32H7S3Z8J6, STM32H7S3Z8T6, STM32H7S78-DK, STM32H7S7A8I6, STM32H7S7I8K6, STM32H7S7I8T6, STM32H7S7L8H6, STM32H7S7L8H6H, STM32H7S7Z8J6, STM32L4R5QGI6STR, STM32MP131AAE3, STM32MP131AAF3, STM32MP131AAG3, STM32MP131CAE3, STM32MP131CAF3, STM32MP131CAG3, STM32MP131DAE7, STM32MP131DAF7, STM32MP131DAG7, STM32MP131FAE7, STM32MP131FAF7, STM32MP131FAG7, STM32MP133AAE3, STM32MP133AAF3, STM32MP133AAG3, STM32MP133CAE3, STM32MP133CAF3, STM32MP133CAG3, STM32MP133DAE7, STM32MP133DAF7, STM32MP133DAG7, STM32MP133FAE7, STM32MP133FAF7, STM32MP133FAG7, STM32MP135AAE3, STM32MP135AAF3, STM32MP135AAG3, STM32MP135CAE3, STM32MP135CAF3, STM32MP135CAG3, STM32MP135DAE7, STM32MP135DAF7, STM32MP135DAG7, STM32MP135F-DK, STM32MP135FAE7, STM32MP135FAF7, STM32MP135FAF7T, STM32MP135FAF7U, STM32MP135FAG7, STM32MP251AAI3, STM32MP251AAK3, STM32MP251AAL3, STM32MP251CAI3, STM32MP251CAK3, STM32MP251CAL3, STM32MP251DAI3, STM32MP251DAK3, STM32MP251DAL3, STM32MP251FAI3, STM32MP251FAK3, STM32MP251FAL3, STM32MP253AAI3, STM32MP253AAK3, STM32MP253AAL3, STM32MP253CAI3, STM32MP253CAK3, STM32MP253CAL3, STM32MP253DAI3, STM32MP253DAK3, STM32MP253DAL3, STM32MP253FAI3, STM32MP253FAK3, STM32MP253FAL3, STM32MP255AAI3, STM32MP255AAK3, STM32MP255AAL3, STM32MP255CAI3, STM32MP255CAK3, STM32MP255CAL3, STM32MP255DAI3, STM32MP255DAK3, STM32MP255DAL3, STM32MP255FAI3, STM32MP255FAK3, STM32MP255FAL3, STM32MP257AAI3, STM32MP257AAK3, STM32MP257AAL3, STM32MP257CAI3, STM32MP257CAK3, STM32MP257CAL3, STM32MP257DAI3, STM32MP257DAK3, STM32MP257DAL3, STM32MP257F-DK, STM32MP257F-EV1, STM32MP257FAI3, STM32MP257FAK3, STM32MP257FAL3, STM32U031C6T6, STM32U031C6U6, STM32U031C8T6, STM32U031C8U6, STM32U031F4P6, STM32U031F6P6, STM32U031F8P6, STM32U031G6Y6TR, STM32U031G8Y6TR, STM32U031K4U6, STM32U031K6U6, STM32U031K8U6, STM32U031R6I6, STM32U031R6T6, STM32U031R8I6, STM32U031R8T6, STM32U073C8T6, STM32U073C8U6, STM32U073CBT6, STM32U073CBU6, STM32U073CCT6, STM32U073CCU6, STM32U073H8Y6TR, STM32U073HBY6TR, STM32U073HCY6TR, STM32U073K8U6, STM32U073KBU6, STM32U073KCU6, STM32U073M8I6, STM32U073M8T6, STM32U073MBI6, STM32U073MBT6, STM32U073MCI6, STM32U073MCT6, STM32U073R8I6, STM32U073R8T6, STM32U073RBI6, STM32U073RBT6, STM32U073RCI6, STM32U073RCT6, STM32U083C-DK, STM32U083CCT6, STM32U083CCU6, STM32U083HCY6TR, STM32U083KCU6, STM32U083MCI6, STM32U083MCT6, STM32U083RCI6, STM32U083RCT6, STM32U535CBT6, STM32U535CBT6Q, STM32U535CBU6, STM32U535CBU6Q, STM32U535CCT6, STM32U535CCT6Q, STM32U535CCU6, STM32U535CCU6Q, STM32U535CET6, STM32U535CET6Q, STM32U535CEU6, STM32U535CEU6Q, STM32U535JEY6QTR, STM32U535NCY6QTR, STM32U535NEY6QTR, STM32U535RBI6, STM32U535RBI6Q, STM32U535RBT6, STM32U535RBT6Q, STM32U535RCI6, STM32U535RCI6Q, STM32U535RCT6, STM32U535RCT6Q, STM32U535REI6, STM32U535REI6Q, STM32U535RET6, STM32U535RET6Q, STM32U535VCI6, STM32U535VCI6Q, STM32U535VCT6, STM32U535VCT6Q, STM32U535VEI6, STM32U535VEI6Q, STM32U535VET6, STM32U535VET6Q, STM32U545CET6, STM32U545CET6Q, STM32U545CEU6, STM32U545CEU6Q, STM32U545JEY6QTR, STM32U545NEY6QTR, STM32U545REI6, STM32U545REI6Q, STM32U545RET6, STM32U545RET6Q, STM32U545VEI6, STM32U545VEI6Q, STM32U545VET6, STM32U545VET6Q, STM32U595AIH6, STM32U595AIH6Q, STM32U595AJH6, STM32U595AJH6Q, STM32U595QII6, STM32U595QII6Q, STM32U595QJI6, STM32U595QJI6Q, STM32U595RIT6, STM32U595RIT6Q, STM32U595RJT6, STM32U595RJT6Q, STM32U595VIT6, STM32U595VIT6Q, STM32U595VJT6, STM32U595VJT6Q, STM32U595ZIT6, STM32U595ZIT6Q, STM32U595ZIY6QTR, STM32U595ZJT6, STM32U595ZJT6Q, STM32U595ZJY6QTR, STM32U599BJY6QTR, STM32U599NIH6Q, STM32U599NJH6Q, STM32U599VIT6Q, STM32U599VJT6, STM32U599VJT6Q, STM32U599ZIT6Q, STM32U599ZIY6QTR, STM32U599ZJT6Q, STM32U599ZJY6QTR, STM32U5A5AJH6, STM32U5A5AJH6Q, STM32U5A5QII3Q , STM32U5A5QJI6, STM32U5A5QJI6Q, STM32U5A5RJT6, STM32U5A5RJT6Q, STM32U5A5VJT6, STM32U5A5VJT6Q, STM32U5A5ZJT6, STM32U5A5ZJT6Q, STM32U5A5ZJY6QTR, STM32U5A9BJY6QTR, STM32U5A9J-DK, STM32U5A9NJH6Q, STM32U5A9VJT6Q, STM32U5A9ZJT6Q, STM32U5A9ZJY6QTR, STM32U5F7VIT6, STM32U5F7VIT6Q, STM32U5F7VJT6, STM32U5F7VJT6Q, STM32U5F9BJY6QTR, STM32U5F9NJH6Q, STM32U5F9VIT6Q, STM32U5F9VJT6Q, STM32U5F9ZIJ6QTR, STM32U5F9ZIT6Q, STM32U5F9ZJJ6QTR, STM32U5F9ZJT6Q, STM32U5G7VJT6, STM32U5G7VJT6Q, STM32U5G9BJY6QTR, STM32U5G9J-DK1, STM32U5G9J-DK2, STM32U5G9NJH6Q, STM32U5G9VJT6Q, STM32U5G9ZJJ6QTR, STM32U5G9ZJT6Q, STM32WB05KZV6TR, STM32WB05KZV7TR, STM32WB05TZF6TR, STM32WB05TZF7TR, STM32WB06CCF6TR, STM32WB06CCF7TR, STM32WB06CCV6TR, STM32WB06CCV7TR, STM32WB06KCV6TR, STM32WB06KCV7TR, STM32WB07CCF6TR, STM32WB07CCF7TR, STM32WB07CCV6TR, STM32WB07CCV7TR, STM32WB07KCV6TR, STM32WB07KCV7TR, STM32WB09KEV6TR, STM32WB09KEV7TR, STM32WB09TEF6TR, STM32WB09TEF7TR, STM32WB1MMCH6, STM32WBA50KGU6, STM32WBA50KGU6TR, STM32WBA52CEU6, STM32WBA52CEU6TR, STM32WBA52CEU7, STM32WBA52CEU7TR, STM32WBA52CGU6, STM32WBA52CGU6TR, STM32WBA52CGU6U, STM32WBA52CGU7, STM32WBA52CGU7TR, STM32WBA52KEU6, STM32WBA52KEU6TR, STM32WBA52KGU6, STM32WBA52KGU6TR, STM32WBA54CEU6, STM32WBA54CEU6TR, STM32WBA54CEU7, STM32WBA54CEU7TR, STM32WBA54CGU6, STM32WBA54CGU6TR, STM32WBA54CGU7, STM32WBA54CGU7TR, STM32WBA54KEU6, STM32WBA54KEU6TR, STM32WBA54KEU7, STM32WBA54KEU7TR, STM32WBA54KGU6, STM32WBA54KGU6TR, STM32WBA54KGU7, STM32WBA54KGU7TR, STM32WBA55CEU6, STM32WBA55CEU6TR, STM32WBA55CEU7, STM32WBA55CEU7TR, STM32WBA55CGU6, STM32WBA55CGU6TR, STM32WBA55CGU6U, STM32WBA55CGU7, STM32WBA55CGU7TR, STM32WBA55G-DK1, STM32WBA55HEF6, STM32WBA55HEF7, STM32WBA55HGF6, STM32WBA55HGF7, STM32WBA55UEI6, STM32WBA55UEI6TR, STM32WBA55UEI7, STM32WBA55UEI7TR, STM32WBA55UGI6, STM32WBA55UGI6TR, STM32WBA55UGI7, STM32WBA55UGI7TR, STM32WL5MOCH6, STM32WL5MOCH6TR]
2026-01-15 13:58:52,604 [INFO] ApiDb:668 - CubeFinder database Data Model version=2.1
2026-01-15 13:58:52,604 [INFO] ApiDb:669 - CubeFinder database Configuration version=3.0.39
2026-01-15 13:58:52,604 [INFO] ApiDb:670 - CubeFinder database generation date=2025-12-22 (1766407740)
2026-01-15 13:58:52,604 [INFO] ApiDb:671 - CubeFinder database FW Pack versions=[FP-ATR-ASTRA1_V2.0.0, FP-SNS-FLIGHT1_V5.1.0, FP-SNS-MOTENV1_V5.1.0, FP-SNS-MOTENVWB1_V1.4.0, FP-SNS-SMARTAG2_V1.2.0, FP-SNS-STBOX1_V2.1.0, STM32Cube_FW_C0_V1.4.0, STM32Cube_FW_F4_V1.28.3, STM32Cube_FW_F7_V1.17.4, STM32Cube_FW_G0_V1.6.2, STM32Cube_FW_G4_V1.6.1, STM32Cube_FW_H5_V1.5.1, STM32Cube_FW_H7RS_V1.3.0, STM32Cube_FW_H7_V1.12.1, STM32Cube_FW_L0_V1.12.2, STM32Cube_FW_L4_V1.18.1, STM32Cube_FW_L5_V1.6.0, STM32Cube_FW_N6_V1.3.0, STM32Cube_FW_U0_V1.3.0, STM32Cube_FW_U3_V1.2.1, STM32Cube_FW_U5_V1.8.0, STM32Cube_FW_WB0_V1.4.0, STM32Cube_FW_WBA_V1.8.0, STM32Cube_FW_WB_V1.24.0, STM32Cube_FW_WL3_V1.3.0, STM32Cube_FW_WL_V1.4.0, X-CUBE-ALGOBUILD_V1.4.0, X-CUBE-ALS_V1.0.2, X-CUBE-AZRTOS-F4_V1.1.0, X-CUBE-AZRTOS-F7_V1.1.0, X-CUBE-AZRTOS-G0_V1.1.0, X-CUBE-AZRTOS-G4_V2.0.0, X-CUBE-AZRTOS-H7RS_V1.1.0, X-CUBE-AZRTOS-H7_V3.4.0, X-CUBE-AZRTOS-L4_V2.0.0, X-CUBE-AZRTOS-L5_V2.0.0, X-CUBE-AZRTOS-WB_V2.0.0, X-CUBE-AZRTOS-WL_V2.0.0, X-CUBE-BLE1_V7.1.0, X-CUBE-BLE2_V3.3.0, X-CUBE-BLEMGR_V4.1.0, X-CUBE-EEPRMA1_V5.2.0, X-CUBE-FREERTOS_V1.3.1, X-CUBE-GNSS1_V6.0.0, X-CUBE-MEMS1_V12.0.0, X-CUBE-NFC4_V3.0.0, X-CUBE-NFC7_V2.0.0, X-CUBE-SFXS2LP1_V4.0.0, X-CUBE-ST67W61_V1.1.0, X-CUBE-SUBG2_V5.0.0, X-CUBE-TOF1_V3.4.3]
2026-01-15 13:58:52,961 [WARN] PackLoader:240 - Cannot read IP mode file for STMicroelectronics.FP-SNS-MOTENVWB1.1.4.0
2026-01-15 13:58:52,969 [WARN] PackLoader:240 - Cannot read IP mode file for STMicroelectronics.FP-ATR-ASTRA1.2.0.2
2026-01-15 13:58:52,972 [WARN] PackLoader:240 - Cannot read IP mode file for STMicroelectronics.FP-ATR-ASTRA1.2.0.1
2026-01-15 13:58:52,978 [WARN] PackLoader:240 - Cannot read IP mode file for STMicroelectronics.X-CUBE-SMBUS.2.1.0
2026-01-15 13:58:52,992 [WARN] PackLoader:240 - Cannot read IP mode file for STMicroelectronics.X-CUBE-WB05N.1.1.0
2026-01-15 13:58:52,996 [ERROR] Engine:466 - C:\Users\RND1\.stm32cubemx\thirdparties\pdsc\STMicroelectronics.X-CUBE-ST60.1.0.0.pdsc: PDSC version is not supported
2026-01-15 13:58:53,003 [WARN] PackLoader:240 - Cannot read IP mode file for STMicroelectronics.X-CUBE-TOUCHGFX.4.23.0
2026-01-15 13:58:53,005 [WARN] PackLoader:240 - Cannot read IP mode file for STMicroelectronics.X-CUBE-TOUCHGFX.4.23.2
2026-01-15 13:58:53,022 [WARN] PackLoader:240 - Cannot read IP mode file for STMicroelectronics.X-CUBE-AZRTOS-F7.1.1.0
2026-01-15 13:58:53,027 [WARN] PackLoader:240 - Cannot read IP mode file for STMicroelectronics.FP-SNS-MOTENV1.4.3.2
2026-01-15 13:58:53,062 [WARN] PackLoader:240 - Cannot read IP mode file for STMicroelectronics.X-CUBE-MEMS1.11.0.0
2026-01-15 13:58:53,151 [ERROR] Engine:466 - C:\Users\RND1\.stm32cubemx\thirdparties\pdsc\STMicroelectronics.FP-SNS-MOTENV1.5.1.0.pdsc: PDSC version is not supported
2026-01-15 13:58:53,158 [WARN] PackLoader:240 - Cannot read IP mode file for STMicroelectronics.FP-SNS-FLIGHT1.5.0.2
2026-01-15 13:58:53,176 [WARN] PackLoader:240 - Cannot read IP mode file for STMicroelectronics.X-CUBE-AZRTOS-H7.3.4.0
2026-01-15 13:58:53,203 [WARN] PackLoader:240 - Cannot read IP mode file for STMicroelectronics.X-CUBE-DISPLAY.3.0.0
2026-01-15 13:58:53,212 [WARN] PackLoader:240 - Cannot read IP mode file for STMicroelectronics.X-CUBE-BLE1.7.0.0
2026-01-15 13:58:53,222 [WARN] PackLoader:240 - Cannot read IP mode file for STMicroelectronics.X-CUBE-NFC10.1.0.0
2026-01-15 13:58:53,232 [WARN] PackLoader:240 - Cannot read IP mode file for STMicroelectronics.X-CUBE-BLEMGR.4.0.0
2026-01-15 13:58:53,235 [ERROR] Engine:466 - C:\Users\RND1\.stm32cubemx\thirdparties\pdsc\STMicroelectronics.X-CUBE-ST60.1.1.0.pdsc: PDSC version is not supported
2026-01-15 13:58:53,386 [WARN] PackLoader:240 - Cannot read IP mode file for emotas.I-CUBE-CANOPEN.1.3.0
2026-01-15 13:58:53,391 [WARN] PackLoader:240 - Cannot read IP mode file for STMicroelectronics.X-CUBE-GNSS1.7.1.0
2026-01-15 13:58:53,398 [WARN] PackLoader:240 - Cannot read IP mode file for STMicroelectronics.X-CUBE-BLEMGR.3.1.0
2026-01-15 13:58:53,402 [WARN] PackLoader:240 - Cannot read IP mode file for STMicroelectronics.X-CUBE-AI.10.0.0
2026-01-15 13:58:53,405 [ERROR] Engine:466 - C:\Users\RND1\.stm32cubemx\thirdparties\pdsc\STMicroelectronics.FP-SNS-STBOX1.2.1.0.pdsc: PDSC version is not supported
2026-01-15 13:58:53,409 [WARN] PackLoader:240 - Cannot read IP mode file for STMicroelectronics.FP-SNS-SMARTAG2.1.2.0
2026-01-15 13:58:53,412 [ERROR] Engine:466 - C:\Users\RND1\.stm32cubemx\thirdparties\pdsc\STMicroelectronics.FP-SNS-FLIGHT1.5.1.0.pdsc: PDSC version is not supported
2026-01-15 13:58:53,443 [WARN] PackLoader:240 - Cannot read IP mode file for STMicroelectronics.X-CUBE-MEMS1.11.1.0
2026-01-15 13:58:53,524 [INFO] LogOutputStream:77 - [STDOUT_REDIRECT] 1 : Invalid condition id : UX_CORESTACK_Condition cause : null
2026-01-15 13:58:53,525 [INFO] LogOutputStream:77 - [STDOUT_REDIRECT] 1 : Invalid condition id : UX_CORESTACK_Condition cause : null
2026-01-15 13:58:53,526 [INFO] LogOutputStream:77 - [STDOUT_REDIRECT] 1 : Invalid condition id : UX_CORESTACK_Condition cause : null
2026-01-15 13:58:53,527 [INFO] LogOutputStream:77 - [STDOUT_REDIRECT] 1 : Invalid condition id : UX_CORESTACK_Condition cause : null
2026-01-15 13:58:53,528 [INFO] LogOutputStream:77 - [STDOUT_REDIRECT] 1 : Invalid condition id : UX_CORESTACK_Condition cause : null
2026-01-15 13:58:53,529 [WARN] PackLoader:240 - Cannot read IP mode file for STMicroelectronics.X-CUBE-AZRTOS-WL.2.0.0
2026-01-15 13:58:53,532 [WARN] PackLoader:240 - Cannot read IP mode file for STMicroelectronics.FP-SNS-MOTENV1.5.0.0
2026-01-15 13:58:53,542 [WARN] PackLoader:240 - Cannot read IP mode file for STMicroelectronics.X-CUBE-AZRTOS-H7RS.1.2.0
2026-01-15 13:58:53,549 [WARN] PackLoader:240 - Cannot read IP mode file for wolfSSL.I-CUBE-wolfMQTT.1.19.0
2026-01-15 13:58:53,556 [WARN] PackLoader:240 - Cannot read IP mode file for WES.I-CUBE-Cesium.1.3.0
2026-01-15 13:58:53,559 [WARN] PackLoader:240 - Cannot read IP mode file for STMicroelectronics.X-CUBE-BLE2.3.3.0
2026-01-15 13:58:53,561 [ERROR] Engine:466 - C:\Users\RND1\.stm32cubemx\thirdparties\pdsc\Avnet-IOTCONNECT.X-CUBE-iotc-st67-sdk.1.0.0.pdsc: PDSC version is not supported
2026-01-15 13:58:53,565 [WARN] PackLoader:240 - Cannot read IP mode file for STMicroelectronics.X-CUBE-NFC9.1.0.0
2026-01-15 13:58:53,568 [WARN] PackLoader:240 - Cannot read IP mode file for STMicroelectronics.X-CUBE-BLE1.7.1.0
2026-01-15 13:58:53,572 [WARN] PackLoader:240 - Cannot read IP mode file for STMicroelectronics.X-CUBE-TCPP.4.1.0
2026-01-15 13:58:53,575 [ERROR] Engine:466 - C:\Users\RND1\.stm32cubemx\thirdparties\pdsc\STMicroelectronics.X-CUBE-FREERTOS.1.4.0.pdsc: PDSC version is not supported
2026-01-15 13:58:53,580 [WARN] PackLoader:240 - Cannot read IP mode file for STMicroelectronics.X-CUBE-EEPRMA1.5.2.0
2026-01-15 13:58:53,583 [ERROR] Engine:466 - C:\Users\RND1\.stm32cubemx\thirdparties\pdsc\STMicroelectronics.X-CUBE-ST67W61.1.1.0.pdsc: PDSC version is not supported
2026-01-15 13:58:53,585 [WARN] PackLoader:240 - Cannot read IP mode file for STMicroelectronics.X-CUBE-AI.10.1.0
2026-01-15 13:58:53,627 [WARN] PackLoader:240 - Cannot read IP mode file for STMicroelectronics.X-CUBE-MEMS1.12.0.0
2026-01-15 13:58:53,730 [WARN] PackLoader:240 - Cannot read IP mode file for STMicroelectronics.X-CUBE-ALGOBUILD.1.3.0
2026-01-15 13:58:53,779 [WARN] PackLoader:240 - Cannot read IP mode file for STMicroelectronics.X-CUBE-MEMS1.11.2.0
2026-01-15 13:58:53,872 [WARN] PackLoader:240 - Cannot read IP mode file for STMicroelectronics.X-CUBE-AZRTOS-G0.1.1.0
2026-01-15 13:58:53,877 [WARN] PackLoader:240 - Cannot read IP mode file for STMicroelectronics.X-CUBE-SAFEA1.1.2.2
2026-01-15 13:58:53,882 [WARN] PackLoader:240 - Cannot read IP mode file for STMicroelectronics.X-CUBE-NFC4.3.0.0
2026-01-15 13:58:53,886 [WARN] PackLoader:240 - Cannot read IP mode file for wolfSSL.I-CUBE-wolfMQTT.1.18.0
2026-01-15 13:58:53,892 [WARN] PackLoader:240 - Cannot read IP mode file for EmbeddedOffice.I-CUBE-FS-RTOS.1.0.1
2026-01-15 13:58:53,892 [ERROR] ConditionMgr:805 - Attr not supported : Dmpu
2026-01-15 13:58:53,892 [ERROR] ConditionMgr:805 - Attr not supported : Dmpu
2026-01-15 13:58:53,892 [ERROR] ConditionMgr:805 - Attr not supported : Dmpu
2026-01-15 13:58:53,892 [ERROR] ConditionMgr:805 - Attr not supported : Dmpu
2026-01-15 13:58:53,892 [ERROR] ConditionMgr:805 - Attr not supported : Dmpu
2026-01-15 13:58:53,892 [ERROR] ConditionMgr:805 - Attr not supported : Dmpu
2026-01-15 13:58:53,892 [ERROR] ConditionMgr:805 - Attr not supported : Dmpu
2026-01-15 13:58:53,892 [ERROR] ConditionMgr:805 - Attr not supported : Dmpu
2026-01-15 13:58:53,892 [ERROR] ConditionMgr:805 - Attr not supported : Dmpu
2026-01-15 13:58:53,892 [ERROR] ConditionMgr:805 - Attr not supported : Dmpu
2026-01-15 13:58:53,892 [ERROR] ConditionMgr:805 - Attr not supported : Dmpu
2026-01-15 13:58:53,893 [ERROR] ConditionMgr:805 - Attr not supported : Dmpu
2026-01-15 13:58:53,893 [ERROR] ConditionMgr:805 - Attr not supported : Dmpu
2026-01-15 13:58:53,893 [ERROR] ConditionMgr:805 - Attr not supported : Dmpu
2026-01-15 13:58:53,893 [ERROR] ConditionMgr:805 - Attr not supported : Dmpu
2026-01-15 13:58:53,893 [ERROR] ConditionMgr:805 - Attr not supported : Dmpu
2026-01-15 13:58:53,893 [ERROR] ConditionMgr:805 - Attr not supported : Dmpu
2026-01-15 13:58:53,893 [ERROR] ConditionMgr:805 - Attr not supported : Dmpu
2026-01-15 13:58:53,893 [ERROR] ConditionMgr:805 - Attr not supported : Dmpu
2026-01-15 13:58:53,893 [ERROR] ConditionMgr:805 - Attr not supported : Dmpu
2026-01-15 13:58:53,893 [ERROR] ConditionMgr:805 - Attr not supported : Dmpu
2026-01-15 13:58:53,893 [ERROR] ConditionMgr:805 - Attr not supported : Dmpu
2026-01-15 13:58:53,893 [ERROR] ConditionMgr:805 - Attr not supported : Dmpu
2026-01-15 13:58:53,893 [ERROR] ConditionMgr:805 - Attr not supported : Dmpu
2026-01-15 13:58:53,893 [ERROR] ConditionMgr:805 - Attr not supported : Dmpu
2026-01-15 13:58:53,893 [ERROR] ConditionMgr:805 - Attr not supported : Dmpu
2026-01-15 13:58:53,893 [ERROR] ConditionMgr:805 - Attr not supported : Dmpu
2026-01-15 13:58:53,893 [ERROR] ConditionMgr:805 - Attr not supported : Dmpu
2026-01-15 13:58:53,893 [ERROR] ConditionMgr:805 - Attr not supported : Dmpu
2026-01-15 13:58:53,893 [ERROR] ConditionMgr:805 - Attr not supported : Dmpu
2026-01-15 13:58:53,893 [ERROR] ConditionMgr:805 - Attr not supported : Dmpu
2026-01-15 13:58:53,893 [ERROR] ConditionMgr:805 - Attr not supported : Dmpu
2026-01-15 13:58:53,893 [ERROR] ConditionMgr:805 - Attr not supported : Dmpu
2026-01-15 13:58:53,893 [ERROR] ConditionMgr:805 - Attr not supported : Dmpu
2026-01-15 13:58:53,893 [ERROR] ConditionMgr:805 - Attr not supported : Dmpu
2026-01-15 13:58:53,893 [ERROR] ConditionMgr:805 - Attr not supported : Dmpu
2026-01-15 13:58:53,893 [ERROR] ConditionMgr:805 - Attr not supported : Dmpu
2026-01-15 13:58:53,893 [ERROR] ConditionMgr:805 - Attr not supported : Dmpu
2026-01-15 13:58:53,893 [ERROR] ConditionMgr:805 - Attr not supported : Dmpu
2026-01-15 13:58:53,893 [ERROR] ConditionMgr:805 - Attr not supported : Dmpu
2026-01-15 13:58:53,893 [ERROR] ConditionMgr:805 - Attr not supported : Dmpu
2026-01-15 13:58:53,893 [ERROR] ConditionMgr:805 - Attr not supported : Dmpu
2026-01-15 13:58:53,893 [ERROR] ConditionMgr:805 - Attr not supported : Dmpu
2026-01-15 13:58:53,893 [ERROR] ConditionMgr:805 - Attr not supported : Dmpu
2026-01-15 13:58:53,893 [ERROR] ConditionMgr:805 - Attr not supported : Dmpu
2026-01-15 13:58:53,893 [ERROR] ConditionMgr:805 - Attr not supported : Dmpu
2026-01-15 13:58:53,893 [ERROR] ConditionMgr:805 - Attr not supported : Dmpu
2026-01-15 13:58:53,893 [ERROR] ConditionMgr:805 - Attr not supported : Dmpu
2026-01-15 13:58:53,894 [ERROR] ConditionMgr:805 - Attr not supported : Dmpu
2026-01-15 13:58:53,894 [ERROR] ConditionMgr:805 - Attr not supported : Dmpu
2026-01-15 13:58:53,894 [ERROR] ConditionMgr:805 - Attr not supported : Dmpu
2026-01-15 13:58:53,894 [ERROR] ConditionMgr:805 - Attr not supported : Dmpu
2026-01-15 13:58:53,894 [ERROR] ConditionMgr:805 - Attr not supported : Dmpu
2026-01-15 13:58:53,894 [ERROR] ConditionMgr:805 - Attr not supported : Dmpu
2026-01-15 13:58:53,894 [ERROR] ConditionMgr:805 - Attr not supported : Dmpu
2026-01-15 13:58:53,894 [ERROR] ConditionMgr:805 - Attr not supported : Dmpu
2026-01-15 13:58:53,894 [ERROR] ConditionMgr:805 - Attr not supported : Dmpu
2026-01-15 13:58:53,894 [ERROR] ConditionMgr:805 - Attr not supported : Dmpu
2026-01-15 13:58:53,894 [ERROR] ConditionMgr:805 - Attr not supported : Dmpu
2026-01-15 13:58:53,894 [ERROR] ConditionMgr:805 - Attr not supported : Dmpu
2026-01-15 13:58:53,894 [ERROR] ConditionMgr:805 - Attr not supported : Dmpu
2026-01-15 13:58:53,894 [ERROR] ConditionMgr:805 - Attr not supported : Dmpu
2026-01-15 13:58:53,894 [ERROR] ConditionMgr:805 - Attr not supported : Dmpu
2026-01-15 13:58:53,894 [ERROR] ConditionMgr:805 - Attr not supported : Dmpu
2026-01-15 13:58:53,897 [WARN] PackLoader:240 - Cannot read IP mode file for STMicroelectronics.X-CUBE-WB05N.2.0.0
2026-01-15 13:58:53,903 [WARN] PackLoader:240 - Cannot read IP mode file for STMicroelectronics.X-CUBE-BLEMGR.3.0.0
2026-01-15 13:58:53,905 [ERROR] Engine:466 - C:\Users\RND1\.stm32cubemx\thirdparties\pdsc\STMicroelectronics.X-CUBE-TCPP.4.2.0.pdsc: PDSC version is not supported
2026-01-15 13:58:53,910 [WARN] PackLoader:240 - Cannot read IP mode file for RealThread.X-CUBE-RT-Thread_Nano.4.1.1
2026-01-15 13:58:53,914 [WARN] PackLoader:240 - Cannot read IP mode file for STMicroelectronics.FP-ATR-SIGFOX1.3.2.0
2026-01-15 13:58:53,918 [WARN] ConditionMgr:438 - getConditionDescription Invalid condition id : Cortex-A Device cause : null
2026-01-15 13:58:53,944 [WARN] ConditionMgr:1039 - genDependencies : Invalid condition id : Cortex-A Device cause : null
2026-01-15 13:58:53,944 [WARN] ConditionMgr:1039 - genDependencies : Invalid condition id : Cortex-A Device cause : null
2026-01-15 13:58:53,944 [WARN] ConditionMgr:1039 - genDependencies : Invalid condition id : Cortex-A Device cause : null
2026-01-15 13:58:53,954 [WARN] PackLoader:240 - Cannot read IP mode file for STMicroelectronics.X-CUBE-EEPRMA1.5.1.0
2026-01-15 13:58:53,958 [ERROR] Engine:466 - C:\Users\RND1\.stm32cubemx\thirdparties\pdsc\STMicroelectronics.X-CUBE-ST67W61.1.0.0.pdsc: PDSC version is not supported
2026-01-15 13:58:53,961 [WARN] PackLoader:240 - Cannot read IP mode file for STMicroelectronics.X-CUBE-AI.10.2.0
2026-01-15 13:58:53,984 [WARN] PackLoader:240 - Cannot read IP mode file for SEGGER.I-CUBE-embOS.1.3.1
2026-01-15 13:58:54,016 [WARN] PackLoader:240 - Cannot read IP mode file for STMicroelectronics.X-CUBE-ALGOBUILD.1.4.0
2026-01-15 13:58:54,036 [WARN] PackLoader:240 - Cannot read IP mode file for STMicroelectronics.X-CUBE-MEMS1.11.3.0
2026-01-15 13:58:54,116 [WARN] PackLoader:240 - Cannot read IP mode file for STMicroelectronics.X-CUBE-AI.9.1.0
2026-01-15 13:58:54,120 [WARN] PackLoader:240 - Cannot read IP mode file for STMicroelectronics.X-CUBE-PM33A1.1.0.0
2026-01-15 13:58:54,124 [WARN] PackLoader:240 - Cannot read IP mode file for STMicroelectronics.X-CUBE-GNSS1.6.0.0
2026-01-15 13:58:54,133 [WARN] PackLoader:240 - Cannot read IP mode file for STMicroelectronics.X-CUBE-AZRTOS-F4.1.1.0
2026-01-15 13:58:54,138 [WARN] PackLoader:240 - Cannot read IP mode file for wolfSSL.I-CUBE-wolfSSL.5.6.4
2026-01-15 13:58:54,139 [ERROR] Engine:466 - C:\Users\RND1\.stm32cubemx\thirdparties\pdsc\Avnet-IotConnect.X-CUBE-IoTC-DA16k-PMOD.1.0.0.pdsc: PDSC version is not supported
2026-01-15 13:58:54,143 [WARN] PackLoader:240 - Cannot read IP mode file for STMicroelectronics.X-CUBE-ISPU.2.1.0
2026-01-15 13:58:54,146 [ERROR] Engine:466 - C:\Users\RND1\.stm32cubemx\thirdparties\pdsc\STMicroelectronics.X-CUBE-IPS.3.2.0.pdsc: PDSC version is not supported
2026-01-15 13:58:54,150 [WARN] PackLoader:240 - Cannot read IP mode file for STMicroelectronics.X-CUBE-FREERTOS.1.2.0
2026-01-15 13:58:54,154 [WARN] PackLoader:240 - Cannot read IP mode file for STMicroelectronics.X-CUBE-NFC12.1.0.0
2026-01-15 13:58:54,164 [WARN] PackLoader:240 - Cannot read IP mode file for STMicroelectronics.X-CUBE-AZRTOS-L5.2.0.0
2026-01-15 13:58:54,168 [WARN] PackLoader:240 - Cannot read IP mode file for STMicroelectronics.X-CUBE-EEPRMA1.4.2.0
2026-01-15 13:58:54,173 [WARN] PackLoader:240 - Cannot read IP mode file for STMicroelectronics.X-CUBE-NFC6.3.1.0
2026-01-15 13:58:54,178 [WARN] PackLoader:240 - Cannot read IP mode file for ITTIA_DB.I-CUBE-ITTIADB.8.8.0
2026-01-15 13:58:54,182 [WARN] PackLoader:240 - Cannot read IP mode file for STMicroelectronics.X-CUBE-DPower.1.2.0
2026-01-15 13:58:54,185 [WARN] PackLoader:240 - Cannot read IP mode file for STMicroelectronics.X-CUBE-AI.9.0.0
2026-01-15 13:58:54,189 [WARN] PackLoader:240 - Cannot read IP mode file for STMicroelectronics.X-CUBE-FREERTOS.1.3.1
2026-01-15 13:58:54,193 [WARN] PackLoader:240 - Cannot read IP mode file for STMicroelectronics.X-CUBE-FREERTOS.1.3.0
2026-01-15 13:58:54,197 [WARN] PackLoader:240 - Cannot read IP mode file for STMicroelectronics.X-CUBE-NFC7.1.0.1
2026-01-15 13:58:54,201 [WARN] PackLoader:240 - Cannot read IP mode file for STMicroelectronics.X-CUBE-TOUCHGFX.4.26.0
2026-01-15 13:58:54,206 [WARN] PackLoader:240 - Cannot read IP mode file for STMicroelectronics.X-CUBE-NFC6.3.0.0
2026-01-15 13:58:54,211 [ERROR] Engine:466 - C:\Users\RND1\.stm32cubemx\thirdparties\pdsc\STMicroelectronics.FP-SNS-STAIOTCFT.1.0.0.pdsc: PDSC version is not supported
2026-01-15 13:58:54,216 [WARN] PackLoader:240 - Cannot read IP mode file for STMicroelectronics.X-CUBE-DPower.1.3.0
2026-01-15 13:58:54,220 [WARN] PackLoader:240 - Cannot read IP mode file for STMicroelectronics.X-CUBE-AI.8.1.0
2026-01-15 13:58:54,234 [WARN] ConditionMgr:438 - getConditionDescription Invalid condition id : LAN8742 Phy interface Condition cause : null
2026-01-15 13:58:54,235 [WARN] PackLoader:240 - Cannot read IP mode file for STMicroelectronics.X-CUBE-AZRTOS-L4.2.0.0
2026-01-15 13:58:54,236 [WARN] ConditionMgr:1039 - genDependencies : Invalid condition id : LAN8742 Phy interface Condition cause : null
2026-01-15 13:58:54,237 [WARN] ConditionMgr:1039 - genDependencies : Invalid condition id : LAN8742 Phy interface Condition cause : null
2026-01-15 13:58:54,237 [WARN] ConditionMgr:1039 - genDependencies : Invalid condition id : LAN8742 Phy interface Condition cause : null
2026-01-15 13:58:54,243 [WARN] PackLoader:240 - Cannot read IP mode file for STMicroelectronics.X-CUBE-SFXS2LP1.4.0.0
2026-01-15 13:58:54,246 [ERROR] Engine:466 - C:\Users\RND1\.stm32cubemx\thirdparties\pdsc\STMicroelectronics.X-CUBE-ST67W61.1.2.0.pdsc: PDSC version is not supported
2026-01-15 13:58:54,256 [WARN] PackLoader:240 - Cannot read IP mode file for STMicroelectronics.X-CUBE-AZRTOS-H7.3.3.0
2026-01-15 13:58:54,260 [ERROR] Engine:466 - C:\Users\RND1\.stm32cubemx\thirdparties\pdsc\STMicroelectronics.X-CUBE-BLEMGR.4.1.0.pdsc: PDSC version is not supported
2026-01-15 13:58:54,266 [WARN] PackLoader:240 - Cannot read IP mode file for STMicroelectronics.X-CUBE-IPS.3.0.0
2026-01-15 13:58:54,276 [WARN] ConditionMgr:438 - getConditionDescription Invalid condition id : UX DEVICE CLASS RTOS Condition cause : null
2026-01-15 13:58:54,276 [WARN] ConditionMgr:438 - getConditionDescription Invalid condition id : UX DEVICE CLASS RTOS Condition cause : null
2026-01-15 13:58:54,277 [WARN] PackLoader:240 - Cannot read IP mode file for STMicroelectronics.X-CUBE-AZRTOS-WB.2.0.0
2026-01-15 13:58:54,278 [WARN] ConditionMgr:1039 - genDependencies : Invalid condition id : UX DEVICE CLASS RTOS Condition cause : null
2026-01-15 13:58:54,278 [WARN] ConditionMgr:1039 - genDependencies : Invalid condition id : UX DEVICE CLASS RTOS Condition cause : null
2026-01-15 13:58:54,278 [WARN] ConditionMgr:1039 - genDependencies : Invalid condition id : UX DEVICE CLASS RTOS Condition cause : null
2026-01-15 13:58:54,278 [WARN] ConditionMgr:1039 - genDependencies : Invalid condition id : UX DEVICE CLASS RTOS Condition cause : null
2026-01-15 13:58:54,278 [WARN] ConditionMgr:1039 - genDependencies : Invalid condition id : UX DEVICE CLASS RTOS Condition cause : null
2026-01-15 13:58:54,282 [WARN] PackLoader:240 - Cannot read IP mode file for STMicroelectronics.X-CUBE-GNSS1.7.0.0
2026-01-15 13:58:54,285 [WARN] PackLoader:240 - Cannot read IP mode file for STMicroelectronics.X-CUBE-GNSS1.7.0.1
2026-01-15 13:58:54,288 [WARN] PackLoader:240 - Cannot read IP mode file for STMicroelectronics.X-CUBE-TOUCHGFX.4.25.0
2026-01-15 13:58:54,292 [WARN] PackLoader:240 - Cannot read IP mode file for STMicroelectronics.FP-SNS-STBOX1.2.0.0
2026-01-15 13:58:54,299 [WARN] PackLoader:240 - Cannot read IP mode file for STMicroelectronics.X-CUBE-SUBG2.5.0.0
2026-01-15 13:58:54,311 [WARN] PackLoader:240 - Cannot read IP mode file for STMicroelectronics.X-CUBE-AZRTOS-H7RS.1.1.0
2026-01-15 13:58:54,321 [WARN] PackLoader:240 - Cannot read IP mode file for STMicroelectronics.X-CUBE-AZRTOS-G4.2.0.0
2026-01-15 13:58:54,329 [WARN] PackLoader:240 - Cannot read IP mode file for Infineon.AIROC-Wi-Fi-Bluetooth-STM32.1.5.1
2026-01-15 13:58:54,334 [WARN] PackLoader:240 - Cannot read IP mode file for STMicroelectronics.X-CUBE-NFC7.2.0.0
2026-01-15 13:58:54,337 [WARN] PackLoader:240 - Cannot read IP mode file for STMicroelectronics.FP-SNS-MOTENVWB1.1.3.1
2026-01-15 13:58:54,340 [WARN] PackLoader:240 - Cannot read IP mode file for STMicroelectronics.X-CUBE-ISPU.2.0.0
2026-01-15 13:58:54,344 [ERROR] Engine:466 - C:\Users\RND1\.stm32cubemx\thirdparties\pdsc\STMicroelectronics.X-CUBE-IPS.3.1.0.pdsc: PDSC version is not supported
2026-01-15 13:58:54,349 [WARN] PackLoader:240 - Cannot read IP mode file for STMicroelectronics.X-CUBE-ALS.1.0.2
2026-01-15 13:58:54,372 [WARN] PackLoader:240 - Cannot read IP mode file for STMicroelectronics.X-CUBE-MEMS1.10.0.0
2026-01-15 13:58:54,392 [INFO] WebApp:167 - Instantiating new browser for Auth
2026-01-15 13:58:54,408 [INFO] ApiDb:240 - Found 646 in-development CPN: [B-G473E-ZEST1S, B-WB1M-WPAN1, B-WL5M-SUBG1, NUCLEO-C031C6, NUCLEO-C071RB, NUCLEO-H503RB, NUCLEO-H533RE, NUCLEO-H563ZI, NUCLEO-H7S3L8, NUCLEO-U031R8, NUCLEO-U083RC, NUCLEO-U545RE-Q, NUCLEO-U5A5ZJ-Q, NUCLEO-WB05KZ, NUCLEO-WB07CC, NUCLEO-WB09KE, NUCLEO-WBA52CG, NUCLEO-WBA55CG, STEVAL-PROTEUS1, STEVAL-SMARTAG2, STEVAL-STWINBX1, STM320518-EVAL, STM32C0116-DK, STM32C011D6Y3TR, STM32C011D6Y6TR, STM32C011F4P3, STM32C011F4P6, STM32C011F4U3, STM32C011F4U6TR, STM32C011F6P3, STM32C011F6P6, STM32C011F6U3, STM32C011F6U6TR, STM32C011J4M3, STM32C011J4M6, STM32C011J6M3, STM32C011J6M6, STM32C0316-DK, STM32C031C4T3, STM32C031C4T6, STM32C031C4U3, STM32C031C4U6, STM32C031C6T3, STM32C031C6T6, STM32C031C6U3, STM32C031C6U6, STM32C031F4P3, STM32C031F4P6, STM32C031F6P3, STM32C031F6P6, STM32C031G4U3, STM32C031G4U6, STM32C031G6U3, STM32C031G6U6, STM32C031K4T3, STM32C031K4T6, STM32C031K4U3, STM32C031K4U6, STM32C031K6T3, STM32C031K6T6, STM32C031K6U3, STM32C031K6U6, STM32C071C8T6, STM32C071C8T6N, STM32C071C8U6, STM32C071C8U6N, STM32C071CBT6, STM32C071CBT6N, STM32C071CBU6, STM32C071CBU6N, STM32C071F8P6, STM32C071F8P6N, STM32C071FBP6, STM32C071FBP6N, STM32C071FBY6TR, STM32C071G8U6, STM32C071G8U6N, STM32C071GBU6, STM32C071GBU6N, STM32C071K8T6, STM32C071K8T6N, STM32C071K8U6, STM32C071K8U6N, STM32C071KBT6, STM32C071KBT6N, STM32C071KBU6, STM32C071KBU6N, STM32C071R8T6, STM32C071R8T6N, STM32C071RBI6N, STM32C071RBT6, STM32C071RBT6N, STM32G071K8TXN, STM32G071K8UXN, STM32G081GBU6N, STM32G081KBT6N, STM32G081KBUXN, STM32G0B1CCT6N, STM32G0B1KCT6, STM32G0B1NEY6TR, STM32G0B1RCT6N, STM32G0C1CCT6, STM32G0C1CCT6N, STM32G0C1CCU6N, STM32G0C1CET6N, STM32G0C1CEU6N, STM32G0C1KCT6, STM32G0C1NEY6TR, STM32G0C1RCI6N, STM32G0C1RCT6N, STM32G0C1REI6N, STM32G0C1RET6N, STM32G0C1VCI6, STM32G0C1VEI6, STM32G411C6T3, STM32G411C6T6, STM32G411C6U3, STM32G411C6U6, STM32G411C8T3, STM32G411C8T6, STM32G411C8U3, STM32G411C8U6, STM32G411CBT3, STM32G411CBT6, STM32G411CBU3, STM32G411CBU6, STM32G411K6T3, STM32G411K6T6, STM32G411K6U3, STM32G411K6U6, STM32G411K8T3, STM32G411K8T6, STM32G411K8U3, STM32G411K8U6, STM32G411KBT3, STM32G411KBT6, STM32G411KBU3, STM32G411KBU6, STM32G411M6T3, STM32G411M6T6, STM32G411M8T3, STM32G411M8T6, STM32G411MBT3, STM32G411MBT6, STM32G411R6T3, STM32G411R6T6, STM32G411R8T3, STM32G411R8T6, STM32G411RBT3, STM32G411RBT6, STM32G414CBT3, STM32G414CBT6, STM32G414CBU3, STM32G414CBU6, STM32G414CCT3, STM32G414CCT6, STM32G414CCU3, STM32G414CCU6, STM32G414MBT3, STM32G414MBT6, STM32G414MCT3, STM32G414MCT6, STM32G414RBT3, STM32G414RBT6, STM32G414RCT3, STM32G414RCT6, STM32G414VBT3, STM32G414VBT6, STM32G414VCT3, STM32G414VCT6, STM32G431CBT3Z, STM32G431RBT3Z, STM32G471CCT6, STM32G471CCU6, STM32G471CET3, STM32G471CET6, STM32G471CEU3, STM32G471CEU6, STM32G471MCT6, STM32G471MET3, STM32G471MET6, STM32G471MEY6TR, STM32G471QCT6, STM32G471QET3, STM32G471RCT6, STM32G471RET3, STM32G471RET6, STM32G471VCH6, STM32G471VCI6, STM32G471VCT6, STM32G471VEH3, STM32G471VEH6, STM32G471VEI3, STM32G471VEI6, STM32G471VET3, STM32G471VET6, STM32G473QET3Z, STM32G473RET3Z, STM32G474CCT6, STM32G491RET3Z, STM32H503CBT6, STM32H503CBU6, STM32H503EBY6TR, STM32H503KBU6, STM32H503RBT6, STM32H523CCT6, STM32H523CCU6, STM32H523CET6, STM32H523CEU6, STM32H523HEY6TR, STM32H523RCT6, STM32H523RET6, STM32H523VCI6, STM32H523VCT6, STM32H523VEI6, STM32H523VET6, STM32H523ZCJ6, STM32H523ZCT6, STM32H523ZEJ6, STM32H523ZET6, STM32H533CET6, STM32H533CEU6, STM32H533HEY6TR, STM32H533RET6, STM32H533VEI6, STM32H533VET6, STM32H533ZEJ6, STM32H533ZET6, STM32H562AGI6, STM32H562AII6, STM32H562IGK6, STM32H562IGT6, STM32H562IIK6, STM32H562IIT6, STM32H562RGT6, STM32H562RGV6, STM32H562RIT6, STM32H562RIV6, STM32H562VGT6, STM32H562VIT6, STM32H562ZGT6, STM32H562ZIT6, STM32H563AGI6, STM32H563AII3Q, STM32H563AII6, STM32H563IGK6, STM32H563IGT6, STM32H563IIK3Q, STM32H563IIK6, STM32H563IIT3Q, STM32H563IIT6, STM32H563MIY3QTR, STM32H563RGT6, STM32H563RGV6, STM32H563RIT6, STM32H563RIV6, STM32H563VGT6, STM32H563VIT3Q, STM32H563VIT6, STM32H563ZGT6, STM32H563ZIT3Q, STM32H563ZIT6, STM32H573AII3Q, STM32H573AII6, STM32H573I-DK, STM32H573IIK3Q, STM32H573IIK6, STM32H573IIT3Q, STM32H573IIT6, STM32H573MIY3QTR, STM32H573RIT6, STM32H573RIV6, STM32H573VIT3Q, STM32H573VIT6, STM32H573ZIT3Q, STM32H573ZIT6, STM32H7R3A8I6, STM32H7R3I8K6, STM32H7R3I8T6, STM32H7R3L8H6, STM32H7R3L8H6H, STM32H7R3R8V6, STM32H7R3V8H6, STM32H7R3V8T6, STM32H7R3V8Y6TR, STM32H7R3Z8J6, STM32H7R3Z8T6, STM32H7R7A8I6, STM32H7R7I8K6, STM32H7R7I8T6, STM32H7R7L8H6, STM32H7R7L8H6H, STM32H7R7Z8J6, STM32H7S3A8I6, STM32H7S3I8K6, STM32H7S3I8T6, STM32H7S3L8H6, STM32H7S3L8H6H, STM32H7S3R8V6, STM32H7S3V8H6, STM32H7S3V8T6, STM32H7S3V8Y6TR, STM32H7S3Z8J6, STM32H7S3Z8T6, STM32H7S78-DK, STM32H7S7A8I6, STM32H7S7I8K6, STM32H7S7I8T6, STM32H7S7L8H6, STM32H7S7L8H6H, STM32H7S7Z8J6, STM32L4R5QGI6STR, STM32MP131AAE3, STM32MP131AAF3, STM32MP131AAG3, STM32MP131CAE3, STM32MP131CAF3, STM32MP131CAG3, STM32MP131DAE7, STM32MP131DAF7, STM32MP131DAG7, STM32MP131FAE7, STM32MP131FAF7, STM32MP131FAG7, STM32MP133AAE3, STM32MP133AAF3, STM32MP133AAG3, STM32MP133CAE3, STM32MP133CAF3, STM32MP133CAG3, STM32MP133DAE7, STM32MP133DAF7, STM32MP133DAG7, STM32MP133FAE7, STM32MP133FAF7, STM32MP133FAG7, STM32MP135AAE3, STM32MP135AAF3, STM32MP135AAG3, STM32MP135CAE3, STM32MP135CAF3, STM32MP135CAG3, STM32MP135DAE7, STM32MP135DAF7, STM32MP135DAG7, STM32MP135F-DK, STM32MP135FAE7, STM32MP135FAF7, STM32MP135FAF7T, STM32MP135FAF7U, STM32MP135FAG7, STM32MP251AAI3, STM32MP251AAK3, STM32MP251AAL3, STM32MP251CAI3, STM32MP251CAK3, STM32MP251CAL3, STM32MP251DAI3, STM32MP251DAK3, STM32MP251DAL3, STM32MP251FAI3, STM32MP251FAK3, STM32MP251FAL3, STM32MP253AAI3, STM32MP253AAK3, STM32MP253AAL3, STM32MP253CAI3, STM32MP253CAK3, STM32MP253CAL3, STM32MP253DAI3, STM32MP253DAK3, STM32MP253DAL3, STM32MP253FAI3, STM32MP253FAK3, STM32MP253FAL3, STM32MP255AAI3, STM32MP255AAK3, STM32MP255AAL3, STM32MP255CAI3, STM32MP255CAK3, STM32MP255CAL3, STM32MP255DAI3, STM32MP255DAK3, STM32MP255DAL3, STM32MP255FAI3, STM32MP255FAK3, STM32MP255FAL3, STM32MP257AAI3, STM32MP257AAK3, STM32MP257AAL3, STM32MP257CAI3, STM32MP257CAK3, STM32MP257CAL3, STM32MP257DAI3, STM32MP257DAK3, STM32MP257DAL3, STM32MP257F-DK, STM32MP257F-EV1, STM32MP257FAI3, STM32MP257FAK3, STM32MP257FAL3, STM32U031C6T6, STM32U031C6U6, STM32U031C8T6, STM32U031C8U6, STM32U031F4P6, STM32U031F6P6, STM32U031F8P6, STM32U031G6Y6TR, STM32U031G8Y6TR, STM32U031K4U6, STM32U031K6U6, STM32U031K8U6, STM32U031R6I6, STM32U031R6T6, STM32U031R8I6, STM32U031R8T6, STM32U073C8T6, STM32U073C8U6, STM32U073CBT6, STM32U073CBU6, STM32U073CCT6, STM32U073CCU6, STM32U073H8Y6TR, STM32U073HBY6TR, STM32U073HCY6TR, STM32U073K8U6, STM32U073KBU6, STM32U073KCU6, STM32U073M8I6, STM32U073M8T6, STM32U073MBI6, STM32U073MBT6, STM32U073MCI6, STM32U073MCT6, STM32U073R8I6, STM32U073R8T6, STM32U073RBI6, STM32U073RBT6, STM32U073RCI6, STM32U073RCT6, STM32U083C-DK, STM32U083CCT6, STM32U083CCU6, STM32U083HCY6TR, STM32U083KCU6, STM32U083MCI6, STM32U083MCT6, STM32U083RCI6, STM32U083RCT6, STM32U535CBT6, STM32U535CBT6Q, STM32U535CBU6, STM32U535CBU6Q, STM32U535CCT6, STM32U535CCT6Q, STM32U535CCU6, STM32U535CCU6Q, STM32U535CET6, STM32U535CET6Q, STM32U535CEU6, STM32U535CEU6Q, STM32U535JEY6QTR, STM32U535NCY6QTR, STM32U535NEY6QTR, STM32U535RBI6, STM32U535RBI6Q, STM32U535RBT6, STM32U535RBT6Q, STM32U535RCI6, STM32U535RCI6Q, STM32U535RCT6, STM32U535RCT6Q, STM32U535REI6, STM32U535REI6Q, STM32U535RET6, STM32U535RET6Q, STM32U535VCI6, STM32U535VCI6Q, STM32U535VCT6, STM32U535VCT6Q, STM32U535VEI6, STM32U535VEI6Q, STM32U535VET6, STM32U535VET6Q, STM32U545CET6, STM32U545CET6Q, STM32U545CEU6, STM32U545CEU6Q, STM32U545JEY6QTR, STM32U545NEY6QTR, STM32U545REI6, STM32U545REI6Q, STM32U545RET6, STM32U545RET6Q, STM32U545VEI6, STM32U545VEI6Q, STM32U545VET6, STM32U545VET6Q, STM32U595AIH6, STM32U595AIH6Q, STM32U595AJH6, STM32U595AJH6Q, STM32U595QII6, STM32U595QII6Q, STM32U595QJI6, STM32U595QJI6Q, STM32U595RIT6, STM32U595RIT6Q, STM32U595RJT6, STM32U595RJT6Q, STM32U595VIT6, STM32U595VIT6Q, STM32U595VJT6, STM32U595VJT6Q, STM32U595ZIT6, STM32U595ZIT6Q, STM32U595ZIY6QTR, STM32U595ZJT6, STM32U595ZJT6Q, STM32U595ZJY6QTR, STM32U599BJY6QTR, STM32U599NIH6Q, STM32U599NJH6Q, STM32U599VIT6Q, STM32U599VJT6, STM32U599VJT6Q, STM32U599ZIT6Q, STM32U599ZIY6QTR, STM32U599ZJT6Q, STM32U599ZJY6QTR, STM32U5A5AJH6, STM32U5A5AJH6Q, STM32U5A5QII3Q , STM32U5A5QJI6, STM32U5A5QJI6Q, STM32U5A5RJT6, STM32U5A5RJT6Q, STM32U5A5VJT6, STM32U5A5VJT6Q, STM32U5A5ZJT6, STM32U5A5ZJT6Q, STM32U5A5ZJY6QTR, STM32U5A9BJY6QTR, STM32U5A9J-DK, STM32U5A9NJH6Q, STM32U5A9VJT6Q, STM32U5A9ZJT6Q, STM32U5A9ZJY6QTR, STM32U5F7VIT6, STM32U5F7VIT6Q, STM32U5F7VJT6, STM32U5F7VJT6Q, STM32U5F9BJY6QTR, STM32U5F9NJH6Q, STM32U5F9VIT6Q, STM32U5F9VJT6Q, STM32U5F9ZIJ6QTR, STM32U5F9ZIT6Q, STM32U5F9ZJJ6QTR, STM32U5F9ZJT6Q, STM32U5G7VJT6, STM32U5G7VJT6Q, STM32U5G9BJY6QTR, STM32U5G9J-DK1, STM32U5G9J-DK2, STM32U5G9NJH6Q, STM32U5G9VJT6Q, STM32U5G9ZJJ6QTR, STM32U5G9ZJT6Q, STM32WB05KZV6TR, STM32WB05KZV7TR, STM32WB05TZF6TR, STM32WB05TZF7TR, STM32WB06CCF6TR, STM32WB06CCF7TR, STM32WB06CCV6TR, STM32WB06CCV7TR, STM32WB06KCV6TR, STM32WB06KCV7TR, STM32WB07CCF6TR, STM32WB07CCF7TR, STM32WB07CCV6TR, STM32WB07CCV7TR, STM32WB07KCV6TR, STM32WB07KCV7TR, STM32WB09KEV6TR, STM32WB09KEV7TR, STM32WB09TEF6TR, STM32WB09TEF7TR, STM32WB1MMCH6, STM32WBA50KGU6, STM32WBA50KGU6TR, STM32WBA52CEU6, STM32WBA52CEU6TR, STM32WBA52CEU7, STM32WBA52CEU7TR, STM32WBA52CGU6, STM32WBA52CGU6TR, STM32WBA52CGU6U, STM32WBA52CGU7, STM32WBA52CGU7TR, STM32WBA52KEU6, STM32WBA52KEU6TR, STM32WBA52KGU6, STM32WBA52KGU6TR, STM32WBA54CEU6, STM32WBA54CEU6TR, STM32WBA54CEU7, STM32WBA54CEU7TR, STM32WBA54CGU6, STM32WBA54CGU6TR, STM32WBA54CGU7, STM32WBA54CGU7TR, STM32WBA54KEU6, STM32WBA54KEU6TR, STM32WBA54KEU7, STM32WBA54KEU7TR, STM32WBA54KGU6, STM32WBA54KGU6TR, STM32WBA54KGU7, STM32WBA54KGU7TR, STM32WBA55CEU6, STM32WBA55CEU6TR, STM32WBA55CEU7, STM32WBA55CEU7TR, STM32WBA55CGU6, STM32WBA55CGU6TR, STM32WBA55CGU6U, STM32WBA55CGU7, STM32WBA55CGU7TR, STM32WBA55G-DK1, STM32WBA55HEF6, STM32WBA55HEF7, STM32WBA55HGF6, STM32WBA55HGF7, STM32WBA55UEI6, STM32WBA55UEI6TR, STM32WBA55UEI7, STM32WBA55UEI7TR, STM32WBA55UGI6, STM32WBA55UGI6TR, STM32WBA55UGI7, STM32WBA55UGI7TR, STM32WL5MOCH6, STM32WL5MOCH6TR]
2026-01-15 13:58:54,417 [INFO] DbMcus:218 - Found 4816 MCUs, 4816 are supported
2026-01-15 13:58:54,419 [INFO] ApiDb:423 - Load user favorites file C:\Users\RND1/.stm32cubeide/favorites.mcus.txt: 0 item(s)
2026-01-15 13:58:54,419 [INFO] ApiDb:427 - User favorites MCUs=[]
2026-01-15 13:58:54,420 [INFO] DbMcus:224 - Set 0 / 0 favorites MCUs
2026-01-15 13:58:54,448 [WARN] PackLoader:240 - Cannot read IP mode file for STMicroelectronics.X-CUBE-FREERTOS.1.1.0
2026-01-15 13:58:54,453 [WARN] PackLoader:240 - Cannot read IP mode file for STMicroelectronics.X-CUBE-TOUCHGFX.4.24.0
2026-01-15 13:58:54,457 [WARN] PackLoader:240 - Cannot read IP mode file for STMicroelectronics.X-CUBE-TOUCHGFX.4.24.2
2026-01-15 13:58:54,462 [WARN] PackLoader:240 - Cannot read IP mode file for STMicroelectronics.X-CUBE-TOUCHGFX.4.24.1
2026-01-15 13:58:54,470 [WARN] PackLoader:240 - Cannot read IP mode file for STMicroelectronics.X-CUBE-STSE01.1.0.0
2026-01-15 13:58:54,476 [WARN] PackLoader:240 - Cannot read IP mode file for wolfSSL.I-CUBE-wolfTPM.3.4.0
2026-01-15 13:58:54,483 [WARN] PackLoader:240 - Cannot read IP mode file for portGmbH.I-Cube-SoM-uGOAL.1.1.0
2026-01-15 13:58:54,487 [WARN] PackLoader:240 - Cannot read IP mode file for STMicroelectronics.X-CUBE-ALS.1.0.1
2026-01-15 13:58:54,499 [WARN] PackLoader:240 - Cannot read IP mode file for STMicroelectronics.X-CUBE-AZRTOS-H7RS.1.0.0
2026-01-15 13:58:54,503 [WARN] PackLoader:240 - Cannot read IP mode file for STMicroelectronics.FP-ATR-ASTRA1.2.0.0
2026-01-15 13:58:54,512 [WARN] PackLoader:240 - Cannot read IP mode file for STMicroelectronics.X-CUBE-TOF1.3.4.2
2026-01-15 13:58:54,521 [ERROR] Engine:466 - C:\Users\RND1\.stm32cubemx\thirdparties\pdsc\STMicroelectronics.X-CUBE-TOF1.3.4.3.pdsc: PDSC version is not supported
2026-01-15 13:58:54,527 [WARN] PackLoader:240 - Cannot read IP mode file for STMicroelectronics.X-CUBE-TOF1.3.4.0
2026-01-15 13:58:54,542 [WARN] PackLoader:240 - Cannot read IP mode file for STMicroelectronics.X-CUBE-TOF1.3.4.1
2026-01-15 13:58:54,565 [WARN] PackLoader:240 - Cannot read IP mode file for STMicroelectronics.X-CUBE-AZRTOS-H7.3.2.0
2026-01-15 13:58:54,573 [WARN] PackLoader:240 - Cannot read IP mode file for wolfSSL.I-CUBE-wolfSSH.1.4.17
2026-01-15 13:58:54,578 [INFO] ThirdParty:978 - Integrity check success = true
2026-01-15 13:58:54,578 [INFO] IntegrityCheckThread:100 - exiting critical section [integrity check]
2026-01-15 13:58:54,579 [INFO] IntegrityCheckThread:103 - End integrity checks thread
2026-01-15 13:58:54,830 [INFO] BoardInfo:889 - No configuration file found for board B-WBA5M-WPAN
2026-01-15 13:58:54,830 [INFO] DbBoards:161 - Board is not supported: B-WBA5M-WPAN
2026-01-15 13:58:54,834 [INFO] BoardInfo:889 - No configuration file found for board NUCLEO-C051C8
2026-01-15 13:58:54,835 [INFO] DbBoards:161 - Board is not supported: NUCLEO-C051C8
2026-01-15 13:58:54,837 [INFO] BoardInfo:889 - No configuration file found for board NUCLEO-C092RC
2026-01-15 13:58:54,838 [INFO] DbBoards:161 - Board is not supported: NUCLEO-C092RC
2026-01-15 13:58:54,945 [INFO] BoardInfo:889 - No configuration file found for board NUCLEO-N657X0-Q
2026-01-15 13:58:54,945 [INFO] DbBoards:161 - Board is not supported: NUCLEO-N657X0-Q
2026-01-15 13:58:54,948 [INFO] BoardInfo:889 - No configuration file found for board NUCLEO-U385RG-Q
2026-01-15 13:58:54,949 [INFO] DbBoards:161 - Board is not supported: NUCLEO-U385RG-Q
2026-01-15 13:58:54,961 [INFO] BoardInfo:889 - No configuration file found for board NUCLEO-WBA65RI
2026-01-15 13:58:54,962 [INFO] DbBoards:161 - Board is not supported: NUCLEO-WBA65RI
2026-01-15 13:58:54,963 [INFO] BoardInfo:889 - No configuration file found for board NUCLEO-WL33CC1
2026-01-15 13:58:54,963 [INFO] DbBoards:161 - Board is not supported: NUCLEO-WL33CC1
2026-01-15 13:58:54,964 [INFO] BoardInfo:889 - No configuration file found for board NUCLEO-WL33CC2
2026-01-15 13:58:54,964 [INFO] DbBoards:161 - Board is not supported: NUCLEO-WL33CC2
2026-01-15 13:58:54,970 [INFO] BoardInfo:889 - No configuration file found for board P-NUCLEO-WB55
2026-01-15 13:58:54,971 [INFO] DbBoards:161 - Kit is not supported: P-NUCLEO-WB55
2026-01-15 13:58:54,975 [INFO] BoardInfo:889 - No configuration file found for board STEVAL-BFA001V1B
2026-01-15 13:58:54,976 [INFO] DbBoards:161 - Kit is not supported: STEVAL-BFA001V1B
2026-01-15 13:58:54,976 [INFO] BoardInfo:889 - No configuration file found for board STEVAL-BFA001V2B
2026-01-15 13:58:54,977 [INFO] DbBoards:161 - Kit is not supported: STEVAL-BFA001V2B
2026-01-15 13:58:55,093 [INFO] BoardInfo:889 - No configuration file found for board STM32N6570-DK
2026-01-15 13:58:55,093 [INFO] DbBoards:161 - Board is not supported: STM32N6570-DK
2026-01-15 13:58:55,106 [INFO] BoardInfo:889 - No configuration file found for board STM32WBA65I-DK1
2026-01-15 13:58:55,107 [INFO] DbBoards:161 - Board is not supported: STM32WBA65I-DK1
2026-01-15 13:58:55,107 [INFO] DbBoards:168 - Found 211 boards, 198 are supported
2026-01-15 13:58:55,107 [INFO] DbBoards:169 - Found 211 boards, 25 of them is supported for  Bsp
2026-01-15 13:58:55,109 [INFO] ApiDb:423 - Load user favorites file C:\Users\RND1/.stm32cubeide/favorites.boards.txt: 0 item(s)
2026-01-15 13:58:55,109 [INFO] ApiDb:427 - User favorites Boards=[]
2026-01-15 13:58:55,109 [INFO] DbBoards:198 - Set 0 / 0 favorites Boards
2026-01-15 13:58:55,109 [INFO] McuFinderGlobals:76 - Set McuFinderConnectedMode to true
2026-01-15 13:58:55,114 [INFO] MultiScanPanel:200 - Auto-refresh data requested => check proxy status ongoing
2026-01-15 13:58:55,115 [INFO] FinderPluginLoader:95 - Searching for filters in installed packs
2026-01-15 13:58:55,461 [INFO] WebApp:448 - Apply proxy settings
2026-01-15 13:58:55,481 [INFO] WebApp:493 - Chromium authenticates against Manually configured proxy
2026-01-15 13:58:55,488 [INFO] WebApp:501 - Username used for proxy authentication: 
2026-01-15 13:58:55,522 [INFO] WebApp:869 - Register for checkConnection events
2026-01-15 13:58:55,522 [INFO] WebApp:448 - Apply proxy settings
2026-01-15 13:58:55,525 [INFO] WebApp:493 - Chromium authenticates against Manually configured proxy
2026-01-15 13:58:55,526 [INFO] WebApp:501 - Username used for proxy authentication: 
2026-01-15 13:58:55,753 [INFO] WebApp:186 - Connection restablished
2026-01-15 13:58:56,025 [INFO] WebApp:220 - Starting web application
2026-01-15 13:58:56,025 [INFO] WebApp:578 - Web application path used C:\ST\STM32CubeIDE_1.16.1\STM32CubeIDE\plugins\com.st.stm32cube.common.mx_6.12.1.202409122256\db\plugins\mcufinder\reactClient1\index.html
2026-01-15 13:58:56,098 [INFO] UserAuth:417 - Internet connection configuration mode: 1
2026-01-15 13:58:56,124 [INFO] LoadUrlFilesThread:185 - End of LoadServerUrlFiles without Thread
2026-01-15 13:58:56,163 [INFO] DetailPanel:341 - Set advertising image to C:/Users/RND1/STM32Cube/Repository/\en.prom-stm32mp21-0126.png
2026-01-15 13:59:15,225 [INFO] MultiScanPanel:200 - Auto-refresh data requested => check proxy status ongoing
2026-01-15 13:59:15,306 [INFO] LoadUrlFilesThread:185 - End of LoadServerUrlFiles without Thread
2026-01-15 13:59:15,306 [INFO] DetailPanel:341 - Set advertising image to C:/Users/RND1/STM32Cube/Repository/\en.prom-stm32mp21-0126.png
2026-01-15 13:59:15,322 [INFO] DbBoards:642 - Loading board mini-images...
2026-01-15 13:59:16,755 [INFO] DbBoards:665 - Loaded 211 board mini-images
2026-01-15 13:59:35,818 [INFO] MultiScanPanel:200 - Auto-refresh data requested => check proxy status ongoing
2026-01-15 13:59:35,821 [INFO] ApiDb:668 - CubeFinder database Data Model version=2.1
2026-01-15 13:59:35,821 [INFO] ApiDb:669 - CubeFinder database Configuration version=3.0.39
2026-01-15 13:59:35,821 [INFO] ApiDb:670 - CubeFinder database generation date=2025-12-22 (1766407740)
2026-01-15 13:59:35,821 [INFO] ApiDb:671 - CubeFinder database FW Pack versions=[FP-ATR-ASTRA1_V2.0.0, FP-SNS-FLIGHT1_V5.1.0, FP-SNS-MOTENV1_V5.1.0, FP-SNS-MOTENVWB1_V1.4.0, FP-SNS-SMARTAG2_V1.2.0, FP-SNS-STBOX1_V2.1.0, STM32Cube_FW_C0_V1.4.0, STM32Cube_FW_F4_V1.28.3, STM32Cube_FW_F7_V1.17.4, STM32Cube_FW_G0_V1.6.2, STM32Cube_FW_G4_V1.6.1, STM32Cube_FW_H5_V1.5.1, STM32Cube_FW_H7RS_V1.3.0, STM32Cube_FW_H7_V1.12.1, STM32Cube_FW_L0_V1.12.2, STM32Cube_FW_L4_V1.18.1, STM32Cube_FW_L5_V1.6.0, STM32Cube_FW_N6_V1.3.0, STM32Cube_FW_U0_V1.3.0, STM32Cube_FW_U3_V1.2.1, STM32Cube_FW_U5_V1.8.0, STM32Cube_FW_WB0_V1.4.0, STM32Cube_FW_WBA_V1.8.0, STM32Cube_FW_WB_V1.24.0, STM32Cube_FW_WL3_V1.3.0, STM32Cube_FW_WL_V1.4.0, X-CUBE-ALGOBUILD_V1.4.0, X-CUBE-ALS_V1.0.2, X-CUBE-AZRTOS-F4_V1.1.0, X-CUBE-AZRTOS-F7_V1.1.0, X-CUBE-AZRTOS-G0_V1.1.0, X-CUBE-AZRTOS-G4_V2.0.0, X-CUBE-AZRTOS-H7RS_V1.1.0, X-CUBE-AZRTOS-H7_V3.4.0, X-CUBE-AZRTOS-L4_V2.0.0, X-CUBE-AZRTOS-L5_V2.0.0, X-CUBE-AZRTOS-WB_V2.0.0, X-CUBE-AZRTOS-WL_V2.0.0, X-CUBE-BLE1_V7.1.0, X-CUBE-BLE2_V3.3.0, X-CUBE-BLEMGR_V4.1.0, X-CUBE-EEPRMA1_V5.2.0, X-CUBE-FREERTOS_V1.3.1, X-CUBE-GNSS1_V6.0.0, X-CUBE-MEMS1_V12.0.0, X-CUBE-NFC4_V3.0.0, X-CUBE-NFC7_V2.0.0, X-CUBE-SFXS2LP1_V4.0.0, X-CUBE-ST67W61_V1.1.0, X-CUBE-SUBG2_V5.0.0, X-CUBE-TOF1_V3.4.3]
2026-01-15 13:59:36,241 [ERROR] DbExamplesSqlite:437 - Missing JSON key: board_cpn
2026-01-15 13:59:36,241 [ERROR] DbExamplesSqlite:437 - Missing JSON key: board_cpn
2026-01-15 13:59:36,241 [ERROR] DbExamplesSqlite:437 - Missing JSON key: board_cpn
2026-01-15 13:59:36,241 [ERROR] DbExamplesSqlite:437 - Missing JSON key: board_cpn
2026-01-15 13:59:36,421 [ERROR] DbExamplesSqlite:437 - Missing JSON key: board_cpn
2026-01-15 13:59:36,421 [ERROR] DbExamplesSqlite:437 - Missing JSON key: board_cpn
2026-01-15 13:59:36,429 [INFO] DbExamplesSqlite:395 - Ignored 42 examples not supported by CubeIDE
2026-01-15 13:59:36,429 [INFO] DbExamplesSqlite:396 - Found 10819 examples active
2026-01-15 13:59:36,429 [INFO] DbExamplesSqlite:397 - Found 0 examples obsolete
2026-01-15 13:59:36,429 [INFO] DbExamplesSqlite:398 - Found 0 examples under development
2026-01-15 13:59:36,429 [INFO] DbExamplesSqlite:399 - Found 85 examples not building
2026-01-15 13:59:36,431 [INFO] DbExamples:125 - Found 10862 examples
2026-01-15 13:59:36,447 [ERROR] DbExamples:208 - Found 73 examples with invalid data (board or MCU)
2026-01-15 13:59:36,447 [INFO] DbExamples:222 - Found 134 boards with related examples
2026-01-15 13:59:36,448 [INFO] DbExamples:235 - Found 111 MCUs with related examples
2026-01-15 13:59:36,462 [INFO] ApiDb:423 - Load user favorites file C:\Users\RND1/.stm32cubeide/favorites.examples.txt: 0 item(s)
2026-01-15 13:59:36,462 [INFO] ApiDb:427 - User favorites Examples=[]
2026-01-15 13:59:36,462 [INFO] DbExamples:250 - Set 0 / 0 favorites Examples
2026-01-15 13:59:37,113 [INFO] SoftwarePacks:127 - Download is needed for SW pack 'FP-ATR-ASTRA1_V2.0.0'
2026-01-15 13:59:37,114 [INFO] SoftwarePacks:127 - Download is needed for SW pack 'FP-SNS-FLIGHT1_V5.1.0'
2026-01-15 13:59:37,114 [INFO] SoftwarePacks:127 - Download is needed for SW pack 'FP-SNS-MOTENV1_V5.1.0'
2026-01-15 13:59:37,114 [INFO] SoftwarePacks:127 - Download is needed for SW pack 'FP-SNS-MOTENVWB1_V1.4.0'
2026-01-15 13:59:37,114 [INFO] SoftwarePacks:127 - Download is needed for SW pack 'FP-SNS-SMARTAG2_V1.2.0'
2026-01-15 13:59:37,114 [INFO] SoftwarePacks:127 - Download is needed for SW pack 'FP-SNS-STBOX1_V2.1.0'
2026-01-15 13:59:37,134 [INFO] SoftwarePacks:127 - Download is needed for SW pack 'STM32Cube_FW_C0_V1.4.0'
2026-01-15 13:59:37,148 [INFO] SoftwarePacks:127 - Download is needed for SW pack 'STM32Cube_FW_F4_V1.28.3'
2026-01-15 13:59:37,166 [INFO] SoftwarePacks:127 - Download is needed for SW pack 'STM32Cube_FW_F7_V1.17.4'
2026-01-15 13:59:37,186 [INFO] SoftwarePacks:127 - Download is needed for SW pack 'STM32Cube_FW_G0_V1.6.2'
2026-01-15 13:59:37,205 [INFO] SoftwarePacks:131 - Found SW pack 'STM32Cube_FW_G4_V1.6.1' up-to-date on disk.
2026-01-15 13:59:37,228 [INFO] SoftwarePacks:127 - Download is needed for SW pack 'STM32Cube_FW_H5_V1.5.1'
2026-01-15 13:59:37,255 [INFO] SoftwarePacks:127 - Download is needed for SW pack 'STM32Cube_FW_H7RS_V1.3.0'
2026-01-15 13:59:37,272 [INFO] SoftwarePacks:127 - Download is needed for SW pack 'STM32Cube_FW_H7_V1.12.1'
2026-01-15 13:59:37,283 [INFO] SoftwarePacks:127 - Download is needed for SW pack 'STM32Cube_FW_L0_V1.12.2'
2026-01-15 13:59:37,293 [INFO] SoftwarePacks:127 - Download is needed for SW pack 'STM32Cube_FW_L4_V1.18.1'
2026-01-15 13:59:37,304 [INFO] SoftwarePacks:127 - Download is needed for SW pack 'STM32Cube_FW_L5_V1.6.0'
2026-01-15 13:59:37,323 [INFO] SoftwarePacks:127 - Download is needed for SW pack 'STM32Cube_FW_N6_V1.3.0'
2026-01-15 13:59:37,343 [INFO] SoftwarePacks:127 - Download is needed for SW pack 'STM32Cube_FW_U0_V1.3.0'
2026-01-15 13:59:37,362 [INFO] SoftwarePacks:127 - Download is needed for SW pack 'STM32Cube_FW_U3_V1.2.1'
2026-01-15 13:59:37,373 [INFO] SoftwarePacks:127 - Download is needed for SW pack 'STM32Cube_FW_U5_V1.8.0'
2026-01-15 13:59:37,385 [INFO] SoftwarePacks:127 - Download is needed for SW pack 'STM32Cube_FW_WB0_V1.4.0'
2026-01-15 13:59:37,394 [INFO] SoftwarePacks:127 - Download is needed for SW pack 'STM32Cube_FW_WBA_V1.8.0'
2026-01-15 13:59:37,411 [INFO] SoftwarePacks:127 - Download is needed for SW pack 'STM32Cube_FW_WB_V1.24.0'
2026-01-15 13:59:37,421 [INFO] SoftwarePacks:127 - Download is needed for SW pack 'STM32Cube_FW_WL3_V1.3.0'
2026-01-15 13:59:37,430 [INFO] SoftwarePacks:127 - Download is needed for SW pack 'STM32Cube_FW_WL_V1.4.0'
2026-01-15 13:59:37,430 [INFO] SoftwarePacks:127 - Download is needed for SW pack 'X-CUBE-ALGOBUILD_V1.4.0'
2026-01-15 13:59:37,430 [INFO] SoftwarePacks:127 - Download is needed for SW pack 'X-CUBE-ALS_V1.0.2'
2026-01-15 13:59:37,430 [INFO] SoftwarePacks:127 - Download is needed for SW pack 'X-CUBE-AZRTOS-F4_V1.1.0'
2026-01-15 13:59:37,431 [INFO] SoftwarePacks:127 - Download is needed for SW pack 'X-CUBE-AZRTOS-F7_V1.1.0'
2026-01-15 13:59:37,431 [INFO] SoftwarePacks:127 - Download is needed for SW pack 'X-CUBE-AZRTOS-G0_V1.1.0'
2026-01-15 13:59:37,431 [INFO] SoftwarePacks:127 - Download is needed for SW pack 'X-CUBE-AZRTOS-G4_V2.0.0'
2026-01-15 13:59:37,431 [INFO] SoftwarePacks:127 - Download is needed for SW pack 'X-CUBE-AZRTOS-H7RS_V1.1.0'
2026-01-15 13:59:37,431 [INFO] SoftwarePacks:127 - Download is needed for SW pack 'X-CUBE-AZRTOS-H7_V3.4.0'
2026-01-15 13:59:37,431 [INFO] SoftwarePacks:127 - Download is needed for SW pack 'X-CUBE-AZRTOS-L4_V2.0.0'
2026-01-15 13:59:37,431 [INFO] SoftwarePacks:127 - Download is needed for SW pack 'X-CUBE-AZRTOS-L5_V2.0.0'
2026-01-15 13:59:37,431 [INFO] SoftwarePacks:127 - Download is needed for SW pack 'X-CUBE-AZRTOS-WB_V2.0.0'
2026-01-15 13:59:37,431 [INFO] SoftwarePacks:127 - Download is needed for SW pack 'X-CUBE-AZRTOS-WL_V2.0.0'
2026-01-15 13:59:37,431 [INFO] SoftwarePacks:127 - Download is needed for SW pack 'X-CUBE-BLE1_V7.1.0'
2026-01-15 13:59:37,431 [INFO] SoftwarePacks:127 - Download is needed for SW pack 'X-CUBE-BLE2_V3.3.0'
2026-01-15 13:59:37,431 [INFO] SoftwarePacks:127 - Download is needed for SW pack 'X-CUBE-BLEMGR_V4.1.0'
2026-01-15 13:59:37,431 [INFO] SoftwarePacks:127 - Download is needed for SW pack 'X-CUBE-EEPRMA1_V5.2.0'
2026-01-15 13:59:37,431 [INFO] SoftwarePacks:127 - Download is needed for SW pack 'X-CUBE-FREERTOS_V1.3.1'
2026-01-15 13:59:37,431 [INFO] SoftwarePacks:127 - Download is needed for SW pack 'X-CUBE-GNSS1_V6.0.0'
2026-01-15 13:59:37,431 [INFO] SoftwarePacks:127 - Download is needed for SW pack 'X-CUBE-MEMS1_V12.0.0'
2026-01-15 13:59:37,431 [INFO] SoftwarePacks:127 - Download is needed for SW pack 'X-CUBE-NFC4_V3.0.0'
2026-01-15 13:59:37,431 [INFO] SoftwarePacks:127 - Download is needed for SW pack 'X-CUBE-NFC7_V2.0.0'
2026-01-15 13:59:37,431 [INFO] SoftwarePacks:127 - Download is needed for SW pack 'X-CUBE-SFXS2LP1_V4.0.0'
2026-01-15 13:59:37,432 [INFO] SoftwarePacks:127 - Download is needed for SW pack 'X-CUBE-ST67W61_V1.1.0'
2026-01-15 13:59:37,432 [INFO] SoftwarePacks:127 - Download is needed for SW pack 'X-CUBE-SUBG2_V5.0.0'
2026-01-15 13:59:37,432 [INFO] SoftwarePacks:127 - Download is needed for SW pack 'X-CUBE-TOF1_V3.4.3'
2026-01-15 13:59:38,786 [INFO] LoadUrlFilesThread:185 - End of LoadServerUrlFiles without Thread
2026-01-15 13:59:38,786 [INFO] DetailPanel:341 - Set advertising image to C:/Users/RND1/STM32Cube/Repository/\en.prom-stm32mp21-0126.png
2026-01-15 13:59:38,805 [ERROR] AppliInfo:139 - Unknown STM32CubeMX version: 6.13.0
2026-01-15 13:59:38,806 [ERROR] AppliInfo:139 - Unknown STM32CubeMX version: 6.13.0
2026-01-15 13:59:38,807 [ERROR] AppliInfo:139 - Unknown STM32CubeMX version: 6.13.0
2026-01-15 13:59:38,807 [ERROR] AppliInfo:139 - Unknown STM32CubeMX version: 6.13.0
2026-01-15 13:59:38,807 [ERROR] AppliInfo:139 - Unknown STM32CubeMX version: 6.13.0
2026-01-15 13:59:38,807 [ERROR] AppliInfo:139 - Unknown STM32CubeMX version: 6.13.0
2026-01-15 13:59:38,808 [ERROR] AppliInfo:139 - Unknown STM32CubeMX version: 6.13.0
2026-01-15 13:59:38,808 [ERROR] AppliInfo:139 - Unknown STM32CubeMX version: 6.13.0
2026-01-15 13:59:38,808 [ERROR] AppliInfo:139 - Unknown STM32CubeMX version: 6.15.0
2026-01-15 13:59:38,808 [ERROR] AppliInfo:139 - Unknown STM32CubeMX version: 6.15.0
2026-01-15 13:59:38,808 [ERROR] AppliInfo:139 - Unknown STM32CubeMX version: 6.15.0
2026-01-15 13:59:38,808 [ERROR] AppliInfo:139 - Unknown STM32CubeMX version: 6.15.0
2026-01-15 13:59:38,808 [ERROR] AppliInfo:139 - Unknown STM32CubeMX version: 6.15.0
2026-01-15 13:59:38,809 [ERROR] AppliInfo:139 - Unknown STM32CubeMX version: 6.15.0
2026-01-15 13:59:38,811 [ERROR] AppliInfo:139 - Unknown STM32CubeMX version: 6.14.1
2026-01-15 13:59:38,811 [ERROR] AppliInfo:139 - Unknown STM32CubeMX version: 6.14.1
2026-01-15 13:59:38,812 [ERROR] AppliInfo:139 - Unknown STM32CubeMX version: 6.14.1
2026-01-15 13:59:38,812 [ERROR] AppliInfo:139 - Unknown STM32CubeMX version: 6.14.1
2026-01-15 13:59:38,812 [ERROR] AppliInfo:139 - Unknown STM32CubeMX version: 6.14.1
2026-01-15 13:59:38,812 [ERROR] AppliInfo:139 - Unknown STM32CubeMX version: 6.14.1
2026-01-15 13:59:38,813 [ERROR] AppliInfo:139 - Unknown STM32CubeMX version: 6.14.1
2026-01-15 13:59:38,813 [ERROR] AppliInfo:139 - Unknown STM32CubeMX version: 6.14.1
2026-01-15 13:59:38,814 [ERROR] AppliInfo:139 - Unknown STM32CubeMX version: 6.14.1
2026-01-15 13:59:38,814 [ERROR] AppliInfo:139 - Unknown STM32CubeMX version: 6.14.1
2026-01-15 13:59:38,814 [ERROR] AppliInfo:139 - Unknown STM32CubeMX version: 6.14.1
2026-01-15 13:59:38,815 [ERROR] AppliInfo:139 - Unknown STM32CubeMX version: 6.14.1
2026-01-15 13:59:38,815 [ERROR] AppliInfo:139 - Unknown STM32CubeMX version: 6.14.1
2026-01-15 13:59:38,815 [ERROR] AppliInfo:139 - Unknown STM32CubeMX version: 6.14.1
2026-01-15 13:59:38,832 [ERROR] AppliInfo:139 - Unknown STM32CubeMX version: 6.13.0
2026-01-15 13:59:38,832 [ERROR] AppliInfo:139 - Unknown STM32CubeMX version: 6.13.0
2026-01-15 13:59:38,832 [ERROR] AppliInfo:139 - Unknown STM32CubeMX version: 6.13.0
2026-01-15 13:59:38,832 [ERROR] AppliInfo:139 - Unknown STM32CubeMX version: 6.13.0
2026-01-15 13:59:38,832 [ERROR] AppliInfo:139 - Unknown STM32CubeMX version: 6.13.0
2026-01-15 13:59:38,832 [ERROR] AppliInfo:139 - Unknown STM32CubeMX version: 6.13.0
2026-01-15 13:59:38,832 [ERROR] AppliInfo:139 - Unknown STM32CubeMX version: 6.13.0
2026-01-15 13:59:38,832 [ERROR] AppliInfo:139 - Unknown STM32CubeMX version: 6.13.0
2026-01-15 13:59:38,832 [ERROR] AppliInfo:139 - Unknown STM32CubeMX version: 6.13.0
2026-01-15 13:59:38,832 [ERROR] AppliInfo:139 - Unknown STM32CubeMX version: 6.13.0
2026-01-15 13:59:38,833 [ERROR] AppliInfo:139 - Unknown STM32CubeMX version: 6.13.0
2026-01-15 13:59:38,833 [ERROR] AppliInfo:139 - Unknown STM32CubeMX version: 6.13.0
2026-01-15 13:59:38,833 [ERROR] AppliInfo:139 - Unknown STM32CubeMX version: 6.13.0
2026-01-15 13:59:38,833 [ERROR] AppliInfo:139 - Unknown STM32CubeMX version: 6.13.0
2026-01-15 13:59:38,833 [ERROR] AppliInfo:139 - Unknown STM32CubeMX version: 6.13.0
2026-01-15 13:59:38,833 [ERROR] AppliInfo:139 - Unknown STM32CubeMX version: 6.13.0
2026-01-15 13:59:38,833 [ERROR] AppliInfo:139 - Unknown STM32CubeMX version: 6.13.0
2026-01-15 13:59:38,833 [ERROR] AppliInfo:139 - Unknown STM32CubeMX version: 6.13.0
2026-01-15 13:59:38,833 [ERROR] AppliInfo:139 - Unknown STM32CubeMX version: 6.13.0
2026-01-15 13:59:38,833 [ERROR] AppliInfo:139 - Unknown STM32CubeMX version: 6.13.0
2026-01-15 13:59:38,834 [ERROR] AppliInfo:139 - Unknown STM32CubeMX version: 6.13.0
2026-01-15 13:59:38,834 [ERROR] AppliInfo:139 - Unknown STM32CubeMX version: 6.13.0
2026-01-15 13:59:38,834 [ERROR] AppliInfo:139 - Unknown STM32CubeMX version: 6.13.0
2026-01-15 13:59:38,834 [ERROR] AppliInfo:139 - Unknown STM32CubeMX version: 6.13.0
2026-01-15 13:59:38,834 [ERROR] AppliInfo:139 - Unknown STM32CubeMX version: 6.13.0
2026-01-15 13:59:38,834 [ERROR] AppliInfo:139 - Unknown STM32CubeMX version: 6.13.0
2026-01-15 13:59:38,834 [ERROR] AppliInfo:139 - Unknown STM32CubeMX version: 6.13.0
2026-01-15 13:59:38,835 [ERROR] AppliInfo:139 - Unknown STM32CubeMX version: 6.13.0
2026-01-15 13:59:38,835 [ERROR] AppliInfo:139 - Unknown STM32CubeMX version: 6.14.0
2026-01-15 13:59:38,835 [ERROR] AppliInfo:139 - Unknown STM32CubeMX version: 6.14.0
2026-01-15 13:59:38,835 [ERROR] AppliInfo:139 - Unknown STM32CubeMX version: 6.14.0
2026-01-15 13:59:38,835 [ERROR] AppliInfo:139 - Unknown STM32CubeMX version: 6.14.0
2026-01-15 13:59:38,835 [ERROR] AppliInfo:139 - Unknown STM32CubeMX version: 6.14.0
2026-01-15 13:59:38,835 [ERROR] AppliInfo:139 - Unknown STM32CubeMX version: 6.14.0
2026-01-15 13:59:38,835 [ERROR] AppliInfo:139 - Unknown STM32CubeMX version: 6.14.0
2026-01-15 13:59:38,835 [ERROR] AppliInfo:139 - Unknown STM32CubeMX version: 6.13.0
2026-01-15 13:59:38,835 [ERROR] AppliInfo:139 - Unknown STM32CubeMX version: 6.13.0
2026-01-15 13:59:38,835 [ERROR] AppliInfo:139 - Unknown STM32CubeMX version: 6.13.0
2026-01-15 13:59:38,835 [ERROR] AppliInfo:139 - Unknown STM32CubeMX version: 6.13.0
2026-01-15 13:59:38,836 [ERROR] AppliInfo:139 - Unknown STM32CubeMX version: 6.13.0
2026-01-15 13:59:38,836 [ERROR] AppliInfo:139 - Unknown STM32CubeMX version: 6.13.0
2026-01-15 13:59:38,836 [ERROR] AppliInfo:139 - Unknown STM32CubeMX version: 6.13.0
2026-01-15 13:59:38,836 [ERROR] AppliInfo:139 - Unknown STM32CubeMX version: 6.13.0
2026-01-15 13:59:38,836 [ERROR] AppliInfo:139 - Unknown STM32CubeMX version: 6.13.0
2026-01-15 13:59:38,836 [ERROR] AppliInfo:139 - Unknown STM32CubeMX version: 6.13.0
2026-01-15 13:59:38,836 [ERROR] AppliInfo:139 - Unknown STM32CubeMX version: 6.13.0
2026-01-15 13:59:38,836 [ERROR] AppliInfo:139 - Unknown STM32CubeMX version: 6.13.0
2026-01-15 13:59:38,836 [ERROR] AppliInfo:139 - Unknown STM32CubeMX version: 6.13.0
2026-01-15 13:59:38,836 [ERROR] AppliInfo:139 - Unknown STM32CubeMX version: 6.13.0
2026-01-15 13:59:38,837 [ERROR] AppliInfo:139 - Unknown STM32CubeMX version: 6.13.0
2026-01-15 13:59:38,837 [ERROR] AppliInfo:139 - Unknown STM32CubeMX version: 6.13.0
2026-01-15 13:59:38,837 [ERROR] AppliInfo:139 - Unknown STM32CubeMX version: 6.13.0
2026-01-15 13:59:38,837 [ERROR] AppliInfo:139 - Unknown STM32CubeMX version: 6.13.0
2026-01-15 13:59:38,837 [ERROR] AppliInfo:139 - Unknown STM32CubeMX version: 6.13.0
2026-01-15 13:59:38,837 [ERROR] AppliInfo:139 - Unknown STM32CubeMX version: 6.13.0
2026-01-15 13:59:38,837 [ERROR] AppliInfo:139 - Unknown STM32CubeMX version: 6.13.0
2026-01-15 13:59:38,837 [ERROR] AppliInfo:139 - Unknown STM32CubeMX version: 6.13.0
2026-01-15 13:59:38,837 [ERROR] AppliInfo:139 - Unknown STM32CubeMX version: 6.13.0
2026-01-15 13:59:38,837 [ERROR] AppliInfo:139 - Unknown STM32CubeMX version: 6.13.0
2026-01-15 13:59:38,837 [ERROR] AppliInfo:139 - Unknown STM32CubeMX version: 6.14.0
2026-01-15 13:59:38,838 [ERROR] AppliInfo:139 - Unknown STM32CubeMX version: 6.14.0
2026-01-15 13:59:38,838 [ERROR] AppliInfo:139 - Unknown STM32CubeMX version: 6.14.0
2026-01-15 13:59:38,838 [ERROR] AppliInfo:139 - Unknown STM32CubeMX version: 6.14.0
2026-01-15 13:59:38,838 [ERROR] AppliInfo:139 - Unknown STM32CubeMX version: 6.14.0
2026-01-15 13:59:38,838 [ERROR] AppliInfo:139 - Unknown STM32CubeMX version: 6.14.0
2026-01-15 13:59:38,838 [ERROR] AppliInfo:139 - Unknown STM32CubeMX version: 6.14.0
2026-01-15 13:59:38,838 [ERROR] AppliInfo:139 - Unknown STM32CubeMX version: 6.14.0
2026-01-15 13:59:38,838 [ERROR] AppliInfo:139 - Unknown STM32CubeMX version: 6.14.0
2026-01-15 13:59:38,838 [ERROR] AppliInfo:139 - Unknown STM32CubeMX version: 6.14.0
2026-01-15 13:59:38,838 [ERROR] AppliInfo:139 - Unknown STM32CubeMX version: 6.14.0
2026-01-15 13:59:38,838 [ERROR] AppliInfo:139 - Unknown STM32CubeMX version: 6.14.0
2026-01-15 13:59:38,839 [ERROR] AppliInfo:139 - Unknown STM32CubeMX version: 6.14.0
2026-01-15 13:59:38,839 [ERROR] AppliInfo:139 - Unknown STM32CubeMX version: 6.14.0
2026-01-15 13:59:38,839 [ERROR] AppliInfo:139 - Unknown STM32CubeMX version: 6.14.0
2026-01-15 13:59:38,839 [ERROR] AppliInfo:139 - Unknown STM32CubeMX version: 6.14.0
2026-01-15 13:59:38,839 [ERROR] AppliInfo:139 - Unknown STM32CubeMX version: 6.14.0
2026-01-15 13:59:38,839 [ERROR] AppliInfo:139 - Unknown STM32CubeMX version: 6.14.0
2026-01-15 13:59:38,839 [ERROR] AppliInfo:139 - Unknown STM32CubeMX version: 6.14.0
2026-01-15 13:59:38,839 [ERROR] AppliInfo:139 - Unknown STM32CubeMX version: 6.14.0
2026-01-15 13:59:38,839 [ERROR] AppliInfo:139 - Unknown STM32CubeMX version: 6.14.0
2026-01-15 13:59:38,839 [ERROR] AppliInfo:139 - Unknown STM32CubeMX version: 6.14.0
2026-01-15 13:59:38,839 [ERROR] AppliInfo:139 - Unknown STM32CubeMX version: 6.14.0
2026-01-15 13:59:38,840 [ERROR] AppliInfo:139 - Unknown STM32CubeMX version: 6.14.0
2026-01-15 13:59:38,840 [ERROR] AppliInfo:139 - Unknown STM32CubeMX version: 6.14.0
2026-01-15 13:59:38,840 [ERROR] AppliInfo:139 - Unknown STM32CubeMX version: 6.14.0
2026-01-15 13:59:38,840 [ERROR] AppliInfo:139 - Unknown STM32CubeMX version: 6.14.0
2026-01-15 13:59:38,841 [ERROR] AppliInfo:139 - Unknown STM32CubeMX version: 6.14.0
2026-01-15 13:59:38,841 [ERROR] AppliInfo:139 - Unknown STM32CubeMX version: 6.14.0
2026-01-15 13:59:38,841 [ERROR] AppliInfo:139 - Unknown STM32CubeMX version: 6.14.0
2026-01-15 13:59:38,841 [ERROR] AppliInfo:139 - Unknown STM32CubeMX version: 6.14.0
2026-01-15 13:59:38,841 [ERROR] AppliInfo:139 - Unknown STM32CubeMX version: 6.14.0
2026-01-15 13:59:38,842 [ERROR] AppliInfo:139 - Unknown STM32CubeMX version: 6.14.0
2026-01-15 13:59:38,842 [ERROR] AppliInfo:139 - Unknown STM32CubeMX version: 6.14.0
2026-01-15 13:59:38,842 [ERROR] AppliInfo:139 - Unknown STM32CubeMX version: 6.14.0
2026-01-15 13:59:38,842 [ERROR] AppliInfo:139 - Unknown STM32CubeMX version: 6.14.0
2026-01-15 13:59:38,842 [ERROR] AppliInfo:139 - Unknown STM32CubeMX version: 6.14.0
2026-01-15 13:59:38,842 [ERROR] AppliInfo:139 - Unknown STM32CubeMX version: 6.14.0
2026-01-15 13:59:38,842 [ERROR] AppliInfo:139 - Unknown STM32CubeMX version: 6.14.0
2026-01-15 13:59:38,842 [ERROR] AppliInfo:139 - Unknown STM32CubeMX version: 6.14.0
2026-01-15 13:59:38,842 [ERROR] AppliInfo:139 - Unknown STM32CubeMX version: 6.14.0
2026-01-15 13:59:38,843 [ERROR] AppliInfo:139 - Unknown STM32CubeMX version: 6.14.0
2026-01-15 13:59:38,843 [ERROR] AppliInfo:139 - Unknown STM32CubeMX version: 6.14.0
2026-01-15 13:59:38,843 [ERROR] AppliInfo:139 - Unknown STM32CubeMX version: 6.14.0
2026-01-15 13:59:38,843 [ERROR] AppliInfo:139 - Unknown STM32CubeMX version: 6.14.0
2026-01-15 13:59:38,843 [ERROR] AppliInfo:139 - Unknown STM32CubeMX version: 6.14.0
2026-01-15 13:59:38,843 [ERROR] AppliInfo:139 - Unknown STM32CubeMX version: 6.14.0
2026-01-15 13:59:38,843 [ERROR] AppliInfo:139 - Unknown STM32CubeMX version: 6.14.0
2026-01-15 13:59:38,843 [ERROR] AppliInfo:139 - Unknown STM32CubeMX version: 6.14.0
2026-01-15 13:59:38,843 [ERROR] AppliInfo:139 - Unknown STM32CubeMX version: 6.14.0
2026-01-15 13:59:38,844 [ERROR] AppliInfo:139 - Unknown STM32CubeMX version: 6.14.0
2026-01-15 13:59:38,844 [ERROR] AppliInfo:139 - Unknown STM32CubeMX version: 6.14.0
2026-01-15 13:59:38,844 [ERROR] AppliInfo:139 - Unknown STM32CubeMX version: 6.14.0
2026-01-15 13:59:38,844 [ERROR] AppliInfo:139 - Unknown STM32CubeMX version: 6.14.0
2026-01-15 13:59:38,844 [ERROR] AppliInfo:139 - Unknown STM32CubeMX version: 6.14.0
2026-01-15 13:59:38,845 [ERROR] AppliInfo:139 - Unknown STM32CubeMX version: 6.14.0
2026-01-15 13:59:38,845 [ERROR] AppliInfo:139 - Unknown STM32CubeMX version: 6.14.0
2026-01-15 13:59:38,845 [ERROR] AppliInfo:139 - Unknown STM32CubeMX version: 6.14.0
2026-01-15 13:59:38,845 [ERROR] AppliInfo:139 - Unknown STM32CubeMX version: 6.14.0
2026-01-15 13:59:39,049 [ERROR] AppliInfo:139 - Unknown STM32CubeMX version: 6.13.0
2026-01-15 13:59:39,051 [ERROR] AppliInfo:139 - Unknown STM32CubeMX version: 6.14.0
2026-01-15 13:59:39,051 [ERROR] AppliInfo:139 - Unknown STM32CubeMX version: 6.14.0
2026-01-15 13:59:39,051 [ERROR] AppliInfo:139 - Unknown STM32CubeMX version: 6.14.0
2026-01-15 13:59:39,051 [ERROR] AppliInfo:139 - Unknown STM32CubeMX version: 6.14.0
2026-01-15 13:59:39,053 [ERROR] AppliInfo:139 - Unknown STM32CubeMX version: 6.14.0
2026-01-15 13:59:39,054 [ERROR] AppliInfo:139 - Unknown STM32CubeMX version: 6.14.0
2026-01-15 13:59:39,054 [ERROR] AppliInfo:139 - Unknown STM32CubeMX version: 6.14.0
2026-01-15 13:59:39,054 [ERROR] AppliInfo:139 - Unknown STM32CubeMX version: 6.14.0
2026-01-15 13:59:39,054 [ERROR] AppliInfo:139 - Unknown STM32CubeMX version: 6.14.0
2026-01-15 13:59:39,054 [ERROR] AppliInfo:139 - Unknown STM32CubeMX version: 6.14.0
2026-01-15 13:59:39,054 [ERROR] AppliInfo:139 - Unknown STM32CubeMX version: 6.14.0
2026-01-15 13:59:39,054 [ERROR] AppliInfo:139 - Unknown STM32CubeMX version: 6.14.0
2026-01-15 13:59:39,054 [ERROR] AppliInfo:139 - Unknown STM32CubeMX version: 6.14.0
2026-01-15 13:59:39,055 [ERROR] AppliInfo:139 - Unknown STM32CubeMX version: 6.14.0
2026-01-15 13:59:39,057 [ERROR] AppliInfo:139 - Unknown STM32CubeMX version: 6.14.0
2026-01-15 13:59:39,057 [ERROR] AppliInfo:139 - Unknown STM32CubeMX version: 6.14.0
2026-01-15 13:59:39,058 [ERROR] AppliInfo:139 - Unknown STM32CubeMX version: 6.14.0
2026-01-15 13:59:39,058 [ERROR] AppliInfo:139 - Unknown STM32CubeMX version: 6.14.0
2026-01-15 13:59:39,058 [ERROR] AppliInfo:139 - Unknown STM32CubeMX version: 6.14.0
2026-01-15 13:59:39,059 [ERROR] AppliInfo:139 - Unknown STM32CubeMX version: 6.14.0
2026-01-15 13:59:39,059 [ERROR] AppliInfo:139 - Unknown STM32CubeMX version: 6.14.0
2026-01-15 13:59:39,059 [ERROR] AppliInfo:139 - Unknown STM32CubeMX version: 6.14.0
2026-01-15 13:59:39,059 [ERROR] AppliInfo:139 - Unknown STM32CubeMX version: 6.14.0
2026-01-15 13:59:39,059 [ERROR] AppliInfo:139 - Unknown STM32CubeMX version: 6.14.0
2026-01-15 13:59:39,059 [ERROR] AppliInfo:139 - Unknown STM32CubeMX version: 6.14.0
2026-01-15 13:59:39,059 [ERROR] AppliInfo:139 - Unknown STM32CubeMX version: 6.14.0
2026-01-15 13:59:39,059 [ERROR] AppliInfo:139 - Unknown STM32CubeMX version: 6.14.0
2026-01-15 13:59:39,059 [ERROR] AppliInfo:139 - Unknown STM32CubeMX version: 6.14.0
2026-01-15 13:59:39,059 [ERROR] AppliInfo:139 - Unknown STM32CubeMX version: 6.14.0
2026-01-15 13:59:39,060 [ERROR] AppliInfo:139 - Unknown STM32CubeMX version: 6.14.0
2026-01-15 13:59:39,060 [ERROR] AppliInfo:139 - Unknown STM32CubeMX version: 6.14.0
2026-01-15 13:59:39,060 [ERROR] AppliInfo:139 - Unknown STM32CubeMX version: 6.14.0
2026-01-15 13:59:39,060 [ERROR] AppliInfo:139 - Unknown STM32CubeMX version: 6.14.0
2026-01-15 13:59:39,060 [ERROR] AppliInfo:139 - Unknown STM32CubeMX version: 6.14.0
2026-01-15 13:59:39,060 [ERROR] AppliInfo:139 - Unknown STM32CubeMX version: 6.14.0
2026-01-15 13:59:39,061 [ERROR] AppliInfo:139 - Unknown STM32CubeMX version: 6.14.0
2026-01-15 13:59:39,062 [ERROR] AppliInfo:139 - Unknown STM32CubeMX version: 6.14.0
2026-01-15 13:59:39,062 [ERROR] AppliInfo:139 - Unknown STM32CubeMX version: 6.14.0
2026-01-15 13:59:39,066 [ERROR] AppliInfo:139 - Unknown STM32CubeMX version: 6.14.0
2026-01-15 13:59:39,067 [ERROR] AppliInfo:139 - Unknown STM32CubeMX version: 6.14.0
2026-01-15 13:59:39,067 [ERROR] AppliInfo:139 - Unknown STM32CubeMX version: 6.14.0
2026-01-15 13:59:39,067 [ERROR] AppliInfo:139 - Unknown STM32CubeMX version: 6.14.0
2026-01-15 13:59:39,068 [ERROR] AppliInfo:139 - Unknown STM32CubeMX version: 6.14.0
2026-01-15 13:59:39,068 [ERROR] AppliInfo:139 - Unknown STM32CubeMX version: 6.14.0
2026-01-15 13:59:39,069 [ERROR] AppliInfo:139 - Unknown STM32CubeMX version: 6.14.0
2026-01-15 13:59:39,070 [ERROR] AppliInfo:139 - Unknown STM32CubeMX version: 6.14.0
2026-01-15 13:59:39,070 [ERROR] AppliInfo:139 - Unknown STM32CubeMX version: 6.14.0
2026-01-15 13:59:39,070 [ERROR] AppliInfo:139 - Unknown STM32CubeMX version: 6.14.0
2026-01-15 13:59:39,071 [ERROR] AppliInfo:139 - Unknown STM32CubeMX version: 6.13.0
2026-01-15 13:59:39,099 [ERROR] AppliInfo:139 - Unknown STM32CubeMX version: 6.13.0
2026-01-15 13:59:39,101 [ERROR] AppliInfo:139 - Unknown STM32CubeMX version: 6.14.0
2026-01-15 13:59:39,101 [ERROR] AppliInfo:139 - Unknown STM32CubeMX version: 6.14.0
2026-01-15 13:59:39,101 [ERROR] AppliInfo:139 - Unknown STM32CubeMX version: 6.14.0
2026-01-15 13:59:39,101 [ERROR] AppliInfo:139 - Unknown STM32CubeMX version: 6.14.0
2026-01-15 13:59:39,101 [ERROR] AppliInfo:139 - Unknown STM32CubeMX version: 6.13.0
2026-01-15 13:59:39,101 [ERROR] AppliInfo:139 - Unknown STM32CubeMX version: 6.13.0
2026-01-15 13:59:39,174 [ERROR] AppliInfo:139 - Unknown STM32CubeMX version: 6.14.0
2026-01-15 13:59:39,174 [ERROR] AppliInfo:139 - Unknown STM32CubeMX version: 6.14.0
2026-01-15 13:59:39,174 [ERROR] AppliInfo:139 - Unknown STM32CubeMX version: 6.14.0
2026-01-15 13:59:39,175 [ERROR] AppliInfo:139 - Unknown STM32CubeMX version: 6.16.0
2026-01-15 13:59:39,175 [ERROR] AppliInfo:139 - Unknown STM32CubeMX version: 6.16.0
2026-01-15 13:59:39,175 [ERROR] AppliInfo:139 - Unknown STM32CubeMX version: 6.16.0
2026-01-15 13:59:39,175 [ERROR] AppliInfo:139 - Unknown STM32CubeMX version: 6.16.0
2026-01-15 13:59:39,175 [ERROR] AppliInfo:139 - Unknown STM32CubeMX version: 6.16.0
2026-01-15 13:59:39,175 [ERROR] AppliInfo:139 - Unknown STM32CubeMX version: 6.14.0
2026-01-15 13:59:39,175 [ERROR] AppliInfo:139 - Unknown STM32CubeMX version: 6.14.0
2026-01-15 13:59:39,175 [ERROR] AppliInfo:139 - Unknown STM32CubeMX version: 6.14.0
2026-01-15 13:59:39,175 [ERROR] AppliInfo:139 - Unknown STM32CubeMX version: 6.14.0
2026-01-15 13:59:39,177 [ERROR] AppliInfo:139 - Unknown STM32CubeMX version: 6.15.0
2026-01-15 13:59:39,177 [ERROR] AppliInfo:139 - Unknown STM32CubeMX version: 6.15.0
2026-01-15 13:59:39,177 [ERROR] AppliInfo:139 - Unknown STM32CubeMX version: 6.15.0
2026-01-15 13:59:39,177 [ERROR] AppliInfo:139 - Unknown STM32CubeMX version: 6.15.0
2026-01-15 13:59:39,177 [ERROR] AppliInfo:139 - Unknown STM32CubeMX version: 6.15.0
2026-01-15 13:59:39,177 [ERROR] AppliInfo:139 - Unknown STM32CubeMX version: 6.15.0
2026-01-15 13:59:39,177 [ERROR] AppliInfo:139 - Unknown STM32CubeMX version: 6.15.0
2026-01-15 13:59:39,183 [ERROR] AppliInfo:139 - Unknown STM32CubeMX version: 6.15.0
2026-01-15 13:59:39,185 [ERROR] AppliInfo:139 - Unknown STM32CubeMX version: 6.14.0
2026-01-15 13:59:39,185 [ERROR] AppliInfo:139 - Unknown STM32CubeMX version: 6.14.0
2026-01-15 13:59:39,185 [ERROR] AppliInfo:139 - Unknown STM32CubeMX version: 6.14.0
2026-01-15 13:59:39,185 [ERROR] AppliInfo:139 - Unknown STM32CubeMX version: 6.14.0
2026-01-15 13:59:39,186 [ERROR] AppliInfo:139 - Unknown STM32CubeMX version: 6.14.0
2026-01-15 13:59:39,186 [ERROR] AppliInfo:139 - Unknown STM32CubeMX version: 6.14.0
2026-01-15 13:59:39,186 [ERROR] AppliInfo:139 - Unknown STM32CubeMX version: 6.14.0
2026-01-15 13:59:39,186 [ERROR] AppliInfo:139 - Unknown STM32CubeMX version: 6.14.0
2026-01-15 13:59:39,186 [ERROR] AppliInfo:139 - Unknown STM32CubeMX version: 6.14.0
2026-01-15 13:59:39,187 [ERROR] AppliInfo:139 - Unknown STM32CubeMX version: 6.13.0
2026-01-15 13:59:39,187 [ERROR] AppliInfo:139 - Unknown STM32CubeMX version: 6.13.0
2026-01-15 13:59:39,187 [ERROR] AppliInfo:139 - Unknown STM32CubeMX version: 6.13.0
2026-01-15 13:59:39,187 [ERROR] AppliInfo:139 - Unknown STM32CubeMX version: 6.13.0
2026-01-15 13:59:39,188 [ERROR] AppliInfo:139 - Unknown STM32CubeMX version: 6.16.0
2026-01-15 13:59:39,188 [ERROR] AppliInfo:139 - Unknown STM32CubeMX version: 6.16.0
2026-01-15 13:59:39,188 [ERROR] AppliInfo:139 - Unknown STM32CubeMX version: 6.16.0
2026-01-15 13:59:39,189 [ERROR] AppliInfo:139 - Unknown STM32CubeMX version: 6.14.0
2026-01-15 13:59:39,189 [ERROR] AppliInfo:139 - Unknown STM32CubeMX version: 6.14.0
2026-01-15 13:59:39,189 [ERROR] AppliInfo:139 - Unknown STM32CubeMX version: 6.16.0
2026-01-15 13:59:39,191 [ERROR] AppliInfo:139 - Unknown STM32CubeMX version: 6.13.0
2026-01-15 13:59:39,191 [ERROR] AppliInfo:139 - Unknown STM32CubeMX version: 6.13.0
2026-01-15 13:59:39,304 [ERROR] AppliInfo:139 - Unknown STM32CubeMX version: 6.16.0
2026-01-15 13:59:39,306 [ERROR] AppliInfo:139 - Unknown STM32CubeMX version: 6.16.0
2026-01-15 13:59:39,325 [ERROR] AppliInfo:139 - Unknown STM32CubeMX version: 6.16.0
2026-01-15 13:59:39,326 [ERROR] AppliInfo:139 - Unknown STM32CubeMX version: 6.16.0
2026-01-15 13:59:39,327 [ERROR] AppliInfo:139 - Unknown STM32CubeMX version: 6.16.0
2026-01-15 13:59:39,327 [ERROR] AppliInfo:139 - Unknown STM32CubeMX version: 6.16.0
2026-01-15 13:59:39,327 [ERROR] AppliInfo:139 - Unknown STM32CubeMX version: 6.16.0
2026-01-15 13:59:39,327 [ERROR] AppliInfo:139 - Unknown STM32CubeMX version: 6.16.0
2026-01-15 13:59:39,328 [ERROR] AppliInfo:139 - Unknown STM32CubeMX version: 6.16.0
2026-01-15 13:59:39,328 [ERROR] AppliInfo:139 - Unknown STM32CubeMX version: 6.16.0
2026-01-15 13:59:39,328 [ERROR] AppliInfo:139 - Unknown STM32CubeMX version: 6.16.0
2026-01-15 13:59:39,328 [ERROR] AppliInfo:139 - Unknown STM32CubeMX version: 6.16.0
2026-01-15 13:59:39,328 [ERROR] AppliInfo:139 - Unknown STM32CubeMX version: 6.16.0
2026-01-15 13:59:39,328 [ERROR] AppliInfo:139 - Unknown STM32CubeMX version: 6.13.0
2026-01-15 13:59:39,328 [ERROR] AppliInfo:139 - Unknown STM32CubeMX version: 6.15.0
2026-01-15 13:59:39,328 [ERROR] AppliInfo:139 - Unknown STM32CubeMX version: 6.13.0
2026-01-15 13:59:39,328 [ERROR] AppliInfo:139 - Unknown STM32CubeMX version: 6.16.0
2026-01-15 13:59:39,328 [ERROR] AppliInfo:139 - Unknown STM32CubeMX version: 6.14.0
2026-01-15 13:59:39,329 [ERROR] AppliInfo:139 - Unknown STM32CubeMX version: 6.13.0
2026-01-15 13:59:39,329 [ERROR] AppliInfo:139 - Unknown STM32CubeMX version: 6.13.0
2026-01-15 13:59:39,329 [ERROR] AppliInfo:139 - Unknown STM32CubeMX version: 6.13.0
2026-01-15 13:59:39,329 [ERROR] AppliInfo:139 - Unknown STM32CubeMX version: 6.13.0
2026-01-15 13:59:39,329 [ERROR] AppliInfo:139 - Unknown STM32CubeMX version: 6.13.0
2026-01-15 13:59:39,329 [ERROR] AppliInfo:139 - Unknown STM32CubeMX version: 6.13.0
2026-01-15 13:59:39,329 [ERROR] AppliInfo:139 - Unknown STM32CubeMX version: 6.13.0
2026-01-15 13:59:39,329 [ERROR] AppliInfo:139 - Unknown STM32CubeMX version: 6.15.0
2026-01-15 13:59:39,329 [ERROR] AppliInfo:139 - Unknown STM32CubeMX version: 6.13.0
2026-01-15 13:59:39,329 [ERROR] AppliInfo:139 - Unknown STM32CubeMX version: 6.13.0
2026-01-15 13:59:39,330 [ERROR] AppliInfo:139 - Unknown STM32CubeMX version: 6.13.0
2026-01-15 13:59:39,330 [ERROR] AppliInfo:139 - Unknown STM32CubeMX version: 6.16.0
2026-01-15 13:59:39,330 [ERROR] AppliInfo:139 - Unknown STM32CubeMX version: 6.13.0
2026-01-15 13:59:39,330 [ERROR] AppliInfo:139 - Unknown STM32CubeMX version: 6.13.0
2026-01-15 13:59:39,330 [ERROR] AppliInfo:139 - Unknown STM32CubeMX version: 6.16.0
2026-01-15 13:59:39,330 [ERROR] AppliInfo:139 - Unknown STM32CubeMX version: 6.13.0
2026-01-15 13:59:39,330 [ERROR] AppliInfo:139 - Unknown STM32CubeMX version: 6.15.0
2026-01-15 13:59:39,330 [ERROR] AppliInfo:139 - Unknown STM32CubeMX version: 6.13.0
2026-01-15 13:59:39,330 [ERROR] AppliInfo:139 - Unknown STM32CubeMX version: 6.13.0
2026-01-15 13:59:39,330 [ERROR] AppliInfo:139 - Unknown STM32CubeMX version: 6.15.0
2026-01-15 13:59:39,330 [ERROR] AppliInfo:139 - Unknown STM32CubeMX version: 6.13.0
2026-01-15 13:59:39,331 [ERROR] AppliInfo:139 - Unknown STM32CubeMX version: 6.13.0
2026-01-15 13:59:39,331 [ERROR] AppliInfo:139 - Unknown STM32CubeMX version: 6.13.0
2026-01-15 13:59:39,331 [ERROR] AppliInfo:139 - Unknown STM32CubeMX version: 6.13.0
2026-01-15 13:59:39,336 [ERROR] AppliInfo:139 - Unknown STM32CubeMX version: 6.13.0
2026-01-15 13:59:39,336 [ERROR] AppliInfo:139 - Unknown STM32CubeMX version: 6.16.0
2026-01-15 13:59:39,336 [ERROR] AppliInfo:139 - Unknown STM32CubeMX version: 6.13.0
2026-01-15 13:59:39,336 [ERROR] AppliInfo:139 - Unknown STM32CubeMX version: 6.13.0
2026-01-15 13:59:39,336 [ERROR] AppliInfo:139 - Unknown STM32CubeMX version: 6.13.0
2026-01-15 13:59:39,336 [ERROR] AppliInfo:139 - Unknown STM32CubeMX version: 6.13.0
2026-01-15 13:59:39,336 [ERROR] AppliInfo:139 - Unknown STM32CubeMX version: 6.16.0
2026-01-15 13:59:39,337 [ERROR] AppliInfo:139 - Unknown STM32CubeMX version: 6.16.0
2026-01-15 13:59:39,337 [ERROR] AppliInfo:139 - Unknown STM32CubeMX version: 6.16.0
2026-01-15 13:59:39,337 [ERROR] AppliInfo:139 - Unknown STM32CubeMX version: 6.13.0
2026-01-15 13:59:39,337 [ERROR] AppliInfo:139 - Unknown STM32CubeMX version: 6.14.0
2026-01-15 13:59:39,337 [ERROR] AppliInfo:139 - Unknown STM32CubeMX version: 6.15.0
2026-01-15 13:59:39,337 [ERROR] AppliInfo:139 - Unknown STM32CubeMX version: 6.13.0
2026-01-15 13:59:39,337 [ERROR] AppliInfo:139 - Unknown STM32CubeMX version: 6.13.0
2026-01-15 13:59:39,337 [ERROR] AppliInfo:139 - Unknown STM32CubeMX version: 6.13.0
2026-01-15 13:59:39,337 [ERROR] AppliInfo:139 - Unknown STM32CubeMX version: 6.13.0
2026-01-15 13:59:39,337 [ERROR] AppliInfo:139 - Unknown STM32CubeMX version: 6.13.0
2026-01-15 13:59:39,337 [ERROR] AppliInfo:139 - Unknown STM32CubeMX version: 6.15.0
2026-01-15 13:59:39,338 [ERROR] AppliInfo:139 - Unknown STM32CubeMX version: 6.15.0
2026-01-15 13:59:39,338 [ERROR] AppliInfo:139 - Unknown STM32CubeMX version: 6.13.0
2026-01-15 13:59:39,338 [ERROR] AppliInfo:139 - Unknown STM32CubeMX version: 6.13.0
2026-01-15 13:59:39,338 [ERROR] AppliInfo:139 - Unknown STM32CubeMX version: 6.13.0
2026-01-15 13:59:39,338 [ERROR] AppliInfo:139 - Unknown STM32CubeMX version: 6.13.0
2026-01-15 13:59:39,338 [ERROR] AppliInfo:139 - Unknown STM32CubeMX version: 6.13.0
2026-01-15 13:59:39,338 [ERROR] AppliInfo:139 - Unknown STM32CubeMX version: 6.13.0
2026-01-15 13:59:39,338 [ERROR] AppliInfo:139 - Unknown STM32CubeMX version: 6.13.0
2026-01-15 13:59:39,338 [ERROR] AppliInfo:139 - Unknown STM32CubeMX version: 6.13.0
2026-01-15 13:59:39,339 [ERROR] AppliInfo:139 - Unknown STM32CubeMX version: 6.13.0
2026-01-15 13:59:39,339 [ERROR] AppliInfo:139 - Unknown STM32CubeMX version: 6.13.0
2026-01-15 13:59:39,339 [ERROR] AppliInfo:139 - Unknown STM32CubeMX version: 6.13.0
2026-01-15 13:59:39,339 [ERROR] AppliInfo:139 - Unknown STM32CubeMX version: 6.13.0
2026-01-15 13:59:39,339 [ERROR] AppliInfo:139 - Unknown STM32CubeMX version: 6.15.0
2026-01-15 13:59:39,339 [ERROR] AppliInfo:139 - Unknown STM32CubeMX version: 6.13.0
2026-01-15 13:59:39,339 [ERROR] AppliInfo:139 - Unknown STM32CubeMX version: 6.15.0
2026-01-15 13:59:39,339 [ERROR] AppliInfo:139 - Unknown STM32CubeMX version: 6.15.0
2026-01-15 13:59:39,339 [ERROR] AppliInfo:139 - Unknown STM32CubeMX version: 6.13.0
2026-01-15 13:59:39,339 [ERROR] AppliInfo:139 - Unknown STM32CubeMX version: 6.13.0
2026-01-15 13:59:39,339 [ERROR] AppliInfo:139 - Unknown STM32CubeMX version: 6.13.0
2026-01-15 13:59:39,340 [ERROR] AppliInfo:139 - Unknown STM32CubeMX version: 6.13.0
2026-01-15 13:59:39,340 [ERROR] AppliInfo:139 - Unknown STM32CubeMX version: 6.13.0
2026-01-15 13:59:39,340 [ERROR] AppliInfo:139 - Unknown STM32CubeMX version: 6.16.0
2026-01-15 13:59:39,340 [ERROR] AppliInfo:139 - Unknown STM32CubeMX version: 6.13.0
2026-01-15 13:59:39,340 [ERROR] AppliInfo:139 - Unknown STM32CubeMX version: 6.13.0
2026-01-15 13:59:39,340 [ERROR] AppliInfo:139 - Unknown STM32CubeMX version: 6.13.0
2026-01-15 13:59:39,340 [ERROR] AppliInfo:139 - Unknown STM32CubeMX version: 6.16.0
2026-01-15 13:59:39,340 [ERROR] AppliInfo:139 - Unknown STM32CubeMX version: 6.13.0
2026-01-15 13:59:39,340 [ERROR] AppliInfo:139 - Unknown STM32CubeMX version: 6.16.0
2026-01-15 13:59:39,340 [ERROR] AppliInfo:139 - Unknown STM32CubeMX version: 6.16.0
2026-01-15 13:59:39,341 [ERROR] AppliInfo:139 - Unknown STM32CubeMX version: 6.16.0
2026-01-15 13:59:39,341 [ERROR] AppliInfo:139 - Unknown STM32CubeMX version: 6.16.0
2026-01-15 13:59:39,342 [ERROR] AppliInfo:139 - Unknown STM32CubeMX version: 6.13.0
2026-01-15 13:59:39,342 [ERROR] AppliInfo:139 - Unknown STM32CubeMX version: 6.13.0
2026-01-15 13:59:39,342 [ERROR] AppliInfo:139 - Unknown STM32CubeMX version: 6.13.0
2026-01-15 13:59:39,342 [ERROR] AppliInfo:139 - Unknown STM32CubeMX version: 6.13.0
2026-01-15 13:59:39,342 [ERROR] AppliInfo:139 - Unknown STM32CubeMX version: 6.13.0
2026-01-15 13:59:39,342 [ERROR] AppliInfo:139 - Unknown STM32CubeMX version: 6.14.0
2026-01-15 13:59:39,342 [ERROR] AppliInfo:139 - Unknown STM32CubeMX version: 6.16.0
2026-01-15 13:59:39,342 [ERROR] AppliInfo:139 - Unknown STM32CubeMX version: 6.16.0
2026-01-15 13:59:39,342 [ERROR] AppliInfo:139 - Unknown STM32CubeMX version: 6.15.0
2026-01-15 13:59:39,343 [ERROR] AppliInfo:139 - Unknown STM32CubeMX version: 6.13.0
2026-01-15 13:59:39,343 [ERROR] AppliInfo:139 - Unknown STM32CubeMX version: 6.13.0
2026-01-15 13:59:39,343 [ERROR] AppliInfo:139 - Unknown STM32CubeMX version: 6.13.0
2026-01-15 13:59:39,343 [ERROR] AppliInfo:139 - Unknown STM32CubeMX version: 6.15.0
2026-01-15 13:59:39,343 [ERROR] AppliInfo:139 - Unknown STM32CubeMX version: 6.14.0
2026-01-15 13:59:39,343 [ERROR] AppliInfo:139 - Unknown STM32CubeMX version: 6.16.0
2026-01-15 13:59:39,343 [ERROR] AppliInfo:139 - Unknown STM32CubeMX version: 6.16.0
2026-01-15 13:59:39,343 [ERROR] AppliInfo:139 - Unknown STM32CubeMX version: 6.16.0
2026-01-15 13:59:39,344 [ERROR] AppliInfo:139 - Unknown STM32CubeMX version: 6.15.0
2026-01-15 13:59:39,344 [ERROR] AppliInfo:139 - Unknown STM32CubeMX version: 6.15.0
2026-01-15 13:59:39,344 [ERROR] AppliInfo:139 - Unknown STM32CubeMX version: 6.15.0
2026-01-15 13:59:39,344 [ERROR] AppliInfo:139 - Unknown STM32CubeMX version: 6.13.0
2026-01-15 13:59:39,344 [ERROR] AppliInfo:139 - Unknown STM32CubeMX version: 6.13.0
2026-01-15 13:59:39,344 [ERROR] AppliInfo:139 - Unknown STM32CubeMX version: 6.16.0
2026-01-15 13:59:39,344 [ERROR] AppliInfo:139 - Unknown STM32CubeMX version: 6.16.0
2026-01-15 13:59:39,344 [ERROR] AppliInfo:139 - Unknown STM32CubeMX version: 6.13.0
2026-01-15 13:59:39,344 [ERROR] AppliInfo:139 - Unknown STM32CubeMX version: 6.13.0
2026-01-15 13:59:39,344 [ERROR] AppliInfo:139 - Unknown STM32CubeMX version: 6.13.0
2026-01-15 13:59:39,344 [ERROR] AppliInfo:139 - Unknown STM32CubeMX version: 6.14.0
2026-01-15 13:59:39,345 [ERROR] AppliInfo:139 - Unknown STM32CubeMX version: 6.13.0
2026-01-15 13:59:39,345 [ERROR] AppliInfo:139 - Unknown STM32CubeMX version: 6.13.0
2026-01-15 13:59:39,345 [ERROR] AppliInfo:139 - Unknown STM32CubeMX version: 6.13.0
2026-01-15 13:59:39,345 [ERROR] AppliInfo:139 - Unknown STM32CubeMX version: 6.16.0
2026-01-15 13:59:39,345 [ERROR] AppliInfo:139 - Unknown STM32CubeMX version: 6.16.0
2026-01-15 13:59:39,345 [ERROR] AppliInfo:139 - Unknown STM32CubeMX version: 6.16.0
2026-01-15 13:59:39,346 [ERROR] AppliInfo:139 - Unknown STM32CubeMX version: 6.13.0
2026-01-15 13:59:39,346 [ERROR] AppliInfo:139 - Unknown STM32CubeMX version: 6.16.0
2026-01-15 13:59:39,346 [ERROR] AppliInfo:139 - Unknown STM32CubeMX version: 6.14.0
2026-01-15 13:59:39,347 [ERROR] AppliInfo:139 - Unknown STM32CubeMX version: 6.13.0
2026-01-15 13:59:39,347 [ERROR] AppliInfo:139 - Unknown STM32CubeMX version: 6.14.0
2026-01-15 13:59:39,347 [ERROR] AppliInfo:139 - Unknown STM32CubeMX version: 6.13.0
2026-01-15 13:59:39,347 [ERROR] AppliInfo:139 - Unknown STM32CubeMX version: 6.13.0
2026-01-15 13:59:39,347 [ERROR] AppliInfo:139 - Unknown STM32CubeMX version: 6.14.0
2026-01-15 13:59:39,347 [ERROR] AppliInfo:139 - Unknown STM32CubeMX version: 6.14.0
2026-01-15 13:59:39,347 [ERROR] AppliInfo:139 - Unknown STM32CubeMX version: 6.14.0
2026-01-15 13:59:39,347 [ERROR] AppliInfo:139 - Unknown STM32CubeMX version: 6.14.0
2026-01-15 13:59:39,347 [ERROR] AppliInfo:139 - Unknown STM32CubeMX version: 6.13.0
2026-01-15 13:59:39,347 [ERROR] AppliInfo:139 - Unknown STM32CubeMX version: 6.14.0
2026-01-15 13:59:39,348 [ERROR] AppliInfo:139 - Unknown STM32CubeMX version: 6.16.0
2026-01-15 13:59:39,348 [ERROR] AppliInfo:139 - Unknown STM32CubeMX version: 6.16.0
2026-01-15 13:59:39,348 [ERROR] AppliInfo:139 - Unknown STM32CubeMX version: 6.16.0
2026-01-15 13:59:39,348 [ERROR] AppliInfo:139 - Unknown STM32CubeMX version: 6.14.0
2026-01-15 13:59:39,348 [ERROR] AppliInfo:139 - Unknown STM32CubeMX version: 6.14.0
2026-01-15 13:59:39,348 [ERROR] AppliInfo:139 - Unknown STM32CubeMX version: 6.16.0
2026-01-15 13:59:39,348 [ERROR] AppliInfo:139 - Unknown STM32CubeMX version: 6.14.0
2026-01-15 13:59:39,348 [ERROR] AppliInfo:139 - Unknown STM32CubeMX version: 6.14.0
2026-01-15 13:59:39,348 [ERROR] AppliInfo:139 - Unknown STM32CubeMX version: 6.14.0
2026-01-15 13:59:39,348 [ERROR] AppliInfo:139 - Unknown STM32CubeMX version: 6.13.0
2026-01-15 13:59:39,349 [ERROR] AppliInfo:139 - Unknown STM32CubeMX version: 6.13.0
2026-01-15 13:59:39,349 [ERROR] AppliInfo:139 - Unknown STM32CubeMX version: 6.13.0
2026-01-15 13:59:39,349 [ERROR] AppliInfo:139 - Unknown STM32CubeMX version: 6.13.0
2026-01-15 13:59:39,349 [ERROR] AppliInfo:139 - Unknown STM32CubeMX version: 6.14.0
2026-01-15 13:59:39,349 [ERROR] AppliInfo:139 - Unknown STM32CubeMX version: 6.13.0
2026-01-15 13:59:39,349 [ERROR] AppliInfo:139 - Unknown STM32CubeMX version: 6.14.0
2026-01-15 13:59:39,352 [ERROR] AppliInfo:139 - Unknown STM32CubeMX version: 6.13.0
2026-01-15 13:59:39,352 [ERROR] AppliInfo:139 - Unknown STM32CubeMX version: 6.13.0
2026-01-15 13:59:39,352 [ERROR] AppliInfo:139 - Unknown STM32CubeMX version: 6.13.0
2026-01-15 13:59:39,352 [ERROR] AppliInfo:139 - Unknown STM32CubeMX version: 6.13.0
2026-01-15 13:59:39,367 [ERROR] AppliInfo:139 - Unknown STM32CubeMX version: 6.13.0
2026-01-15 13:59:39,367 [ERROR] AppliInfo:139 - Unknown STM32CubeMX version: 6.13.0
2026-01-15 13:59:39,367 [ERROR] AppliInfo:139 - Unknown STM32CubeMX version: 6.13.0
2026-01-15 13:59:39,367 [ERROR] AppliInfo:139 - Unknown STM32CubeMX version: 6.13.0
2026-01-15 13:59:39,367 [ERROR] AppliInfo:139 - Unknown STM32CubeMX version: 6.13.0
2026-01-15 13:59:39,368 [ERROR] AppliInfo:139 - Unknown STM32CubeMX version: 6.13.0
2026-01-15 13:59:39,371 [ERROR] AppliInfo:139 - Unknown STM32CubeMX version: 6.13.0
2026-01-15 13:59:39,372 [ERROR] AppliInfo:139 - Unknown STM32CubeMX version: 6.13.0
2026-01-15 13:59:39,372 [ERROR] AppliInfo:139 - Unknown STM32CubeMX version: 6.13.0
2026-01-15 13:59:39,372 [ERROR] AppliInfo:139 - Unknown STM32CubeMX version: 6.13.0
2026-01-15 13:59:39,372 [ERROR] AppliInfo:139 - Unknown STM32CubeMX version: 6.13.0
2026-01-15 13:59:39,372 [ERROR] AppliInfo:139 - Unknown STM32CubeMX version: 6.13.0
2026-01-15 13:59:39,372 [ERROR] AppliInfo:139 - Unknown STM32CubeMX version: 6.13.0
2026-01-15 13:59:39,372 [ERROR] AppliInfo:139 - Unknown STM32CubeMX version: 6.13.0
2026-01-15 13:59:39,372 [ERROR] AppliInfo:139 - Unknown STM32CubeMX version: 6.13.0
2026-01-15 13:59:39,373 [ERROR] AppliInfo:139 - Unknown STM32CubeMX version: 6.13.0
2026-01-15 13:59:39,373 [ERROR] AppliInfo:139 - Unknown STM32CubeMX version: 6.14.0
2026-01-15 13:59:39,373 [ERROR] AppliInfo:139 - Unknown STM32CubeMX version: 6.13.0
2026-01-15 13:59:39,373 [ERROR] AppliInfo:139 - Unknown STM32CubeMX version: 6.13.0
2026-01-15 13:59:39,373 [ERROR] AppliInfo:139 - Unknown STM32CubeMX version: 6.13.0
2026-01-15 13:59:39,373 [ERROR] AppliInfo:139 - Unknown STM32CubeMX version: 6.13.0
2026-01-15 13:59:39,373 [ERROR] AppliInfo:139 - Unknown STM32CubeMX version: 6.13.0
2026-01-15 13:59:39,373 [ERROR] AppliInfo:139 - Unknown STM32CubeMX version: 6.13.0
2026-01-15 13:59:39,373 [ERROR] AppliInfo:139 - Unknown STM32CubeMX version: 6.13.0
2026-01-15 13:59:39,373 [ERROR] AppliInfo:139 - Unknown STM32CubeMX version: 6.13.0
2026-01-15 13:59:39,374 [ERROR] AppliInfo:139 - Unknown STM32CubeMX version: 6.13.0
2026-01-15 13:59:39,374 [ERROR] AppliInfo:139 - Unknown STM32CubeMX version: 6.13.0
2026-01-15 13:59:39,374 [ERROR] AppliInfo:139 - Unknown STM32CubeMX version: 6.13.0
2026-01-15 13:59:39,374 [ERROR] AppliInfo:139 - Unknown STM32CubeMX version: 6.13.0
2026-01-15 13:59:39,374 [ERROR] AppliInfo:139 - Unknown STM32CubeMX version: 6.13.0
2026-01-15 13:59:39,374 [ERROR] AppliInfo:139 - Unknown STM32CubeMX version: 6.13.0
2026-01-15 13:59:39,374 [ERROR] AppliInfo:139 - Unknown STM32CubeMX version: 6.13.0
2026-01-15 13:59:39,374 [ERROR] AppliInfo:139 - Unknown STM32CubeMX version: 6.13.0
2026-01-15 13:59:39,374 [ERROR] AppliInfo:139 - Unknown STM32CubeMX version: 6.13.0
2026-01-15 13:59:39,375 [ERROR] AppliInfo:139 - Unknown STM32CubeMX version: 6.13.0
2026-01-15 13:59:39,375 [ERROR] AppliInfo:139 - Unknown STM32CubeMX version: 6.13.0
2026-01-15 13:59:39,375 [ERROR] AppliInfo:139 - Unknown STM32CubeMX version: 6.13.0
2026-01-15 13:59:39,375 [ERROR] AppliInfo:139 - Unknown STM32CubeMX version: 6.13.0
2026-01-15 13:59:39,375 [ERROR] AppliInfo:139 - Unknown STM32CubeMX version: 6.13.0
2026-01-15 13:59:39,375 [ERROR] AppliInfo:139 - Unknown STM32CubeMX version: 6.13.0
2026-01-15 13:59:39,375 [ERROR] AppliInfo:139 - Unknown STM32CubeMX version: 6.13.0
2026-01-15 13:59:39,375 [ERROR] AppliInfo:139 - Unknown STM32CubeMX version: 6.13.0
2026-01-15 13:59:39,375 [ERROR] AppliInfo:139 - Unknown STM32CubeMX version: 6.13.0
2026-01-15 13:59:39,375 [ERROR] AppliInfo:139 - Unknown STM32CubeMX version: 6.13.0
2026-01-15 13:59:39,375 [ERROR] AppliInfo:139 - Unknown STM32CubeMX version: 6.13.0
2026-01-15 13:59:39,376 [ERROR] AppliInfo:139 - Unknown STM32CubeMX version: 6.13.0
2026-01-15 13:59:39,376 [ERROR] AppliInfo:139 - Unknown STM32CubeMX version: 6.13.0
2026-01-15 13:59:39,376 [ERROR] AppliInfo:139 - Unknown STM32CubeMX version: 6.13.0
2026-01-15 13:59:39,376 [ERROR] AppliInfo:139 - Unknown STM32CubeMX version: 6.13.0
2026-01-15 13:59:39,376 [ERROR] AppliInfo:139 - Unknown STM32CubeMX version: 6.13.0
2026-01-15 13:59:39,376 [ERROR] AppliInfo:139 - Unknown STM32CubeMX version: 6.13.0
2026-01-15 13:59:39,376 [ERROR] AppliInfo:139 - Unknown STM32CubeMX version: 6.13.0
2026-01-15 13:59:39,376 [ERROR] AppliInfo:139 - Unknown STM32CubeMX version: 6.13.0
2026-01-15 13:59:39,376 [ERROR] AppliInfo:139 - Unknown STM32CubeMX version: 6.13.0
2026-01-15 13:59:39,376 [ERROR] AppliInfo:139 - Unknown STM32CubeMX version: 6.13.0
2026-01-15 13:59:39,376 [ERROR] AppliInfo:139 - Unknown STM32CubeMX version: 6.13.0
2026-01-15 13:59:39,377 [ERROR] AppliInfo:139 - Unknown STM32CubeMX version: 6.13.0
2026-01-15 13:59:39,377 [ERROR] AppliInfo:139 - Unknown STM32CubeMX version: 6.13.0
2026-01-15 13:59:39,377 [ERROR] AppliInfo:139 - Unknown STM32CubeMX version: 6.13.0
2026-01-15 13:59:39,377 [ERROR] AppliInfo:139 - Unknown STM32CubeMX version: 6.13.0
2026-01-15 13:59:39,377 [ERROR] AppliInfo:139 - Unknown STM32CubeMX version: 6.13.0
2026-01-15 13:59:39,377 [ERROR] AppliInfo:139 - Unknown STM32CubeMX version: 6.14.0
2026-01-15 13:59:39,377 [ERROR] AppliInfo:139 - Unknown STM32CubeMX version: 6.13.0
2026-01-15 13:59:39,377 [ERROR] AppliInfo:139 - Unknown STM32CubeMX version: 6.13.0
2026-01-15 13:59:39,377 [ERROR] AppliInfo:139 - Unknown STM32CubeMX version: 6.14.0
2026-01-15 13:59:39,378 [ERROR] AppliInfo:139 - Unknown STM32CubeMX version: 6.14.0
2026-01-15 13:59:39,378 [ERROR] AppliInfo:139 - Unknown STM32CubeMX version: 6.13.0
2026-01-15 13:59:39,378 [ERROR] AppliInfo:139 - Unknown STM32CubeMX version: 6.13.0
2026-01-15 13:59:39,378 [ERROR] AppliInfo:139 - Unknown STM32CubeMX version: 6.13.0
2026-01-15 13:59:39,378 [ERROR] AppliInfo:139 - Unknown STM32CubeMX version: 6.13.0
2026-01-15 13:59:39,378 [ERROR] AppliInfo:139 - Unknown STM32CubeMX version: 6.13.0
2026-01-15 13:59:39,378 [ERROR] AppliInfo:139 - Unknown STM32CubeMX version: 6.13.0
2026-01-15 13:59:39,378 [ERROR] AppliInfo:139 - Unknown STM32CubeMX version: 6.13.0
2026-01-15 13:59:39,378 [ERROR] AppliInfo:139 - Unknown STM32CubeMX version: 6.13.0
2026-01-15 13:59:39,378 [ERROR] AppliInfo:139 - Unknown STM32CubeMX version: 6.13.0
2026-01-15 13:59:39,379 [ERROR] AppliInfo:139 - Unknown STM32CubeMX version: 6.13.0
2026-01-15 13:59:39,379 [ERROR] AppliInfo:139 - Unknown STM32CubeMX version: 6.13.0
2026-01-15 13:59:39,379 [ERROR] AppliInfo:139 - Unknown STM32CubeMX version: 6.13.0
2026-01-15 13:59:39,379 [ERROR] AppliInfo:139 - Unknown STM32CubeMX version: 6.13.0
2026-01-15 13:59:39,379 [ERROR] AppliInfo:139 - Unknown STM32CubeMX version: 6.13.0
2026-01-15 13:59:39,379 [ERROR] AppliInfo:139 - Unknown STM32CubeMX version: 6.13.0
2026-01-15 13:59:39,379 [ERROR] AppliInfo:139 - Unknown STM32CubeMX version: 6.13.0
2026-01-15 13:59:39,379 [ERROR] AppliInfo:139 - Unknown STM32CubeMX version: 6.13.0
2026-01-15 13:59:39,379 [ERROR] AppliInfo:139 - Unknown STM32CubeMX version: 6.13.0
2026-01-15 13:59:39,380 [ERROR] AppliInfo:139 - Unknown STM32CubeMX version: 6.13.0
2026-01-15 13:59:39,380 [ERROR] AppliInfo:139 - Unknown STM32CubeMX version: 6.13.0
2026-01-15 13:59:39,380 [ERROR] AppliInfo:139 - Unknown STM32CubeMX version: 6.13.0
2026-01-15 13:59:39,380 [ERROR] AppliInfo:139 - Unknown STM32CubeMX version: 6.13.0
2026-01-15 13:59:39,380 [ERROR] AppliInfo:139 - Unknown STM32CubeMX version: 6.13.0
2026-01-15 13:59:39,380 [ERROR] AppliInfo:139 - Unknown STM32CubeMX version: 6.13.0
2026-01-15 13:59:39,380 [ERROR] AppliInfo:139 - Unknown STM32CubeMX version: 6.13.0
2026-01-15 13:59:39,380 [ERROR] AppliInfo:139 - Unknown STM32CubeMX version: 6.13.0
2026-01-15 13:59:39,380 [ERROR] AppliInfo:139 - Unknown STM32CubeMX version: 6.13.0
2026-01-15 13:59:39,380 [ERROR] AppliInfo:139 - Unknown STM32CubeMX version: 6.13.0
2026-01-15 13:59:39,381 [ERROR] AppliInfo:139 - Unknown STM32CubeMX version: 6.13.0
2026-01-15 13:59:39,381 [ERROR] AppliInfo:139 - Unknown STM32CubeMX version: 6.13.0
2026-01-15 13:59:39,381 [ERROR] AppliInfo:139 - Unknown STM32CubeMX version: 6.13.0
2026-01-15 13:59:39,381 [ERROR] AppliInfo:139 - Unknown STM32CubeMX version: 6.13.0
2026-01-15 13:59:39,381 [ERROR] AppliInfo:139 - Unknown STM32CubeMX version: 6.13.0
2026-01-15 13:59:39,381 [ERROR] AppliInfo:139 - Unknown STM32CubeMX version: 6.13.0
2026-01-15 13:59:39,381 [ERROR] AppliInfo:139 - Unknown STM32CubeMX version: 6.13.0
2026-01-15 13:59:39,381 [ERROR] AppliInfo:139 - Unknown STM32CubeMX version: 6.13.0
2026-01-15 13:59:39,381 [ERROR] AppliInfo:139 - Unknown STM32CubeMX version: 6.13.0
2026-01-15 13:59:39,381 [ERROR] AppliInfo:139 - Unknown STM32CubeMX version: 6.13.0
2026-01-15 13:59:39,381 [ERROR] AppliInfo:139 - Unknown STM32CubeMX version: 6.13.0
2026-01-15 13:59:39,382 [ERROR] AppliInfo:139 - Unknown STM32CubeMX version: 6.13.0
2026-01-15 13:59:39,382 [ERROR] AppliInfo:139 - Unknown STM32CubeMX version: 6.13.0
2026-01-15 13:59:39,382 [ERROR] AppliInfo:139 - Unknown STM32CubeMX version: 6.13.0
2026-01-15 13:59:39,382 [ERROR] AppliInfo:139 - Unknown STM32CubeMX version: 6.13.0
2026-01-15 13:59:39,382 [ERROR] AppliInfo:139 - Unknown STM32CubeMX version: 6.13.0
2026-01-15 13:59:39,382 [ERROR] AppliInfo:139 - Unknown STM32CubeMX version: 6.13.0
2026-01-15 13:59:39,382 [ERROR] AppliInfo:139 - Unknown STM32CubeMX version: 6.13.0
2026-01-15 13:59:39,382 [ERROR] AppliInfo:139 - Unknown STM32CubeMX version: 6.13.0
2026-01-15 13:59:39,382 [ERROR] AppliInfo:139 - Unknown STM32CubeMX version: 6.13.0
2026-01-15 13:59:39,382 [ERROR] AppliInfo:139 - Unknown STM32CubeMX version: 6.13.0
2026-01-15 13:59:39,382 [ERROR] AppliInfo:139 - Unknown STM32CubeMX version: 6.13.0
2026-01-15 13:59:39,383 [ERROR] AppliInfo:139 - Unknown STM32CubeMX version: 6.13.0
2026-01-15 13:59:39,383 [ERROR] AppliInfo:139 - Unknown STM32CubeMX version: 6.13.0
2026-01-15 13:59:39,383 [ERROR] AppliInfo:139 - Unknown STM32CubeMX version: 6.13.0
2026-01-15 13:59:39,383 [ERROR] AppliInfo:139 - Unknown STM32CubeMX version: 6.13.0
2026-01-15 13:59:39,383 [ERROR] AppliInfo:139 - Unknown STM32CubeMX version: 6.13.0
2026-01-15 13:59:39,383 [ERROR] AppliInfo:139 - Unknown STM32CubeMX version: 6.13.0
2026-01-15 13:59:39,383 [ERROR] AppliInfo:139 - Unknown STM32CubeMX version: 6.13.0
2026-01-15 13:59:39,383 [ERROR] AppliInfo:139 - Unknown STM32CubeMX version: 6.13.0
2026-01-15 13:59:39,384 [ERROR] AppliInfo:139 - Unknown STM32CubeMX version: 6.13.0
2026-01-15 13:59:39,384 [ERROR] AppliInfo:139 - Unknown STM32CubeMX version: 6.13.0
2026-01-15 13:59:39,384 [ERROR] AppliInfo:139 - Unknown STM32CubeMX version: 6.13.0
2026-01-15 13:59:39,384 [ERROR] AppliInfo:139 - Unknown STM32CubeMX version: 6.13.0
2026-01-15 13:59:39,384 [ERROR] AppliInfo:139 - Unknown STM32CubeMX version: 6.13.0
2026-01-15 13:59:39,384 [ERROR] AppliInfo:139 - Unknown STM32CubeMX version: 6.14.0
2026-01-15 13:59:39,384 [ERROR] AppliInfo:139 - Unknown STM32CubeMX version: 6.14.0
2026-01-15 13:59:39,384 [ERROR] AppliInfo:139 - Unknown STM32CubeMX version: 6.13.0
2026-01-15 13:59:39,384 [ERROR] AppliInfo:139 - Unknown STM32CubeMX version: 6.13.0
2026-01-15 13:59:39,385 [ERROR] AppliInfo:139 - Unknown STM32CubeMX version: 6.13.0
2026-01-15 13:59:39,385 [ERROR] AppliInfo:139 - Unknown STM32CubeMX version: 6.13.0
2026-01-15 13:59:39,385 [ERROR] AppliInfo:139 - Unknown STM32CubeMX version: 6.13.0
2026-01-15 13:59:39,385 [ERROR] AppliInfo:139 - Unknown STM32CubeMX version: 6.13.0
2026-01-15 13:59:39,385 [ERROR] AppliInfo:139 - Unknown STM32CubeMX version: 6.13.0
2026-01-15 13:59:39,385 [ERROR] AppliInfo:139 - Unknown STM32CubeMX version: 6.13.0
2026-01-15 13:59:39,385 [ERROR] AppliInfo:139 - Unknown STM32CubeMX version: 6.13.0
2026-01-15 13:59:39,385 [ERROR] AppliInfo:139 - Unknown STM32CubeMX version: 6.13.0
2026-01-15 13:59:39,385 [ERROR] AppliInfo:139 - Unknown STM32CubeMX version: 6.13.0
2026-01-15 13:59:39,385 [ERROR] AppliInfo:139 - Unknown STM32CubeMX version: 6.13.0
2026-01-15 13:59:39,385 [ERROR] AppliInfo:139 - Unknown STM32CubeMX version: 6.13.0
2026-01-15 13:59:39,386 [ERROR] AppliInfo:139 - Unknown STM32CubeMX version: 6.13.0
2026-01-15 13:59:39,386 [ERROR] AppliInfo:139 - Unknown STM32CubeMX version: 6.13.0
2026-01-15 13:59:39,386 [ERROR] AppliInfo:139 - Unknown STM32CubeMX version: 6.13.0
2026-01-15 13:59:39,386 [ERROR] AppliInfo:139 - Unknown STM32CubeMX version: 6.13.0
2026-01-15 13:59:39,386 [ERROR] AppliInfo:139 - Unknown STM32CubeMX version: 6.13.0
2026-01-15 13:59:39,386 [ERROR] AppliInfo:139 - Unknown STM32CubeMX version: 6.13.0
2026-01-15 13:59:39,386 [ERROR] AppliInfo:139 - Unknown STM32CubeMX version: 6.14.0
2026-01-15 13:59:39,386 [ERROR] AppliInfo:139 - Unknown STM32CubeMX version: 6.14.0
2026-01-15 13:59:39,386 [ERROR] AppliInfo:139 - Unknown STM32CubeMX version: 6.13.0
2026-01-15 13:59:39,386 [ERROR] AppliInfo:139 - Unknown STM32CubeMX version: 6.13.0
2026-01-15 13:59:39,387 [ERROR] AppliInfo:139 - Unknown STM32CubeMX version: 6.13.0
2026-01-15 13:59:39,387 [ERROR] AppliInfo:139 - Unknown STM32CubeMX version: 6.13.0
2026-01-15 13:59:39,387 [ERROR] AppliInfo:139 - Unknown STM32CubeMX version: 6.13.0
2026-01-15 13:59:39,387 [ERROR] AppliInfo:139 - Unknown STM32CubeMX version: 6.13.0
2026-01-15 13:59:39,387 [ERROR] AppliInfo:139 - Unknown STM32CubeMX version: 6.13.0
2026-01-15 13:59:39,387 [ERROR] AppliInfo:139 - Unknown STM32CubeMX version: 6.13.0
2026-01-15 13:59:39,387 [ERROR] AppliInfo:139 - Unknown STM32CubeMX version: 6.13.0
2026-01-15 13:59:39,387 [ERROR] AppliInfo:139 - Unknown STM32CubeMX version: 6.13.0
2026-01-15 13:59:39,388 [ERROR] AppliInfo:139 - Unknown STM32CubeMX version: 6.13.0
2026-01-15 13:59:39,388 [ERROR] AppliInfo:139 - Unknown STM32CubeMX version: 6.13.0
2026-01-15 13:59:39,388 [ERROR] AppliInfo:139 - Unknown STM32CubeMX version: 6.13.0
2026-01-15 13:59:39,388 [ERROR] AppliInfo:139 - Unknown STM32CubeMX version: 6.13.0
2026-01-15 13:59:39,388 [ERROR] AppliInfo:139 - Unknown STM32CubeMX version: 6.13.0
2026-01-15 13:59:39,388 [ERROR] AppliInfo:139 - Unknown STM32CubeMX version: 6.13.0
2026-01-15 13:59:39,388 [ERROR] AppliInfo:139 - Unknown STM32CubeMX version: 6.13.0
2026-01-15 13:59:39,388 [ERROR] AppliInfo:139 - Unknown STM32CubeMX version: 6.13.0
2026-01-15 13:59:39,388 [ERROR] AppliInfo:139 - Unknown STM32CubeMX version: 6.13.0
2026-01-15 13:59:39,388 [ERROR] AppliInfo:139 - Unknown STM32CubeMX version: 6.13.0
2026-01-15 13:59:39,389 [ERROR] AppliInfo:139 - Unknown STM32CubeMX version: 6.13.0
2026-01-15 13:59:39,389 [ERROR] AppliInfo:139 - Unknown STM32CubeMX version: 6.13.0
2026-01-15 13:59:39,389 [ERROR] AppliInfo:139 - Unknown STM32CubeMX version: 6.13.0
2026-01-15 13:59:39,389 [ERROR] AppliInfo:139 - Unknown STM32CubeMX version: 6.13.0
2026-01-15 13:59:39,389 [ERROR] AppliInfo:139 - Unknown STM32CubeMX version: 6.13.0
2026-01-15 13:59:39,389 [ERROR] AppliInfo:139 - Unknown STM32CubeMX version: 6.13.0
2026-01-15 13:59:39,389 [ERROR] AppliInfo:139 - Unknown STM32CubeMX version: 6.13.0
2026-01-15 13:59:39,389 [ERROR] AppliInfo:139 - Unknown STM32CubeMX version: 6.13.0
2026-01-15 13:59:39,389 [ERROR] AppliInfo:139 - Unknown STM32CubeMX version: 6.13.0
2026-01-15 13:59:39,390 [ERROR] AppliInfo:139 - Unknown STM32CubeMX version: 6.13.0
2026-01-15 13:59:39,390 [ERROR] AppliInfo:139 - Unknown STM32CubeMX version: 6.13.0
2026-01-15 13:59:39,390 [ERROR] AppliInfo:139 - Unknown STM32CubeMX version: 6.13.0
2026-01-15 13:59:39,390 [ERROR] AppliInfo:139 - Unknown STM32CubeMX version: 6.13.0
2026-01-15 13:59:39,390 [ERROR] AppliInfo:139 - Unknown STM32CubeMX version: 6.13.0
2026-01-15 13:59:39,390 [ERROR] AppliInfo:139 - Unknown STM32CubeMX version: 6.13.0
2026-01-15 13:59:39,390 [ERROR] AppliInfo:139 - Unknown STM32CubeMX version: 6.13.0
2026-01-15 13:59:39,390 [ERROR] AppliInfo:139 - Unknown STM32CubeMX version: 6.13.0
2026-01-15 13:59:39,390 [ERROR] AppliInfo:139 - Unknown STM32CubeMX version: 6.13.0
2026-01-15 13:59:39,391 [ERROR] AppliInfo:139 - Unknown STM32CubeMX version: 6.13.0
2026-01-15 13:59:39,391 [ERROR] AppliInfo:139 - Unknown STM32CubeMX version: 6.13.0
2026-01-15 13:59:39,391 [ERROR] AppliInfo:139 - Unknown STM32CubeMX version: 6.13.0
2026-01-15 13:59:39,391 [ERROR] AppliInfo:139 - Unknown STM32CubeMX version: 6.13.0
2026-01-15 13:59:39,391 [ERROR] AppliInfo:139 - Unknown STM32CubeMX version: 6.13.0
2026-01-15 13:59:39,391 [ERROR] AppliInfo:139 - Unknown STM32CubeMX version: 6.13.0
2026-01-15 13:59:39,391 [ERROR] AppliInfo:139 - Unknown STM32CubeMX version: 6.13.0
2026-01-15 13:59:39,391 [ERROR] AppliInfo:139 - Unknown STM32CubeMX version: 6.14.0
2026-01-15 13:59:39,391 [ERROR] AppliInfo:139 - Unknown STM32CubeMX version: 6.13.0
2026-01-15 13:59:39,392 [ERROR] AppliInfo:139 - Unknown STM32CubeMX version: 6.14.0
2026-01-15 13:59:39,392 [ERROR] AppliInfo:139 - Unknown STM32CubeMX version: 6.13.0
2026-01-15 13:59:39,392 [ERROR] AppliInfo:139 - Unknown STM32CubeMX version: 6.14.0
2026-01-15 13:59:39,392 [ERROR] AppliInfo:139 - Unknown STM32CubeMX version: 6.13.0
2026-01-15 13:59:39,392 [ERROR] AppliInfo:139 - Unknown STM32CubeMX version: 6.13.0
2026-01-15 13:59:39,392 [ERROR] AppliInfo:139 - Unknown STM32CubeMX version: 6.13.0
2026-01-15 13:59:39,392 [ERROR] AppliInfo:139 - Unknown STM32CubeMX version: 6.13.0
2026-01-15 13:59:39,392 [ERROR] AppliInfo:139 - Unknown STM32CubeMX version: 6.13.0
2026-01-15 13:59:39,392 [ERROR] AppliInfo:139 - Unknown STM32CubeMX version: 6.13.0
2026-01-15 13:59:39,393 [ERROR] AppliInfo:139 - Unknown STM32CubeMX version: 6.13.0
2026-01-15 13:59:39,393 [ERROR] AppliInfo:139 - Unknown STM32CubeMX version: 6.13.0
2026-01-15 13:59:39,393 [ERROR] AppliInfo:139 - Unknown STM32CubeMX version: 6.13.0
2026-01-15 13:59:39,393 [ERROR] AppliInfo:139 - Unknown STM32CubeMX version: 6.13.0
2026-01-15 13:59:39,393 [ERROR] AppliInfo:139 - Unknown STM32CubeMX version: 6.13.0
2026-01-15 13:59:39,393 [ERROR] AppliInfo:139 - Unknown STM32CubeMX version: 6.13.0
2026-01-15 13:59:39,393 [ERROR] AppliInfo:139 - Unknown STM32CubeMX version: 6.13.0
2026-01-15 13:59:39,393 [ERROR] AppliInfo:139 - Unknown STM32CubeMX version: 6.13.0
2026-01-15 13:59:39,393 [ERROR] AppliInfo:139 - Unknown STM32CubeMX version: 6.13.0
2026-01-15 13:59:39,393 [ERROR] AppliInfo:139 - Unknown STM32CubeMX version: 6.13.0
2026-01-15 13:59:39,394 [ERROR] AppliInfo:139 - Unknown STM32CubeMX version: 6.13.0
2026-01-15 13:59:39,394 [ERROR] AppliInfo:139 - Unknown STM32CubeMX version: 6.13.0
2026-01-15 13:59:39,394 [ERROR] AppliInfo:139 - Unknown STM32CubeMX version: 6.13.0
2026-01-15 13:59:39,394 [ERROR] AppliInfo:139 - Unknown STM32CubeMX version: 6.13.0
2026-01-15 13:59:39,394 [ERROR] AppliInfo:139 - Unknown STM32CubeMX version: 6.13.0
2026-01-15 13:59:39,394 [ERROR] AppliInfo:139 - Unknown STM32CubeMX version: 6.13.0
2026-01-15 13:59:39,394 [ERROR] AppliInfo:139 - Unknown STM32CubeMX version: 6.13.0
2026-01-15 13:59:39,394 [ERROR] AppliInfo:139 - Unknown STM32CubeMX version: 6.13.0
2026-01-15 13:59:39,394 [ERROR] AppliInfo:139 - Unknown STM32CubeMX version: 6.13.0
2026-01-15 13:59:39,395 [ERROR] AppliInfo:139 - Unknown STM32CubeMX version: 6.13.0
2026-01-15 13:59:39,395 [ERROR] AppliInfo:139 - Unknown STM32CubeMX version: 6.13.0
2026-01-15 13:59:39,395 [ERROR] AppliInfo:139 - Unknown STM32CubeMX version: 6.13.0
2026-01-15 13:59:39,395 [ERROR] AppliInfo:139 - Unknown STM32CubeMX version: 6.13.0
2026-01-15 13:59:39,395 [ERROR] AppliInfo:139 - Unknown STM32CubeMX version: 6.13.0
2026-01-15 13:59:39,395 [ERROR] AppliInfo:139 - Unknown STM32CubeMX version: 6.13.0
2026-01-15 13:59:39,395 [ERROR] AppliInfo:139 - Unknown STM32CubeMX version: 6.13.0
2026-01-15 13:59:39,395 [ERROR] AppliInfo:139 - Unknown STM32CubeMX version: 6.13.0
2026-01-15 13:59:39,395 [ERROR] AppliInfo:139 - Unknown STM32CubeMX version: 6.13.0
2026-01-15 13:59:39,396 [ERROR] AppliInfo:139 - Unknown STM32CubeMX version: 6.13.0
2026-01-15 13:59:39,396 [ERROR] AppliInfo:139 - Unknown STM32CubeMX version: 6.13.0
2026-01-15 13:59:39,396 [ERROR] AppliInfo:139 - Unknown STM32CubeMX version: 6.13.0
2026-01-15 13:59:39,396 [ERROR] AppliInfo:139 - Unknown STM32CubeMX version: 6.13.0
2026-01-15 13:59:39,396 [ERROR] AppliInfo:139 - Unknown STM32CubeMX version: 6.13.0
2026-01-15 13:59:39,396 [ERROR] AppliInfo:139 - Unknown STM32CubeMX version: 6.13.0
2026-01-15 13:59:39,396 [ERROR] AppliInfo:139 - Unknown STM32CubeMX version: 6.13.0
2026-01-15 13:59:39,396 [ERROR] AppliInfo:139 - Unknown STM32CubeMX version: 6.13.0
2026-01-15 13:59:39,397 [ERROR] AppliInfo:139 - Unknown STM32CubeMX version: 6.13.0
2026-01-15 13:59:39,397 [ERROR] AppliInfo:139 - Unknown STM32CubeMX version: 6.13.0
2026-01-15 13:59:39,397 [ERROR] AppliInfo:139 - Unknown STM32CubeMX version: 6.13.0
2026-01-15 13:59:39,397 [ERROR] AppliInfo:139 - Unknown STM32CubeMX version: 6.13.0
2026-01-15 13:59:39,397 [ERROR] AppliInfo:139 - Unknown STM32CubeMX version: 6.13.0
2026-01-15 13:59:39,397 [ERROR] AppliInfo:139 - Unknown STM32CubeMX version: 6.13.0
2026-01-15 13:59:39,397 [ERROR] AppliInfo:139 - Unknown STM32CubeMX version: 6.13.0
2026-01-15 13:59:39,397 [ERROR] AppliInfo:139 - Unknown STM32CubeMX version: 6.13.0
2026-01-15 13:59:39,397 [ERROR] AppliInfo:139 - Unknown STM32CubeMX version: 6.13.0
2026-01-15 13:59:39,399 [ERROR] AppliInfo:139 - Unknown STM32CubeMX version: 6.13.0
2026-01-15 13:59:39,399 [ERROR] AppliInfo:139 - Unknown STM32CubeMX version: 6.13.0
2026-01-15 13:59:39,399 [ERROR] AppliInfo:139 - Unknown STM32CubeMX version: 6.13.0
2026-01-15 13:59:39,400 [ERROR] AppliInfo:139 - Unknown STM32CubeMX version: 6.13.0
2026-01-15 13:59:39,400 [ERROR] AppliInfo:139 - Unknown STM32CubeMX version: 6.14.0
2026-01-15 13:59:39,400 [ERROR] AppliInfo:139 - Unknown STM32CubeMX version: 6.14.0
2026-01-15 13:59:39,400 [ERROR] AppliInfo:139 - Unknown STM32CubeMX version: 6.13.0
2026-01-15 13:59:39,400 [ERROR] AppliInfo:139 - Unknown STM32CubeMX version: 6.13.0
2026-01-15 13:59:39,400 [ERROR] AppliInfo:139 - Unknown STM32CubeMX version: 6.13.0
2026-01-15 13:59:39,400 [ERROR] AppliInfo:139 - Unknown STM32CubeMX version: 6.14.0
2026-01-15 13:59:39,400 [ERROR] AppliInfo:139 - Unknown STM32CubeMX version: 6.13.0
2026-01-15 13:59:39,400 [ERROR] AppliInfo:139 - Unknown STM32CubeMX version: 6.13.0
2026-01-15 13:59:39,400 [ERROR] AppliInfo:139 - Unknown STM32CubeMX version: 6.15.0
2026-01-15 13:59:39,401 [ERROR] AppliInfo:139 - Unknown STM32CubeMX version: 6.15.0
2026-01-15 13:59:39,401 [ERROR] AppliInfo:139 - Unknown STM32CubeMX version: 6.14.0
2026-01-15 13:59:39,401 [ERROR] AppliInfo:139 - Unknown STM32CubeMX version: 6.13.0
2026-01-15 13:59:39,401 [ERROR] AppliInfo:139 - Unknown STM32CubeMX version: 6.13.0
2026-01-15 13:59:39,402 [ERROR] AppliInfo:139 - Unknown STM32CubeMX version: 6.13.0
2026-01-15 13:59:39,415 [ERROR] AppliInfo:139 - Unknown STM32CubeMX version: 6.13.0
2026-01-15 13:59:39,415 [ERROR] AppliInfo:139 - Unknown STM32CubeMX version: 6.15.0
2026-01-15 13:59:39,415 [ERROR] AppliInfo:139 - Unknown STM32CubeMX version: 6.13.0
2026-01-15 13:59:39,415 [ERROR] AppliInfo:139 - Unknown STM32CubeMX version: 6.13.0
2026-01-15 13:59:39,415 [ERROR] AppliInfo:139 - Unknown STM32CubeMX version: 6.13.0
2026-01-15 13:59:39,416 [ERROR] AppliInfo:139 - Unknown STM32CubeMX version: 6.13.0
2026-01-15 13:59:39,416 [ERROR] AppliInfo:139 - Unknown STM32CubeMX version: 6.13.0
2026-01-15 13:59:39,416 [ERROR] AppliInfo:139 - Unknown STM32CubeMX version: 6.15.0
2026-01-15 13:59:39,416 [ERROR] AppliInfo:139 - Unknown STM32CubeMX version: 6.13.0
2026-01-15 13:59:39,416 [ERROR] AppliInfo:139 - Unknown STM32CubeMX version: 6.13.0
2026-01-15 13:59:39,416 [ERROR] AppliInfo:139 - Unknown STM32CubeMX version: 6.13.0
2026-01-15 13:59:39,416 [ERROR] AppliInfo:139 - Unknown STM32CubeMX version: 6.13.0
2026-01-15 13:59:39,417 [ERROR] AppliInfo:139 - Unknown STM32CubeMX version: 6.13.0
2026-01-15 13:59:39,417 [ERROR] AppliInfo:139 - Unknown STM32CubeMX version: 6.13.0
2026-01-15 13:59:39,417 [ERROR] AppliInfo:139 - Unknown STM32CubeMX version: 6.13.0
2026-01-15 13:59:39,417 [ERROR] AppliInfo:139 - Unknown STM32CubeMX version: 6.13.0
2026-01-15 13:59:39,424 [ERROR] AppliInfo:139 - Unknown STM32CubeMX version: 6.13.0
2026-01-15 13:59:39,424 [ERROR] AppliInfo:139 - Unknown STM32CubeMX version: 6.13.0
2026-01-15 13:59:39,424 [ERROR] AppliInfo:139 - Unknown STM32CubeMX version: 6.13.0
2026-01-15 13:59:39,424 [ERROR] AppliInfo:139 - Unknown STM32CubeMX version: 6.13.0
2026-01-15 13:59:39,424 [ERROR] AppliInfo:139 - Unknown STM32CubeMX version: 6.13.0
2026-01-15 13:59:39,425 [ERROR] AppliInfo:139 - Unknown STM32CubeMX version: 6.13.0
2026-01-15 13:59:39,425 [ERROR] AppliInfo:139 - Unknown STM32CubeMX version: 6.13.0
2026-01-15 13:59:39,425 [ERROR] AppliInfo:139 - Unknown STM32CubeMX version: 6.13.0
2026-01-15 13:59:39,425 [ERROR] AppliInfo:139 - Unknown STM32CubeMX version: 6.13.0
2026-01-15 13:59:39,425 [ERROR] AppliInfo:139 - Unknown STM32CubeMX version: 6.13.0
2026-01-15 13:59:39,425 [ERROR] AppliInfo:139 - Unknown STM32CubeMX version: 6.15.0
2026-01-15 13:59:39,425 [ERROR] AppliInfo:139 - Unknown STM32CubeMX version: 6.13.0
2026-01-15 13:59:39,425 [ERROR] AppliInfo:139 - Unknown STM32CubeMX version: 6.15.0
2026-01-15 13:59:39,425 [ERROR] AppliInfo:139 - Unknown STM32CubeMX version: 6.15.0
2026-01-15 13:59:39,426 [ERROR] AppliInfo:139 - Unknown STM32CubeMX version: 6.13.0
2026-01-15 13:59:39,426 [ERROR] AppliInfo:139 - Unknown STM32CubeMX version: 6.13.0
2026-01-15 13:59:39,426 [ERROR] AppliInfo:139 - Unknown STM32CubeMX version: 6.13.0
2026-01-15 13:59:39,426 [ERROR] AppliInfo:139 - Unknown STM32CubeMX version: 6.13.0
2026-01-15 13:59:39,427 [ERROR] AppliInfo:139 - Unknown STM32CubeMX version: 6.13.0
2026-01-15 13:59:39,427 [ERROR] AppliInfo:139 - Unknown STM32CubeMX version: 6.13.0
2026-01-15 13:59:39,428 [ERROR] AppliInfo:139 - Unknown STM32CubeMX version: 6.13.0
2026-01-15 13:59:39,429 [ERROR] AppliInfo:139 - Unknown STM32CubeMX version: 6.13.0
2026-01-15 13:59:39,429 [ERROR] AppliInfo:139 - Unknown STM32CubeMX version: 6.13.0
2026-01-15 13:59:39,429 [ERROR] AppliInfo:139 - Unknown STM32CubeMX version: 6.13.0
2026-01-15 13:59:39,429 [ERROR] AppliInfo:139 - Unknown STM32CubeMX version: 6.13.0
2026-01-15 13:59:39,429 [ERROR] AppliInfo:139 - Unknown STM32CubeMX version: 6.13.0
2026-01-15 13:59:39,430 [ERROR] AppliInfo:139 - Unknown STM32CubeMX version: 6.13.0
2026-01-15 13:59:39,430 [ERROR] AppliInfo:139 - Unknown STM32CubeMX version: 6.13.0
2026-01-15 13:59:39,430 [ERROR] AppliInfo:139 - Unknown STM32CubeMX version: 6.13.0
2026-01-15 13:59:39,430 [ERROR] AppliInfo:139 - Unknown STM32CubeMX version: 6.13.0
2026-01-15 13:59:39,430 [ERROR] AppliInfo:139 - Unknown STM32CubeMX version: 6.13.0
2026-01-15 13:59:39,432 [ERROR] AppliInfo:139 - Unknown STM32CubeMX version: 6.15.0
2026-01-15 13:59:39,432 [ERROR] AppliInfo:139 - Unknown STM32CubeMX version: 6.13.0
2026-01-15 13:59:39,432 [ERROR] AppliInfo:139 - Unknown STM32CubeMX version: 6.15.0
2026-01-15 13:59:39,432 [ERROR] AppliInfo:139 - Unknown STM32CubeMX version: 6.13.0
2026-01-15 13:59:39,432 [ERROR] AppliInfo:139 - Unknown STM32CubeMX version: 6.13.0
2026-01-15 13:59:39,432 [ERROR] AppliInfo:139 - Unknown STM32CubeMX version: 6.13.0
2026-01-15 13:59:39,432 [ERROR] AppliInfo:139 - Unknown STM32CubeMX version: 6.13.0
2026-01-15 13:59:39,433 [ERROR] AppliInfo:139 - Unknown STM32CubeMX version: 6.13.0
2026-01-15 13:59:39,434 [ERROR] AppliInfo:139 - Unknown STM32CubeMX version: 6.16.0
2026-01-15 13:59:39,436 [ERROR] AppliInfo:139 - Unknown STM32CubeMX version: 6.13.0
2026-01-15 13:59:39,442 [ERROR] AppliInfo:139 - Unknown STM32CubeMX version: 6.14.0
2026-01-15 13:59:39,443 [ERROR] AppliInfo:139 - Unknown STM32CubeMX version: 6.13.0
2026-01-15 13:59:39,443 [ERROR] AppliInfo:139 - Unknown STM32CubeMX version: 6.13.0
2026-01-15 13:59:39,445 [ERROR] AppliInfo:139 - Unknown STM32CubeMX version: 6.16.0
2026-01-15 13:59:39,445 [ERROR] AppliInfo:139 - Unknown STM32CubeMX version: 6.16.0
2026-01-15 13:59:39,445 [ERROR] AppliInfo:139 - Unknown STM32CubeMX version: 6.16.0
2026-01-15 13:59:39,445 [ERROR] AppliInfo:139 - Unknown STM32CubeMX version: 6.16.0
2026-01-15 13:59:39,445 [ERROR] AppliInfo:139 - Unknown STM32CubeMX version: 6.16.0
2026-01-15 13:59:39,446 [ERROR] AppliInfo:139 - Unknown STM32CubeMX version: 6.16.0
2026-01-15 13:59:39,447 [ERROR] AppliInfo:139 - Unknown STM32CubeMX version: 6.13.0
2026-01-15 13:59:39,451 [ERROR] AppliInfo:139 - Unknown STM32CubeMX version: 6.13.0
2026-01-15 13:59:39,471 [ERROR] AppliInfo:139 - Unknown STM32CubeMX version: 6.14.0
2026-01-15 13:59:39,471 [ERROR] AppliInfo:139 - Unknown STM32CubeMX version: 6.14.0
2026-01-15 13:59:39,471 [ERROR] AppliInfo:139 - Unknown STM32CubeMX version: 6.14.0
2026-01-15 13:59:39,472 [ERROR] AppliInfo:139 - Unknown STM32CubeMX version: 6.16.0
2026-01-15 13:59:39,472 [ERROR] AppliInfo:139 - Unknown STM32CubeMX version: 6.16.0
2026-01-15 13:59:39,472 [ERROR] AppliInfo:139 - Unknown STM32CubeMX version: 6.16.0
2026-01-15 13:59:39,472 [ERROR] AppliInfo:139 - Unknown STM32CubeMX version: 6.16.0
2026-01-15 13:59:39,472 [ERROR] AppliInfo:139 - Unknown STM32CubeMX version: 6.16.0
2026-01-15 13:59:39,472 [ERROR] AppliInfo:139 - Unknown STM32CubeMX version: 6.16.0
2026-01-15 13:59:39,472 [ERROR] AppliInfo:139 - Unknown STM32CubeMX version: 6.16.0
2026-01-15 13:59:39,472 [ERROR] AppliInfo:139 - Unknown STM32CubeMX version: 6.16.0
2026-01-15 13:59:39,472 [ERROR] AppliInfo:139 - Unknown STM32CubeMX version: 6.16.0
2026-01-15 13:59:39,473 [ERROR] AppliInfo:139 - Unknown STM32CubeMX version: 6.16.0
2026-01-15 13:59:39,473 [ERROR] AppliInfo:139 - Unknown STM32CubeMX version: 6.16.0
2026-01-15 13:59:39,473 [ERROR] AppliInfo:139 - Unknown STM32CubeMX version: 6.16.0
2026-01-15 13:59:39,473 [ERROR] AppliInfo:139 - Unknown STM32CubeMX version: 6.16.0
2026-01-15 13:59:39,473 [ERROR] AppliInfo:139 - Unknown STM32CubeMX version: 6.16.0
2026-01-15 13:59:39,473 [ERROR] AppliInfo:139 - Unknown STM32CubeMX version: 6.16.0
2026-01-15 13:59:39,474 [ERROR] AppliInfo:139 - Unknown STM32CubeMX version: 6.16.0
2026-01-15 13:59:39,474 [ERROR] AppliInfo:139 - Unknown STM32CubeMX version: 6.16.0
2026-01-15 13:59:39,474 [ERROR] AppliInfo:139 - Unknown STM32CubeMX version: 6.16.0
2026-01-15 13:59:39,474 [ERROR] AppliInfo:139 - Unknown STM32CubeMX version: 6.16.0
2026-01-15 13:59:39,474 [ERROR] AppliInfo:139 - Unknown STM32CubeMX version: 6.16.0
2026-01-15 13:59:39,474 [ERROR] AppliInfo:139 - Unknown STM32CubeMX version: 6.16.0
2026-01-15 13:59:39,474 [ERROR] AppliInfo:139 - Unknown STM32CubeMX version: 6.14.0
2026-01-15 13:59:39,475 [ERROR] AppliInfo:139 - Unknown STM32CubeMX version: 6.14.0
2026-01-15 13:59:39,475 [ERROR] AppliInfo:139 - Unknown STM32CubeMX version: 6.14.0
2026-01-15 13:59:39,475 [ERROR] AppliInfo:139 - Unknown STM32CubeMX version: 6.14.0
2026-01-15 13:59:39,475 [ERROR] AppliInfo:139 - Unknown STM32CubeMX version: 6.14.0
2026-01-15 13:59:39,475 [ERROR] AppliInfo:139 - Unknown STM32CubeMX version: 6.14.0
2026-01-15 13:59:39,475 [ERROR] AppliInfo:139 - Unknown STM32CubeMX version: 6.14.0
2026-01-15 13:59:39,476 [ERROR] AppliInfo:139 - Unknown STM32CubeMX version: 6.14.0
2026-01-15 13:59:39,476 [ERROR] AppliInfo:139 - Unknown STM32CubeMX version: 6.14.0
2026-01-15 13:59:39,476 [ERROR] AppliInfo:139 - Unknown STM32CubeMX version: 6.14.0
2026-01-15 13:59:39,476 [ERROR] AppliInfo:139 - Unknown STM32CubeMX version: 6.14.0
2026-01-15 13:59:39,476 [ERROR] AppliInfo:139 - Unknown STM32CubeMX version: 6.14.0
2026-01-15 13:59:39,476 [ERROR] AppliInfo:139 - Unknown STM32CubeMX version: 6.14.0
2026-01-15 13:59:39,476 [ERROR] AppliInfo:139 - Unknown STM32CubeMX version: 6.14.0
2026-01-15 13:59:39,476 [ERROR] AppliInfo:139 - Unknown STM32CubeMX version: 6.14.0
2026-01-15 13:59:39,476 [ERROR] AppliInfo:139 - Unknown STM32CubeMX version: 6.14.0
2026-01-15 13:59:39,476 [ERROR] AppliInfo:139 - Unknown STM32CubeMX version: 6.14.0
2026-01-15 13:59:39,477 [ERROR] AppliInfo:139 - Unknown STM32CubeMX version: 6.14.0
2026-01-15 13:59:39,477 [ERROR] AppliInfo:139 - Unknown STM32CubeMX version: 6.14.0
2026-01-15 13:59:39,477 [ERROR] AppliInfo:139 - Unknown STM32CubeMX version: 6.14.0
2026-01-15 13:59:39,483 [ERROR] AppliInfo:139 - Unknown STM32CubeMX version: 6.14.0
2026-01-15 13:59:39,483 [ERROR] AppliInfo:139 - Unknown STM32CubeMX version: 6.14.0
2026-01-15 13:59:39,484 [ERROR] AppliInfo:139 - Unknown STM32CubeMX version: 6.14.0
2026-01-15 13:59:39,484 [ERROR] AppliInfo:139 - Unknown STM32CubeMX version: 6.14.0
2026-01-15 13:59:39,484 [ERROR] AppliInfo:139 - Unknown STM32CubeMX version: 6.14.0
2026-01-15 13:59:39,484 [ERROR] AppliInfo:139 - Unknown STM32CubeMX version: 6.14.0
2026-01-15 13:59:39,484 [ERROR] AppliInfo:139 - Unknown STM32CubeMX version: 6.14.0
2026-01-15 13:59:39,484 [ERROR] AppliInfo:139 - Unknown STM32CubeMX version: 6.14.0
2026-01-15 13:59:39,484 [ERROR] AppliInfo:139 - Unknown STM32CubeMX version: 6.14.0
2026-01-15 13:59:39,485 [ERROR] AppliInfo:139 - Unknown STM32CubeMX version: 6.14.0
2026-01-15 13:59:39,485 [ERROR] AppliInfo:139 - Unknown STM32CubeMX version: 6.14.0
2026-01-15 13:59:39,485 [ERROR] AppliInfo:139 - Unknown STM32CubeMX version: 6.14.0
2026-01-15 13:59:39,485 [ERROR] AppliInfo:139 - Unknown STM32CubeMX version: 6.14.0
2026-01-15 13:59:39,485 [ERROR] AppliInfo:139 - Unknown STM32CubeMX version: 6.14.0
2026-01-15 13:59:39,485 [ERROR] AppliInfo:139 - Unknown STM32CubeMX version: 6.14.0
2026-01-15 13:59:39,485 [ERROR] AppliInfo:139 - Unknown STM32CubeMX version: 6.14.0
2026-01-15 13:59:39,485 [ERROR] AppliInfo:139 - Unknown STM32CubeMX version: 6.14.0
2026-01-15 13:59:39,485 [ERROR] AppliInfo:139 - Unknown STM32CubeMX version: 6.16.0
2026-01-15 13:59:39,485 [ERROR] AppliInfo:139 - Unknown STM32CubeMX version: 6.16.0
2026-01-15 13:59:39,486 [ERROR] AppliInfo:139 - Unknown STM32CubeMX version: 6.16.0
2026-01-15 13:59:39,486 [ERROR] AppliInfo:139 - Unknown STM32CubeMX version: 6.16.0
2026-01-15 13:59:39,486 [ERROR] AppliInfo:139 - Unknown STM32CubeMX version: 6.16.0
2026-01-15 13:59:39,486 [ERROR] AppliInfo:139 - Unknown STM32CubeMX version: 6.16.0
2026-01-15 13:59:39,486 [ERROR] AppliInfo:139 - Unknown STM32CubeMX version: 6.16.0
2026-01-15 13:59:39,486 [ERROR] AppliInfo:139 - Unknown STM32CubeMX version: 6.16.0
2026-01-15 13:59:39,486 [ERROR] AppliInfo:139 - Unknown STM32CubeMX version: 6.16.0
2026-01-15 13:59:39,486 [ERROR] AppliInfo:139 - Unknown STM32CubeMX version: 6.16.0
2026-01-15 13:59:39,486 [ERROR] AppliInfo:139 - Unknown STM32CubeMX version: 6.16.0
2026-01-15 13:59:39,486 [ERROR] AppliInfo:139 - Unknown STM32CubeMX version: 6.16.0
2026-01-15 13:59:39,487 [ERROR] AppliInfo:139 - Unknown STM32CubeMX version: 6.16.0
2026-01-15 13:59:39,487 [ERROR] AppliInfo:139 - Unknown STM32CubeMX version: 6.16.0
2026-01-15 13:59:39,487 [ERROR] AppliInfo:139 - Unknown STM32CubeMX version: 6.16.0
2026-01-15 13:59:39,487 [ERROR] AppliInfo:139 - Unknown STM32CubeMX version: 6.16.0
2026-01-15 13:59:39,487 [ERROR] AppliInfo:139 - Unknown STM32CubeMX version: 6.16.0
2026-01-15 13:59:39,487 [ERROR] AppliInfo:139 - Unknown STM32CubeMX version: 6.16.0
2026-01-15 13:59:39,487 [ERROR] AppliInfo:139 - Unknown STM32CubeMX version: 6.16.0
2026-01-15 13:59:39,487 [ERROR] AppliInfo:139 - Unknown STM32CubeMX version: 6.16.0
2026-01-15 13:59:39,487 [ERROR] AppliInfo:139 - Unknown STM32CubeMX version: 6.16.0
2026-01-15 13:59:39,487 [ERROR] AppliInfo:139 - Unknown STM32CubeMX version: 6.14.0
2026-01-15 13:59:39,488 [ERROR] AppliInfo:139 - Unknown STM32CubeMX version: 6.14.0
2026-01-15 13:59:39,488 [ERROR] AppliInfo:139 - Unknown STM32CubeMX version: 6.14.0
2026-01-15 13:59:39,488 [ERROR] AppliInfo:139 - Unknown STM32CubeMX version: 6.14.0
2026-01-15 13:59:39,488 [ERROR] AppliInfo:139 - Unknown STM32CubeMX version: 6.14.0
2026-01-15 13:59:39,488 [ERROR] AppliInfo:139 - Unknown STM32CubeMX version: 6.14.0
2026-01-15 13:59:39,489 [ERROR] AppliInfo:139 - Unknown STM32CubeMX version: 6.14.0
2026-01-15 13:59:39,489 [ERROR] AppliInfo:139 - Unknown STM32CubeMX version: 6.14.0
2026-01-15 13:59:39,489 [ERROR] AppliInfo:139 - Unknown STM32CubeMX version: 6.14.0
2026-01-15 13:59:39,489 [ERROR] AppliInfo:139 - Unknown STM32CubeMX version: 6.14.0
2026-01-15 13:59:39,489 [ERROR] AppliInfo:139 - Unknown STM32CubeMX version: 6.14.0
2026-01-15 13:59:39,489 [ERROR] AppliInfo:139 - Unknown STM32CubeMX version: 6.14.0
2026-01-15 13:59:39,489 [ERROR] AppliInfo:139 - Unknown STM32CubeMX version: 6.14.0
2026-01-15 13:59:39,489 [ERROR] AppliInfo:139 - Unknown STM32CubeMX version: 6.14.0
2026-01-15 13:59:39,489 [ERROR] AppliInfo:139 - Unknown STM32CubeMX version: 6.14.0
2026-01-15 13:59:39,489 [ERROR] AppliInfo:139 - Unknown STM32CubeMX version: 6.14.0
2026-01-15 13:59:39,489 [ERROR] AppliInfo:139 - Unknown STM32CubeMX version: 6.14.0
2026-01-15 13:59:39,490 [ERROR] AppliInfo:139 - Unknown STM32CubeMX version: 6.14.0
2026-01-15 13:59:39,490 [ERROR] AppliInfo:139 - Unknown STM32CubeMX version: 6.14.0
2026-01-15 13:59:39,490 [ERROR] AppliInfo:139 - Unknown STM32CubeMX version: 6.14.0
2026-01-15 13:59:39,490 [ERROR] AppliInfo:139 - Unknown STM32CubeMX version: 6.14.0
2026-01-15 13:59:39,490 [ERROR] AppliInfo:139 - Unknown STM32CubeMX version: 6.14.0
2026-01-15 13:59:39,490 [ERROR] AppliInfo:139 - Unknown STM32CubeMX version: 6.14.0
2026-01-15 13:59:39,490 [ERROR] AppliInfo:139 - Unknown STM32CubeMX version: 6.14.0
2026-01-15 13:59:39,490 [ERROR] AppliInfo:139 - Unknown STM32CubeMX version: 6.14.0
2026-01-15 13:59:39,490 [ERROR] AppliInfo:139 - Unknown STM32CubeMX version: 6.14.0
2026-01-15 13:59:39,490 [ERROR] AppliInfo:139 - Unknown STM32CubeMX version: 6.14.0
2026-01-15 13:59:39,490 [ERROR] AppliInfo:139 - Unknown STM32CubeMX version: 6.14.0
2026-01-15 13:59:39,491 [ERROR] AppliInfo:139 - Unknown STM32CubeMX version: 6.14.0
2026-01-15 13:59:39,491 [ERROR] AppliInfo:139 - Unknown STM32CubeMX version: 6.14.0
2026-01-15 13:59:39,491 [ERROR] AppliInfo:139 - Unknown STM32CubeMX version: 6.14.0
2026-01-15 13:59:39,491 [ERROR] AppliInfo:139 - Unknown STM32CubeMX version: 6.14.0
2026-01-15 13:59:39,491 [ERROR] AppliInfo:139 - Unknown STM32CubeMX version: 6.14.0
2026-01-15 13:59:39,491 [ERROR] AppliInfo:139 - Unknown STM32CubeMX version: 6.14.0
2026-01-15 13:59:39,491 [ERROR] AppliInfo:139 - Unknown STM32CubeMX version: 6.14.0
2026-01-15 13:59:39,491 [ERROR] AppliInfo:139 - Unknown STM32CubeMX version: 6.14.0
2026-01-15 13:59:39,492 [ERROR] AppliInfo:139 - Unknown STM32CubeMX version: 6.14.0
2026-01-15 13:59:39,492 [ERROR] AppliInfo:139 - Unknown STM32CubeMX version: 6.16.0
2026-01-15 13:59:39,492 [ERROR] AppliInfo:139 - Unknown STM32CubeMX version: 6.16.0
2026-01-15 13:59:39,492 [ERROR] AppliInfo:139 - Unknown STM32CubeMX version: 6.16.0
2026-01-15 13:59:39,492 [ERROR] AppliInfo:139 - Unknown STM32CubeMX version: 6.16.0
2026-01-15 13:59:39,492 [ERROR] AppliInfo:139 - Unknown STM32CubeMX version: 6.16.0
2026-01-15 13:59:39,492 [ERROR] AppliInfo:139 - Unknown STM32CubeMX version: 6.16.0
2026-01-15 13:59:39,492 [ERROR] AppliInfo:139 - Unknown STM32CubeMX version: 6.16.0
2026-01-15 13:59:39,492 [ERROR] AppliInfo:139 - Unknown STM32CubeMX version: 6.16.0
2026-01-15 13:59:39,492 [ERROR] AppliInfo:139 - Unknown STM32CubeMX version: 6.16.0
2026-01-15 13:59:39,492 [ERROR] AppliInfo:139 - Unknown STM32CubeMX version: 6.16.0
2026-01-15 13:59:39,493 [ERROR] AppliInfo:139 - Unknown STM32CubeMX version: 6.16.0
2026-01-15 13:59:39,493 [ERROR] AppliInfo:139 - Unknown STM32CubeMX version: 6.16.0
2026-01-15 13:59:39,493 [ERROR] AppliInfo:139 - Unknown STM32CubeMX version: 6.16.0
2026-01-15 13:59:39,493 [ERROR] AppliInfo:139 - Unknown STM32CubeMX version: 6.16.0
2026-01-15 13:59:39,493 [ERROR] AppliInfo:139 - Unknown STM32CubeMX version: 6.16.0
2026-01-15 13:59:39,493 [ERROR] AppliInfo:139 - Unknown STM32CubeMX version: 6.16.0
2026-01-15 13:59:39,493 [ERROR] AppliInfo:139 - Unknown STM32CubeMX version: 6.16.0
2026-01-15 13:59:39,493 [ERROR] AppliInfo:139 - Unknown STM32CubeMX version: 6.16.0
2026-01-15 13:59:39,493 [ERROR] AppliInfo:139 - Unknown STM32CubeMX version: 6.16.0
2026-01-15 13:59:39,494 [ERROR] AppliInfo:139 - Unknown STM32CubeMX version: 6.16.0
2026-01-15 13:59:39,494 [ERROR] AppliInfo:139 - Unknown STM32CubeMX version: 6.16.0
2026-01-15 13:59:39,494 [ERROR] AppliInfo:139 - Unknown STM32CubeMX version: 6.14.0
2026-01-15 13:59:39,494 [ERROR] AppliInfo:139 - Unknown STM32CubeMX version: 6.14.0
2026-01-15 13:59:39,494 [ERROR] AppliInfo:139 - Unknown STM32CubeMX version: 6.14.0
2026-01-15 13:59:39,495 [ERROR] AppliInfo:139 - Unknown STM32CubeMX version: 6.14.0
2026-01-15 13:59:39,495 [ERROR] AppliInfo:139 - Unknown STM32CubeMX version: 6.14.0
2026-01-15 13:59:39,495 [ERROR] AppliInfo:139 - Unknown STM32CubeMX version: 6.14.0
2026-01-15 13:59:39,495 [ERROR] AppliInfo:139 - Unknown STM32CubeMX version: 6.14.0
2026-01-15 13:59:39,495 [ERROR] AppliInfo:139 - Unknown STM32CubeMX version: 6.14.0
2026-01-15 13:59:39,495 [ERROR] AppliInfo:139 - Unknown STM32CubeMX version: 6.14.0
2026-01-15 13:59:39,495 [ERROR] AppliInfo:139 - Unknown STM32CubeMX version: 6.14.0
2026-01-15 13:59:39,495 [ERROR] AppliInfo:139 - Unknown STM32CubeMX version: 6.14.0
2026-01-15 13:59:39,496 [ERROR] AppliInfo:139 - Unknown STM32CubeMX version: 6.14.0
2026-01-15 13:59:39,496 [ERROR] AppliInfo:139 - Unknown STM32CubeMX version: 6.14.0
2026-01-15 13:59:39,496 [ERROR] AppliInfo:139 - Unknown STM32CubeMX version: 6.14.0
2026-01-15 13:59:39,496 [ERROR] AppliInfo:139 - Unknown STM32CubeMX version: 6.14.0
2026-01-15 13:59:39,496 [ERROR] AppliInfo:139 - Unknown STM32CubeMX version: 6.14.0
2026-01-15 13:59:39,496 [ERROR] AppliInfo:139 - Unknown STM32CubeMX version: 6.14.0
2026-01-15 13:59:39,496 [ERROR] AppliInfo:139 - Unknown STM32CubeMX version: 6.14.0
2026-01-15 13:59:39,496 [ERROR] AppliInfo:139 - Unknown STM32CubeMX version: 6.14.0
2026-01-15 13:59:39,496 [ERROR] AppliInfo:139 - Unknown STM32CubeMX version: 6.14.0
2026-01-15 13:59:39,496 [ERROR] AppliInfo:139 - Unknown STM32CubeMX version: 6.14.0
2026-01-15 13:59:39,497 [ERROR] AppliInfo:139 - Unknown STM32CubeMX version: 6.14.0
2026-01-15 13:59:39,497 [ERROR] AppliInfo:139 - Unknown STM32CubeMX version: 6.14.0
2026-01-15 13:59:39,497 [ERROR] AppliInfo:139 - Unknown STM32CubeMX version: 6.14.0
2026-01-15 13:59:39,497 [ERROR] AppliInfo:139 - Unknown STM32CubeMX version: 6.14.0
2026-01-15 13:59:39,497 [ERROR] AppliInfo:139 - Unknown STM32CubeMX version: 6.14.0
2026-01-15 13:59:39,497 [ERROR] AppliInfo:139 - Unknown STM32CubeMX version: 6.14.0
2026-01-15 13:59:39,497 [ERROR] AppliInfo:139 - Unknown STM32CubeMX version: 6.14.0
2026-01-15 13:59:39,497 [ERROR] AppliInfo:139 - Unknown STM32CubeMX version: 6.14.0
2026-01-15 13:59:39,497 [ERROR] AppliInfo:139 - Unknown STM32CubeMX version: 6.14.0
2026-01-15 13:59:39,497 [ERROR] AppliInfo:139 - Unknown STM32CubeMX version: 6.14.0
2026-01-15 13:59:39,498 [ERROR] AppliInfo:139 - Unknown STM32CubeMX version: 6.14.0
2026-01-15 13:59:39,498 [ERROR] AppliInfo:139 - Unknown STM32CubeMX version: 6.14.0
2026-01-15 13:59:39,498 [ERROR] AppliInfo:139 - Unknown STM32CubeMX version: 6.14.0
2026-01-15 13:59:39,498 [ERROR] AppliInfo:139 - Unknown STM32CubeMX version: 6.14.0
2026-01-15 13:59:39,498 [ERROR] AppliInfo:139 - Unknown STM32CubeMX version: 6.14.0
2026-01-15 13:59:39,498 [ERROR] AppliInfo:139 - Unknown STM32CubeMX version: 6.14.0
2026-01-15 13:59:39,498 [ERROR] AppliInfo:139 - Unknown STM32CubeMX version: 6.14.0
2026-01-15 13:59:39,498 [ERROR] AppliInfo:139 - Unknown STM32CubeMX version: 6.14.0
2026-01-15 13:59:39,498 [ERROR] AppliInfo:139 - Unknown STM32CubeMX version: 6.14.0
2026-01-15 13:59:39,498 [ERROR] AppliInfo:139 - Unknown STM32CubeMX version: 6.14.0
2026-01-15 13:59:39,498 [ERROR] AppliInfo:139 - Unknown STM32CubeMX version: 6.14.0
2026-01-15 13:59:39,499 [ERROR] AppliInfo:139 - Unknown STM32CubeMX version: 6.14.0
2026-01-15 13:59:39,499 [ERROR] AppliInfo:139 - Unknown STM32CubeMX version: 6.14.0
2026-01-15 13:59:39,499 [ERROR] AppliInfo:139 - Unknown STM32CubeMX version: 6.14.0
2026-01-15 13:59:39,499 [ERROR] AppliInfo:139 - Unknown STM32CubeMX version: 6.14.0
2026-01-15 13:59:39,499 [ERROR] AppliInfo:139 - Unknown STM32CubeMX version: 6.14.0
2026-01-15 13:59:39,499 [ERROR] AppliInfo:139 - Unknown STM32CubeMX version: 6.14.0
2026-01-15 13:59:39,499 [ERROR] AppliInfo:139 - Unknown STM32CubeMX version: 6.14.0
2026-01-15 13:59:39,499 [ERROR] AppliInfo:139 - Unknown STM32CubeMX version: 6.14.0
2026-01-15 13:59:39,499 [ERROR] AppliInfo:139 - Unknown STM32CubeMX version: 6.14.0
2026-01-15 13:59:39,499 [ERROR] AppliInfo:139 - Unknown STM32CubeMX version: 6.14.0
2026-01-15 13:59:39,500 [ERROR] AppliInfo:139 - Unknown STM32CubeMX version: 6.14.0
2026-01-15 13:59:39,500 [ERROR] AppliInfo:139 - Unknown STM32CubeMX version: 6.14.0
2026-01-15 13:59:39,500 [ERROR] AppliInfo:139 - Unknown STM32CubeMX version: 6.14.0
2026-01-15 13:59:39,500 [ERROR] AppliInfo:139 - Unknown STM32CubeMX version: 6.14.0
2026-01-15 13:59:39,500 [ERROR] AppliInfo:139 - Unknown STM32CubeMX version: 6.14.0
2026-01-15 13:59:39,500 [ERROR] AppliInfo:139 - Unknown STM32CubeMX version: 6.14.0
2026-01-15 13:59:39,500 [ERROR] AppliInfo:139 - Unknown STM32CubeMX version: 6.14.0
2026-01-15 13:59:39,500 [ERROR] AppliInfo:139 - Unknown STM32CubeMX version: 6.14.0
2026-01-15 13:59:39,500 [ERROR] AppliInfo:139 - Unknown STM32CubeMX version: 6.14.0
2026-01-15 13:59:39,501 [ERROR] AppliInfo:139 - Unknown STM32CubeMX version: 6.14.0
2026-01-15 13:59:39,501 [ERROR] AppliInfo:139 - Unknown STM32CubeMX version: 6.14.0
2026-01-15 13:59:39,501 [ERROR] AppliInfo:139 - Unknown STM32CubeMX version: 6.14.0
2026-01-15 13:59:39,501 [ERROR] AppliInfo:139 - Unknown STM32CubeMX version: 6.14.0
2026-01-15 13:59:39,501 [ERROR] AppliInfo:139 - Unknown STM32CubeMX version: 6.14.0
2026-01-15 13:59:39,501 [ERROR] AppliInfo:139 - Unknown STM32CubeMX version: 6.14.0
2026-01-15 13:59:39,501 [ERROR] AppliInfo:139 - Unknown STM32CubeMX version: 6.14.0
2026-01-15 13:59:39,501 [ERROR] AppliInfo:139 - Unknown STM32CubeMX version: 6.14.0
2026-01-15 13:59:39,501 [ERROR] AppliInfo:139 - Unknown STM32CubeMX version: 6.14.0
2026-01-15 13:59:39,501 [ERROR] AppliInfo:139 - Unknown STM32CubeMX version: 6.16.0
2026-01-15 13:59:39,502 [ERROR] AppliInfo:139 - Unknown STM32CubeMX version: 6.16.0
2026-01-15 13:59:39,502 [ERROR] AppliInfo:139 - Unknown STM32CubeMX version: 6.16.0
2026-01-15 13:59:39,502 [ERROR] AppliInfo:139 - Unknown STM32CubeMX version: 6.16.0
2026-01-15 13:59:39,502 [ERROR] AppliInfo:139 - Unknown STM32CubeMX version: 6.16.0
2026-01-15 13:59:39,502 [ERROR] AppliInfo:139 - Unknown STM32CubeMX version: 6.16.0
2026-01-15 13:59:39,502 [ERROR] AppliInfo:139 - Unknown STM32CubeMX version: 6.16.0
2026-01-15 13:59:39,502 [ERROR] AppliInfo:139 - Unknown STM32CubeMX version: 6.16.0
2026-01-15 13:59:39,502 [ERROR] AppliInfo:139 - Unknown STM32CubeMX version: 6.16.0
2026-01-15 13:59:39,502 [ERROR] AppliInfo:139 - Unknown STM32CubeMX version: 6.14.0
2026-01-15 13:59:39,503 [ERROR] AppliInfo:139 - Unknown STM32CubeMX version: 6.14.0
2026-01-15 13:59:39,503 [ERROR] AppliInfo:139 - Unknown STM32CubeMX version: 6.14.0
2026-01-15 13:59:39,503 [ERROR] AppliInfo:139 - Unknown STM32CubeMX version: 6.14.0
2026-01-15 13:59:39,503 [ERROR] AppliInfo:139 - Unknown STM32CubeMX version: 6.16.0
2026-01-15 13:59:39,503 [ERROR] AppliInfo:139 - Unknown STM32CubeMX version: 6.16.0
2026-01-15 13:59:39,503 [ERROR] AppliInfo:139 - Unknown STM32CubeMX version: 6.16.0
2026-01-15 13:59:39,503 [ERROR] AppliInfo:139 - Unknown STM32CubeMX version: 6.16.0
2026-01-15 13:59:39,503 [ERROR] AppliInfo:139 - Unknown STM32CubeMX version: 6.16.0
2026-01-15 13:59:39,503 [ERROR] AppliInfo:139 - Unknown STM32CubeMX version: 6.16.0
2026-01-15 13:59:39,504 [ERROR] AppliInfo:139 - Unknown STM32CubeMX version: 6.14.0
2026-01-15 13:59:39,504 [ERROR] AppliInfo:139 - Unknown STM32CubeMX version: 6.14.0
2026-01-15 13:59:39,504 [ERROR] AppliInfo:139 - Unknown STM32CubeMX version: 6.14.0
2026-01-15 13:59:39,504 [ERROR] AppliInfo:139 - Unknown STM32CubeMX version: 6.14.0
2026-01-15 13:59:39,504 [ERROR] AppliInfo:139 - Unknown STM32CubeMX version: 6.16.0
2026-01-15 13:59:39,504 [ERROR] AppliInfo:139 - Unknown STM32CubeMX version: 6.16.0
2026-01-15 13:59:39,504 [ERROR] AppliInfo:139 - Unknown STM32CubeMX version: 6.16.0
2026-01-15 13:59:39,504 [ERROR] AppliInfo:139 - Unknown STM32CubeMX version: 6.16.0
2026-01-15 13:59:39,505 [ERROR] AppliInfo:139 - Unknown STM32CubeMX version: 6.16.0
2026-01-15 13:59:39,505 [ERROR] AppliInfo:139 - Unknown STM32CubeMX version: 6.16.0
2026-01-15 13:59:39,505 [ERROR] AppliInfo:139 - Unknown STM32CubeMX version: 6.16.0
2026-01-15 13:59:39,505 [ERROR] AppliInfo:139 - Unknown STM32CubeMX version: 6.16.0
2026-01-15 13:59:39,505 [ERROR] AppliInfo:139 - Unknown STM32CubeMX version: 6.14.0
2026-01-15 13:59:39,505 [ERROR] AppliInfo:139 - Unknown STM32CubeMX version: 6.14.0
2026-01-15 13:59:39,506 [ERROR] AppliInfo:139 - Unknown STM32CubeMX version: 6.14.0
2026-01-15 13:59:39,506 [ERROR] AppliInfo:139 - Unknown STM32CubeMX version: 6.14.0
2026-01-15 13:59:39,506 [ERROR] AppliInfo:139 - Unknown STM32CubeMX version: 6.16.0
2026-01-15 13:59:39,506 [ERROR] AppliInfo:139 - Unknown STM32CubeMX version: 6.16.0
2026-01-15 13:59:39,507 [ERROR] AppliInfo:139 - Unknown STM32CubeMX version: 6.16.0
2026-01-15 13:59:39,507 [ERROR] AppliInfo:139 - Unknown STM32CubeMX version: 6.16.0
2026-01-15 13:59:39,512 [ERROR] AppliInfo:139 - Unknown STM32CubeMX version: 6.16.0
2026-01-15 13:59:39,512 [ERROR] AppliInfo:139 - Unknown STM32CubeMX version: 6.16.0
2026-01-15 13:59:39,513 [ERROR] AppliInfo:139 - Unknown STM32CubeMX version: 6.16.0
2026-01-15 13:59:39,513 [ERROR] AppliInfo:139 - Unknown STM32CubeMX version: 6.16.0
2026-01-15 13:59:39,513 [ERROR] AppliInfo:139 - Unknown STM32CubeMX version: 6.16.0
2026-01-15 13:59:39,513 [ERROR] AppliInfo:139 - Unknown STM32CubeMX version: 6.16.0
2026-01-15 13:59:39,514 [ERROR] AppliInfo:139 - Unknown STM32CubeMX version: 6.16.0
2026-01-15 13:59:39,514 [ERROR] AppliInfo:139 - Unknown STM32CubeMX version: 6.16.0
2026-01-15 13:59:39,514 [ERROR] AppliInfo:139 - Unknown STM32CubeMX version: 6.16.0
2026-01-15 13:59:39,514 [ERROR] AppliInfo:139 - Unknown STM32CubeMX version: 6.16.0
2026-01-15 13:59:39,515 [ERROR] AppliInfo:139 - Unknown STM32CubeMX version: 6.16.0
2026-01-15 13:59:39,515 [ERROR] AppliInfo:139 - Unknown STM32CubeMX version: 6.16.0
2026-01-15 13:59:39,515 [ERROR] AppliInfo:139 - Unknown STM32CubeMX version: 6.16.0
2026-01-15 13:59:39,515 [ERROR] AppliInfo:139 - Unknown STM32CubeMX version: 6.16.0
2026-01-15 13:59:39,515 [ERROR] AppliInfo:139 - Unknown STM32CubeMX version: 6.16.0
2026-01-15 13:59:39,515 [ERROR] AppliInfo:139 - Unknown STM32CubeMX version: 6.16.0
2026-01-15 13:59:39,515 [ERROR] AppliInfo:139 - Unknown STM32CubeMX version: 6.16.0
2026-01-15 13:59:39,516 [ERROR] AppliInfo:139 - Unknown STM32CubeMX version: 6.16.0
2026-01-15 13:59:39,516 [ERROR] AppliInfo:139 - Unknown STM32CubeMX version: 6.16.0
2026-01-15 13:59:39,516 [ERROR] AppliInfo:139 - Unknown STM32CubeMX version: 6.16.0
2026-01-15 13:59:39,517 [ERROR] AppliInfo:139 - Unknown STM32CubeMX version: 6.15.0
2026-01-15 13:59:39,517 [ERROR] AppliInfo:139 - Unknown STM32CubeMX version: 6.16.0
2026-01-15 13:59:39,517 [ERROR] AppliInfo:139 - Unknown STM32CubeMX version: 6.16.0
2026-01-15 13:59:39,517 [ERROR] AppliInfo:139 - Unknown STM32CubeMX version: 6.16.0
2026-01-15 13:59:39,517 [ERROR] AppliInfo:139 - Unknown STM32CubeMX version: 6.16.0
2026-01-15 13:59:39,517 [ERROR] AppliInfo:139 - Unknown STM32CubeMX version: 6.16.0
2026-01-15 13:59:39,517 [ERROR] AppliInfo:139 - Unknown STM32CubeMX version: 6.16.0
2026-01-15 13:59:39,517 [ERROR] AppliInfo:139 - Unknown STM32CubeMX version: 6.16.0
2026-01-15 13:59:39,517 [ERROR] AppliInfo:139 - Unknown STM32CubeMX version: 6.16.0
2026-01-15 13:59:39,518 [ERROR] AppliInfo:139 - Unknown STM32CubeMX version: 6.16.0
2026-01-15 13:59:39,518 [ERROR] AppliInfo:139 - Unknown STM32CubeMX version: 6.15.0
2026-01-15 13:59:39,518 [ERROR] AppliInfo:139 - Unknown STM32CubeMX version: 6.16.0
2026-01-15 13:59:39,518 [ERROR] AppliInfo:139 - Unknown STM32CubeMX version: 6.16.0
2026-01-15 13:59:39,518 [ERROR] AppliInfo:139 - Unknown STM32CubeMX version: 6.15.0
2026-01-15 13:59:39,518 [ERROR] AppliInfo:139 - Unknown STM32CubeMX version: 6.16.0
2026-01-15 13:59:39,518 [ERROR] AppliInfo:139 - Unknown STM32CubeMX version: 6.16.0
2026-01-15 13:59:39,518 [ERROR] AppliInfo:139 - Unknown STM32CubeMX version: 6.15.0
2026-01-15 13:59:39,518 [ERROR] AppliInfo:139 - Unknown STM32CubeMX version: 6.15.0
2026-01-15 13:59:39,518 [ERROR] AppliInfo:139 - Unknown STM32CubeMX version: 6.16.0
2026-01-15 13:59:39,518 [ERROR] AppliInfo:139 - Unknown STM32CubeMX version: 6.16.0
2026-01-15 13:59:39,519 [ERROR] AppliInfo:139 - Unknown STM32CubeMX version: 6.16.0
2026-01-15 13:59:39,519 [ERROR] AppliInfo:139 - Unknown STM32CubeMX version: 6.16.0
2026-01-15 13:59:39,519 [ERROR] AppliInfo:139 - Unknown STM32CubeMX version: 6.16.0
2026-01-15 13:59:39,519 [ERROR] AppliInfo:139 - Unknown STM32CubeMX version: 6.16.0
2026-01-15 13:59:39,519 [ERROR] AppliInfo:139 - Unknown STM32CubeMX version: 6.14.0
2026-01-15 13:59:39,519 [ERROR] AppliInfo:139 - Unknown STM32CubeMX version: 6.14.0
2026-01-15 13:59:39,519 [ERROR] AppliInfo:139 - Unknown STM32CubeMX version: 6.14.0
2026-01-15 13:59:39,519 [ERROR] AppliInfo:139 - Unknown STM32CubeMX version: 6.14.0
2026-01-15 13:59:39,519 [ERROR] AppliInfo:139 - Unknown STM32CubeMX version: 6.14.0
2026-01-15 13:59:39,520 [ERROR] AppliInfo:139 - Unknown STM32CubeMX version: 6.14.0
2026-01-15 13:59:39,520 [ERROR] AppliInfo:139 - Unknown STM32CubeMX version: 6.14.0
2026-01-15 13:59:39,520 [ERROR] AppliInfo:139 - Unknown STM32CubeMX version: 6.14.0
2026-01-15 13:59:39,520 [ERROR] AppliInfo:139 - Unknown STM32CubeMX version: 6.14.0
2026-01-15 13:59:39,520 [ERROR] AppliInfo:139 - Unknown STM32CubeMX version: 6.14.0
2026-01-15 13:59:39,520 [ERROR] AppliInfo:139 - Unknown STM32CubeMX version: 6.14.0
2026-01-15 13:59:39,520 [ERROR] AppliInfo:139 - Unknown STM32CubeMX version: 6.14.0
2026-01-15 13:59:39,520 [ERROR] AppliInfo:139 - Unknown STM32CubeMX version: 6.14.0
2026-01-15 13:59:39,520 [ERROR] AppliInfo:139 - Unknown STM32CubeMX version: 6.14.0
2026-01-15 13:59:39,520 [ERROR] AppliInfo:139 - Unknown STM32CubeMX version: 6.14.0
2026-01-15 13:59:39,520 [ERROR] AppliInfo:139 - Unknown STM32CubeMX version: 6.14.0
2026-01-15 13:59:39,520 [ERROR] AppliInfo:139 - Unknown STM32CubeMX version: 6.14.0
2026-01-15 13:59:39,521 [ERROR] AppliInfo:139 - Unknown STM32CubeMX version: 6.14.0
2026-01-15 13:59:39,521 [ERROR] AppliInfo:139 - Unknown STM32CubeMX version: 6.14.0
2026-01-15 13:59:39,521 [ERROR] AppliInfo:139 - Unknown STM32CubeMX version: 6.14.0
2026-01-15 13:59:39,521 [ERROR] AppliInfo:139 - Unknown STM32CubeMX version: 6.14.0
2026-01-15 13:59:39,521 [ERROR] AppliInfo:139 - Unknown STM32CubeMX version: 6.14.0
2026-01-15 13:59:39,521 [ERROR] AppliInfo:139 - Unknown STM32CubeMX version: 6.14.0
2026-01-15 13:59:39,521 [ERROR] AppliInfo:139 - Unknown STM32CubeMX version: 6.14.0
2026-01-15 13:59:39,521 [ERROR] AppliInfo:139 - Unknown STM32CubeMX version: 6.14.0
2026-01-15 13:59:39,521 [ERROR] AppliInfo:139 - Unknown STM32CubeMX version: 6.14.0
2026-01-15 13:59:39,521 [ERROR] AppliInfo:139 - Unknown STM32CubeMX version: 6.14.0
2026-01-15 13:59:39,521 [ERROR] AppliInfo:139 - Unknown STM32CubeMX version: 6.14.0
2026-01-15 13:59:39,522 [ERROR] AppliInfo:139 - Unknown STM32CubeMX version: 6.14.0
2026-01-15 13:59:39,522 [ERROR] AppliInfo:139 - Unknown STM32CubeMX version: 6.14.0
2026-01-15 13:59:39,522 [ERROR] AppliInfo:139 - Unknown STM32CubeMX version: 6.14.0
2026-01-15 13:59:39,522 [ERROR] AppliInfo:139 - Unknown STM32CubeMX version: 6.14.0
2026-01-15 13:59:39,522 [ERROR] AppliInfo:139 - Unknown STM32CubeMX version: 6.14.0
2026-01-15 13:59:39,522 [ERROR] AppliInfo:139 - Unknown STM32CubeMX version: 6.14.0
2026-01-15 13:59:39,522 [ERROR] AppliInfo:139 - Unknown STM32CubeMX version: 6.14.0
2026-01-15 13:59:39,522 [ERROR] AppliInfo:139 - Unknown STM32CubeMX version: 6.14.0
2026-01-15 13:59:39,522 [ERROR] AppliInfo:139 - Unknown STM32CubeMX version: 6.14.0
2026-01-15 13:59:39,522 [ERROR] AppliInfo:139 - Unknown STM32CubeMX version: 6.14.0
2026-01-15 13:59:39,523 [ERROR] AppliInfo:139 - Unknown STM32CubeMX version: 6.14.0
2026-01-15 13:59:39,523 [ERROR] AppliInfo:139 - Unknown STM32CubeMX version: 6.14.0
2026-01-15 13:59:39,523 [ERROR] AppliInfo:139 - Unknown STM32CubeMX version: 6.14.0
2026-01-15 13:59:39,523 [ERROR] AppliInfo:139 - Unknown STM32CubeMX version: 6.14.0
2026-01-15 13:59:39,523 [ERROR] AppliInfo:139 - Unknown STM32CubeMX version: 6.14.0
2026-01-15 13:59:39,523 [ERROR] AppliInfo:139 - Unknown STM32CubeMX version: 6.14.0
2026-01-15 13:59:39,523 [ERROR] AppliInfo:139 - Unknown STM32CubeMX version: 6.14.0
2026-01-15 13:59:39,523 [ERROR] AppliInfo:139 - Unknown STM32CubeMX version: 6.14.0
2026-01-15 13:59:39,523 [ERROR] AppliInfo:139 - Unknown STM32CubeMX version: 6.14.0
2026-01-15 13:59:39,523 [ERROR] AppliInfo:139 - Unknown STM32CubeMX version: 6.14.0
2026-01-15 13:59:39,523 [ERROR] AppliInfo:139 - Unknown STM32CubeMX version: 6.14.0
2026-01-15 13:59:39,524 [ERROR] AppliInfo:139 - Unknown STM32CubeMX version: 6.14.0
2026-01-15 13:59:39,524 [ERROR] AppliInfo:139 - Unknown STM32CubeMX version: 6.14.0
2026-01-15 13:59:39,524 [ERROR] AppliInfo:139 - Unknown STM32CubeMX version: 6.14.0
2026-01-15 13:59:39,524 [ERROR] AppliInfo:139 - Unknown STM32CubeMX version: 6.14.0
2026-01-15 13:59:39,524 [ERROR] AppliInfo:139 - Unknown STM32CubeMX version: 6.14.0
2026-01-15 13:59:39,524 [ERROR] AppliInfo:139 - Unknown STM32CubeMX version: 6.14.0
2026-01-15 13:59:39,524 [ERROR] AppliInfo:139 - Unknown STM32CubeMX version: 6.14.0
2026-01-15 13:59:39,524 [ERROR] AppliInfo:139 - Unknown STM32CubeMX version: 6.14.0
2026-01-15 13:59:39,524 [ERROR] AppliInfo:139 - Unknown STM32CubeMX version: 6.14.0
2026-01-15 13:59:39,524 [ERROR] AppliInfo:139 - Unknown STM32CubeMX version: 6.14.0
2026-01-15 13:59:39,524 [ERROR] AppliInfo:139 - Unknown STM32CubeMX version: 6.14.0
2026-01-15 13:59:39,524 [ERROR] AppliInfo:139 - Unknown STM32CubeMX version: 6.14.0
2026-01-15 13:59:39,525 [ERROR] AppliInfo:139 - Unknown STM32CubeMX version: 6.14.0
2026-01-15 13:59:39,525 [ERROR] AppliInfo:139 - Unknown STM32CubeMX version: 6.16.0
2026-01-15 13:59:39,525 [ERROR] AppliInfo:139 - Unknown STM32CubeMX version: 6.14.0
2026-01-15 13:59:39,525 [ERROR] AppliInfo:139 - Unknown STM32CubeMX version: 6.14.0
2026-01-15 13:59:39,525 [ERROR] AppliInfo:139 - Unknown STM32CubeMX version: 6.14.0
2026-01-15 13:59:39,525 [ERROR] AppliInfo:139 - Unknown STM32CubeMX version: 6.14.0
2026-01-15 13:59:39,525 [ERROR] AppliInfo:139 - Unknown STM32CubeMX version: 6.14.0
2026-01-15 13:59:39,525 [ERROR] AppliInfo:139 - Unknown STM32CubeMX version: 6.14.0
2026-01-15 13:59:39,525 [ERROR] AppliInfo:139 - Unknown STM32CubeMX version: 6.14.0
2026-01-15 13:59:39,525 [ERROR] AppliInfo:139 - Unknown STM32CubeMX version: 6.14.0
2026-01-15 13:59:39,525 [ERROR] AppliInfo:139 - Unknown STM32CubeMX version: 6.14.0
2026-01-15 13:59:39,525 [ERROR] AppliInfo:139 - Unknown STM32CubeMX version: 6.14.0
2026-01-15 13:59:39,526 [ERROR] AppliInfo:139 - Unknown STM32CubeMX version: 6.14.0
2026-01-15 13:59:39,526 [ERROR] AppliInfo:139 - Unknown STM32CubeMX version: 6.16.0
2026-01-15 13:59:39,526 [ERROR] AppliInfo:139 - Unknown STM32CubeMX version: 6.14.0
2026-01-15 13:59:39,526 [ERROR] AppliInfo:139 - Unknown STM32CubeMX version: 6.14.0
2026-01-15 13:59:39,526 [ERROR] AppliInfo:139 - Unknown STM32CubeMX version: 6.14.0
2026-01-15 13:59:39,526 [ERROR] AppliInfo:139 - Unknown STM32CubeMX version: 6.14.0
2026-01-15 13:59:39,526 [ERROR] AppliInfo:139 - Unknown STM32CubeMX version: 6.14.0
2026-01-15 13:59:39,526 [ERROR] AppliInfo:139 - Unknown STM32CubeMX version: 6.14.0
2026-01-15 13:59:39,526 [ERROR] AppliInfo:139 - Unknown STM32CubeMX version: 6.14.0
2026-01-15 13:59:39,527 [ERROR] AppliInfo:139 - Unknown STM32CubeMX version: 6.14.0
2026-01-15 13:59:39,527 [ERROR] AppliInfo:139 - Unknown STM32CubeMX version: 6.14.0
2026-01-15 13:59:39,527 [ERROR] AppliInfo:139 - Unknown STM32CubeMX version: 6.14.0
2026-01-15 13:59:39,527 [ERROR] AppliInfo:139 - Unknown STM32CubeMX version: 6.14.0
2026-01-15 13:59:39,527 [ERROR] AppliInfo:139 - Unknown STM32CubeMX version: 6.14.0
2026-01-15 13:59:39,527 [ERROR] AppliInfo:139 - Unknown STM32CubeMX version: 6.14.0
2026-01-15 13:59:39,527 [ERROR] AppliInfo:139 - Unknown STM32CubeMX version: 6.14.0
2026-01-15 13:59:39,527 [ERROR] AppliInfo:139 - Unknown STM32CubeMX version: 6.14.0
2026-01-15 13:59:39,527 [ERROR] AppliInfo:139 - Unknown STM32CubeMX version: 6.14.0
2026-01-15 13:59:39,527 [ERROR] AppliInfo:139 - Unknown STM32CubeMX version: 6.14.0
2026-01-15 13:59:39,527 [ERROR] AppliInfo:139 - Unknown STM32CubeMX version: 6.14.0
2026-01-15 13:59:39,528 [ERROR] AppliInfo:139 - Unknown STM32CubeMX version: 6.14.0
2026-01-15 13:59:39,528 [ERROR] AppliInfo:139 - Unknown STM32CubeMX version: 6.14.0
2026-01-15 13:59:39,528 [ERROR] AppliInfo:139 - Unknown STM32CubeMX version: 6.14.0
2026-01-15 13:59:39,528 [ERROR] AppliInfo:139 - Unknown STM32CubeMX version: 6.14.0
2026-01-15 13:59:39,528 [ERROR] AppliInfo:139 - Unknown STM32CubeMX version: 6.14.0
2026-01-15 13:59:39,528 [ERROR] AppliInfo:139 - Unknown STM32CubeMX version: 6.14.0
2026-01-15 13:59:39,528 [ERROR] AppliInfo:139 - Unknown STM32CubeMX version: 6.14.0
2026-01-15 13:59:39,528 [ERROR] AppliInfo:139 - Unknown STM32CubeMX version: 6.14.0
2026-01-15 13:59:39,529 [ERROR] AppliInfo:139 - Unknown STM32CubeMX version: 6.14.0
2026-01-15 13:59:39,529 [ERROR] AppliInfo:139 - Unknown STM32CubeMX version: 6.14.0
2026-01-15 13:59:39,529 [ERROR] AppliInfo:139 - Unknown STM32CubeMX version: 6.14.0
2026-01-15 13:59:39,529 [ERROR] AppliInfo:139 - Unknown STM32CubeMX version: 6.14.0
2026-01-15 13:59:39,529 [ERROR] AppliInfo:139 - Unknown STM32CubeMX version: 6.14.0
2026-01-15 13:59:39,529 [ERROR] AppliInfo:139 - Unknown STM32CubeMX version: 6.14.0
2026-01-15 13:59:39,529 [ERROR] AppliInfo:139 - Unknown STM32CubeMX version: 6.14.0
2026-01-15 13:59:39,529 [ERROR] AppliInfo:139 - Unknown STM32CubeMX version: 6.14.0
2026-01-15 13:59:39,529 [ERROR] AppliInfo:139 - Unknown STM32CubeMX version: 6.14.0
2026-01-15 13:59:39,530 [ERROR] AppliInfo:139 - Unknown STM32CubeMX version: 6.14.0
2026-01-15 13:59:39,530 [ERROR] AppliInfo:139 - Unknown STM32CubeMX version: 6.14.0
2026-01-15 13:59:39,530 [ERROR] AppliInfo:139 - Unknown STM32CubeMX version: 6.14.0
2026-01-15 13:59:39,530 [ERROR] AppliInfo:139 - Unknown STM32CubeMX version: 6.14.0
2026-01-15 13:59:39,530 [ERROR] AppliInfo:139 - Unknown STM32CubeMX version: 6.14.0
2026-01-15 13:59:39,530 [ERROR] AppliInfo:139 - Unknown STM32CubeMX version: 6.14.0
2026-01-15 13:59:39,530 [ERROR] AppliInfo:139 - Unknown STM32CubeMX version: 6.14.0
2026-01-15 13:59:39,530 [ERROR] AppliInfo:139 - Unknown STM32CubeMX version: 6.14.0
2026-01-15 13:59:39,530 [ERROR] AppliInfo:139 - Unknown STM32CubeMX version: 6.14.0
2026-01-15 13:59:39,530 [ERROR] AppliInfo:139 - Unknown STM32CubeMX version: 6.14.0
2026-01-15 13:59:39,531 [ERROR] AppliInfo:139 - Unknown STM32CubeMX version: 6.14.0
2026-01-15 13:59:39,531 [ERROR] AppliInfo:139 - Unknown STM32CubeMX version: 6.14.0
2026-01-15 13:59:39,531 [ERROR] AppliInfo:139 - Unknown STM32CubeMX version: 6.14.0
2026-01-15 13:59:39,531 [ERROR] AppliInfo:139 - Unknown STM32CubeMX version: 6.14.0
2026-01-15 13:59:39,531 [ERROR] AppliInfo:139 - Unknown STM32CubeMX version: 6.14.0
2026-01-15 13:59:39,531 [ERROR] AppliInfo:139 - Unknown STM32CubeMX version: 6.14.0
2026-01-15 13:59:39,531 [ERROR] AppliInfo:139 - Unknown STM32CubeMX version: 6.14.0
2026-01-15 13:59:39,531 [ERROR] AppliInfo:139 - Unknown STM32CubeMX version: 6.14.0
2026-01-15 13:59:39,531 [ERROR] AppliInfo:139 - Unknown STM32CubeMX version: 6.14.0
2026-01-15 13:59:39,531 [ERROR] AppliInfo:139 - Unknown STM32CubeMX version: 6.14.0
2026-01-15 13:59:39,532 [ERROR] AppliInfo:139 - Unknown STM32CubeMX version: 6.14.0
2026-01-15 13:59:39,532 [ERROR] AppliInfo:139 - Unknown STM32CubeMX version: 6.14.0
2026-01-15 13:59:39,532 [ERROR] AppliInfo:139 - Unknown STM32CubeMX version: 6.14.0
2026-01-15 13:59:39,532 [ERROR] AppliInfo:139 - Unknown STM32CubeMX version: 6.14.0
2026-01-15 13:59:39,532 [ERROR] AppliInfo:139 - Unknown STM32CubeMX version: 6.14.0
2026-01-15 13:59:39,532 [ERROR] AppliInfo:139 - Unknown STM32CubeMX version: 6.14.0
2026-01-15 13:59:39,532 [ERROR] AppliInfo:139 - Unknown STM32CubeMX version: 6.14.0
2026-01-15 13:59:39,532 [ERROR] AppliInfo:139 - Unknown STM32CubeMX version: 6.14.0
2026-01-15 13:59:39,532 [ERROR] AppliInfo:139 - Unknown STM32CubeMX version: 6.14.0
2026-01-15 13:59:39,532 [ERROR] AppliInfo:139 - Unknown STM32CubeMX version: 6.14.0
2026-01-15 13:59:39,532 [ERROR] AppliInfo:139 - Unknown STM32CubeMX version: 6.14.0
2026-01-15 13:59:39,533 [ERROR] AppliInfo:139 - Unknown STM32CubeMX version: 6.14.0
2026-01-15 13:59:39,533 [ERROR] AppliInfo:139 - Unknown STM32CubeMX version: 6.14.0
2026-01-15 13:59:39,533 [ERROR] AppliInfo:139 - Unknown STM32CubeMX version: 6.14.0
2026-01-15 13:59:39,533 [ERROR] AppliInfo:139 - Unknown STM32CubeMX version: 6.14.0
2026-01-15 13:59:39,533 [ERROR] AppliInfo:139 - Unknown STM32CubeMX version: 6.14.0
2026-01-15 13:59:39,533 [ERROR] AppliInfo:139 - Unknown STM32CubeMX version: 6.14.0
2026-01-15 13:59:39,533 [ERROR] AppliInfo:139 - Unknown STM32CubeMX version: 6.14.0
2026-01-15 13:59:39,533 [ERROR] AppliInfo:139 - Unknown STM32CubeMX version: 6.14.0
2026-01-15 13:59:39,533 [ERROR] AppliInfo:139 - Unknown STM32CubeMX version: 6.14.0
2026-01-15 13:59:39,533 [ERROR] AppliInfo:139 - Unknown STM32CubeMX version: 6.14.0
2026-01-15 13:59:39,534 [ERROR] AppliInfo:139 - Unknown STM32CubeMX version: 6.14.0
2026-01-15 13:59:39,534 [ERROR] AppliInfo:139 - Unknown STM32CubeMX version: 6.14.0
2026-01-15 13:59:39,534 [ERROR] AppliInfo:139 - Unknown STM32CubeMX version: 6.14.0
2026-01-15 13:59:39,534 [ERROR] AppliInfo:139 - Unknown STM32CubeMX version: 6.14.0
2026-01-15 13:59:39,534 [ERROR] AppliInfo:139 - Unknown STM32CubeMX version: 6.14.0
2026-01-15 13:59:39,534 [ERROR] AppliInfo:139 - Unknown STM32CubeMX version: 6.14.0
2026-01-15 13:59:39,534 [ERROR] AppliInfo:139 - Unknown STM32CubeMX version: 6.14.0
2026-01-15 13:59:39,535 [ERROR] AppliInfo:139 - Unknown STM32CubeMX version: 6.14.0
2026-01-15 13:59:39,535 [ERROR] AppliInfo:139 - Unknown STM32CubeMX version: 6.14.0
2026-01-15 13:59:39,535 [ERROR] AppliInfo:139 - Unknown STM32CubeMX version: 6.14.0
2026-01-15 13:59:39,535 [ERROR] AppliInfo:139 - Unknown STM32CubeMX version: 6.14.0
2026-01-15 13:59:39,535 [ERROR] AppliInfo:139 - Unknown STM32CubeMX version: 6.14.0
2026-01-15 13:59:39,535 [ERROR] AppliInfo:139 - Unknown STM32CubeMX version: 6.14.0
2026-01-15 13:59:39,535 [ERROR] AppliInfo:139 - Unknown STM32CubeMX version: 6.14.0
2026-01-15 13:59:39,535 [ERROR] AppliInfo:139 - Unknown STM32CubeMX version: 6.14.0
2026-01-15 13:59:39,535 [ERROR] AppliInfo:139 - Unknown STM32CubeMX version: 6.14.0
2026-01-15 13:59:39,536 [ERROR] AppliInfo:139 - Unknown STM32CubeMX version: 6.14.0
2026-01-15 13:59:39,536 [ERROR] AppliInfo:139 - Unknown STM32CubeMX version: 6.14.0
2026-01-15 13:59:39,536 [ERROR] AppliInfo:139 - Unknown STM32CubeMX version: 6.14.0
2026-01-15 13:59:39,536 [ERROR] AppliInfo:139 - Unknown STM32CubeMX version: 6.16.0
2026-01-15 13:59:39,536 [ERROR] AppliInfo:139 - Unknown STM32CubeMX version: 6.16.0
2026-01-15 13:59:39,536 [ERROR] AppliInfo:139 - Unknown STM32CubeMX version: 6.16.0
2026-01-15 13:59:39,536 [ERROR] AppliInfo:139 - Unknown STM32CubeMX version: 6.16.0
2026-01-15 13:59:39,536 [ERROR] AppliInfo:139 - Unknown STM32CubeMX version: 6.14.0
2026-01-15 13:59:39,536 [ERROR] AppliInfo:139 - Unknown STM32CubeMX version: 6.14.0
2026-01-15 13:59:39,536 [ERROR] AppliInfo:139 - Unknown STM32CubeMX version: 6.14.0
2026-01-15 13:59:39,537 [ERROR] AppliInfo:139 - Unknown STM32CubeMX version: 6.16.0
2026-01-15 13:59:39,537 [ERROR] AppliInfo:139 - Unknown STM32CubeMX version: 6.16.0
2026-01-15 13:59:39,537 [ERROR] AppliInfo:139 - Unknown STM32CubeMX version: 6.16.0
2026-01-15 13:59:39,537 [ERROR] AppliInfo:139 - Unknown STM32CubeMX version: 6.16.0
2026-01-15 13:59:39,537 [ERROR] AppliInfo:139 - Unknown STM32CubeMX version: 6.16.0
2026-01-15 13:59:39,537 [ERROR] AppliInfo:139 - Unknown STM32CubeMX version: 6.14.0
2026-01-15 13:59:39,537 [ERROR] AppliInfo:139 - Unknown STM32CubeMX version: 6.14.0
2026-01-15 13:59:39,537 [ERROR] AppliInfo:139 - Unknown STM32CubeMX version: 6.14.0
2026-01-15 13:59:39,537 [ERROR] AppliInfo:139 - Unknown STM32CubeMX version: 6.14.0
2026-01-15 13:59:39,537 [ERROR] AppliInfo:139 - Unknown STM32CubeMX version: 6.16.0
2026-01-15 13:59:39,538 [ERROR] AppliInfo:139 - Unknown STM32CubeMX version: 6.14.0
2026-01-15 13:59:39,538 [ERROR] AppliInfo:139 - Unknown STM32CubeMX version: 6.15.0
2026-01-15 13:59:39,538 [ERROR] AppliInfo:139 - Unknown STM32CubeMX version: 6.14.0
2026-01-15 13:59:39,538 [ERROR] AppliInfo:139 - Unknown STM32CubeMX version: 6.14.0
2026-01-15 13:59:39,538 [ERROR] AppliInfo:139 - Unknown STM32CubeMX version: 6.14.0
2026-01-15 13:59:39,538 [ERROR] AppliInfo:139 - Unknown STM32CubeMX version: 6.14.0
2026-01-15 13:59:39,538 [ERROR] AppliInfo:139 - Unknown STM32CubeMX version: 6.14.0
2026-01-15 13:59:39,538 [ERROR] AppliInfo:139 - Unknown STM32CubeMX version: 6.15.0
2026-01-15 13:59:39,538 [ERROR] AppliInfo:139 - Unknown STM32CubeMX version: 6.15.0
2026-01-15 13:59:39,538 [ERROR] AppliInfo:139 - Unknown STM32CubeMX version: 6.15.0
2026-01-15 13:59:39,539 [ERROR] AppliInfo:139 - Unknown STM32CubeMX version: 6.15.0
2026-01-15 13:59:39,539 [ERROR] AppliInfo:139 - Unknown STM32CubeMX version: 6.16.0
2026-01-15 13:59:39,539 [ERROR] AppliInfo:139 - Unknown STM32CubeMX version: 6.16.0
2026-01-15 13:59:39,539 [ERROR] AppliInfo:139 - Unknown STM32CubeMX version: 6.16.0
2026-01-15 13:59:39,539 [ERROR] AppliInfo:139 - Unknown STM32CubeMX version: 6.16.0
2026-01-15 13:59:39,539 [ERROR] AppliInfo:139 - Unknown STM32CubeMX version: 6.16.0
2026-01-15 13:59:39,539 [ERROR] AppliInfo:139 - Unknown STM32CubeMX version: 6.16.0
2026-01-15 13:59:39,539 [ERROR] AppliInfo:139 - Unknown STM32CubeMX version: 6.16.0
2026-01-15 13:59:39,539 [ERROR] AppliInfo:139 - Unknown STM32CubeMX version: 6.16.0
2026-01-15 13:59:39,540 [ERROR] AppliInfo:139 - Unknown STM32CubeMX version: 6.16.0
2026-01-15 13:59:39,540 [ERROR] AppliInfo:139 - Unknown STM32CubeMX version: 6.16.0
2026-01-15 13:59:39,540 [ERROR] AppliInfo:139 - Unknown STM32CubeMX version: 6.16.0
2026-01-15 13:59:39,540 [ERROR] AppliInfo:139 - Unknown STM32CubeMX version: 6.16.0
2026-01-15 13:59:39,540 [ERROR] AppliInfo:139 - Unknown STM32CubeMX version: 6.16.0
2026-01-15 13:59:39,540 [ERROR] AppliInfo:139 - Unknown STM32CubeMX version: 6.16.0
2026-01-15 13:59:39,540 [ERROR] AppliInfo:139 - Unknown STM32CubeMX version: 6.16.0
2026-01-15 13:59:39,540 [ERROR] AppliInfo:139 - Unknown STM32CubeMX version: 6.16.0
2026-01-15 13:59:39,540 [ERROR] AppliInfo:139 - Unknown STM32CubeMX version: 6.16.0
2026-01-15 13:59:39,540 [ERROR] AppliInfo:139 - Unknown STM32CubeMX version: 6.16.0
2026-01-15 13:59:39,540 [ERROR] AppliInfo:139 - Unknown STM32CubeMX version: 6.16.0
2026-01-15 13:59:39,541 [ERROR] AppliInfo:139 - Unknown STM32CubeMX version: 6.16.0
2026-01-15 13:59:39,541 [ERROR] AppliInfo:139 - Unknown STM32CubeMX version: 6.16.0
2026-01-15 13:59:39,541 [ERROR] AppliInfo:139 - Unknown STM32CubeMX version: 6.16.0
2026-01-15 13:59:39,541 [ERROR] AppliInfo:139 - Unknown STM32CubeMX version: 6.16.0
2026-01-15 13:59:39,541 [ERROR] AppliInfo:139 - Unknown STM32CubeMX version: 6.16.0
2026-01-15 13:59:39,541 [ERROR] AppliInfo:139 - Unknown STM32CubeMX version: 6.16.0
2026-01-15 13:59:39,541 [ERROR] AppliInfo:139 - Unknown STM32CubeMX version: 6.16.0
2026-01-15 13:59:39,541 [ERROR] AppliInfo:139 - Unknown STM32CubeMX version: 6.16.0
2026-01-15 13:59:39,541 [ERROR] AppliInfo:139 - Unknown STM32CubeMX version: 6.16.0
2026-01-15 13:59:39,541 [ERROR] AppliInfo:139 - Unknown STM32CubeMX version: 6.16.0
2026-01-15 13:59:39,541 [ERROR] AppliInfo:139 - Unknown STM32CubeMX version: 6.14.0
2026-01-15 13:59:39,542 [ERROR] AppliInfo:139 - Unknown STM32CubeMX version: 6.14.0
2026-01-15 13:59:39,542 [ERROR] AppliInfo:139 - Unknown STM32CubeMX version: 6.14.0
2026-01-15 13:59:39,542 [ERROR] AppliInfo:139 - Unknown STM32CubeMX version: 6.16.0
2026-01-15 13:59:39,542 [ERROR] AppliInfo:139 - Unknown STM32CubeMX version: 6.14.0
2026-01-15 13:59:39,542 [ERROR] AppliInfo:139 - Unknown STM32CubeMX version: 6.14.0
2026-01-15 13:59:39,542 [ERROR] AppliInfo:139 - Unknown STM32CubeMX version: 6.14.0
2026-01-15 13:59:39,542 [ERROR] AppliInfo:139 - Unknown STM32CubeMX version: 6.15.0
2026-01-15 13:59:39,542 [ERROR] AppliInfo:139 - Unknown STM32CubeMX version: 6.15.0
2026-01-15 13:59:39,543 [ERROR] AppliInfo:139 - Unknown STM32CubeMX version: 6.15.0
2026-01-15 13:59:39,543 [ERROR] AppliInfo:139 - Unknown STM32CubeMX version: 6.15.0
2026-01-15 13:59:39,543 [ERROR] AppliInfo:139 - Unknown STM32CubeMX version: 6.14.0
2026-01-15 13:59:39,543 [ERROR] AppliInfo:139 - Unknown STM32CubeMX version: 6.16.0
2026-01-15 13:59:39,543 [ERROR] AppliInfo:139 - Unknown STM32CubeMX version: 6.16.0
2026-01-15 13:59:39,543 [ERROR] AppliInfo:139 - Unknown STM32CubeMX version: 6.16.0
2026-01-15 13:59:39,543 [ERROR] AppliInfo:139 - Unknown STM32CubeMX version: 6.16.0
2026-01-15 13:59:39,543 [ERROR] AppliInfo:139 - Unknown STM32CubeMX version: 6.16.0
2026-01-15 13:59:39,544 [ERROR] AppliInfo:139 - Unknown STM32CubeMX version: 6.16.0
2026-01-15 13:59:39,544 [ERROR] AppliInfo:139 - Unknown STM32CubeMX version: 6.16.0
2026-01-15 13:59:39,544 [ERROR] AppliInfo:139 - Unknown STM32CubeMX version: 6.16.0
2026-01-15 13:59:39,544 [ERROR] AppliInfo:139 - Unknown STM32CubeMX version: 6.16.0
2026-01-15 13:59:39,544 [ERROR] AppliInfo:139 - Unknown STM32CubeMX version: 6.16.0
2026-01-15 13:59:39,544 [ERROR] AppliInfo:139 - Unknown STM32CubeMX version: 6.16.0
2026-01-15 13:59:39,544 [ERROR] AppliInfo:139 - Unknown STM32CubeMX version: 6.16.0
2026-01-15 13:59:39,544 [ERROR] AppliInfo:139 - Unknown STM32CubeMX version: 6.16.0
2026-01-15 13:59:39,544 [ERROR] AppliInfo:139 - Unknown STM32CubeMX version: 6.16.0
2026-01-15 13:59:39,544 [ERROR] AppliInfo:139 - Unknown STM32CubeMX version: 6.16.0
2026-01-15 13:59:39,545 [ERROR] AppliInfo:139 - Unknown STM32CubeMX version: 6.14.0
2026-01-15 13:59:39,545 [ERROR] AppliInfo:139 - Unknown STM32CubeMX version: 6.16.0
2026-01-15 13:59:39,545 [ERROR] AppliInfo:139 - Unknown STM32CubeMX version: 6.16.0
2026-01-15 13:59:39,545 [ERROR] AppliInfo:139 - Unknown STM32CubeMX version: 6.16.0
2026-01-15 13:59:39,545 [ERROR] AppliInfo:139 - Unknown STM32CubeMX version: 6.16.0
2026-01-15 13:59:39,545 [ERROR] AppliInfo:139 - Unknown STM32CubeMX version: 6.16.0
2026-01-15 13:59:39,545 [ERROR] AppliInfo:139 - Unknown STM32CubeMX version: 6.16.0
2026-01-15 13:59:39,545 [ERROR] AppliInfo:139 - Unknown STM32CubeMX version: 6.14.0
2026-01-15 13:59:39,545 [ERROR] AppliInfo:139 - Unknown STM32CubeMX version: 6.14.0
2026-01-15 13:59:39,545 [ERROR] AppliInfo:139 - Unknown STM32CubeMX version: 6.14.0
2026-01-15 13:59:39,546 [ERROR] AppliInfo:139 - Unknown STM32CubeMX version: 6.16.0
2026-01-15 13:59:39,546 [ERROR] AppliInfo:139 - Unknown STM32CubeMX version: 6.15.0
2026-01-15 13:59:39,546 [ERROR] AppliInfo:139 - Unknown STM32CubeMX version: 6.16.0
2026-01-15 13:59:39,546 [ERROR] AppliInfo:139 - Unknown STM32CubeMX version: 6.16.0
2026-01-15 13:59:39,546 [ERROR] AppliInfo:139 - Unknown STM32CubeMX version: 6.16.0
2026-01-15 13:59:39,546 [ERROR] AppliInfo:139 - Unknown STM32CubeMX version: 6.16.0
2026-01-15 13:59:39,546 [ERROR] AppliInfo:139 - Unknown STM32CubeMX version: 6.16.0
2026-01-15 13:59:39,546 [ERROR] AppliInfo:139 - Unknown STM32CubeMX version: 6.15.0
2026-01-15 13:59:39,546 [ERROR] AppliInfo:139 - Unknown STM32CubeMX version: 6.16.0
2026-01-15 13:59:39,546 [ERROR] AppliInfo:139 - Unknown STM32CubeMX version: 6.16.0
2026-01-15 13:59:39,547 [ERROR] AppliInfo:139 - Unknown STM32CubeMX version: 6.16.0
2026-01-15 13:59:39,547 [ERROR] AppliInfo:139 - Unknown STM32CubeMX version: 6.16.0
2026-01-15 13:59:39,547 [ERROR] AppliInfo:139 - Unknown STM32CubeMX version: 6.15.0
2026-01-15 13:59:39,547 [ERROR] AppliInfo:139 - Unknown STM32CubeMX version: 6.16.0
2026-01-15 13:59:39,547 [ERROR] AppliInfo:139 - Unknown STM32CubeMX version: 6.16.0
2026-01-15 13:59:39,547 [ERROR] AppliInfo:139 - Unknown STM32CubeMX version: 6.15.0
2026-01-15 13:59:39,547 [ERROR] AppliInfo:139 - Unknown STM32CubeMX version: 6.16.0
2026-01-15 13:59:39,547 [ERROR] AppliInfo:139 - Unknown STM32CubeMX version: 6.15.0
2026-01-15 13:59:39,547 [ERROR] AppliInfo:139 - Unknown STM32CubeMX version: 6.16.0
2026-01-15 13:59:39,547 [ERROR] AppliInfo:139 - Unknown STM32CubeMX version: 6.16.0
2026-01-15 13:59:39,548 [ERROR] AppliInfo:139 - Unknown STM32CubeMX version: 6.16.0
2026-01-15 13:59:39,548 [ERROR] AppliInfo:139 - Unknown STM32CubeMX version: 6.16.0
2026-01-15 13:59:39,548 [ERROR] AppliInfo:139 - Unknown STM32CubeMX version: 6.16.0
2026-01-15 13:59:39,548 [ERROR] AppliInfo:139 - Unknown STM32CubeMX version: 6.15.0
2026-01-15 13:59:39,548 [ERROR] AppliInfo:139 - Unknown STM32CubeMX version: 6.15.0
2026-01-15 13:59:39,548 [ERROR] AppliInfo:139 - Unknown STM32CubeMX version: 6.16.0
2026-01-15 13:59:39,548 [ERROR] AppliInfo:139 - Unknown STM32CubeMX version: 6.16.0
2026-01-15 13:59:39,548 [ERROR] AppliInfo:139 - Unknown STM32CubeMX version: 6.16.0
2026-01-15 13:59:39,549 [ERROR] AppliInfo:139 - Unknown STM32CubeMX version: 6.16.0
2026-01-15 13:59:39,549 [ERROR] AppliInfo:139 - Unknown STM32CubeMX version: 6.16.0
2026-01-15 13:59:39,549 [ERROR] AppliInfo:139 - Unknown STM32CubeMX version: 6.16.0
2026-01-15 13:59:39,549 [ERROR] AppliInfo:139 - Unknown STM32CubeMX version: 6.16.0
2026-01-15 13:59:39,549 [ERROR] AppliInfo:139 - Unknown STM32CubeMX version: 6.16.0
2026-01-15 13:59:39,549 [ERROR] AppliInfo:139 - Unknown STM32CubeMX version: 6.16.0
2026-01-15 13:59:39,549 [ERROR] AppliInfo:139 - Unknown STM32CubeMX version: 6.16.0
2026-01-15 13:59:39,549 [ERROR] AppliInfo:139 - Unknown STM32CubeMX version: 6.16.0
2026-01-15 13:59:39,549 [ERROR] AppliInfo:139 - Unknown STM32CubeMX version: 6.16.0
2026-01-15 13:59:39,549 [ERROR] AppliInfo:139 - Unknown STM32CubeMX version: 6.16.0
2026-01-15 13:59:39,549 [ERROR] AppliInfo:139 - Unknown STM32CubeMX version: 6.16.0
2026-01-15 13:59:39,550 [ERROR] AppliInfo:139 - Unknown STM32CubeMX version: 6.16.0
2026-01-15 13:59:39,550 [ERROR] AppliInfo:139 - Unknown STM32CubeMX version: 6.16.0
2026-01-15 13:59:39,550 [ERROR] AppliInfo:139 - Unknown STM32CubeMX version: 6.16.0
2026-01-15 13:59:39,550 [ERROR] AppliInfo:139 - Unknown STM32CubeMX version: 6.16.0
2026-01-15 13:59:39,550 [ERROR] AppliInfo:139 - Unknown STM32CubeMX version: 6.14.0
2026-01-15 13:59:39,550 [ERROR] AppliInfo:139 - Unknown STM32CubeMX version: 6.14.0
2026-01-15 13:59:39,550 [ERROR] AppliInfo:139 - Unknown STM32CubeMX version: 6.14.0
2026-01-15 13:59:39,550 [ERROR] AppliInfo:139 - Unknown STM32CubeMX version: 6.14.0
2026-01-15 13:59:39,550 [ERROR] AppliInfo:139 - Unknown STM32CubeMX version: 6.14.0
2026-01-15 13:59:39,551 [ERROR] AppliInfo:139 - Unknown STM32CubeMX version: 6.14.0
2026-01-15 13:59:39,551 [ERROR] AppliInfo:139 - Unknown STM32CubeMX version: 6.14.0
2026-01-15 13:59:39,551 [ERROR] AppliInfo:139 - Unknown STM32CubeMX version: 6.14.0
2026-01-15 13:59:39,551 [ERROR] AppliInfo:139 - Unknown STM32CubeMX version: 6.14.0
2026-01-15 13:59:39,551 [ERROR] AppliInfo:139 - Unknown STM32CubeMX version: 6.14.0
2026-01-15 13:59:39,551 [ERROR] AppliInfo:139 - Unknown STM32CubeMX version: 6.14.0
2026-01-15 13:59:39,551 [ERROR] AppliInfo:139 - Unknown STM32CubeMX version: 6.14.0
2026-01-15 13:59:39,551 [ERROR] AppliInfo:139 - Unknown STM32CubeMX version: 6.14.0
2026-01-15 13:59:39,551 [ERROR] AppliInfo:139 - Unknown STM32CubeMX version: 6.14.0
2026-01-15 13:59:39,551 [ERROR] AppliInfo:139 - Unknown STM32CubeMX version: 6.14.0
2026-01-15 13:59:39,551 [ERROR] AppliInfo:139 - Unknown STM32CubeMX version: 6.14.0
2026-01-15 13:59:39,552 [ERROR] AppliInfo:139 - Unknown STM32CubeMX version: 6.14.0
2026-01-15 13:59:39,552 [ERROR] AppliInfo:139 - Unknown STM32CubeMX version: 6.14.0
2026-01-15 13:59:39,552 [ERROR] AppliInfo:139 - Unknown STM32CubeMX version: 6.14.0
2026-01-15 13:59:39,552 [ERROR] AppliInfo:139 - Unknown STM32CubeMX version: 6.14.0
2026-01-15 13:59:39,552 [ERROR] AppliInfo:139 - Unknown STM32CubeMX version: 6.14.0
2026-01-15 13:59:39,552 [ERROR] AppliInfo:139 - Unknown STM32CubeMX version: 6.14.0
2026-01-15 13:59:39,552 [ERROR] AppliInfo:139 - Unknown STM32CubeMX version: 6.16.0
2026-01-15 13:59:39,552 [ERROR] AppliInfo:139 - Unknown STM32CubeMX version: 6.16.0
2026-01-15 13:59:39,552 [ERROR] AppliInfo:139 - Unknown STM32CubeMX version: 6.16.0
2026-01-15 13:59:39,552 [ERROR] AppliInfo:139 - Unknown STM32CubeMX version: 6.16.0
2026-01-15 13:59:39,553 [ERROR] AppliInfo:139 - Unknown STM32CubeMX version: 6.16.0
2026-01-15 13:59:39,553 [ERROR] AppliInfo:139 - Unknown STM32CubeMX version: 6.16.0
2026-01-15 13:59:39,553 [ERROR] AppliInfo:139 - Unknown STM32CubeMX version: 6.16.0
2026-01-15 13:59:39,553 [ERROR] AppliInfo:139 - Unknown STM32CubeMX version: 6.16.0
2026-01-15 13:59:39,553 [ERROR] AppliInfo:139 - Unknown STM32CubeMX version: 6.16.0
2026-01-15 13:59:39,553 [ERROR] AppliInfo:139 - Unknown STM32CubeMX version: 6.16.0
2026-01-15 13:59:39,555 [ERROR] AppliInfo:139 - Unknown STM32CubeMX version: 6.16.0
2026-01-15 13:59:39,555 [ERROR] AppliInfo:139 - Unknown STM32CubeMX version: 6.16.0
2026-01-15 13:59:39,555 [ERROR] AppliInfo:139 - Unknown STM32CubeMX version: 6.16.0
2026-01-15 13:59:39,555 [ERROR] AppliInfo:139 - Unknown STM32CubeMX version: 6.16.0
2026-01-15 13:59:39,555 [ERROR] AppliInfo:139 - Unknown STM32CubeMX version: 6.16.0
2026-01-15 13:59:39,555 [ERROR] AppliInfo:139 - Unknown STM32CubeMX version: 6.16.0
2026-01-15 13:59:39,555 [ERROR] AppliInfo:139 - Unknown STM32CubeMX version: 6.16.0
2026-01-15 13:59:39,555 [ERROR] AppliInfo:139 - Unknown STM32CubeMX version: 6.16.0
2026-01-15 13:59:39,556 [ERROR] AppliInfo:139 - Unknown STM32CubeMX version: 6.16.0
2026-01-15 13:59:39,556 [ERROR] AppliInfo:139 - Unknown STM32CubeMX version: 6.16.0
2026-01-15 13:59:39,556 [ERROR] AppliInfo:139 - Unknown STM32CubeMX version: 6.16.0
2026-01-15 13:59:39,556 [ERROR] AppliInfo:139 - Unknown STM32CubeMX version: 6.16.0
2026-01-15 13:59:39,556 [ERROR] AppliInfo:139 - Unknown STM32CubeMX version: 6.16.0
2026-01-15 13:59:39,556 [ERROR] AppliInfo:139 - Unknown STM32CubeMX version: 6.16.0
2026-01-15 13:59:39,556 [ERROR] AppliInfo:139 - Unknown STM32CubeMX version: 6.14.0
2026-01-15 13:59:39,556 [ERROR] AppliInfo:139 - Unknown STM32CubeMX version: 6.14.0
2026-01-15 13:59:39,556 [ERROR] AppliInfo:139 - Unknown STM32CubeMX version: 6.14.0
2026-01-15 13:59:39,556 [ERROR] AppliInfo:139 - Unknown STM32CubeMX version: 6.14.0
2026-01-15 13:59:39,557 [ERROR] AppliInfo:139 - Unknown STM32CubeMX version: 6.14.0
2026-01-15 13:59:39,557 [ERROR] AppliInfo:139 - Unknown STM32CubeMX version: 6.14.0
2026-01-15 13:59:39,557 [ERROR] AppliInfo:139 - Unknown STM32CubeMX version: 6.16.0
2026-01-15 13:59:39,557 [ERROR] AppliInfo:139 - Unknown STM32CubeMX version: 6.14.0
2026-01-15 13:59:39,557 [ERROR] AppliInfo:139 - Unknown STM32CubeMX version: 6.14.0
2026-01-15 13:59:39,557 [ERROR] AppliInfo:139 - Unknown STM32CubeMX version: 6.14.0
2026-01-15 13:59:39,557 [ERROR] AppliInfo:139 - Unknown STM32CubeMX version: 6.16.0
2026-01-15 13:59:39,557 [ERROR] AppliInfo:139 - Unknown STM32CubeMX version: 6.16.0
2026-01-15 13:59:39,558 [ERROR] AppliInfo:139 - Unknown STM32CubeMX version: 6.16.0
2026-01-15 13:59:39,558 [ERROR] AppliInfo:139 - Unknown STM32CubeMX version: 6.16.0
2026-01-15 13:59:39,558 [ERROR] AppliInfo:139 - Unknown STM32CubeMX version: 6.16.0
2026-01-15 13:59:39,558 [ERROR] AppliInfo:139 - Unknown STM32CubeMX version: 6.16.0
2026-01-15 13:59:39,558 [ERROR] AppliInfo:139 - Unknown STM32CubeMX version: 6.14.0
2026-01-15 13:59:39,558 [ERROR] AppliInfo:139 - Unknown STM32CubeMX version: 6.16.0
2026-01-15 13:59:39,558 [ERROR] AppliInfo:139 - Unknown STM32CubeMX version: 6.16.0
2026-01-15 13:59:39,559 [ERROR] AppliInfo:139 - Unknown STM32CubeMX version: 6.14.0
2026-01-15 13:59:39,559 [ERROR] AppliInfo:139 - Unknown STM32CubeMX version: 6.15.0
2026-01-15 13:59:39,559 [ERROR] AppliInfo:139 - Unknown STM32CubeMX version: 6.15.0
2026-01-15 13:59:39,559 [ERROR] AppliInfo:139 - Unknown STM32CubeMX version: 6.15.0
2026-01-15 13:59:39,559 [ERROR] AppliInfo:139 - Unknown STM32CubeMX version: 6.15.0
2026-01-15 13:59:39,559 [ERROR] AppliInfo:139 - Unknown STM32CubeMX version: 6.15.0
2026-01-15 13:59:39,559 [ERROR] AppliInfo:139 - Unknown STM32CubeMX version: 6.16.0
2026-01-15 13:59:39,559 [ERROR] AppliInfo:139 - Unknown STM32CubeMX version: 6.16.0
2026-01-15 13:59:39,559 [ERROR] AppliInfo:139 - Unknown STM32CubeMX version: 6.16.0
2026-01-15 13:59:39,559 [ERROR] AppliInfo:139 - Unknown STM32CubeMX version: 6.16.0
2026-01-15 13:59:39,560 [ERROR] AppliInfo:139 - Unknown STM32CubeMX version: 6.16.0
2026-01-15 13:59:39,560 [ERROR] AppliInfo:139 - Unknown STM32CubeMX version: 6.16.0
2026-01-15 13:59:39,560 [ERROR] AppliInfo:139 - Unknown STM32CubeMX version: 6.16.0
2026-01-15 13:59:39,560 [ERROR] AppliInfo:139 - Unknown STM32CubeMX version: 6.16.0
2026-01-15 13:59:39,560 [ERROR] AppliInfo:139 - Unknown STM32CubeMX version: 6.16.0
2026-01-15 13:59:39,560 [ERROR] AppliInfo:139 - Unknown STM32CubeMX version: 6.16.0
2026-01-15 13:59:39,560 [ERROR] AppliInfo:139 - Unknown STM32CubeMX version: 6.16.0
2026-01-15 13:59:39,561 [ERROR] AppliInfo:139 - Unknown STM32CubeMX version: 6.16.0
2026-01-15 13:59:39,561 [ERROR] AppliInfo:139 - Unknown STM32CubeMX version: 6.16.0
2026-01-15 13:59:39,561 [ERROR] AppliInfo:139 - Unknown STM32CubeMX version: 6.16.0
2026-01-15 13:59:39,561 [ERROR] AppliInfo:139 - Unknown STM32CubeMX version: 6.16.0
2026-01-15 13:59:39,561 [ERROR] AppliInfo:139 - Unknown STM32CubeMX version: 6.16.0
2026-01-15 13:59:39,561 [ERROR] AppliInfo:139 - Unknown STM32CubeMX version: 6.16.0
2026-01-15 13:59:39,561 [ERROR] AppliInfo:139 - Unknown STM32CubeMX version: 6.16.0
2026-01-15 13:59:39,561 [ERROR] AppliInfo:139 - Unknown STM32CubeMX version: 6.16.0
2026-01-15 13:59:39,561 [ERROR] AppliInfo:139 - Unknown STM32CubeMX version: 6.16.0
2026-01-15 13:59:39,562 [ERROR] AppliInfo:139 - Unknown STM32CubeMX version: 6.16.0
2026-01-15 13:59:39,562 [ERROR] AppliInfo:139 - Unknown STM32CubeMX version: 6.16.0
2026-01-15 13:59:39,562 [ERROR] AppliInfo:139 - Unknown STM32CubeMX version: 6.16.0
2026-01-15 13:59:39,579 [ERROR] AppliInfo:139 - Unknown STM32CubeMX version: 6.16.0
2026-01-15 13:59:39,579 [ERROR] AppliInfo:139 - Unknown STM32CubeMX version: 6.16.0
2026-01-15 13:59:39,579 [ERROR] AppliInfo:139 - Unknown STM32CubeMX version: 6.16.0
2026-01-15 13:59:39,579 [ERROR] AppliInfo:139 - Unknown STM32CubeMX version: 6.16.0
2026-01-15 13:59:39,579 [ERROR] AppliInfo:139 - Unknown STM32CubeMX version: 6.16.0
2026-01-15 13:59:39,580 [ERROR] AppliInfo:139 - Unknown STM32CubeMX version: 6.16.0
2026-01-15 13:59:39,580 [ERROR] AppliInfo:139 - Unknown STM32CubeMX version: 6.16.0
2026-01-15 13:59:39,585 [ERROR] AppliInfo:139 - Unknown STM32CubeMX version: 6.16.0
2026-01-15 13:59:39,586 [ERROR] AppliInfo:139 - Unknown STM32CubeMX version: 6.16.0
2026-01-15 13:59:39,586 [ERROR] AppliInfo:139 - Unknown STM32CubeMX version: 6.16.0
2026-01-15 13:59:39,586 [ERROR] AppliInfo:139 - Unknown STM32CubeMX version: 6.16.0
2026-01-15 13:59:39,586 [ERROR] AppliInfo:139 - Unknown STM32CubeMX version: 6.16.0
2026-01-15 13:59:39,586 [ERROR] AppliInfo:139 - Unknown STM32CubeMX version: 6.16.0
2026-01-15 13:59:39,586 [ERROR] AppliInfo:139 - Unknown STM32CubeMX version: 6.16.0
2026-01-15 13:59:39,587 [ERROR] AppliInfo:139 - Unknown STM32CubeMX version: 6.16.0
2026-01-15 13:59:39,587 [ERROR] AppliInfo:139 - Unknown STM32CubeMX version: 6.16.0
2026-01-15 13:59:39,587 [ERROR] AppliInfo:139 - Unknown STM32CubeMX version: 6.16.0
2026-01-15 13:59:39,588 [ERROR] AppliInfo:139 - Unknown STM32CubeMX version: 6.16.0
2026-01-15 13:59:39,588 [ERROR] AppliInfo:139 - Unknown STM32CubeMX version: 6.16.0
2026-01-15 13:59:39,605 [ERROR] AppliInfo:139 - Unknown STM32CubeMX version: 6.16.0
2026-01-15 13:59:39,606 [ERROR] AppliInfo:139 - Unknown STM32CubeMX version: 6.16.0
2026-01-15 13:59:39,606 [ERROR] AppliInfo:139 - Unknown STM32CubeMX version: 6.16.0
2026-01-15 13:59:39,606 [ERROR] AppliInfo:139 - Unknown STM32CubeMX version: 6.16.0
2026-01-15 13:59:39,606 [ERROR] AppliInfo:139 - Unknown STM32CubeMX version: 6.16.0
2026-01-15 13:59:39,606 [ERROR] AppliInfo:139 - Unknown STM32CubeMX version: 6.16.0
2026-01-15 13:59:39,606 [ERROR] AppliInfo:139 - Unknown STM32CubeMX version: 6.16.0
2026-01-15 13:59:39,606 [ERROR] AppliInfo:139 - Unknown STM32CubeMX version: 6.16.0
2026-01-15 13:59:39,606 [ERROR] AppliInfo:139 - Unknown STM32CubeMX version: 6.16.0
2026-01-15 13:59:39,606 [ERROR] AppliInfo:139 - Unknown STM32CubeMX version: 6.16.0
2026-01-15 13:59:39,606 [ERROR] AppliInfo:139 - Unknown STM32CubeMX version: 6.16.0
2026-01-15 13:59:39,607 [ERROR] AppliInfo:139 - Unknown STM32CubeMX version: 6.16.0
2026-01-15 13:59:39,607 [ERROR] AppliInfo:139 - Unknown STM32CubeMX version: 6.16.0
2026-01-15 13:59:39,607 [ERROR] AppliInfo:139 - Unknown STM32CubeMX version: 6.16.0
2026-01-15 13:59:39,607 [ERROR] AppliInfo:139 - Unknown STM32CubeMX version: 6.16.0
2026-01-15 13:59:39,607 [ERROR] AppliInfo:139 - Unknown STM32CubeMX version: 6.16.0
2026-01-15 13:59:39,607 [ERROR] AppliInfo:139 - Unknown STM32CubeMX version: 6.16.0
2026-01-15 13:59:39,607 [ERROR] AppliInfo:139 - Unknown STM32CubeMX version: 6.16.0
2026-01-15 13:59:39,607 [ERROR] AppliInfo:139 - Unknown STM32CubeMX version: 6.16.0
2026-01-15 13:59:39,607 [ERROR] AppliInfo:139 - Unknown STM32CubeMX version: 6.15.0
2026-01-15 13:59:39,608 [ERROR] AppliInfo:139 - Unknown STM32CubeMX version: 6.15.0
2026-01-15 13:59:39,608 [ERROR] AppliInfo:139 - Unknown STM32CubeMX version: 6.15.0
2026-01-15 13:59:39,608 [ERROR] AppliInfo:139 - Unknown STM32CubeMX version: 6.15.0
2026-01-15 13:59:39,608 [ERROR] AppliInfo:139 - Unknown STM32CubeMX version: 6.15.0
2026-01-15 13:59:39,608 [ERROR] AppliInfo:139 - Unknown STM32CubeMX version: 6.15.0
2026-01-15 13:59:39,608 [ERROR] AppliInfo:139 - Unknown STM32CubeMX version: 6.15.0
2026-01-15 13:59:39,608 [ERROR] AppliInfo:139 - Unknown STM32CubeMX version: 6.16.0
2026-01-15 13:59:39,608 [ERROR] AppliInfo:139 - Unknown STM32CubeMX version: 6.16.0
2026-01-15 13:59:39,609 [ERROR] AppliInfo:139 - Unknown STM32CubeMX version: 6.13.0
2026-01-15 13:59:39,609 [ERROR] AppliInfo:139 - Unknown STM32CubeMX version: 6.13.0
2026-01-15 13:59:39,609 [ERROR] AppliInfo:139 - Unknown STM32CubeMX version: 6.13.0
2026-01-15 13:59:39,609 [ERROR] AppliInfo:139 - Unknown STM32CubeMX version: 6.13.0
2026-01-15 13:59:39,609 [ERROR] AppliInfo:139 - Unknown STM32CubeMX version: 6.13.0
2026-01-15 13:59:39,609 [ERROR] AppliInfo:139 - Unknown STM32CubeMX version: 6.13.0
2026-01-15 13:59:39,609 [ERROR] AppliInfo:139 - Unknown STM32CubeMX version: 6.13.0
2026-01-15 13:59:39,609 [ERROR] AppliInfo:139 - Unknown STM32CubeMX version: 6.13.0
2026-01-15 13:59:39,609 [ERROR] AppliInfo:139 - Unknown STM32CubeMX version: 6.13.0
2026-01-15 13:59:39,610 [ERROR] AppliInfo:139 - Unknown STM32CubeMX version: 6.13.0
2026-01-15 13:59:39,610 [ERROR] AppliInfo:139 - Unknown STM32CubeMX version: 6.13.0
2026-01-15 13:59:39,610 [ERROR] AppliInfo:139 - Unknown STM32CubeMX version: 6.13.0
2026-01-15 13:59:39,610 [ERROR] AppliInfo:139 - Unknown STM32CubeMX version: 6.13.0
2026-01-15 13:59:39,610 [ERROR] AppliInfo:139 - Unknown STM32CubeMX version: 6.13.0
2026-01-15 13:59:39,610 [ERROR] AppliInfo:139 - Unknown STM32CubeMX version: 6.13.0
2026-01-15 13:59:39,610 [ERROR] AppliInfo:139 - Unknown STM32CubeMX version: 6.13.0
2026-01-15 13:59:39,610 [ERROR] AppliInfo:139 - Unknown STM32CubeMX version: 6.13.0
2026-01-15 13:59:39,610 [ERROR] AppliInfo:139 - Unknown STM32CubeMX version: 6.13.0
2026-01-15 13:59:39,611 [ERROR] AppliInfo:139 - Unknown STM32CubeMX version: 6.13.0
2026-01-15 13:59:39,611 [ERROR] AppliInfo:139 - Unknown STM32CubeMX version: 6.13.0
2026-01-15 13:59:39,611 [ERROR] AppliInfo:139 - Unknown STM32CubeMX version: 6.13.0
2026-01-15 13:59:39,611 [ERROR] AppliInfo:139 - Unknown STM32CubeMX version: 6.13.0
2026-01-15 13:59:39,611 [ERROR] AppliInfo:139 - Unknown STM32CubeMX version: 6.13.0
2026-01-15 13:59:39,611 [ERROR] AppliInfo:139 - Unknown STM32CubeMX version: 6.13.0
2026-01-15 13:59:39,611 [ERROR] AppliInfo:139 - Unknown STM32CubeMX version: 6.13.0
2026-01-15 13:59:39,611 [ERROR] AppliInfo:139 - Unknown STM32CubeMX version: 6.13.0
2026-01-15 13:59:39,611 [ERROR] AppliInfo:139 - Unknown STM32CubeMX version: 6.15.0
2026-01-15 13:59:39,612 [ERROR] AppliInfo:139 - Unknown STM32CubeMX version: 6.15.0
2026-01-15 13:59:39,612 [ERROR] AppliInfo:139 - Unknown STM32CubeMX version: 6.15.0
2026-01-15 13:59:39,612 [ERROR] AppliInfo:139 - Unknown STM32CubeMX version: 6.15.0
2026-01-15 13:59:39,612 [ERROR] AppliInfo:139 - Unknown STM32CubeMX version: 6.15.0
2026-01-15 13:59:39,612 [ERROR] AppliInfo:139 - Unknown STM32CubeMX version: 6.15.0
2026-01-15 13:59:39,612 [ERROR] AppliInfo:139 - Unknown STM32CubeMX version: 6.15.0
2026-01-15 13:59:39,612 [ERROR] AppliInfo:139 - Unknown STM32CubeMX version: 6.15.0
2026-01-15 13:59:39,612 [ERROR] AppliInfo:139 - Unknown STM32CubeMX version: 6.15.0
2026-01-15 13:59:39,612 [ERROR] AppliInfo:139 - Unknown STM32CubeMX version: 6.15.0
2026-01-15 13:59:39,612 [ERROR] AppliInfo:139 - Unknown STM32CubeMX version: 6.15.0
2026-01-15 13:59:39,612 [ERROR] AppliInfo:139 - Unknown STM32CubeMX version: 6.15.0
2026-01-15 13:59:39,612 [ERROR] AppliInfo:139 - Unknown STM32CubeMX version: 6.15.0
2026-01-15 13:59:39,613 [ERROR] AppliInfo:139 - Unknown STM32CubeMX version: 6.13.0
2026-01-15 13:59:39,613 [ERROR] AppliInfo:139 - Unknown STM32CubeMX version: 6.13.0
2026-01-15 13:59:39,613 [ERROR] AppliInfo:139 - Unknown STM32CubeMX version: 6.13.0
2026-01-15 13:59:39,613 [ERROR] AppliInfo:139 - Unknown STM32CubeMX version: 6.13.0
2026-01-15 13:59:39,613 [ERROR] AppliInfo:139 - Unknown STM32CubeMX version: 6.13.0
2026-01-15 13:59:39,613 [ERROR] AppliInfo:139 - Unknown STM32CubeMX version: 6.13.0
2026-01-15 13:59:39,613 [ERROR] AppliInfo:139 - Unknown STM32CubeMX version: 6.13.0
2026-01-15 13:59:39,613 [ERROR] AppliInfo:139 - Unknown STM32CubeMX version: 6.13.0
2026-01-15 13:59:39,613 [ERROR] AppliInfo:139 - Unknown STM32CubeMX version: 6.13.0
2026-01-15 13:59:39,613 [ERROR] AppliInfo:139 - Unknown STM32CubeMX version: 6.13.0
2026-01-15 13:59:39,613 [ERROR] AppliInfo:139 - Unknown STM32CubeMX version: 6.13.0
2026-01-15 13:59:39,614 [ERROR] AppliInfo:139 - Unknown STM32CubeMX version: 6.13.0
2026-01-15 13:59:39,614 [ERROR] AppliInfo:139 - Unknown STM32CubeMX version: 6.13.0
2026-01-15 13:59:39,614 [ERROR] AppliInfo:139 - Unknown STM32CubeMX version: 6.13.0
2026-01-15 13:59:39,614 [ERROR] AppliInfo:139 - Unknown STM32CubeMX version: 6.13.0
2026-01-15 13:59:39,614 [ERROR] AppliInfo:139 - Unknown STM32CubeMX version: 6.13.0
2026-01-15 13:59:39,614 [ERROR] AppliInfo:139 - Unknown STM32CubeMX version: 6.13.0
2026-01-15 13:59:39,614 [ERROR] AppliInfo:139 - Unknown STM32CubeMX version: 6.13.0
2026-01-15 13:59:39,614 [ERROR] AppliInfo:139 - Unknown STM32CubeMX version: 6.13.0
2026-01-15 13:59:39,614 [ERROR] AppliInfo:139 - Unknown STM32CubeMX version: 6.13.0
2026-01-15 13:59:39,614 [ERROR] AppliInfo:139 - Unknown STM32CubeMX version: 6.13.0
2026-01-15 13:59:39,615 [ERROR] AppliInfo:139 - Unknown STM32CubeMX version: 6.13.0
2026-01-15 13:59:39,615 [ERROR] AppliInfo:139 - Unknown STM32CubeMX version: 6.13.0
2026-01-15 13:59:39,615 [ERROR] AppliInfo:139 - Unknown STM32CubeMX version: 6.13.0
2026-01-15 13:59:39,615 [ERROR] AppliInfo:139 - Unknown STM32CubeMX version: 6.13.0
2026-01-15 13:59:39,615 [ERROR] AppliInfo:139 - Unknown STM32CubeMX version: 6.13.0
2026-01-15 13:59:39,615 [ERROR] AppliInfo:139 - Unknown STM32CubeMX version: 6.13.0
2026-01-15 13:59:39,615 [ERROR] AppliInfo:139 - Unknown STM32CubeMX version: 6.13.0
2026-01-15 13:59:39,615 [ERROR] AppliInfo:139 - Unknown STM32CubeMX version: 6.13.0
2026-01-15 13:59:39,615 [ERROR] AppliInfo:139 - Unknown STM32CubeMX version: 6.13.0
2026-01-15 13:59:39,616 [ERROR] AppliInfo:139 - Unknown STM32CubeMX version: 6.13.0
2026-01-15 13:59:39,616 [ERROR] AppliInfo:139 - Unknown STM32CubeMX version: 6.13.0
2026-01-15 13:59:39,616 [ERROR] AppliInfo:139 - Unknown STM32CubeMX version: 6.13.0
2026-01-15 13:59:39,616 [ERROR] AppliInfo:139 - Unknown STM32CubeMX version: 6.13.0
2026-01-15 13:59:39,616 [ERROR] AppliInfo:139 - Unknown STM32CubeMX version: 6.13.0
2026-01-15 13:59:39,616 [ERROR] AppliInfo:139 - Unknown STM32CubeMX version: 6.13.0
2026-01-15 13:59:39,616 [ERROR] AppliInfo:139 - Unknown STM32CubeMX version: 6.13.0
2026-01-15 13:59:39,616 [ERROR] AppliInfo:139 - Unknown STM32CubeMX version: 6.16.0
2026-01-15 13:59:39,616 [ERROR] AppliInfo:139 - Unknown STM32CubeMX version: 6.15.0
2026-01-15 13:59:39,617 [ERROR] AppliInfo:139 - Unknown STM32CubeMX version: 6.15.0
2026-01-15 13:59:39,617 [ERROR] AppliInfo:139 - Unknown STM32CubeMX version: 6.15.0
2026-01-15 13:59:39,617 [ERROR] AppliInfo:139 - Unknown STM32CubeMX version: 6.15.0
2026-01-15 13:59:39,617 [ERROR] AppliInfo:139 - Unknown STM32CubeMX version: 6.15.0
2026-01-15 13:59:39,617 [ERROR] AppliInfo:139 - Unknown STM32CubeMX version: 6.15.0
2026-01-15 13:59:39,617 [ERROR] AppliInfo:139 - Unknown STM32CubeMX version: 6.15.0
2026-01-15 13:59:39,617 [ERROR] AppliInfo:139 - Unknown STM32CubeMX version: 6.16.0
2026-01-15 13:59:39,617 [ERROR] AppliInfo:139 - Unknown STM32CubeMX version: 6.16.0
2026-01-15 13:59:39,618 [ERROR] AppliInfo:139 - Unknown STM32CubeMX version: 6.13.0
2026-01-15 13:59:39,618 [ERROR] AppliInfo:139 - Unknown STM32CubeMX version: 6.13.0
2026-01-15 13:59:39,618 [ERROR] AppliInfo:139 - Unknown STM32CubeMX version: 6.13.0
2026-01-15 13:59:39,618 [ERROR] AppliInfo:139 - Unknown STM32CubeMX version: 6.13.0
2026-01-15 13:59:39,618 [ERROR] AppliInfo:139 - Unknown STM32CubeMX version: 6.13.0
2026-01-15 13:59:39,618 [ERROR] AppliInfo:139 - Unknown STM32CubeMX version: 6.13.0
2026-01-15 13:59:39,618 [ERROR] AppliInfo:139 - Unknown STM32CubeMX version: 6.13.0
2026-01-15 13:59:39,618 [ERROR] AppliInfo:139 - Unknown STM32CubeMX version: 6.13.0
2026-01-15 13:59:39,619 [ERROR] AppliInfo:139 - Unknown STM32CubeMX version: 6.13.0
2026-01-15 13:59:39,619 [ERROR] AppliInfo:139 - Unknown STM32CubeMX version: 6.13.0
2026-01-15 13:59:39,619 [ERROR] AppliInfo:139 - Unknown STM32CubeMX version: 6.13.0
2026-01-15 13:59:39,619 [ERROR] AppliInfo:139 - Unknown STM32CubeMX version: 6.13.0
2026-01-15 13:59:39,619 [ERROR] AppliInfo:139 - Unknown STM32CubeMX version: 6.13.0
2026-01-15 13:59:39,619 [ERROR] AppliInfo:139 - Unknown STM32CubeMX version: 6.13.0
2026-01-15 13:59:39,619 [ERROR] AppliInfo:139 - Unknown STM32CubeMX version: 6.13.0
2026-01-15 13:59:39,619 [ERROR] AppliInfo:139 - Unknown STM32CubeMX version: 6.13.0
2026-01-15 13:59:39,619 [ERROR] AppliInfo:139 - Unknown STM32CubeMX version: 6.13.0
2026-01-15 13:59:39,619 [ERROR] AppliInfo:139 - Unknown STM32CubeMX version: 6.13.0
2026-01-15 13:59:39,619 [ERROR] AppliInfo:139 - Unknown STM32CubeMX version: 6.13.0
2026-01-15 13:59:39,620 [ERROR] AppliInfo:139 - Unknown STM32CubeMX version: 6.13.0
2026-01-15 13:59:39,620 [ERROR] AppliInfo:139 - Unknown STM32CubeMX version: 6.13.0
2026-01-15 13:59:39,620 [ERROR] AppliInfo:139 - Unknown STM32CubeMX version: 6.13.0
2026-01-15 13:59:39,620 [ERROR] AppliInfo:139 - Unknown STM32CubeMX version: 6.13.0
2026-01-15 13:59:39,620 [ERROR] AppliInfo:139 - Unknown STM32CubeMX version: 6.13.0
2026-01-15 13:59:39,620 [ERROR] AppliInfo:139 - Unknown STM32CubeMX version: 6.13.0
2026-01-15 13:59:39,620 [ERROR] AppliInfo:139 - Unknown STM32CubeMX version: 6.13.0
2026-01-15 13:59:39,620 [ERROR] AppliInfo:139 - Unknown STM32CubeMX version: 6.15.0
2026-01-15 13:59:39,620 [ERROR] AppliInfo:139 - Unknown STM32CubeMX version: 6.15.0
2026-01-15 13:59:39,620 [ERROR] AppliInfo:139 - Unknown STM32CubeMX version: 6.15.0
2026-01-15 13:59:39,620 [ERROR] AppliInfo:139 - Unknown STM32CubeMX version: 6.15.0
2026-01-15 13:59:39,621 [ERROR] AppliInfo:139 - Unknown STM32CubeMX version: 6.15.0
2026-01-15 13:59:39,621 [ERROR] AppliInfo:139 - Unknown STM32CubeMX version: 6.15.0
2026-01-15 13:59:39,621 [ERROR] AppliInfo:139 - Unknown STM32CubeMX version: 6.15.0
2026-01-15 13:59:39,621 [ERROR] AppliInfo:139 - Unknown STM32CubeMX version: 6.15.0
2026-01-15 13:59:39,621 [ERROR] AppliInfo:139 - Unknown STM32CubeMX version: 6.15.0
2026-01-15 13:59:39,621 [ERROR] AppliInfo:139 - Unknown STM32CubeMX version: 6.15.0
2026-01-15 13:59:39,621 [ERROR] AppliInfo:139 - Unknown STM32CubeMX version: 6.15.0
2026-01-15 13:59:39,621 [ERROR] AppliInfo:139 - Unknown STM32CubeMX version: 6.15.0
2026-01-15 13:59:39,621 [ERROR] AppliInfo:139 - Unknown STM32CubeMX version: 6.15.0
2026-01-15 13:59:39,621 [ERROR] AppliInfo:139 - Unknown STM32CubeMX version: 6.13.0
2026-01-15 13:59:39,621 [ERROR] AppliInfo:139 - Unknown STM32CubeMX version: 6.13.0
2026-01-15 13:59:39,622 [ERROR] AppliInfo:139 - Unknown STM32CubeMX version: 6.13.0
2026-01-15 13:59:39,622 [ERROR] AppliInfo:139 - Unknown STM32CubeMX version: 6.13.0
2026-01-15 13:59:39,622 [ERROR] AppliInfo:139 - Unknown STM32CubeMX version: 6.13.0
2026-01-15 13:59:39,622 [ERROR] AppliInfo:139 - Unknown STM32CubeMX version: 6.13.0
2026-01-15 13:59:39,622 [ERROR] AppliInfo:139 - Unknown STM32CubeMX version: 6.13.0
2026-01-15 13:59:39,622 [ERROR] AppliInfo:139 - Unknown STM32CubeMX version: 6.13.0
2026-01-15 13:59:39,622 [ERROR] AppliInfo:139 - Unknown STM32CubeMX version: 6.13.0
2026-01-15 13:59:39,622 [ERROR] AppliInfo:139 - Unknown STM32CubeMX version: 6.13.0
2026-01-15 13:59:39,622 [ERROR] AppliInfo:139 - Unknown STM32CubeMX version: 6.13.0
2026-01-15 13:59:39,622 [ERROR] AppliInfo:139 - Unknown STM32CubeMX version: 6.13.0
2026-01-15 13:59:39,622 [ERROR] AppliInfo:139 - Unknown STM32CubeMX version: 6.13.0
2026-01-15 13:59:39,623 [ERROR] AppliInfo:139 - Unknown STM32CubeMX version: 6.13.0
2026-01-15 13:59:39,623 [ERROR] AppliInfo:139 - Unknown STM32CubeMX version: 6.13.0
2026-01-15 13:59:39,623 [ERROR] AppliInfo:139 - Unknown STM32CubeMX version: 6.13.0
2026-01-15 13:59:39,623 [ERROR] AppliInfo:139 - Unknown STM32CubeMX version: 6.13.0
2026-01-15 13:59:39,623 [ERROR] AppliInfo:139 - Unknown STM32CubeMX version: 6.13.0
2026-01-15 13:59:39,623 [ERROR] AppliInfo:139 - Unknown STM32CubeMX version: 6.13.0
2026-01-15 13:59:39,623 [ERROR] AppliInfo:139 - Unknown STM32CubeMX version: 6.13.0
2026-01-15 13:59:39,623 [ERROR] AppliInfo:139 - Unknown STM32CubeMX version: 6.13.0
2026-01-15 13:59:39,623 [ERROR] AppliInfo:139 - Unknown STM32CubeMX version: 6.13.0
2026-01-15 13:59:39,624 [ERROR] AppliInfo:139 - Unknown STM32CubeMX version: 6.13.0
2026-01-15 13:59:39,624 [ERROR] AppliInfo:139 - Unknown STM32CubeMX version: 6.13.0
2026-01-15 13:59:39,624 [ERROR] AppliInfo:139 - Unknown STM32CubeMX version: 6.13.0
2026-01-15 13:59:39,624 [ERROR] AppliInfo:139 - Unknown STM32CubeMX version: 6.13.0
2026-01-15 13:59:39,624 [ERROR] AppliInfo:139 - Unknown STM32CubeMX version: 6.13.0
2026-01-15 13:59:39,624 [ERROR] AppliInfo:139 - Unknown STM32CubeMX version: 6.13.0
2026-01-15 13:59:39,624 [ERROR] AppliInfo:139 - Unknown STM32CubeMX version: 6.13.0
2026-01-15 13:59:39,624 [ERROR] AppliInfo:139 - Unknown STM32CubeMX version: 6.13.0
2026-01-15 13:59:39,624 [ERROR] AppliInfo:139 - Unknown STM32CubeMX version: 6.13.0
2026-01-15 13:59:39,625 [ERROR] AppliInfo:139 - Unknown STM32CubeMX version: 6.13.0
2026-01-15 13:59:39,625 [ERROR] AppliInfo:139 - Unknown STM32CubeMX version: 6.13.0
2026-01-15 13:59:39,625 [ERROR] AppliInfo:139 - Unknown STM32CubeMX version: 6.13.0
2026-01-15 13:59:39,625 [ERROR] AppliInfo:139 - Unknown STM32CubeMX version: 6.13.0
2026-01-15 13:59:39,625 [ERROR] AppliInfo:139 - Unknown STM32CubeMX version: 6.13.0
2026-01-15 13:59:39,625 [ERROR] AppliInfo:139 - Unknown STM32CubeMX version: 6.13.0
2026-01-15 13:59:39,625 [ERROR] AppliInfo:139 - Unknown STM32CubeMX version: 6.16.0
2026-01-15 13:59:39,625 [ERROR] AppliInfo:139 - Unknown STM32CubeMX version: 6.16.0
2026-01-15 13:59:39,625 [ERROR] AppliInfo:139 - Unknown STM32CubeMX version: 6.16.0
2026-01-15 13:59:39,626 [ERROR] AppliInfo:139 - Unknown STM32CubeMX version: 6.16.0
2026-01-15 13:59:39,626 [ERROR] AppliInfo:139 - Unknown STM32CubeMX version: 6.16.0
2026-01-15 13:59:39,626 [ERROR] AppliInfo:139 - Unknown STM32CubeMX version: 6.16.0
2026-01-15 13:59:39,626 [ERROR] AppliInfo:139 - Unknown STM32CubeMX version: 6.16.0
2026-01-15 13:59:39,626 [ERROR] AppliInfo:139 - Unknown STM32CubeMX version: 6.16.0
2026-01-15 13:59:39,626 [ERROR] AppliInfo:139 - Unknown STM32CubeMX version: 6.16.0
2026-01-15 13:59:39,627 [ERROR] AppliInfo:139 - Unknown STM32CubeMX version: 6.16.0
2026-01-15 13:59:39,627 [ERROR] AppliInfo:139 - Unknown STM32CubeMX version: 6.16.0
2026-01-15 13:59:39,627 [ERROR] AppliInfo:139 - Unknown STM32CubeMX version: 6.16.0
2026-01-15 13:59:39,627 [ERROR] AppliInfo:139 - Unknown STM32CubeMX version: 6.16.0
2026-01-15 13:59:39,627 [ERROR] AppliInfo:139 - Unknown STM32CubeMX version: 6.16.0
2026-01-15 13:59:39,627 [ERROR] AppliInfo:139 - Unknown STM32CubeMX version: 6.16.0
2026-01-15 13:59:39,627 [ERROR] AppliInfo:139 - Unknown STM32CubeMX version: 6.16.0
2026-01-15 13:59:39,627 [ERROR] AppliInfo:139 - Unknown STM32CubeMX version: 6.16.0
2026-01-15 13:59:39,627 [ERROR] AppliInfo:139 - Unknown STM32CubeMX version: 6.16.0
2026-01-15 13:59:39,627 [ERROR] AppliInfo:139 - Unknown STM32CubeMX version: 6.16.0
2026-01-15 13:59:39,628 [ERROR] AppliInfo:139 - Unknown STM32CubeMX version: 6.16.0
2026-01-15 13:59:39,628 [ERROR] AppliInfo:139 - Unknown STM32CubeMX version: 6.16.0
2026-01-15 13:59:39,628 [ERROR] AppliInfo:139 - Unknown STM32CubeMX version: 6.16.0
2026-01-15 13:59:39,628 [ERROR] AppliInfo:139 - Unknown STM32CubeMX version: 6.16.0
2026-01-15 13:59:39,628 [ERROR] AppliInfo:139 - Unknown STM32CubeMX version: 6.16.0
2026-01-15 13:59:39,628 [ERROR] AppliInfo:139 - Unknown STM32CubeMX version: 6.16.0
2026-01-15 13:59:39,629 [ERROR] AppliInfo:139 - Unknown STM32CubeMX version: 6.16.0
2026-01-15 13:59:39,629 [ERROR] AppliInfo:139 - Unknown STM32CubeMX version: 6.16.0
2026-01-15 13:59:39,629 [ERROR] AppliInfo:139 - Unknown STM32CubeMX version: 6.16.0
2026-01-15 13:59:39,629 [ERROR] AppliInfo:139 - Unknown STM32CubeMX version: 6.16.0
2026-01-15 13:59:39,629 [ERROR] AppliInfo:139 - Unknown STM32CubeMX version: 6.16.0
2026-01-15 13:59:39,629 [ERROR] AppliInfo:139 - Unknown STM32CubeMX version: 6.16.0
2026-01-15 13:59:39,629 [ERROR] AppliInfo:139 - Unknown STM32CubeMX version: 6.16.0
2026-01-15 13:59:39,629 [ERROR] AppliInfo:139 - Unknown STM32CubeMX version: 6.16.0
2026-01-15 13:59:39,629 [ERROR] AppliInfo:139 - Unknown STM32CubeMX version: 6.16.0
2026-01-15 13:59:39,629 [ERROR] AppliInfo:139 - Unknown STM32CubeMX version: 6.16.0
2026-01-15 13:59:39,629 [ERROR] AppliInfo:139 - Unknown STM32CubeMX version: 6.16.0
2026-01-15 13:59:39,630 [ERROR] AppliInfo:139 - Unknown STM32CubeMX version: 6.16.0
2026-01-15 13:59:39,630 [ERROR] AppliInfo:139 - Unknown STM32CubeMX version: 6.16.0
2026-01-15 13:59:39,630 [ERROR] AppliInfo:139 - Unknown STM32CubeMX version: 6.16.0
2026-01-15 13:59:39,630 [ERROR] AppliInfo:139 - Unknown STM32CubeMX version: 6.16.0
2026-01-15 13:59:39,630 [ERROR] AppliInfo:139 - Unknown STM32CubeMX version: 6.16.0
2026-01-15 13:59:39,630 [ERROR] AppliInfo:139 - Unknown STM32CubeMX version: 6.16.0
2026-01-15 13:59:39,630 [ERROR] AppliInfo:139 - Unknown STM32CubeMX version: 6.16.0
2026-01-15 13:59:39,630 [ERROR] AppliInfo:139 - Unknown STM32CubeMX version: 6.16.0
2026-01-15 13:59:39,630 [ERROR] AppliInfo:139 - Unknown STM32CubeMX version: 6.16.0
2026-01-15 13:59:39,631 [ERROR] AppliInfo:139 - Unknown STM32CubeMX version: 6.16.0
2026-01-15 13:59:39,631 [ERROR] AppliInfo:139 - Unknown STM32CubeMX version: 6.16.0
2026-01-15 13:59:39,631 [ERROR] AppliInfo:139 - Unknown STM32CubeMX version: 6.16.0
2026-01-15 13:59:39,631 [ERROR] AppliInfo:139 - Unknown STM32CubeMX version: 6.16.0
2026-01-15 13:59:39,631 [ERROR] AppliInfo:139 - Unknown STM32CubeMX version: 6.16.0
2026-01-15 13:59:39,631 [ERROR] AppliInfo:139 - Unknown STM32CubeMX version: 6.16.0
2026-01-15 13:59:39,631 [ERROR] AppliInfo:139 - Unknown STM32CubeMX version: 6.16.0
2026-01-15 13:59:39,631 [ERROR] AppliInfo:139 - Unknown STM32CubeMX version: 6.16.0
2026-01-15 13:59:39,631 [ERROR] AppliInfo:139 - Unknown STM32CubeMX version: 6.16.0
2026-01-15 13:59:39,631 [ERROR] AppliInfo:139 - Unknown STM32CubeMX version: 6.16.0
2026-01-15 13:59:39,632 [ERROR] AppliInfo:139 - Unknown STM32CubeMX version: 6.16.0
2026-01-15 13:59:39,632 [ERROR] AppliInfo:139 - Unknown STM32CubeMX version: 6.16.0
2026-01-15 13:59:39,632 [ERROR] AppliInfo:139 - Unknown STM32CubeMX version: 6.16.0
2026-01-15 13:59:39,632 [ERROR] AppliInfo:139 - Unknown STM32CubeMX version: 6.16.0
2026-01-15 13:59:39,632 [ERROR] AppliInfo:139 - Unknown STM32CubeMX version: 6.16.0
2026-01-15 13:59:39,639 [ERROR] AppliInfo:139 - Unknown STM32CubeMX version: 6.15.0
2026-01-15 13:59:39,639 [ERROR] AppliInfo:139 - Unknown STM32CubeMX version: 6.15.0
2026-01-15 13:59:39,639 [ERROR] AppliInfo:139 - Unknown STM32CubeMX version: 6.15.0
2026-01-15 13:59:39,639 [ERROR] AppliInfo:139 - Unknown STM32CubeMX version: 6.15.0
2026-01-15 13:59:39,639 [ERROR] AppliInfo:139 - Unknown STM32CubeMX version: 6.15.0
2026-01-15 13:59:39,639 [ERROR] AppliInfo:139 - Unknown STM32CubeMX version: 6.15.0
2026-01-15 13:59:39,640 [ERROR] AppliInfo:139 - Unknown STM32CubeMX version: 6.15.0
2026-01-15 13:59:39,640 [ERROR] AppliInfo:139 - Unknown STM32CubeMX version: 6.15.0
2026-01-15 13:59:39,640 [ERROR] AppliInfo:139 - Unknown STM32CubeMX version: 6.15.0
2026-01-15 13:59:39,640 [ERROR] AppliInfo:139 - Unknown STM32CubeMX version: 6.15.0
2026-01-15 13:59:39,640 [ERROR] AppliInfo:139 - Unknown STM32CubeMX version: 6.15.0
2026-01-15 13:59:39,640 [ERROR] AppliInfo:139 - Unknown STM32CubeMX version: 6.15.0
2026-01-15 13:59:39,640 [ERROR] AppliInfo:139 - Unknown STM32CubeMX version: 6.15.0
2026-01-15 13:59:39,640 [ERROR] AppliInfo:139 - Unknown STM32CubeMX version: 6.15.0
2026-01-15 13:59:39,640 [ERROR] AppliInfo:139 - Unknown STM32CubeMX version: 6.15.0
2026-01-15 13:59:39,640 [ERROR] AppliInfo:139 - Unknown STM32CubeMX version: 6.15.0
2026-01-15 13:59:39,640 [ERROR] AppliInfo:139 - Unknown STM32CubeMX version: 6.15.0
2026-01-15 13:59:39,641 [ERROR] AppliInfo:139 - Unknown STM32CubeMX version: 6.15.0
2026-01-15 13:59:39,641 [ERROR] AppliInfo:139 - Unknown STM32CubeMX version: 6.15.0
2026-01-15 13:59:39,641 [ERROR] AppliInfo:139 - Unknown STM32CubeMX version: 6.15.0
2026-01-15 13:59:39,641 [ERROR] AppliInfo:139 - Unknown STM32CubeMX version: 6.15.0
2026-01-15 13:59:39,641 [ERROR] AppliInfo:139 - Unknown STM32CubeMX version: 6.15.0
2026-01-15 13:59:39,641 [ERROR] AppliInfo:139 - Unknown STM32CubeMX version: 6.15.0
2026-01-15 13:59:39,641 [ERROR] AppliInfo:139 - Unknown STM32CubeMX version: 6.15.0
2026-01-15 13:59:39,641 [ERROR] AppliInfo:139 - Unknown STM32CubeMX version: 6.15.0
2026-01-15 13:59:39,642 [ERROR] AppliInfo:139 - Unknown STM32CubeMX version: 6.15.0
2026-01-15 13:59:39,642 [ERROR] AppliInfo:139 - Unknown STM32CubeMX version: 6.15.0
2026-01-15 13:59:39,642 [ERROR] AppliInfo:139 - Unknown STM32CubeMX version: 6.15.0
2026-01-15 13:59:39,642 [ERROR] AppliInfo:139 - Unknown STM32CubeMX version: 6.15.0
2026-01-15 13:59:39,642 [ERROR] AppliInfo:139 - Unknown STM32CubeMX version: 6.15.0
2026-01-15 13:59:39,642 [ERROR] AppliInfo:139 - Unknown STM32CubeMX version: 6.15.0
2026-01-15 13:59:39,642 [ERROR] AppliInfo:139 - Unknown STM32CubeMX version: 6.15.0
2026-01-15 13:59:39,642 [ERROR] AppliInfo:139 - Unknown STM32CubeMX version: 6.15.0
2026-01-15 13:59:39,642 [ERROR] AppliInfo:139 - Unknown STM32CubeMX version: 6.15.0
2026-01-15 13:59:39,642 [ERROR] AppliInfo:139 - Unknown STM32CubeMX version: 6.15.0
2026-01-15 13:59:39,643 [ERROR] AppliInfo:139 - Unknown STM32CubeMX version: 6.15.0
2026-01-15 13:59:39,643 [ERROR] AppliInfo:139 - Unknown STM32CubeMX version: 6.15.0
2026-01-15 13:59:39,643 [ERROR] AppliInfo:139 - Unknown STM32CubeMX version: 6.15.0
2026-01-15 13:59:39,643 [ERROR] AppliInfo:139 - Unknown STM32CubeMX version: 6.15.0
2026-01-15 13:59:39,643 [ERROR] AppliInfo:139 - Unknown STM32CubeMX version: 6.15.0
2026-01-15 13:59:39,643 [ERROR] AppliInfo:139 - Unknown STM32CubeMX version: 6.15.0
2026-01-15 13:59:39,643 [ERROR] AppliInfo:139 - Unknown STM32CubeMX version: 6.15.0
2026-01-15 13:59:39,643 [ERROR] AppliInfo:139 - Unknown STM32CubeMX version: 6.15.0
2026-01-15 13:59:39,643 [ERROR] AppliInfo:139 - Unknown STM32CubeMX version: 6.14.0
2026-01-15 13:59:39,643 [ERROR] AppliInfo:139 - Unknown STM32CubeMX version: 6.14.0
2026-01-15 13:59:39,644 [ERROR] AppliInfo:139 - Unknown STM32CubeMX version: 6.14.0
2026-01-15 13:59:39,644 [ERROR] AppliInfo:139 - Unknown STM32CubeMX version: 6.14.0
2026-01-15 13:59:39,644 [ERROR] AppliInfo:139 - Unknown STM32CubeMX version: 6.14.0
2026-01-15 13:59:39,644 [ERROR] AppliInfo:139 - Unknown STM32CubeMX version: 6.14.0
2026-01-15 13:59:39,644 [ERROR] AppliInfo:139 - Unknown STM32CubeMX version: 6.14.0
2026-01-15 13:59:39,644 [ERROR] AppliInfo:139 - Unknown STM32CubeMX version: 6.14.0
2026-01-15 13:59:39,644 [ERROR] AppliInfo:139 - Unknown STM32CubeMX version: 6.14.0
2026-01-15 13:59:39,644 [ERROR] AppliInfo:139 - Unknown STM32CubeMX version: 6.14.0
2026-01-15 13:59:39,644 [ERROR] AppliInfo:139 - Unknown STM32CubeMX version: 6.14.0
2026-01-15 13:59:39,645 [ERROR] AppliInfo:139 - Unknown STM32CubeMX version: 6.14.0
2026-01-15 13:59:39,645 [ERROR] AppliInfo:139 - Unknown STM32CubeMX version: 6.14.0
2026-01-15 13:59:39,645 [ERROR] AppliInfo:139 - Unknown STM32CubeMX version: 6.14.0
2026-01-15 13:59:39,645 [ERROR] AppliInfo:139 - Unknown STM32CubeMX version: 6.14.0
2026-01-15 13:59:39,645 [ERROR] AppliInfo:139 - Unknown STM32CubeMX version: 6.14.0
2026-01-15 13:59:39,645 [ERROR] AppliInfo:139 - Unknown STM32CubeMX version: 6.14.0
2026-01-15 13:59:39,645 [ERROR] AppliInfo:139 - Unknown STM32CubeMX version: 6.14.0
2026-01-15 13:59:39,645 [ERROR] AppliInfo:139 - Unknown STM32CubeMX version: 6.14.0
2026-01-15 13:59:39,645 [ERROR] AppliInfo:139 - Unknown STM32CubeMX version: 6.14.0
2026-01-15 13:59:39,646 [ERROR] AppliInfo:139 - Unknown STM32CubeMX version: 6.14.0
2026-01-15 13:59:39,646 [ERROR] AppliInfo:139 - Unknown STM32CubeMX version: 6.14.0
2026-01-15 13:59:39,646 [ERROR] AppliInfo:139 - Unknown STM32CubeMX version: 6.14.0
2026-01-15 13:59:39,646 [ERROR] AppliInfo:139 - Unknown STM32CubeMX version: 6.14.0
2026-01-15 13:59:39,646 [ERROR] AppliInfo:139 - Unknown STM32CubeMX version: 6.14.0
2026-01-15 13:59:39,646 [ERROR] AppliInfo:139 - Unknown STM32CubeMX version: 6.14.0
2026-01-15 13:59:39,656 [ERROR] AppliInfo:139 - Unknown STM32CubeMX version: 6.14.0
2026-01-15 13:59:39,656 [ERROR] AppliInfo:139 - Unknown STM32CubeMX version: 6.14.0
2026-01-15 13:59:39,656 [ERROR] AppliInfo:139 - Unknown STM32CubeMX version: 6.14.0
2026-01-15 13:59:39,656 [ERROR] AppliInfo:139 - Unknown STM32CubeMX version: 6.14.0
2026-01-15 13:59:39,657 [ERROR] AppliInfo:139 - Unknown STM32CubeMX version: 6.14.1
2026-01-15 13:59:39,657 [ERROR] AppliInfo:139 - Unknown STM32CubeMX version: 6.14.1
2026-01-15 13:59:39,657 [ERROR] AppliInfo:139 - Unknown STM32CubeMX version: 6.14.1
2026-01-15 13:59:39,657 [ERROR] AppliInfo:139 - Unknown STM32CubeMX version: 6.14.1
2026-01-15 13:59:39,657 [ERROR] AppliInfo:139 - Unknown STM32CubeMX version: 6.14.1
2026-01-15 13:59:39,657 [ERROR] AppliInfo:139 - Unknown STM32CubeMX version: 6.14.1
2026-01-15 13:59:39,657 [ERROR] AppliInfo:139 - Unknown STM32CubeMX version: 6.14.1
2026-01-15 13:59:39,658 [ERROR] AppliInfo:139 - Unknown STM32CubeMX version: 6.14.1
2026-01-15 13:59:39,658 [ERROR] AppliInfo:139 - Unknown STM32CubeMX version: 6.14.1
2026-01-15 13:59:39,658 [ERROR] AppliInfo:139 - Unknown STM32CubeMX version: 6.14.1
2026-01-15 13:59:39,658 [ERROR] AppliInfo:139 - Unknown STM32CubeMX version: 6.14.1
2026-01-15 13:59:39,658 [ERROR] AppliInfo:139 - Unknown STM32CubeMX version: 6.14.1
2026-01-15 13:59:39,658 [ERROR] AppliInfo:139 - Unknown STM32CubeMX version: 6.14.1
2026-01-15 13:59:39,658 [ERROR] AppliInfo:139 - Unknown STM32CubeMX version: 6.14.1
2026-01-15 13:59:39,658 [ERROR] AppliInfo:139 - Unknown STM32CubeMX version: 6.14.1
2026-01-15 13:59:39,658 [ERROR] AppliInfo:139 - Unknown STM32CubeMX version: 6.14.1
2026-01-15 13:59:39,658 [ERROR] AppliInfo:139 - Unknown STM32CubeMX version: 6.14.1
2026-01-15 13:59:39,658 [ERROR] AppliInfo:139 - Unknown STM32CubeMX version: 6.14.1
2026-01-15 13:59:39,659 [ERROR] AppliInfo:139 - Unknown STM32CubeMX version: 6.14.1
2026-01-15 13:59:39,659 [ERROR] AppliInfo:139 - Unknown STM32CubeMX version: 6.14.1
2026-01-15 13:59:39,659 [ERROR] AppliInfo:139 - Unknown STM32CubeMX version: 6.14.1
2026-01-15 13:59:39,659 [ERROR] AppliInfo:139 - Unknown STM32CubeMX version: 6.14.1
2026-01-15 13:59:39,659 [ERROR] AppliInfo:139 - Unknown STM32CubeMX version: 6.14.1
2026-01-15 13:59:39,659 [ERROR] AppliInfo:139 - Unknown STM32CubeMX version: 6.14.1
2026-01-15 13:59:39,659 [ERROR] AppliInfo:139 - Unknown STM32CubeMX version: 6.14.1
2026-01-15 13:59:39,659 [ERROR] AppliInfo:139 - Unknown STM32CubeMX version: 6.14.1
2026-01-15 13:59:39,660 [ERROR] AppliInfo:139 - Unknown STM32CubeMX version: 6.14.1
2026-01-15 13:59:39,660 [ERROR] AppliInfo:139 - Unknown STM32CubeMX version: 6.14.1
2026-01-15 13:59:39,660 [ERROR] AppliInfo:139 - Unknown STM32CubeMX version: 6.14.1
2026-01-15 13:59:39,660 [ERROR] AppliInfo:139 - Unknown STM32CubeMX version: 6.14.1
2026-01-15 13:59:39,660 [ERROR] AppliInfo:139 - Unknown STM32CubeMX version: 6.14.1
2026-01-15 13:59:39,660 [ERROR] AppliInfo:139 - Unknown STM32CubeMX version: 6.14.1
2026-01-15 13:59:39,660 [ERROR] AppliInfo:139 - Unknown STM32CubeMX version: 6.14.1
2026-01-15 13:59:39,660 [ERROR] AppliInfo:139 - Unknown STM32CubeMX version: 6.14.1
2026-01-15 13:59:39,661 [ERROR] AppliInfo:139 - Unknown STM32CubeMX version: 6.14.1
2026-01-15 13:59:39,661 [ERROR] AppliInfo:139 - Unknown STM32CubeMX version: 6.14.1
2026-01-15 13:59:39,661 [ERROR] AppliInfo:139 - Unknown STM32CubeMX version: 6.15.0
2026-01-15 13:59:39,662 [ERROR] AppliInfo:139 - Unknown STM32CubeMX version: 6.15.0
2026-01-15 13:59:39,662 [ERROR] AppliInfo:139 - Unknown STM32CubeMX version: 6.15.0
2026-01-15 13:59:39,662 [ERROR] AppliInfo:139 - Unknown STM32CubeMX version: 6.15.0
2026-01-15 13:59:39,662 [ERROR] AppliInfo:139 - Unknown STM32CubeMX version: 6.15.0
2026-01-15 13:59:39,662 [ERROR] AppliInfo:139 - Unknown STM32CubeMX version: 6.15.0
2026-01-15 13:59:39,662 [ERROR] AppliInfo:139 - Unknown STM32CubeMX version: 6.15.0
2026-01-15 13:59:39,662 [ERROR] AppliInfo:139 - Unknown STM32CubeMX version: 6.15.0
2026-01-15 13:59:39,662 [ERROR] AppliInfo:139 - Unknown STM32CubeMX version: 6.15.0
2026-01-15 13:59:39,662 [ERROR] AppliInfo:139 - Unknown STM32CubeMX version: 6.15.0
2026-01-15 13:59:39,663 [ERROR] AppliInfo:139 - Unknown STM32CubeMX version: 6.15.0
2026-01-15 13:59:39,663 [ERROR] AppliInfo:139 - Unknown STM32CubeMX version: 6.15.0
2026-01-15 13:59:39,663 [ERROR] AppliInfo:139 - Unknown STM32CubeMX version: 6.15.0
2026-01-15 13:59:39,663 [ERROR] AppliInfo:139 - Unknown STM32CubeMX version: 6.15.0
2026-01-15 13:59:39,663 [ERROR] AppliInfo:139 - Unknown STM32CubeMX version: 6.15.0
2026-01-15 13:59:39,663 [ERROR] AppliInfo:139 - Unknown STM32CubeMX version: 6.15.0
2026-01-15 13:59:39,663 [ERROR] AppliInfo:139 - Unknown STM32CubeMX version: 6.15.0
2026-01-15 13:59:39,663 [ERROR] AppliInfo:139 - Unknown STM32CubeMX version: 6.15.0
2026-01-15 13:59:39,663 [ERROR] AppliInfo:139 - Unknown STM32CubeMX version: 6.15.0
2026-01-15 13:59:39,663 [ERROR] AppliInfo:139 - Unknown STM32CubeMX version: 6.15.0
2026-01-15 13:59:39,663 [ERROR] AppliInfo:139 - Unknown STM32CubeMX version: 6.15.0
2026-01-15 13:59:39,663 [ERROR] AppliInfo:139 - Unknown STM32CubeMX version: 6.15.0
2026-01-15 13:59:39,664 [ERROR] AppliInfo:139 - Unknown STM32CubeMX version: 6.15.0
2026-01-15 13:59:39,664 [ERROR] AppliInfo:139 - Unknown STM32CubeMX version: 6.15.0
2026-01-15 13:59:39,664 [ERROR] AppliInfo:139 - Unknown STM32CubeMX version: 6.15.0
2026-01-15 13:59:39,664 [ERROR] AppliInfo:139 - Unknown STM32CubeMX version: 6.15.0
2026-01-15 13:59:39,664 [ERROR] AppliInfo:139 - Unknown STM32CubeMX version: 6.15.0
2026-01-15 13:59:39,664 [ERROR] AppliInfo:139 - Unknown STM32CubeMX version: 6.15.0
2026-01-15 13:59:39,664 [ERROR] AppliInfo:139 - Unknown STM32CubeMX version: 6.15.0
2026-01-15 13:59:39,664 [ERROR] AppliInfo:139 - Unknown STM32CubeMX version: 6.15.0
2026-01-15 13:59:39,664 [ERROR] AppliInfo:139 - Unknown STM32CubeMX version: 6.15.0
2026-01-15 13:59:39,665 [ERROR] AppliInfo:139 - Unknown STM32CubeMX version: 6.15.0
2026-01-15 13:59:39,665 [ERROR] AppliInfo:139 - Unknown STM32CubeMX version: 6.15.0
2026-01-15 13:59:39,665 [ERROR] AppliInfo:139 - Unknown STM32CubeMX version: 6.15.0
2026-01-15 13:59:39,665 [ERROR] AppliInfo:139 - Unknown STM32CubeMX version: 6.15.0
2026-01-15 13:59:39,665 [ERROR] AppliInfo:139 - Unknown STM32CubeMX version: 6.15.0
2026-01-15 13:59:39,665 [ERROR] AppliInfo:139 - Unknown STM32CubeMX version: 6.15.0
2026-01-15 13:59:39,665 [ERROR] AppliInfo:139 - Unknown STM32CubeMX version: 6.15.0
2026-01-15 13:59:39,665 [ERROR] AppliInfo:139 - Unknown STM32CubeMX version: 6.15.0
2026-01-15 13:59:39,665 [ERROR] AppliInfo:139 - Unknown STM32CubeMX version: 6.15.0
2026-01-15 13:59:39,665 [ERROR] AppliInfo:139 - Unknown STM32CubeMX version: 6.15.0
2026-01-15 13:59:39,665 [ERROR] AppliInfo:139 - Unknown STM32CubeMX version: 6.15.0
2026-01-15 13:59:39,666 [ERROR] AppliInfo:139 - Unknown STM32CubeMX version: 6.15.0
2026-01-15 13:59:39,666 [ERROR] AppliInfo:139 - Unknown STM32CubeMX version: 6.15.0
2026-01-15 13:59:39,666 [ERROR] AppliInfo:139 - Unknown STM32CubeMX version: 6.15.0
2026-01-15 13:59:39,666 [ERROR] AppliInfo:139 - Unknown STM32CubeMX version: 6.15.0
2026-01-15 13:59:39,666 [ERROR] AppliInfo:139 - Unknown STM32CubeMX version: 6.15.0
2026-01-15 13:59:39,666 [ERROR] AppliInfo:139 - Unknown STM32CubeMX version: 6.15.0
2026-01-15 13:59:39,666 [ERROR] AppliInfo:139 - Unknown STM32CubeMX version: 6.15.0
2026-01-15 13:59:39,666 [ERROR] AppliInfo:139 - Unknown STM32CubeMX version: 6.15.0
2026-01-15 13:59:39,666 [ERROR] AppliInfo:139 - Unknown STM32CubeMX version: 6.15.0
2026-01-15 13:59:39,666 [ERROR] AppliInfo:139 - Unknown STM32CubeMX version: 6.15.0
2026-01-15 13:59:39,666 [ERROR] AppliInfo:139 - Unknown STM32CubeMX version: 6.15.0
2026-01-15 13:59:39,666 [ERROR] AppliInfo:139 - Unknown STM32CubeMX version: 6.15.0
2026-01-15 13:59:39,667 [ERROR] AppliInfo:139 - Unknown STM32CubeMX version: 6.15.0
2026-01-15 13:59:39,667 [ERROR] AppliInfo:139 - Unknown STM32CubeMX version: 6.15.0
2026-01-15 13:59:39,667 [ERROR] AppliInfo:139 - Unknown STM32CubeMX version: 6.15.0
2026-01-15 13:59:39,667 [ERROR] AppliInfo:139 - Unknown STM32CubeMX version: 6.15.0
2026-01-15 13:59:39,667 [ERROR] AppliInfo:139 - Unknown STM32CubeMX version: 6.15.0
2026-01-15 13:59:39,667 [ERROR] AppliInfo:139 - Unknown STM32CubeMX version: 6.15.0
2026-01-15 13:59:39,667 [ERROR] AppliInfo:139 - Unknown STM32CubeMX version: 6.15.0
2026-01-15 13:59:39,667 [ERROR] AppliInfo:139 - Unknown STM32CubeMX version: 6.15.0
2026-01-15 13:59:39,667 [ERROR] AppliInfo:139 - Unknown STM32CubeMX version: 6.15.0
2026-01-15 13:59:39,667 [ERROR] AppliInfo:139 - Unknown STM32CubeMX version: 6.15.0
2026-01-15 13:59:39,668 [ERROR] AppliInfo:139 - Unknown STM32CubeMX version: 6.15.0
2026-01-15 13:59:39,668 [ERROR] AppliInfo:139 - Unknown STM32CubeMX version: 6.15.0
2026-01-15 13:59:39,668 [ERROR] AppliInfo:139 - Unknown STM32CubeMX version: 6.15.0
2026-01-15 13:59:39,668 [ERROR] AppliInfo:139 - Unknown STM32CubeMX version: 6.15.0
2026-01-15 13:59:39,668 [ERROR] AppliInfo:139 - Unknown STM32CubeMX version: 6.15.0
2026-01-15 13:59:39,668 [ERROR] AppliInfo:139 - Unknown STM32CubeMX version: 6.15.0
2026-01-15 13:59:39,668 [ERROR] AppliInfo:139 - Unknown STM32CubeMX version: 6.15.0
2026-01-15 13:59:39,668 [ERROR] AppliInfo:139 - Unknown STM32CubeMX version: 6.15.0
2026-01-15 13:59:39,668 [ERROR] AppliInfo:139 - Unknown STM32CubeMX version: 6.15.0
2026-01-15 13:59:39,668 [ERROR] AppliInfo:139 - Unknown STM32CubeMX version: 6.15.0
2026-01-15 13:59:39,669 [ERROR] AppliInfo:139 - Unknown STM32CubeMX version: 6.15.0
2026-01-15 13:59:39,669 [ERROR] AppliInfo:139 - Unknown STM32CubeMX version: 6.15.0
2026-01-15 13:59:39,669 [ERROR] AppliInfo:139 - Unknown STM32CubeMX version: 6.15.0
2026-01-15 13:59:39,669 [ERROR] AppliInfo:139 - Unknown STM32CubeMX version: 6.15.0
2026-01-15 13:59:39,669 [ERROR] AppliInfo:139 - Unknown STM32CubeMX version: 6.15.0
2026-01-15 13:59:39,669 [ERROR] AppliInfo:139 - Unknown STM32CubeMX version: 6.15.0
2026-01-15 13:59:39,669 [ERROR] AppliInfo:139 - Unknown STM32CubeMX version: 6.15.0
2026-01-15 13:59:39,669 [ERROR] AppliInfo:139 - Unknown STM32CubeMX version: 6.15.0
2026-01-15 13:59:39,669 [ERROR] AppliInfo:139 - Unknown STM32CubeMX version: 6.15.0
2026-01-15 13:59:39,669 [ERROR] AppliInfo:139 - Unknown STM32CubeMX version: 6.15.0
2026-01-15 13:59:39,669 [ERROR] AppliInfo:139 - Unknown STM32CubeMX version: 6.15.0
2026-01-15 13:59:39,670 [ERROR] AppliInfo:139 - Unknown STM32CubeMX version: 6.15.0
2026-01-15 13:59:39,670 [ERROR] AppliInfo:139 - Unknown STM32CubeMX version: 6.15.0
2026-01-15 13:59:39,670 [ERROR] AppliInfo:139 - Unknown STM32CubeMX version: 6.15.0
2026-01-15 13:59:39,670 [ERROR] AppliInfo:139 - Unknown STM32CubeMX version: 6.15.0
2026-01-15 13:59:39,670 [ERROR] AppliInfo:139 - Unknown STM32CubeMX version: 6.15.0
2026-01-15 13:59:39,670 [ERROR] AppliInfo:139 - Unknown STM32CubeMX version: 6.15.0
2026-01-15 13:59:39,670 [ERROR] AppliInfo:139 - Unknown STM32CubeMX version: 6.15.0
2026-01-15 13:59:39,670 [ERROR] AppliInfo:139 - Unknown STM32CubeMX version: 6.15.0
2026-01-15 13:59:39,670 [ERROR] AppliInfo:139 - Unknown STM32CubeMX version: 6.15.0
2026-01-15 13:59:39,670 [ERROR] AppliInfo:139 - Unknown STM32CubeMX version: 6.15.0
2026-01-15 13:59:39,671 [ERROR] AppliInfo:139 - Unknown STM32CubeMX version: 6.15.0
2026-01-15 13:59:39,671 [ERROR] AppliInfo:139 - Unknown STM32CubeMX version: 6.15.0
2026-01-15 13:59:39,671 [ERROR] AppliInfo:139 - Unknown STM32CubeMX version: 6.15.0
2026-01-15 13:59:39,671 [ERROR] AppliInfo:139 - Unknown STM32CubeMX version: 6.15.0
2026-01-15 13:59:39,671 [ERROR] AppliInfo:139 - Unknown STM32CubeMX version: 6.15.0
2026-01-15 13:59:39,671 [ERROR] AppliInfo:139 - Unknown STM32CubeMX version: 6.15.0
2026-01-15 13:59:39,671 [ERROR] AppliInfo:139 - Unknown STM32CubeMX version: 6.15.0
2026-01-15 13:59:39,671 [ERROR] AppliInfo:139 - Unknown STM32CubeMX version: 6.15.0
2026-01-15 13:59:39,671 [ERROR] AppliInfo:139 - Unknown STM32CubeMX version: 6.15.0
2026-01-15 13:59:39,671 [ERROR] AppliInfo:139 - Unknown STM32CubeMX version: 6.15.0
2026-01-15 13:59:39,671 [ERROR] AppliInfo:139 - Unknown STM32CubeMX version: 6.15.0
2026-01-15 13:59:39,672 [ERROR] AppliInfo:139 - Unknown STM32CubeMX version: 6.15.0
2026-01-15 13:59:39,672 [ERROR] AppliInfo:139 - Unknown STM32CubeMX version: 6.15.0
2026-01-15 13:59:39,672 [ERROR] AppliInfo:139 - Unknown STM32CubeMX version: 6.15.0
2026-01-15 13:59:39,672 [ERROR] AppliInfo:139 - Unknown STM32CubeMX version: 6.15.0
2026-01-15 13:59:39,672 [ERROR] AppliInfo:139 - Unknown STM32CubeMX version: 6.15.0
2026-01-15 13:59:39,672 [ERROR] AppliInfo:139 - Unknown STM32CubeMX version: 6.15.0
2026-01-15 13:59:39,672 [ERROR] AppliInfo:139 - Unknown STM32CubeMX version: 6.15.0
2026-01-15 13:59:39,672 [ERROR] AppliInfo:139 - Unknown STM32CubeMX version: 6.15.0
2026-01-15 13:59:39,672 [ERROR] AppliInfo:139 - Unknown STM32CubeMX version: 6.15.0
2026-01-15 13:59:39,672 [ERROR] AppliInfo:139 - Unknown STM32CubeMX version: 6.15.0
2026-01-15 13:59:39,672 [ERROR] AppliInfo:139 - Unknown STM32CubeMX version: 6.15.0
2026-01-15 13:59:39,673 [ERROR] AppliInfo:139 - Unknown STM32CubeMX version: 6.15.0
2026-01-15 13:59:39,673 [ERROR] AppliInfo:139 - Unknown STM32CubeMX version: 6.15.0
2026-01-15 13:59:39,673 [ERROR] AppliInfo:139 - Unknown STM32CubeMX version: 6.15.0
2026-01-15 13:59:39,673 [ERROR] AppliInfo:139 - Unknown STM32CubeMX version: 6.15.0
2026-01-15 13:59:39,673 [ERROR] AppliInfo:139 - Unknown STM32CubeMX version: 6.15.0
2026-01-15 13:59:39,673 [ERROR] AppliInfo:139 - Unknown STM32CubeMX version: 6.15.0
2026-01-15 13:59:39,673 [ERROR] AppliInfo:139 - Unknown STM32CubeMX version: 6.15.0
2026-01-15 13:59:39,673 [ERROR] AppliInfo:139 - Unknown STM32CubeMX version: 6.15.0
2026-01-15 13:59:39,673 [ERROR] AppliInfo:139 - Unknown STM32CubeMX version: 6.15.0
2026-01-15 13:59:39,673 [ERROR] AppliInfo:139 - Unknown STM32CubeMX version: 6.15.0
2026-01-15 13:59:39,673 [ERROR] AppliInfo:139 - Unknown STM32CubeMX version: 6.15.0
2026-01-15 13:59:39,674 [ERROR] AppliInfo:139 - Unknown STM32CubeMX version: 6.15.0
2026-01-15 13:59:39,674 [ERROR] AppliInfo:139 - Unknown STM32CubeMX version: 6.15.0
2026-01-15 13:59:39,674 [ERROR] AppliInfo:139 - Unknown STM32CubeMX version: 6.15.0
2026-01-15 13:59:39,674 [ERROR] AppliInfo:139 - Unknown STM32CubeMX version: 6.15.0
2026-01-15 13:59:39,674 [ERROR] AppliInfo:139 - Unknown STM32CubeMX version: 6.15.0
2026-01-15 13:59:39,674 [ERROR] AppliInfo:139 - Unknown STM32CubeMX version: 6.15.0
2026-01-15 13:59:39,674 [ERROR] AppliInfo:139 - Unknown STM32CubeMX version: 6.15.0
2026-01-15 13:59:39,674 [ERROR] AppliInfo:139 - Unknown STM32CubeMX version: 6.15.0
2026-01-15 13:59:39,674 [ERROR] AppliInfo:139 - Unknown STM32CubeMX version: 6.15.0
2026-01-15 13:59:39,674 [ERROR] AppliInfo:139 - Unknown STM32CubeMX version: 6.15.0
2026-01-15 13:59:39,675 [ERROR] AppliInfo:139 - Unknown STM32CubeMX version: 6.15.0
2026-01-15 13:59:39,675 [ERROR] AppliInfo:139 - Unknown STM32CubeMX version: 6.15.0
2026-01-15 13:59:39,675 [ERROR] AppliInfo:139 - Unknown STM32CubeMX version: 6.15.0
2026-01-15 13:59:39,675 [ERROR] AppliInfo:139 - Unknown STM32CubeMX version: 6.15.0
2026-01-15 13:59:39,675 [ERROR] AppliInfo:139 - Unknown STM32CubeMX version: 6.15.0
2026-01-15 13:59:39,675 [ERROR] AppliInfo:139 - Unknown STM32CubeMX version: 6.15.0
2026-01-15 13:59:39,675 [ERROR] AppliInfo:139 - Unknown STM32CubeMX version: 6.15.0
2026-01-15 13:59:39,675 [ERROR] AppliInfo:139 - Unknown STM32CubeMX version: 6.15.0
2026-01-15 13:59:39,675 [ERROR] AppliInfo:139 - Unknown STM32CubeMX version: 6.15.0
2026-01-15 13:59:39,681 [ERROR] AppliInfo:139 - Unknown STM32CubeMX version: 6.15.0
2026-01-15 13:59:39,681 [ERROR] AppliInfo:139 - Unknown STM32CubeMX version: 6.15.0
2026-01-15 13:59:39,681 [ERROR] AppliInfo:139 - Unknown STM32CubeMX version: 6.15.0
2026-01-15 13:59:39,681 [ERROR] AppliInfo:139 - Unknown STM32CubeMX version: 6.15.0
2026-01-15 13:59:39,681 [ERROR] AppliInfo:139 - Unknown STM32CubeMX version: 6.15.0
2026-01-15 13:59:39,681 [ERROR] AppliInfo:139 - Unknown STM32CubeMX version: 6.15.0
2026-01-15 13:59:39,682 [ERROR] AppliInfo:139 - Unknown STM32CubeMX version: 6.15.0
2026-01-15 13:59:39,682 [ERROR] AppliInfo:139 - Unknown STM32CubeMX version: 6.15.0
2026-01-15 13:59:39,682 [ERROR] AppliInfo:139 - Unknown STM32CubeMX version: 6.15.0
2026-01-15 13:59:39,682 [ERROR] AppliInfo:139 - Unknown STM32CubeMX version: 6.15.0
2026-01-15 13:59:39,682 [ERROR] AppliInfo:139 - Unknown STM32CubeMX version: 6.15.0
2026-01-15 13:59:39,682 [ERROR] AppliInfo:139 - Unknown STM32CubeMX version: 6.15.0
2026-01-15 13:59:39,682 [ERROR] AppliInfo:139 - Unknown STM32CubeMX version: 6.15.0
2026-01-15 13:59:39,682 [ERROR] AppliInfo:139 - Unknown STM32CubeMX version: 6.15.0
2026-01-15 13:59:39,684 [ERROR] AppliInfo:139 - Unknown STM32CubeMX version: 6.13.0
2026-01-15 13:59:39,684 [ERROR] AppliInfo:139 - Unknown STM32CubeMX version: 6.13.0
2026-01-15 13:59:39,684 [ERROR] AppliInfo:139 - Unknown STM32CubeMX version: 6.13.0
2026-01-15 13:59:39,684 [ERROR] AppliInfo:139 - Unknown STM32CubeMX version: 6.13.0
2026-01-15 13:59:39,684 [ERROR] AppliInfo:139 - Unknown STM32CubeMX version: 6.13.0
2026-01-15 13:59:39,684 [ERROR] AppliInfo:139 - Unknown STM32CubeMX version: 6.13.0
2026-01-15 13:59:39,684 [ERROR] AppliInfo:139 - Unknown STM32CubeMX version: 6.13.0
2026-01-15 13:59:39,684 [ERROR] AppliInfo:139 - Unknown STM32CubeMX version: 6.13.0
2026-01-15 13:59:39,684 [ERROR] AppliInfo:139 - Unknown STM32CubeMX version: 6.13.0
2026-01-15 13:59:39,685 [ERROR] AppliInfo:139 - Unknown STM32CubeMX version: 6.13.0
2026-01-15 13:59:39,685 [ERROR] AppliInfo:139 - Unknown STM32CubeMX version: 6.13.0
2026-01-15 13:59:39,685 [ERROR] AppliInfo:139 - Unknown STM32CubeMX version: 6.13.0
2026-01-15 13:59:39,685 [ERROR] AppliInfo:139 - Unknown STM32CubeMX version: 6.13.0
2026-01-15 13:59:39,685 [ERROR] AppliInfo:139 - Unknown STM32CubeMX version: 6.13.0
2026-01-15 13:59:39,685 [ERROR] AppliInfo:139 - Unknown STM32CubeMX version: 6.13.0
2026-01-15 13:59:39,687 [ERROR] AppliInfo:139 - Unknown STM32CubeMX version: 6.15.0
2026-01-15 13:59:39,687 [ERROR] AppliInfo:139 - Unknown STM32CubeMX version: 6.15.0
2026-01-15 13:59:39,687 [ERROR] AppliInfo:139 - Unknown STM32CubeMX version: 6.15.0
2026-01-15 13:59:39,687 [ERROR] AppliInfo:139 - Unknown STM32CubeMX version: 6.15.0
2026-01-15 13:59:39,688 [ERROR] AppliInfo:139 - Unknown STM32CubeMX version: 6.15.0
2026-01-15 13:59:39,688 [ERROR] AppliInfo:139 - Unknown STM32CubeMX version: 6.15.0
2026-01-15 13:59:39,688 [ERROR] AppliInfo:139 - Unknown STM32CubeMX version: 6.15.0
2026-01-15 13:59:39,688 [ERROR] AppliInfo:139 - Unknown STM32CubeMX version: 6.15.0
2026-01-15 13:59:39,688 [ERROR] AppliInfo:139 - Unknown STM32CubeMX version: 6.15.0
2026-01-15 13:59:39,688 [ERROR] AppliInfo:139 - Unknown STM32CubeMX version: 6.15.0
2026-01-15 13:59:39,688 [ERROR] AppliInfo:139 - Unknown STM32CubeMX version: 6.15.0
2026-01-15 13:59:39,688 [ERROR] AppliInfo:139 - Unknown STM32CubeMX version: 6.15.0
2026-01-15 13:59:39,688 [ERROR] AppliInfo:139 - Unknown STM32CubeMX version: 6.15.0
2026-01-15 13:59:39,688 [ERROR] AppliInfo:139 - Unknown STM32CubeMX version: 6.15.0
2026-01-15 13:59:39,688 [ERROR] AppliInfo:139 - Unknown STM32CubeMX version: 6.15.0
2026-01-15 13:59:39,688 [ERROR] AppliInfo:139 - Unknown STM32CubeMX version: 6.15.0
2026-01-15 13:59:39,689 [ERROR] AppliInfo:139 - Unknown STM32CubeMX version: 6.15.0
2026-01-15 13:59:39,689 [ERROR] AppliInfo:139 - Unknown STM32CubeMX version: 6.15.0
2026-01-15 13:59:39,689 [ERROR] AppliInfo:139 - Unknown STM32CubeMX version: 6.15.0
2026-01-15 13:59:39,689 [ERROR] AppliInfo:139 - Unknown STM32CubeMX version: 6.15.0
2026-01-15 13:59:39,692 [ERROR] AppliInfo:139 - Unknown STM32CubeMX version: 6.13.0
2026-01-15 13:59:39,692 [ERROR] AppliInfo:139 - Unknown STM32CubeMX version: 6.13.0
2026-01-15 13:59:39,692 [ERROR] AppliInfo:139 - Unknown STM32CubeMX version: 6.13.0
2026-01-15 13:59:39,692 [ERROR] AppliInfo:139 - Unknown STM32CubeMX version: 6.13.0
2026-01-15 13:59:39,692 [ERROR] AppliInfo:139 - Unknown STM32CubeMX version: 6.13.0
2026-01-15 13:59:39,692 [ERROR] AppliInfo:139 - Unknown STM32CubeMX version: 6.13.0
2026-01-15 13:59:39,692 [ERROR] AppliInfo:139 - Unknown STM32CubeMX version: 6.13.0
2026-01-15 13:59:39,692 [ERROR] AppliInfo:139 - Unknown STM32CubeMX version: 6.13.0
2026-01-15 13:59:39,692 [ERROR] AppliInfo:139 - Unknown STM32CubeMX version: 6.13.0
2026-01-15 13:59:39,693 [ERROR] AppliInfo:139 - Unknown STM32CubeMX version: 6.13.0
2026-01-15 13:59:39,693 [ERROR] AppliInfo:139 - Unknown STM32CubeMX version: 6.13.0
2026-01-15 13:59:39,693 [ERROR] AppliInfo:139 - Unknown STM32CubeMX version: 6.13.0
2026-01-15 13:59:39,693 [ERROR] AppliInfo:139 - Unknown STM32CubeMX version: 6.13.0
2026-01-15 13:59:39,693 [ERROR] AppliInfo:139 - Unknown STM32CubeMX version: 6.13.0
2026-01-15 13:59:39,693 [ERROR] AppliInfo:139 - Unknown STM32CubeMX version: 6.13.0
2026-01-15 13:59:39,693 [ERROR] AppliInfo:139 - Unknown STM32CubeMX version: 6.13.0
2026-01-15 13:59:39,693 [ERROR] AppliInfo:139 - Unknown STM32CubeMX version: 6.13.0
2026-01-15 13:59:39,693 [ERROR] AppliInfo:139 - Unknown STM32CubeMX version: 6.13.0
2026-01-15 13:59:39,693 [ERROR] AppliInfo:139 - Unknown STM32CubeMX version: 6.13.0
2026-01-15 13:59:39,693 [ERROR] AppliInfo:139 - Unknown STM32CubeMX version: 6.13.0
2026-01-15 13:59:39,693 [ERROR] AppliInfo:139 - Unknown STM32CubeMX version: 6.13.0
2026-01-15 13:59:39,693 [ERROR] AppliInfo:139 - Unknown STM32CubeMX version: 6.13.0
2026-01-15 13:59:39,694 [ERROR] AppliInfo:139 - Unknown STM32CubeMX version: 6.13.0
2026-01-15 13:59:39,694 [ERROR] AppliInfo:139 - Unknown STM32CubeMX version: 6.13.0
2026-01-15 13:59:39,694 [ERROR] AppliInfo:139 - Unknown STM32CubeMX version: 6.13.0
2026-01-15 13:59:39,694 [ERROR] AppliInfo:139 - Unknown STM32CubeMX version: 6.13.0
2026-01-15 13:59:39,694 [ERROR] AppliInfo:139 - Unknown STM32CubeMX version: 6.13.0
2026-01-15 13:59:39,694 [ERROR] AppliInfo:139 - Unknown STM32CubeMX version: 6.13.0
2026-01-15 13:59:39,694 [ERROR] AppliInfo:139 - Unknown STM32CubeMX version: 6.13.0
2026-01-15 13:59:39,694 [ERROR] AppliInfo:139 - Unknown STM32CubeMX version: 6.13.0
2026-01-15 13:59:39,694 [ERROR] AppliInfo:139 - Unknown STM32CubeMX version: 6.13.0
2026-01-15 13:59:39,695 [ERROR] AppliInfo:139 - Unknown STM32CubeMX version: 6.13.0
2026-01-15 13:59:39,695 [ERROR] AppliInfo:139 - Unknown STM32CubeMX version: 6.13.0
2026-01-15 13:59:39,695 [ERROR] AppliInfo:139 - Unknown STM32CubeMX version: 6.13.0
2026-01-15 13:59:39,695 [ERROR] AppliInfo:139 - Unknown STM32CubeMX version: 6.13.0
2026-01-15 13:59:39,695 [ERROR] AppliInfo:139 - Unknown STM32CubeMX version: 6.13.0
2026-01-15 13:59:39,695 [ERROR] AppliInfo:139 - Unknown STM32CubeMX version: 6.13.0
2026-01-15 13:59:39,695 [ERROR] AppliInfo:139 - Unknown STM32CubeMX version: 6.13.0
2026-01-15 13:59:39,695 [ERROR] AppliInfo:139 - Unknown STM32CubeMX version: 6.13.0
2026-01-15 13:59:39,695 [ERROR] AppliInfo:139 - Unknown STM32CubeMX version: 6.13.0
2026-01-15 13:59:39,695 [ERROR] AppliInfo:139 - Unknown STM32CubeMX version: 6.13.0
2026-01-15 13:59:39,695 [ERROR] AppliInfo:139 - Unknown STM32CubeMX version: 6.13.0
2026-01-15 13:59:39,696 [ERROR] AppliInfo:139 - Unknown STM32CubeMX version: 6.13.0
2026-01-15 13:59:39,696 [ERROR] AppliInfo:139 - Unknown STM32CubeMX version: 6.13.0
2026-01-15 13:59:39,696 [ERROR] AppliInfo:139 - Unknown STM32CubeMX version: 6.13.0
2026-01-15 13:59:39,696 [ERROR] AppliInfo:139 - Unknown STM32CubeMX version: 6.13.0
2026-01-15 13:59:39,696 [ERROR] AppliInfo:139 - Unknown STM32CubeMX version: 6.13.0
2026-01-15 13:59:39,696 [ERROR] AppliInfo:139 - Unknown STM32CubeMX version: 6.13.0
2026-01-15 13:59:39,696 [ERROR] AppliInfo:139 - Unknown STM32CubeMX version: 6.13.0
2026-01-15 13:59:39,696 [ERROR] AppliInfo:139 - Unknown STM32CubeMX version: 6.13.0
2026-01-15 13:59:39,696 [ERROR] AppliInfo:139 - Unknown STM32CubeMX version: 6.13.0
2026-01-15 13:59:39,696 [ERROR] AppliInfo:139 - Unknown STM32CubeMX version: 6.13.0
2026-01-15 13:59:39,697 [ERROR] AppliInfo:139 - Unknown STM32CubeMX version: 6.13.0
2026-01-15 13:59:39,697 [ERROR] AppliInfo:139 - Unknown STM32CubeMX version: 6.13.0
2026-01-15 13:59:39,697 [ERROR] AppliInfo:139 - Unknown STM32CubeMX version: 6.13.0
2026-01-15 13:59:39,697 [ERROR] AppliInfo:139 - Unknown STM32CubeMX version: 6.13.0
2026-01-15 13:59:39,697 [ERROR] AppliInfo:139 - Unknown STM32CubeMX version: 6.13.0
2026-01-15 13:59:39,697 [ERROR] AppliInfo:139 - Unknown STM32CubeMX version: 6.13.0
2026-01-15 14:00:02,573 [ERROR] AppliInfo:139 - Unknown STM32CubeMX version: 6.16.0
2026-01-15 14:00:12,434 [INFO] SoftwarePacks:190 - Size of SW pack 'STM32Cube_FW_H7_V1.12.1' is: 1715.0 MB
2026-01-15 14:00:49,701 [INFO] MainUpdater:2873 - connection check result : 10
2026-01-15 14:00:51,326 [INFO] ServerAccessManage:473 - Download File stm32cube_db_v60161.zip
2026-01-15 14:01:00,174 [INFO] FileExtend:240 - Unzip File : stm32cube_db_v60161.zip
2026-01-15 14:01:00,175 [INFO] FileExtend:255 - Standard Zip Deflate
2026-01-15 14:01:16,325 [INFO] ServerAccessManage:473 - Download File stm32cube_fw_h7_v1120.zip
2026-01-15 14:05:10,743 [INFO] AnalyticsPlugin:368 - Accepted License(s): [FW.H7.1.12.0]
2026-01-15 14:05:10,744 [INFO] FileExtend:240 - Unzip File : stm32cube_fw_h7_v1120.zip
2026-01-15 14:05:10,745 [INFO] FileExtend:255 - Standard Zip Deflate
2026-01-15 14:06:34,136 [INFO] ServerAccessManage:473 - Download File stm32cube_fw_h7_v1121.zip
2026-01-15 14:11:52,068 [INFO] FileExtend:240 - Unzip File : stm32cube_fw_h7_v1121.zip
2026-01-15 14:11:52,068 [INFO] FileExtend:255 - Standard Zip Deflate
2026-01-15 14:13:04,001 [INFO] LoadServerPackagesThread:196 - End of LoadServerPackages Thread
2026-01-15 14:13:04,172 [INFO] CheckServerUpdateThread:120 - End of CheckServer Thread
2026-01-15 14:13:04,262 [INFO] TargetSelectorAdapter:740 - Download 'STM32Cube FW_H7 V1.12.1' COMPLETED
2026-01-15 14:13:04,307 [INFO] ExampleToolKit:668 - [info] 2026/01/15 14:13:04
2026-01-15 14:13:04,307 [INFO] ExampleToolKit:716 - [info] Start Project: LwIP_TCP_Echo_Server
2026-01-15 14:13:04,310 [WARN] ExampleToolKit:778 - [WARNING] IDE PROJECT 'SW4STM32' NOT FOUND
2026-01-15 14:13:04,310 [INFO] ExampleToolKit:810 - [info] Project path: C:\Users\RND1\STM32CubeIDE\workspace_1.16.1\LwIP_TCP_Echo_Server
2026-01-15 14:13:04,436 [WARN] ExampleToolKit:2148 - [WARNING] IDE PROJECT 'SW4STM32'NOT FOUND
2026-01-15 14:13:04,466 [INFO] ExampleToolKit:1063 - [info] SW Package located in: C:\Users\RND1\STM32Cube\Repository\STM32Cube_FW_H7_V1.12.1
2026-01-15 14:13:04,466 [INFO] ExampleToolKit:1068 - [info] SW Package copy: LITE
2026-01-15 14:13:28,167 [INFO] ExampleToolKit:882 - [info] Project 'LwIP_TCP_Echo_Server' installed successfully
2026-01-15 14:13:28,167 [INFO] ExampleToolKit:908 - [info] 2026/01/15 14:13:28
2026-01-15 14:13:28,169 [INFO] ExampleToolKit:1027 - [info] Elapsed time: 0h 0m 23s 860ms
2026-01-15 14:13:34,953 [INFO] McuFinderGlobals:76 - Set McuFinderConnectedMode to true
2026-01-15 14:13:34,962 [INFO] ApiDb:448 - Save user favorites file C:\Users\RND1/.stm32cubeide/favorites.mcus.txt: 0 item(s)
2026-01-15 14:13:34,962 [INFO] ApiDb:452 - User favorites MCUs=[]
2026-01-15 14:13:34,964 [INFO] ApiDb:448 - Save user favorites file C:\Users\RND1/.stm32cubeide/favorites.boards.txt: 0 item(s)
2026-01-15 14:13:34,964 [INFO] ApiDb:452 - User favorites Boards=[]
2026-01-15 14:13:34,977 [INFO] ApiDb:448 - Save user favorites file C:\Users\RND1/.stm32cubeide/favorites.examples.txt: 0 item(s)
2026-01-15 14:13:34,977 [INFO] ApiDb:452 - User favorites Examples=[]
2026-01-15 16:00:01,346 [ERROR] LogOutputStream:75 - [STDERR_REDIRECT] 
